date,close,probability,label,trained_on
1990-01-02,359.6900,,0,1
1990-01-03,358.7600,,0,1
1990-01-04,355.6700,,0,1
1990-01-05,352.2000,,0,1
1990-01-08,353.7900,,0,1
1990-01-09,349.6200,,0,1
1990-01-10,347.3100,,0,1
1990-01-11,348.5300,,1,1
1990-01-12,339.9300,,0,1
1990-01-15,337.0000,,0,1
1990-01-16,340.7500,,0,1
1990-01-17,337.4000,,0,1
1990-01-18,338.1900,,0,1
1990-01-19,339.1500,,1,1
1990-01-22,330.3800,,0,1
1990-01-23,331.6100,,0,1
1990-01-24,330.2600,,0,1
1990-01-25,326.0800,,0,1
1990-01-26,325.8000,,0,1
1990-01-29,325.2000,,0,1
1990-01-30,322.9800,,0,1
1990-01-31,329.0800,,0,1
1990-02-01,328.7900,,0,1
1990-02-02,330.9200,,0,1
1990-02-05,331.8500,,0,1
1990-02-06,329.6600,,0,1
1990-02-07,333.7500,,0,1
1990-02-08,332.9600,,0,1
1990-02-09,333.6200,,0,1
1990-02-12,330.0800,,0,1
1990-02-13,331.0200,,0,1
1990-02-14,332.0100,,0,1
1990-02-15,334.8900,,0,1
1990-02-16,332.7200,,0,1
1990-02-20,327.9900,,0,1
1990-02-21,327.6700,,0,1
1990-02-22,325.7000,,0,1
1990-02-23,324.1500,,0,1
1990-02-26,328.6700,,0,1
1990-02-27,330.2600,,0,1
1990-02-28,331.8900,,0,1
1990-03-01,332.7400,,0,1
1990-03-02,335.5400,,0,1
1990-03-05,333.7400,,0,1
1990-03-06,337.9300,,0,1
1990-03-07,336.9500,,0,1
1990-03-08,340.2700,,0,1
1990-03-09,337.9300,,0,1
1990-03-12,338.6700,,0,1
1990-03-13,336.0000,,0,1
1990-03-14,336.8700,,0,1
1990-03-15,338.0700,,0,1
1990-03-16,341.9100,,0,1
1990-03-19,343.5300,,0,1
1990-03-20,341.5700,,0,1
1990-03-21,339.7400,,0,1
1990-03-22,335.6900,,0,1
1990-03-23,337.2200,,0,1
1990-03-26,337.6300,,0,1
1990-03-27,341.5000,,0,1
1990-03-28,342.0000,,0,1
1990-03-29,340.7900,,0,1
1990-03-30,339.9400,,0,1
1990-04-02,338.7000,,0,1
1990-04-03,343.6400,,0,1
1990-04-04,341.0900,,0,1
1990-04-05,340.7300,,0,1
1990-04-06,340.0800,,0,1
1990-04-09,341.3700,,0,1
1990-04-10,342.0700,,0,1
1990-04-11,341.9200,,0,1
1990-04-12,344.3400,,0,1
1990-04-16,344.7400,,0,1
1990-04-17,344.6800,,0,1
1990-04-18,340.7200,,0,1
1990-04-19,338.0900,,0,1
1990-04-20,335.1200,,0,1
1990-04-23,331.0500,,0,1
1990-04-24,330.3600,,0,1
1990-04-25,332.0300,,0,1
1990-04-26,332.9200,,0,1
1990-04-27,329.1100,,0,1
1990-04-30,330.8000,,0,1
1990-05-01,332.2500,,0,1
1990-05-02,334.4800,,0,1
1990-05-03,335.5700,,0,1
1990-05-04,338.3900,,0,1
1990-05-07,340.5300,,0,1
1990-05-08,342.0100,,0,1
1990-05-09,342.8600,,0,1
1990-05-10,343.8200,,0,1
1990-05-11,352.0000,,0,1
1990-05-14,354.7500,,0,1
1990-05-15,354.2800,,0,1
1990-05-16,354.0000,,0,1
1990-05-17,354.4700,,0,1
1990-05-18,354.6400,,0,1
1990-05-21,358.0000,,0,1
1990-05-22,358.4300,,0,1
1990-05-23,359.2900,,0,1
1990-05-24,358.4100,,0,1
1990-05-25,354.5800,,0,1
1990-05-29,360.6500,,0,1
1990-05-30,360.8600,,0,1
1990-05-31,361.2300,,0,1
1990-06-01,363.1600,,0,1
1990-06-04,367.4000,,0,1
1990-06-05,366.6400,,0,1
1990-06-06,364.9600,,0,1
1990-06-07,363.1500,,0,1
1990-06-08,358.7100,,0,1
1990-06-11,361.6300,,0,1
1990-06-12,366.2500,,0,1
1990-06-13,364.9000,,0,1
1990-06-14,362.9000,,0,1
1990-06-15,362.9100,,0,1
1990-06-18,356.8800,,0,1
1990-06-19,358.4700,,0,1
1990-06-20,359.1000,,0,1
1990-06-21,360.4700,,0,1
1990-06-22,355.4300,,0,1
1990-06-25,352.3100,,0,1
1990-06-26,352.0600,,0,1
1990-06-27,355.1400,,0,1
1990-06-28,357.6300,,0,1
1990-06-29,358.0200,,0,1
1990-07-02,359.5400,,0,1
1990-07-03,360.1600,,0,1
1990-07-05,355.6800,,0,1
1990-07-06,358.4200,,0,1
1990-07-09,359.5200,,0,1
1990-07-10,356.4900,,0,1
1990-07-11,361.2300,,0,1
1990-07-12,365.4400,,0,1
1990-07-13,367.3100,,0,1
1990-07-16,368.9500,,0,1
1990-07-17,367.5200,,0,1
1990-07-18,364.2200,,0,1
1990-07-19,365.3200,,0,1
1990-07-20,361.6100,,0,1
1990-07-23,355.3100,,0,1
1990-07-24,355.7900,,0,1
1990-07-25,357.0900,,0,1
1990-07-26,355.9100,,0,1
1990-07-27,353.4400,,0,1
1990-07-30,355.5500,,0,1
1990-07-31,356.1500,,0,1
1990-08-01,355.5200,,0,1
1990-08-02,351.4800,,0,1
1990-08-03,344.8600,,1,1
1990-08-06,334.4300,,0,1
1990-08-07,334.8300,,0,1
1990-08-08,338.3500,,0,1
1990-08-09,339.9400,,0,1
1990-08-10,335.5200,,0,1
1990-08-13,338.8400,,0,1
1990-08-14,339.3900,,0,1
1990-08-15,340.0600,,1,1
1990-08-16,332.3900,,0,1
1990-08-17,327.8300,,0,1
1990-08-20,328.5100,,1,1
1990-08-21,321.8600,,0,1
1990-08-22,316.5500,,1,1
1990-08-23,307.0600,,0,1
1990-08-24,311.5100,,0,1
1990-08-27,321.4400,,0,1
1990-08-28,321.3400,,0,1
1990-08-29,324.1900,,0,1
1990-08-30,318.7100,,0,1
1990-08-31,322.5600,,0,1
1990-09-04,323.0900,,0,1
1990-09-05,324.3900,,0,1
1990-09-06,320.4600,,0,1
1990-09-07,323.4000,,0,1
1990-09-10,321.6300,,0,1
1990-09-11,321.0400,,0,1
1990-09-12,322.5400,,0,1
1990-09-13,318.6500,,0,1
1990-09-14,316.8300,,0,1
1990-09-17,317.7700,,0,1
1990-09-18,318.6000,,0,1
1990-09-19,316.6000,,0,1
1990-09-20,311.4800,,0,1
1990-09-21,311.3200,,1,1
1990-09-24,304.5900,,0,1
1990-09-25,308.2600,,0,1
1990-09-26,305.0600,,0,1
1990-09-27,300.9700,,0,1
1990-09-28,306.0500,,0,1
1990-10-01,314.9400,,0,1
1990-10-02,315.2100,,0,1
1990-10-03,311.4000,,0,1
1990-10-04,312.6900,,0,1
1990-10-05,311.5000,,0,1
1990-10-08,313.4800,,1,1
1990-10-09,305.1000,,0,1
1990-10-10,300.3900,,0,1
1990-10-11,295.4600,,0,1
1990-10-12,300.0300,,0,1
1990-10-15,303.2300,,0,1
1990-10-16,298.9200,,0,1
1990-10-17,298.7600,,0,1
1990-10-18,305.7400,,0,1
1990-10-19,312.4800,,0,1
1990-10-22,314.7600,,0,1
1990-10-23,312.3600,,0,1
1990-10-24,312.6000,,0,1
1990-10-25,310.1700,,0,1
1990-10-26,304.7100,,0,1
1990-10-29,301.8800,,0,1
1990-10-30,304.0600,,0,1
1990-10-31,304.0000,,0,1
1990-11-01,307.0200,,0,1
1990-11-02,311.8500,,0,1
1990-11-05,314.5900,,0,1
1990-11-06,311.6200,,0,1
1990-11-07,306.0100,,0,1
1990-11-08,307.6100,,0,1
1990-11-09,313.7400,,0,1
1990-11-12,319.4800,,0,1
1990-11-13,317.6700,,0,1
1990-11-14,320.4000,,0,1
1990-11-15,317.0200,,0,1
1990-11-16,317.1200,,0,1
1990-11-19,319.3400,,0,1
1990-11-20,315.3100,,0,1
1990-11-21,316.0300,,0,1
1990-11-23,315.1000,,0,1
1990-11-26,316.5100,,0,1
1990-11-27,318.1000,,0,1
1990-11-28,317.9500,,0,1
1990-11-29,316.4200,,0,1
1990-11-30,322.2200,,0,1
1990-12-03,324.1000,,0,1
1990-12-04,326.3500,,0,1
1990-12-05,329.9200,,0,1
1990-12-06,329.0700,,0,1
1990-12-07,327.7500,,0,1
1990-12-10,328.8900,,0,1
1990-12-11,326.4400,,0,1
1990-12-12,330.1900,,0,1
1990-12-13,329.3400,,0,1
1990-12-14,326.8200,,0,1
1990-12-17,326.0200,,0,1
1990-12-18,330.0500,,0,1
1990-12-19,330.2000,,0,1
1990-12-20,330.1200,,0,1
1990-12-21,331.7500,,0,1
1990-12-24,329.9000,,0,1
1990-12-26,330.8500,,0,1
1990-12-27,328.2900,,0,1
1990-12-28,328.7200,,0,1
1990-12-31,330.2200,,0,1
1991-01-02,326.4500,,0,1
1991-01-03,321.9100,,0,1
1991-01-04,321.0000,,0,1
1991-01-07,315.4400,,0,1
1991-01-08,314.9000,,0,1
1991-01-09,311.4900,,0,1
1991-01-10,314.5300,,0,1
1991-01-11,315.2300,,0,1
1991-01-14,312.4900,,0,1
1991-01-15,313.7300,,0,1
1991-01-16,316.1700,,0,1
1991-01-17,327.9700,,0,1
1991-01-18,332.2300,,0,1
1991-01-21,331.0600,,0,1
1991-01-22,328.3100,,0,1
1991-01-23,330.2100,,0,1
1991-01-24,334.7800,,0,1
1991-01-25,336.0700,,0,1
1991-01-28,336.0300,,0,1
1991-01-29,335.8400,,0,1
1991-01-30,340.9100,,0,1
1991-01-31,343.9300,,0,1
1991-02-01,343.0500,,0,1
1991-02-04,348.3400,,0,1
1991-02-05,351.2600,,0,1
1991-02-06,358.0700,,0,1
1991-02-07,356.5200,,0,1
1991-02-08,359.3500,,0,1
1991-02-11,368.5800,,0,1
1991-02-12,365.5000,,0,1
1991-02-13,369.0200,,0,1
1991-02-14,364.2200,,0,1
1991-02-15,369.0600,,0,1
1991-02-19,369.3900,,0,1
1991-02-20,365.1400,,0,1
1991-02-21,364.9700,,0,1
1991-02-22,365.6500,,0,1
1991-02-25,367.2600,,0,1
1991-02-26,362.8100,,0,1
1991-02-27,367.7400,,0,1
1991-02-28,367.0700,,0,1
1991-03-01,370.4700,,0,1
1991-03-04,369.3300,,0,1
1991-03-05,376.7200,,0,1
1991-03-06,376.1700,,0,1
1991-03-07,375.9100,,0,1
1991-03-08,374.9500,,0,1
1991-03-11,372.9600,,0,1
1991-03-12,370.0300,,0,1
1991-03-13,374.5700,,0,1
1991-03-14,373.5000,,0,1
1991-03-15,373.5900,,0,1
1991-03-18,372.1100,,0,1
1991-03-19,366.5900,,0,1
1991-03-20,367.9200,,0,1
1991-03-21,366.5800,,0,1
1991-03-22,367.4800,,0,1
1991-03-25,369.8300,,0,1
1991-03-26,376.3000,,0,1
1991-03-27,375.3500,,0,1
1991-03-28,375.2200,,0,1
1991-04-01,371.3000,,0,1
1991-04-02,379.5000,,0,1
1991-04-03,378.9400,,0,1
1991-04-04,379.7700,,0,1
1991-04-05,375.3600,,0,1
1991-04-08,378.6600,,0,1
1991-04-09,373.5600,,0,1
1991-04-10,373.1500,,0,1
1991-04-11,377.6300,,0,1
1991-04-12,380.4000,,0,1
1991-04-15,381.1900,,0,1
1991-04-16,387.6200,,0,1
1991-04-17,390.4500,,0,1
1991-04-18,388.4600,,0,1
1991-04-19,384.2000,,0,1
1991-04-22,380.9500,,0,1
1991-04-23,381.7600,,0,1
1991-04-24,382.7600,,0,1
1991-04-25,379.2500,,0,1
1991-04-26,379.0200,,0,1
1991-04-29,373.6600,,0,1
1991-04-30,375.3400,,0,1
1991-05-01,380.2900,,0,1
1991-05-02,380.5200,,0,1
1991-05-03,380.8000,,0,1
1991-05-06,380.0800,,0,1
1991-05-07,377.3200,,0,1
1991-05-08,378.5100,,0,1
1991-05-09,383.2500,,0,1
1991-05-10,375.7400,,0,1
1991-05-13,376.7600,,0,1
1991-05-14,371.6200,,0,1
1991-05-15,368.5700,,0,1
1991-05-16,372.1900,,0,1
1991-05-17,372.3900,,0,1
1991-05-20,372.2800,,0,1
1991-05-21,375.3500,,0,1
1991-05-22,376.1900,,0,1
1991-05-23,374.9600,,0,1
1991-05-24,377.4900,,0,1
1991-05-28,381.9400,,0,1
1991-05-29,382.7900,,0,1
1991-05-30,386.9600,,0,1
1991-05-31,389.8300,,0,1
1991-06-03,388.0600,,0,1
1991-06-04,387.7400,,0,1
1991-06-05,385.0900,,0,1
1991-06-06,383.6300,,0,1
1991-06-07,379.4300,,0,1
1991-06-10,378.5700,,0,1
1991-06-11,381.0500,,0,1
1991-06-12,376.6500,,0,1
1991-06-13,377.6300,,0,1
1991-06-14,382.2900,,0,1
1991-06-17,380.1300,,0,1
1991-06-18,378.5900,,0,1
1991-06-19,375.0900,,0,1
1991-06-20,375.4200,,0,1
1991-06-21,377.7500,,0,1
1991-06-24,370.9400,,0,1
1991-06-25,370.6500,,0,1
1991-06-26,371.5900,,0,1
1991-06-27,374.4000,,0,1
1991-06-28,371.1600,,0,1
1991-07-01,377.9200,,0,1
1991-07-02,377.4700,,0,1
1991-07-03,373.3300,,0,1
1991-07-05,374.0800,,0,1
1991-07-08,377.9400,,0,1
1991-07-09,376.1100,,0,1
1991-07-10,375.7400,,0,1
1991-07-11,376.9700,,0,1
1991-07-12,380.2500,,0,1
1991-07-15,382.3900,,0,1
1991-07-16,381.5400,,0,1
1991-07-17,381.1800,,0,1
1991-07-18,385.3700,,0,1
1991-07-19,384.2200,,0,1
1991-07-22,382.8800,,0,1
1991-07-23,379.4200,,0,1
1991-07-24,378.6400,,0,1
1991-07-25,380.9600,,0,1
1991-07-26,380.9300,,0,1
1991-07-29,383.1500,,0,1
1991-07-30,386.6900,,0,1
1991-07-31,387.8100,,0,1
1991-08-01,387.1200,,0,1
1991-08-02,387.1800,,0,1
1991-08-05,385.0600,,0,1
1991-08-06,390.6200,,0,1
1991-08-07,390.5600,,0,1
1991-08-08,389.3200,,0,1
1991-08-09,387.1200,,0,1
1991-08-12,388.0200,,0,1
1991-08-13,389.6200,,0,1
1991-08-14,389.9000,,0,1
1991-08-15,389.3300,,0,1
1991-08-16,385.5800,,1,1
1991-08-19,376.4700,,0,1
1991-08-20,379.4300,,0,1
1991-08-21,390.5900,,0,1
1991-08-22,391.3300,,0,1
1991-08-23,394.1700,,0,1
1991-08-26,393.8500,,0,1
1991-08-27,393.0600,,0,1
1991-08-28,396.6400,,0,1
1991-08-29,396.4700,,0,1
1991-08-30,395.4300,,0,1
1991-09-03,392.1500,,0,1
1991-09-04,389.9700,,0,1
1991-09-05,389.1400,,0,1
1991-09-06,389.1000,,0,1
1991-09-09,388.5700,,0,1
1991-09-10,384.5600,,0,1
1991-09-11,385.0900,,0,1
1991-09-12,387.3400,,0,1
1991-09-13,383.5900,,0,1
1991-09-16,385.7800,,0,1
1991-09-17,385.5000,,0,1
1991-09-18,386.9400,,0,1
1991-09-19,387.5600,,0,1
1991-09-20,387.9200,,0,1
1991-09-23,385.9200,,0,1
1991-09-24,387.7100,,0,1
1991-09-25,386.8800,,0,1
1991-09-26,386.4900,,0,1
1991-09-27,385.9000,,0,1
1991-09-30,387.8600,,0,1
1991-10-01,389.2000,,0,1
1991-10-02,388.2600,,0,1
1991-10-03,384.4700,,0,1
1991-10-04,381.2500,,0,1
1991-10-07,379.5000,,0,1
1991-10-08,380.6700,,0,1
1991-10-09,376.8000,,0,1
1991-10-10,380.5500,,0,1
1991-10-11,381.4500,,0,1
1991-10-14,386.4700,,0,1
1991-10-15,391.0100,,0,1
1991-10-16,392.8000,,0,1
1991-10-17,391.9200,,0,1
1991-10-18,392.5000,,0,1
1991-10-21,390.0200,,0,1
1991-10-22,387.8300,,0,1
1991-10-23,387.9400,,0,1
1991-10-24,385.0700,,0,1
1991-10-25,384.2000,,0,1
1991-10-28,389.5200,,0,1
1991-10-29,391.4800,,0,1
1991-10-30,392.9600,,0,1
1991-10-31,392.4500,,0,1
1991-11-01,391.3200,,0,1
1991-11-04,390.2800,,0,1
1991-11-05,388.7100,,0,1
1991-11-06,389.9700,,0,1
1991-11-07,393.7200,,0,1
1991-11-08,392.8900,,0,1
1991-11-11,393.1200,,0,1
1991-11-12,396.7400,,0,1
1991-11-13,397.4100,,0,1
1991-11-14,397.1500,,1,1
1991-11-15,382.6200,,0,1
1991-11-18,385.2400,,0,1
1991-11-19,379.4200,,0,1
1991-11-20,378.5300,,0,1
1991-11-21,380.0600,,0,1
1991-11-22,376.1400,,0,1
1991-11-25,375.3400,,0,1
1991-11-26,377.9600,,0,1
1991-11-27,376.5500,,0,1
1991-11-29,375.2200,,0,1
1991-12-02,381.4000,,0,1
1991-12-03,380.9600,,0,1
1991-12-04,380.0700,,0,1
1991-12-05,377.3900,,0,1
1991-12-06,379.1000,,0,1
1991-12-09,378.2600,,0,1
1991-12-10,377.9000,,0,1
1991-12-11,377.7000,,0,1
1991-12-12,381.5500,,0,1
1991-12-13,384.4700,,0,1
1991-12-16,384.4600,,0,1
1991-12-17,382.7400,,0,1
1991-12-18,383.4800,,0,1
1991-12-19,382.5200,,0,1
1991-12-20,387.0400,,0,1
1991-12-23,396.8200,,0,1
1991-12-24,399.3300,,0,1
1991-12-26,404.8400,,0,1
1991-12-27,406.4600,,0,1
1991-12-30,415.1400,0.02255031,0,1
1991-12-31,417.0900,0.02594396,0,1
1992-01-02,417.2600,0.02367223,0,1
1992-01-03,419.3400,0.02323316,0,1
1992-01-06,417.9600,0.02382994,0,1
1992-01-07,417.4000,0.02374579,0,1
1992-01-08,418.1000,0.02343376,0,1
1992-01-09,417.6100,0.02311698,0,1
1992-01-10,415.1000,0.02221496,0,1
1992-01-13,414.3400,0.02107334,0,1
1992-01-14,420.4400,0.01818323,0,1
1992-01-15,420.7700,0.01851300,0,1
1992-01-16,418.2100,0.02443298,0,1
1992-01-17,418.8600,0.02305525,0,1
1992-01-20,416.3600,0.02256706,0,1
1992-01-21,412.6400,0.02561882,0,1
1992-01-22,418.1300,0.02285039,0,1
1992-01-23,414.9600,0.02303172,0,1
1992-01-24,415.4800,0.02250972,0,1
1992-01-27,414.9900,0.02285198,0,1
1992-01-28,414.9600,0.02423217,0,1
1992-01-29,410.3400,0.02340530,0,1
1992-01-30,411.6200,0.02289557,0,1
1992-01-31,408.7800,0.02319439,0,1
1992-02-03,409.5300,0.02374840,0,1
1992-02-04,413.8500,0.02287205,0,1
1992-02-05,413.8400,0.02354301,0,1
1992-02-06,413.8200,0.02376814,0,1
1992-02-07,411.0900,0.02425075,0,1
1992-02-10,413.7700,0.02349770,0,1
1992-02-11,413.7600,0.02269367,0,1
1992-02-12,417.1300,0.02208999,0,1
1992-02-13,413.6900,0.02152745,0,1
1992-02-14,412.4800,0.02149625,0,1
1992-02-18,407.3800,0.02306213,0,1
1992-02-19,408.2600,0.02304699,0,1
1992-02-20,413.9000,0.02200975,0,1
1992-02-21,411.4300,0.02058906,0,1
1992-02-24,412.2700,0.02260276,0,1
1992-02-25,410.4500,0.02170802,0,1
1992-02-26,415.3500,0.02234467,0,1
1992-02-27,413.8600,0.02107246,0,1
1992-02-28,412.7000,0.02299305,0,1
1992-03-02,412.4500,0.02371607,0,1
1992-03-03,412.8500,0.02192320,0,1
1992-03-04,409.3300,0.02659044,0,1
1992-03-05,406.5100,0.02414558,0,1
1992-03-06,404.4400,0.02687677,0,1
1992-03-09,405.2100,0.02657575,0,1
1992-03-10,406.8900,0.02389021,0,1
1992-03-11,404.0300,0.02623763,0,1
1992-03-12,403.8900,0.02606082,0,1
1992-03-13,405.8400,0.02229681,0,1
1992-03-16,406.3900,0.02056901,0,1
1992-03-17,409.5800,0.02386077,0,1
1992-03-18,409.1500,0.02330635,0,1
1992-03-19,409.8000,0.02293593,0,1
1992-03-20,411.3000,0.02207221,0,1
1992-03-23,409.9100,0.02225915,0,1
1992-03-24,408.8800,0.02264927,0,1
1992-03-25,407.5200,0.02254581,0,1
1992-03-26,407.8600,0.02235329,0,1
1992-03-27,403.5000,0.02168293,0,1
1992-03-30,403.0000,0.02084576,0,1
1992-03-31,403.6900,0.02092383,0,1
1992-04-01,404.2300,0.02004203,0,1
1992-04-02,400.5000,0.02176276,0,1
1992-04-03,401.5500,0.02088571,0,1
1992-04-06,405.5900,0.02211428,0,1
1992-04-07,398.0600,0.02445807,0,1
1992-04-08,394.5000,0.02794312,0,1
1992-04-09,400.6400,0.02126001,0,1
1992-04-10,404.2900,0.01962127,0,1
1992-04-13,406.0800,0.02434958,0,1
1992-04-14,412.3900,0.02264228,0,1
1992-04-15,416.2800,0.02009945,0,1
1992-04-16,416.0400,0.01974293,0,1
1992-04-20,410.1800,0.02193413,0,1
1992-04-21,410.2600,0.02292320,0,1
1992-04-22,409.8100,0.02307938,0,1
1992-04-23,411.6000,0.02223136,0,1
1992-04-24,409.0200,0.02259919,0,1
1992-04-27,408.4500,0.02344025,0,1
1992-04-28,409.1100,0.02265291,0,1
1992-04-29,412.0200,0.02135973,0,1
1992-04-30,414.9500,0.02039592,0,1
1992-05-01,412.5300,0.02195454,0,1
1992-05-04,416.9100,0.02162639,0,1
1992-05-05,416.8400,0.02137427,0,1
1992-05-06,416.7900,0.02241001,0,1
1992-05-07,415.8500,0.02211423,0,1
1992-05-08,416.0500,0.01993577,0,1
1992-05-11,418.4900,0.01907318,0,1
1992-05-12,416.2900,0.01811975,0,1
1992-05-13,416.4500,0.01855302,0,1
1992-05-14,413.1400,0.01920662,0,1
1992-05-15,410.0900,0.01840831,0,1
1992-05-18,412.8100,0.01704344,0,1
1992-05-19,416.3700,0.01609219,0,1
1992-05-20,415.3900,0.01638257,0,1
1992-05-21,412.6000,0.01707515,0,1
1992-05-22,414.0200,0.01735570,0,1
1992-05-26,411.4100,0.01769140,0,1
1992-05-27,412.1700,0.01827151,0,1
1992-05-28,416.7400,0.01775233,0,1
1992-05-29,415.3500,0.01877733,0,1
1992-06-01,417.3000,0.01830880,0,1
1992-06-02,413.5000,0.01899451,0,1
1992-06-03,414.5900,0.01911601,0,1
1992-06-04,413.2600,0.01857287,0,1
1992-06-05,413.4800,0.01930274,0,1
1992-06-08,413.3600,0.02022838,0,1
1992-06-09,410.0600,0.02226648,0,1
1992-06-10,407.2500,0.02290913,0,1
1992-06-11,409.0500,0.02263044,0,1
1992-06-12,409.7600,0.02062452,0,1
1992-06-15,410.2900,0.02140098,0,1
1992-06-16,408.3200,0.02106718,0,1
1992-06-17,402.2600,0.02757967,0,1
1992-06-18,400.9600,0.02758606,0,1
1992-06-19,403.6700,0.02286677,0,1
1992-06-22,403.4000,0.02329792,0,1
1992-06-23,404.0400,0.01975167,0,1
1992-06-24,403.8400,0.01984770,0,1
1992-06-25,403.1200,0.02066117,0,1
1992-06-26,403.4500,0.01990926,0,1
1992-06-29,408.9400,0.01660889,0,1
1992-06-30,408.1400,0.01697371,0,1
1992-07-01,412.8800,0.01738321,0,1
1992-07-02,411.7700,0.01741245,0,1
1992-07-06,413.8400,0.01705622,0,1
1992-07-07,409.1600,0.02107070,0,1
1992-07-08,410.2800,0.02062238,0,1
1992-07-09,414.2300,0.01866778,0,1
1992-07-10,414.6200,0.01740636,0,1
1992-07-13,414.8700,0.01801666,0,1
1992-07-14,417.6800,0.01671915,0,1
1992-07-15,417.1000,0.01629227,0,1
1992-07-16,417.5400,0.01546962,0,1
1992-07-17,415.6200,0.01531366,0,1
1992-07-20,413.7500,0.01597977,0,1
1992-07-21,413.7600,0.01656457,0,1
1992-07-22,410.9300,0.01688067,0,1
1992-07-23,412.0800,0.01662482,0,1
1992-07-24,411.6000,0.01614407,0,1
1992-07-27,411.5400,0.01692228,0,1
1992-07-28,417.5200,0.01576121,0,1
1992-07-29,422.2300,0.01656128,0,1
1992-07-30,423.9200,0.01713933,0,1
1992-07-31,424.2100,0.01638793,0,1
1992-08-03,425.0900,0.01635265,0,1
1992-08-04,424.3600,0.01578911,0,1
1992-08-05,422.1900,0.01664605,0,1
1992-08-06,420.5900,0.01715374,0,1
1992-08-07,418.8800,0.01641014,0,1
1992-08-10,419.4200,0.01670139,0,1
1992-08-11,418.9000,0.01782858,0,1
1992-08-12,417.7800,0.01702964,0,1
1992-08-13,417.7300,0.01839405,0,1
1992-08-14,419.9100,0.01730286,0,1
1992-08-17,420.7400,0.01639019,0,1
1992-08-18,421.3400,0.01750258,0,1
1992-08-19,418.1900,0.01789927,0,1
1992-08-20,418.2600,0.01767304,0,1
1992-08-21,414.8500,0.01718457,0,1
1992-08-24,410.7200,0.02103775,0,1
1992-08-25,411.6100,0.02052880,0,1
1992-08-26,413.5100,0.01784591,0,1
1992-08-27,413.5300,0.01701882,0,1
1992-08-28,414.8400,0.01612520,0,1
1992-08-31,414.0300,0.01620267,0,1
1992-09-01,416.0700,0.01622593,0,1
1992-09-02,417.9800,0.01589875,0,1
1992-09-03,417.9800,0.01571899,0,1
1992-09-04,417.0800,0.01609106,0,1
1992-09-08,414.4400,0.01689145,0,1
1992-09-09,416.3600,0.01695827,0,1
1992-09-10,419.9500,0.01503074,0,1
1992-09-11,419.5800,0.01453623,0,1
1992-09-14,425.2700,0.01416653,0,1
1992-09-15,419.7700,0.01640318,0,1
1992-09-16,419.9200,0.01835632,0,1
1992-09-17,419.9300,0.01821945,0,1
1992-09-18,422.9300,0.01501702,0,1
1992-09-21,422.1400,0.01599404,0,1
1992-09-22,417.1400,0.01664394,0,1
1992-09-23,417.4400,0.01637140,0,1
1992-09-24,418.4700,0.01536949,0,1
1992-09-25,414.3500,0.01750383,0,1
1992-09-28,416.6200,0.01723249,0,1
1992-09-29,416.8000,0.01695238,0,1
1992-09-30,417.8000,0.01664775,0,1
1992-10-01,416.2900,0.01951750,0,1
1992-10-02,410.4700,0.02298865,0,1
1992-10-05,407.5700,0.02711854,0,1
1992-10-06,407.1800,0.02834493,0,1
1992-10-07,404.2500,0.03065462,0,1
1992-10-08,407.7500,0.02550642,0,1
1992-10-09,402.6600,0.02789617,0,1
1992-10-12,407.4400,0.02613928,0,1
1992-10-13,409.3000,0.02276565,0,1
1992-10-14,409.3700,0.02297156,0,1
1992-10-15,409.6000,0.02084802,0,1
1992-10-16,411.7300,0.02092341,0,1
1992-10-19,414.9800,0.01995998,0,1
1992-10-20,415.4800,0.02062735,0,1
1992-10-21,415.6700,0.01961740,0,1
1992-10-22,414.9000,0.01970535,0,1
1992-10-23,414.1000,0.02049625,0,1
1992-10-26,418.1600,0.01919401,0,1
1992-10-27,418.4900,0.01961464,0,1
1992-10-28,420.1300,0.02125424,0,1
1992-10-29,420.8600,0.02008333,0,1
1992-10-30,418.6800,0.02150515,0,1
1992-11-02,422.7500,0.02132380,0,1
1992-11-03,419.9200,0.02207954,0,1
1992-11-04,417.1100,0.02091920,0,1
1992-11-05,418.3400,0.01897303,0,1
1992-11-06,417.5800,0.01816098,0,1
1992-11-09,418.5900,0.01690864,0,1
1992-11-10,418.6200,0.01670977,0,1
1992-11-11,422.2000,0.01604558,0,1
1992-11-12,422.8700,0.01599515,0,1
1992-11-13,422.4300,0.01602288,0,1
1992-11-16,420.6800,0.01707220,0,1
1992-11-17,419.2700,0.01737780,0,1
1992-11-18,422.8500,0.01568778,0,1
1992-11-19,423.6100,0.01665037,0,1
1992-11-20,426.6500,0.01545064,0,1
1992-11-23,425.1200,0.01718070,0,1
1992-11-24,427.5900,0.01534327,0,1
1992-11-25,429.1900,0.01564939,0,1
1992-11-27,430.1600,0.01618272,0,1
1992-11-30,431.3500,0.01605882,0,1
1992-12-01,430.7800,0.01545505,0,1
1992-12-02,429.8900,0.01558629,0,1
1992-12-03,429.9100,0.01478526,0,1
1992-12-04,432.0600,0.01437201,0,1
1992-12-07,435.3100,0.01425292,0,1
1992-12-08,436.9900,0.01398802,0,1
1992-12-09,435.6500,0.01550629,0,1
1992-12-10,434.6400,0.01470398,0,1
1992-12-11,433.7300,0.01455766,0,1
1992-12-14,432.8400,0.01587169,0,1
1992-12-15,432.5700,0.01598133,0,1
1992-12-16,431.5200,0.01622081,0,1
1992-12-17,435.4300,0.01529863,0,1
1992-12-18,441.2800,0.01338490,0,1
1992-12-21,440.7000,0.01423233,0,1
1992-12-22,440.3100,0.01399297,0,1
1992-12-23,439.0300,0.01485588,0,1
1992-12-24,439.7700,0.01501683,0,1
1992-12-28,439.1500,0.01539269,0,1
1992-12-29,437.9800,0.01547387,0,1
1992-12-30,438.8200,0.01532909,0,1
1992-12-31,435.7100,0.01583734,0,1
1993-01-04,435.3800,0.01740677,0,1
1993-01-05,434.3400,0.01639694,0,1
1993-01-06,434.5200,0.01604922,0,1
1993-01-07,430.7300,0.01769183,0,1
1993-01-08,429.0500,0.01624209,0,1
1993-01-11,430.9500,0.01604562,0,1
1993-01-12,431.0400,0.01596572,0,1
1993-01-13,433.0300,0.01527159,0,1
1993-01-14,435.9400,0.01452354,0,1
1993-01-15,437.1500,0.01344382,0,1
1993-01-18,436.8400,0.01364379,0,1
1993-01-19,435.1300,0.01437557,0,1
1993-01-20,433.3700,0.01422097,0,1
1993-01-21,435.4900,0.01307439,0,1
1993-01-22,436.1100,0.01326952,0,1
1993-01-25,440.0100,0.01273628,0,1
1993-01-26,439.9500,0.01328051,0,1
1993-01-27,438.1100,0.01382362,0,1
1993-01-28,438.6600,0.01386051,0,1
1993-01-29,438.7800,0.01430304,0,1
1993-02-01,442.5200,0.01284946,0,1
1993-02-02,442.5500,0.01364818,0,1
1993-02-03,447.2000,0.01329156,0,1
1993-02-04,449.5600,0.01366614,0,1
1993-02-05,448.9300,0.01431704,0,1
1993-02-08,447.8500,0.01390539,0,1
1993-02-09,445.3300,0.01470911,0,1
1993-02-10,446.2300,0.01444960,0,1
1993-02-11,447.6600,0.01385586,0,1
1993-02-12,444.5800,0.01346187,1,1
1993-02-16,433.9100,0.01861257,0,1
1993-02-17,433.3000,0.01925759,0,1
1993-02-18,431.9000,0.01849772,0,1
1993-02-19,434.2200,0.01719564,0,1
1993-02-22,435.2400,0.01686121,0,1
1993-02-23,434.8000,0.01724849,0,1
1993-02-24,440.8700,0.01598036,0,1
1993-02-25,442.3400,0.01617462,0,1
1993-02-26,443.3800,0.01505236,0,1
1993-03-01,442.0100,0.01661220,0,1
1993-03-02,447.9000,0.01374084,0,1
1993-03-03,449.2600,0.01239227,0,1
1993-03-04,447.3400,0.01605902,0,1
1993-03-05,446.1100,0.01693147,0,1
1993-03-08,454.7100,0.01976216,0,1
1993-03-09,454.4000,0.01692734,0,1
1993-03-10,456.3300,0.01632913,0,1
1993-03-11,453.7200,0.01739412,0,1
1993-03-12,449.8300,0.01872185,0,1
1993-03-15,451.4300,0.01864829,0,1
1993-03-16,451.3700,0.01849365,0,1
1993-03-17,448.3100,0.01902855,0,1
1993-03-18,451.8900,0.01712008,0,1
1993-03-19,450.1800,0.01730396,0,1
1993-03-22,448.8800,0.01752334,0,1
1993-03-23,448.7600,0.01648051,0,1
1993-03-24,448.0700,0.01614367,0,1
1993-03-25,450.8800,0.01535619,0,1
1993-03-26,447.7800,0.01551454,0,1
1993-03-29,450.7700,0.01580075,0,1
1993-03-30,451.9700,0.01600852,0,1
1993-03-31,451.6700,0.01636296,0,1
1993-04-01,450.3000,0.01685358,0,1
1993-04-02,441.3900,0.01887945,0,1
1993-04-05,442.2900,0.01904444,0,1
1993-04-06,441.1600,0.01879045,0,1
1993-04-07,442.7300,0.01756206,0,1
1993-04-08,441.8400,0.01632433,0,1
1993-04-12,448.3700,0.01501850,0,1
1993-04-13,449.2200,0.01479198,0,1
1993-04-14,448.6600,0.01501761,0,1
1993-04-15,448.4000,0.01426662,0,1
1993-04-16,448.9400,0.01438359,0,1
1993-04-19,447.4600,0.01585545,0,1
1993-04-20,445.1000,0.01497069,0,1
1993-04-21,443.6300,0.01577525,0,1
1993-04-22,439.4600,0.01698016,0,1
1993-04-23,437.0300,0.01810904,0,1
1993-04-26,433.5400,0.02006565,0,1
1993-04-27,438.0100,0.01724323,0,1
1993-04-28,438.0200,0.01692252,0,1
1993-04-29,438.8900,0.01558093,0,1
1993-04-30,440.1900,0.01606975,0,1
1993-05-03,442.4600,0.01664805,0,1
1993-05-04,444.0500,0.01613123,0,1
1993-05-05,444.5200,0.01596971,0,1
1993-05-06,443.2600,0.01664011,0,1
1993-05-07,442.3100,0.01580750,0,1
1993-05-10,442.8000,0.01666938,0,1
1993-05-11,444.3600,0.01592506,0,1
1993-05-12,444.8000,0.01538610,0,1
1993-05-13,439.2300,0.01753274,0,1
1993-05-14,439.5600,0.01616865,0,1
1993-05-17,440.3700,0.01627505,0,1
1993-05-18,440.3200,0.01622553,0,1
1993-05-19,447.5700,0.01535115,0,1
1993-05-20,450.5900,0.01443008,0,1
1993-05-21,445.8400,0.01575248,0,1
1993-05-24,448.0000,0.01553833,0,1
1993-05-25,448.8500,0.01507593,0,1
1993-05-26,453.4400,0.01428517,0,1
1993-05-27,452.4100,0.01529861,0,1
1993-05-28,450.1900,0.01335154,0,1
1993-06-01,453.8300,0.01393705,0,1
1993-06-02,453.8500,0.01564676,0,1
1993-06-03,452.4900,0.01596669,0,1
1993-06-04,450.0600,0.01535194,0,1
1993-06-07,447.6900,0.01803203,0,1
1993-06-08,444.7100,0.01560432,0,1
1993-06-09,445.7800,0.01794675,0,1
1993-06-10,445.3800,0.01365340,0,1
1993-06-11,447.2600,0.01578477,0,1
1993-06-14,447.7100,0.01574056,0,1
1993-06-15,446.2700,0.01604680,0,1
1993-06-16,447.4300,0.01527946,0,1
1993-06-17,448.5400,0.01490055,0,1
1993-06-18,443.6800,0.01562791,0,1
1993-06-21,446.2200,0.01470867,0,1
1993-06-22,445.9300,0.01570469,0,1
1993-06-23,443.1900,0.01498839,0,1
1993-06-24,446.6200,0.01412576,0,1
1993-06-25,447.6000,0.01434573,0,1
1993-06-28,451.8500,0.01385185,0,1
1993-06-29,450.6900,0.01496417,0,1
1993-06-30,450.5300,0.01466817,0,1
1993-07-01,449.0200,0.01543717,0,1
1993-07-02,445.8400,0.01548025,0,1
1993-07-06,441.4300,0.01850055,0,1
1993-07-07,442.8300,0.01722891,0,1
1993-07-08,448.6400,0.01582050,0,1
1993-07-09,448.1100,0.01434982,0,1
1993-07-12,448.9800,0.01473918,0,1
1993-07-13,448.0900,0.01495323,0,1
1993-07-14,450.0800,0.01459264,0,1
1993-07-15,449.2200,0.01400866,0,1
1993-07-16,445.7500,0.01413061,0,1
1993-07-19,446.0300,0.01508810,0,1
1993-07-20,447.3100,0.01489921,0,1
1993-07-21,447.1800,0.01545951,0,1
1993-07-22,444.5100,0.01555250,0,1
1993-07-23,447.1000,0.01418318,0,1
1993-07-26,449.0900,0.01445755,0,1
1993-07-27,448.2400,0.01473041,0,1
1993-07-28,447.1900,0.01472200,0,1
1993-07-29,450.2400,0.01469685,0,1
1993-07-30,448.1300,0.01453975,0,1
1993-08-02,450.1500,0.01462012,0,1
1993-08-03,449.2700,0.01490294,0,1
1993-08-04,448.5400,0.01503652,0,1
1993-08-05,448.1300,0.01559746,0,1
1993-08-06,448.6800,0.01442583,0,1
1993-08-09,450.7200,0.01503738,0,1
1993-08-10,449.4500,0.01510158,0,1
1993-08-11,450.4600,0.01463243,0,1
1993-08-12,448.9600,0.01441534,0,1
1993-08-13,450.1400,0.01318455,0,1
1993-08-16,452.3800,0.01468909,0,1
1993-08-17,453.1300,0.01347220,0,1
1993-08-18,456.0400,0.01360959,0,1
1993-08-19,456.4300,0.01353956,0,1
1993-08-20,456.1600,0.01304980,0,1
1993-08-23,455.2300,0.01376180,0,1
1993-08-24,459.7700,0.01310224,0,1
1993-08-25,460.1300,0.01324440,0,1
1993-08-26,461.0400,0.01427320,0,1
1993-08-27,460.5400,0.01349428,0,1
1993-08-30,461.9000,0.01303499,0,1
1993-08-31,463.5600,0.01343611,0,1
1993-09-01,463.1500,0.01254973,0,1
1993-09-02,461.3000,0.01326935,0,1
1993-09-03,461.3400,0.01250271,0,1
1993-09-07,458.5200,0.01462932,0,1
1993-09-08,456.6500,0.01436135,0,1
1993-09-09,457.5000,0.01386566,0,1
1993-09-10,461.7200,0.01298117,0,1
1993-09-13,462.0600,0.01412132,0,1
1993-09-14,459.9000,0.01380682,0,1
1993-09-15,461.6000,0.01283967,0,1
1993-09-16,459.4300,0.01365445,0,1
1993-09-17,458.8300,0.01369032,0,1
1993-09-20,455.0500,0.01513674,0,1
1993-09-21,452.9500,0.01799253,0,1
1993-09-22,456.2000,0.01481175,0,1
1993-09-23,457.7400,0.01307324,0,1
1993-09-24,457.6300,0.01299441,0,1
1993-09-27,461.8000,0.01248612,0,1
1993-09-28,461.5300,0.01364156,0,1
1993-09-29,460.1100,0.01412849,0,1
1993-09-30,458.9300,0.01459817,0,1
1993-10-01,461.2800,0.01283899,0,1
1993-10-04,461.3400,0.01356689,0,1
1993-10-05,461.2000,0.01387665,0,1
1993-10-06,460.7400,0.01383394,0,1
1993-10-07,459.1800,0.01428402,0,1
1993-10-08,460.3100,0.01315981,0,1
1993-10-11,460.8800,0.01330211,0,1
1993-10-12,461.1200,0.01279914,0,1
1993-10-13,461.4900,0.01200351,0,1
1993-10-14,466.8300,0.01116457,0,1
1993-10-15,469.5000,0.01282564,0,1
1993-10-18,468.4500,0.01345380,0,1
1993-10-19,466.2100,0.01378355,0,1
1993-10-20,466.0700,0.01331421,0,1
1993-10-21,465.3600,0.01316231,0,1
1993-10-22,463.2700,0.01359639,0,1
1993-10-25,464.2000,0.01319978,0,1
1993-10-26,464.3000,0.01311898,0,1
1993-10-27,464.6100,0.01337768,0,1
1993-10-28,467.7300,0.01317333,0,1
1993-10-29,467.8300,0.01327050,0,1
1993-11-01,469.1000,0.01324812,0,1
1993-11-02,468.4400,0.01332620,0,1
1993-11-03,463.0200,0.01500064,0,1
1993-11-04,457.4900,0.01649431,0,1
1993-11-05,459.5700,0.01646182,0,1
1993-11-08,460.2100,0.01591700,0,1
1993-11-09,460.3300,0.01623922,0,1
1993-11-10,463.7200,0.01527573,0,1
1993-11-11,462.6400,0.01540138,0,1
1993-11-12,465.3900,0.01465355,0,1
1993-11-15,463.7500,0.01532776,0,1
1993-11-16,466.7400,0.01454888,0,1
1993-11-17,464.8100,0.01669619,0,1
1993-11-18,463.6200,0.01552694,0,1
1993-11-19,462.6000,0.01627073,0,1
1993-11-22,459.1300,0.01700206,0,1
1993-11-23,461.0300,0.01484026,0,1
1993-11-24,462.3600,0.01404877,0,1
1993-11-26,463.0600,0.01372894,0,1
1993-11-29,461.9000,0.01524203,0,1
1993-11-30,461.7900,0.01447812,0,1
1993-12-01,461.8900,0.01427252,0,1
1993-12-02,463.1100,0.01347685,0,1
1993-12-03,464.8900,0.01236190,0,1
1993-12-06,466.4300,0.01351333,0,1
1993-12-07,466.7600,0.01311489,0,1
1993-12-08,466.2900,0.01384017,0,1
1993-12-09,464.1800,0.01376896,0,1
1993-12-10,463.9300,0.01336080,0,1
1993-12-13,465.7000,0.01089418,0,1
1993-12-14,463.0600,0.01251983,0,1
1993-12-15,461.8400,0.01235544,0,1
1993-12-16,463.3400,0.01196876,0,1
1993-12-17,466.3800,0.01137928,0,1
1993-12-20,465.8500,0.01220097,0,1
1993-12-21,465.3000,0.01084362,0,1
1993-12-22,467.3200,0.01061195,0,1
1993-12-23,467.3800,0.01171116,0,1
1993-12-27,470.5400,0.01168439,0,1
1993-12-28,470.9400,0.01139528,0,1
1993-12-29,470.5800,0.01263948,0,1
1993-12-30,468.6400,0.01250568,0,1
1993-12-31,466.4500,0.01345064,0,1
1994-01-03,465.4400,0.01374693,0,1
1994-01-04,466.8900,0.01236438,0,1
1994-01-05,467.5500,0.01193579,0,1
1994-01-06,467.1200,0.01250553,0,1
1994-01-07,469.9000,0.01207100,0,1
1994-01-10,475.2700,0.01139445,0,1
1994-01-11,474.1300,0.01143810,0,1
1994-01-12,474.1700,0.01209757,0,1
1994-01-13,472.4700,0.01230075,0,1
1994-01-14,474.9100,0.01092432,0,1
1994-01-17,473.3000,0.01216228,0,1
1994-01-18,474.2500,0.01169617,0,1
1994-01-19,474.3000,0.01317560,0,1
1994-01-20,474.9800,0.01298895,0,1
1994-01-21,474.7200,0.01290578,0,1
1994-01-24,471.9700,0.01242078,0,1
1994-01-25,470.9200,0.01260061,0,1
1994-01-26,473.2000,0.01197432,0,1
1994-01-27,477.0500,0.01168448,0,1
1994-01-28,478.7000,0.01167697,0,1
1994-01-31,481.6100,0.01216275,0,1
1994-02-01,479.6200,0.01170516,0,1
1994-02-02,482.0000,0.01203321,0,1
1994-02-03,480.7100,0.01172821,1,1
1994-02-04,469.8100,0.01580382,0,1
1994-02-07,471.7600,0.01444576,0,1
1994-02-08,471.0500,0.01450886,0,1
1994-02-09,472.7700,0.01482114,0,1
1994-02-10,468.9300,0.01661061,0,1
1994-02-11,470.1800,0.01524138,0,1
1994-02-14,470.2300,0.01617429,0,1
1994-02-15,472.5200,0.01516257,0,1
1994-02-16,472.7900,0.01488672,0,1
1994-02-17,470.3400,0.01576814,0,1
1994-02-18,467.6900,0.01626961,0,1
1994-02-22,471.4600,0.01464439,0,1
1994-02-23,470.6900,0.01507094,0,1
1994-02-24,464.2600,0.01757586,0,1
1994-02-25,466.0700,0.01602018,0,1
1994-02-28,467.1400,0.01728542,0,1
1994-03-01,464.4400,0.01783168,0,1
1994-03-02,464.8100,0.01736257,0,1
1994-03-03,463.0100,0.01859013,0,1
1994-03-04,464.7400,0.01778716,0,1
1994-03-07,466.9100,0.01529686,0,1
1994-03-08,465.8800,0.01627598,0,1
1994-03-09,467.0600,0.01667435,0,1
1994-03-10,463.9000,0.01701043,0,1
1994-03-11,466.4400,0.01400403,0,1
1994-03-14,467.3900,0.01883456,0,1
1994-03-15,467.0100,0.01706945,0,1
1994-03-16,469.4200,0.01545162,0,1
1994-03-17,470.9000,0.01346403,0,1
1994-03-18,471.0600,0.01423111,0,1
1994-03-21,468.5400,0.01546276,0,1
1994-03-22,468.8000,0.01410426,0,1
1994-03-23,468.5400,0.01327594,0,1
1994-03-24,464.3500,0.01484695,0,1
1994-03-25,460.5800,0.01553904,0,1
1994-03-28,460.0000,0.01548988,0,1
1994-03-29,452.4800,0.01936374,0,1
1994-03-30,445.5500,0.02258727,0,1
1994-03-31,445.7700,0.02100142,0,1
1994-04-04,438.9200,0.02763432,0,1
1994-04-05,448.2900,0.02027303,0,1
1994-04-06,448.0500,0.02056381,0,1
1994-04-07,450.8800,0.01875714,0,1
1994-04-08,447.1000,0.01925133,0,1
1994-04-11,449.8700,0.01716448,0,1
1994-04-12,447.5700,0.01769145,0,1
1994-04-13,446.2600,0.01806457,0,1
1994-04-14,446.3800,0.01709301,0,1
1994-04-15,446.1800,0.01698814,0,1
1994-04-18,442.4600,0.01852793,0,1
1994-04-19,442.5400,0.01816866,0,1
1994-04-20,441.9600,0.01866695,0,1
1994-04-21,448.7300,0.01688268,0,1
1994-04-22,447.6300,0.01735433,0,1
1994-04-25,452.7100,0.01472361,0,1
1994-04-26,451.8700,0.01469539,0,1
1994-04-28,449.1000,0.01738792,0,1
1994-04-29,450.9100,0.01637896,0,1
1994-05-02,453.0200,0.01612339,0,1
1994-05-03,453.0300,0.01517450,0,1
1994-05-04,451.7200,0.01587769,0,1
1994-05-05,451.3800,0.01659338,0,1
1994-05-06,447.8200,0.01632535,0,1
1994-05-09,442.3200,0.01876654,0,1
1994-05-10,446.0100,0.01720323,0,1
1994-05-11,441.4900,0.01773300,0,1
1994-05-12,443.7500,0.01762385,0,1
1994-05-13,444.1400,0.01657617,0,1
1994-05-16,444.4900,0.01704163,0,1
1994-05-17,449.3700,0.01502007,0,1
1994-05-18,453.6900,0.01304140,0,1
1994-05-19,456.4800,0.01531136,0,1
1994-05-20,454.9200,0.01533205,0,1
1994-05-23,453.2000,0.01576633,0,1
1994-05-24,454.8100,0.01480839,0,1
1994-05-25,456.3400,0.01360719,0,1
1994-05-26,457.0600,0.01349837,0,1
1994-05-27,457.3300,0.01296556,0,1
1994-05-31,456.5000,0.01310282,0,1
1994-06-01,457.6300,0.01447313,0,1
1994-06-02,457.6500,0.01342369,0,1
1994-06-03,460.1300,0.01270536,0,1
1994-06-06,458.8800,0.01355276,0,1
1994-06-07,458.2100,0.01412148,0,1
1994-06-08,457.0600,0.01368823,0,1
1994-06-09,457.8600,0.01287447,0,1
1994-06-10,458.6700,0.01193956,0,1
1994-06-13,459.1000,0.01057522,0,1
1994-06-14,462.3700,0.01278490,0,1
1994-06-15,460.6100,0.01300163,0,1
1994-06-16,461.9300,0.01159322,0,1
1994-06-17,458.4500,0.01345957,0,1
1994-06-20,455.4800,0.01548693,0,1
1994-06-21,451.3400,0.01665368,0,1
1994-06-22,453.0900,0.01334885,0,1
1994-06-23,449.6300,0.01616362,0,1
1994-06-24,442.8000,0.02068051,0,1
1994-06-27,447.3100,0.01521620,0,1
1994-06-28,446.0700,0.01791825,0,1
1994-06-29,447.6300,0.01684458,0,1
1994-06-30,444.2700,0.01723970,0,1
1994-07-01,446.2000,0.01694092,0,1
1994-07-05,446.3700,0.01884032,0,1
1994-07-06,446.1300,0.01858391,0,1
1994-07-07,448.3800,0.01697567,0,1
1994-07-08,449.5500,0.01599203,0,1
1994-07-11,448.0600,0.01595527,0,1
1994-07-12,447.9500,0.01549020,0,1
1994-07-13,448.7300,0.01408673,0,1
1994-07-14,453.4100,0.01280094,0,1
1994-07-15,454.1600,0.01416952,0,1
1994-07-18,455.2200,0.01398216,0,1
1994-07-19,453.8600,0.01425750,0,1
1994-07-20,451.6000,0.01399434,0,1
1994-07-21,452.6100,0.01328392,0,1
1994-07-22,453.1100,0.01336508,0,1
1994-07-25,454.2500,0.01271935,0,1
1994-07-26,453.3600,0.01286675,0,1
1994-07-27,452.5700,0.01323370,0,1
1994-07-28,454.2400,0.01248654,0,1
1994-07-29,458.2600,0.01223577,0,1
1994-08-01,461.0100,0.01232604,0,1
1994-08-02,460.5600,0.01288565,0,1
1994-08-03,461.4500,0.01324989,0,1
1994-08-04,458.4000,0.01403946,0,1
1994-08-05,457.0900,0.01416258,0,1
1994-08-08,457.8900,0.01442497,0,1
1994-08-09,457.9200,0.01387555,0,1
1994-08-10,460.3000,0.01314523,0,1
1994-08-11,458.8800,0.01407976,0,1
1994-08-12,461.9400,0.01167928,0,1
1994-08-15,461.2300,0.01255089,0,1
1994-08-16,465.0100,0.01213784,0,1
1994-08-17,465.1700,0.01243426,0,1
1994-08-18,463.1700,0.01239451,0,1
1994-08-19,463.6800,0.01284278,0,1
1994-08-22,462.3200,0.01313526,0,1
1994-08-23,464.5100,0.01249565,0,1
1994-08-24,469.0300,0.01221666,0,1
1994-08-25,468.0800,0.01344931,0,1
1994-08-26,473.8000,0.01487706,0,1
1994-08-29,474.5900,0.01196435,0,1
1994-08-30,476.0700,0.01311076,0,1
1994-08-31,475.4900,0.01474718,0,1
1994-09-01,473.1700,0.01406209,0,1
1994-09-02,470.9900,0.01328397,0,1
1994-09-06,471.8600,0.01341491,0,1
1994-09-07,470.9900,0.01320719,0,1
1994-09-08,473.1400,0.01321173,0,1
1994-09-09,468.1800,0.01413234,0,1
1994-09-12,466.2100,0.01557823,0,1
1994-09-13,467.5100,0.01481698,0,1
1994-09-14,468.8000,0.01402642,0,1
1994-09-15,474.8100,0.01128017,0,1
1994-09-16,471.1900,0.01318035,0,1
1994-09-19,470.8500,0.01420273,0,1
1994-09-20,463.3600,0.01549470,0,1
1994-09-21,461.4600,0.01667710,0,1
1994-09-22,461.2700,0.01649364,0,1
1994-09-23,459.6700,0.01716195,0,1
1994-09-26,460.8200,0.01730594,0,1
1994-09-27,462.0500,0.01717343,0,1
1994-09-28,464.8400,0.01566899,0,1
1994-09-29,462.2400,0.01684220,0,1
1994-09-30,462.7100,0.01711203,0,1
1994-10-03,461.7400,0.01761096,0,1
1994-10-04,454.5900,0.02020189,0,1
1994-10-05,453.5200,0.01855615,0,1
1994-10-06,452.3600,0.01869203,0,1
1994-10-07,455.1000,0.01795311,0,1
1994-10-10,459.0400,0.01636196,0,1
1994-10-11,465.7900,0.01579694,0,1
1994-10-12,465.4700,0.01681488,0,1
1994-10-13,467.7900,0.01632853,0,1
1994-10-14,469.1000,0.01523262,0,1
1994-10-17,468.9600,0.01689637,0,1
1994-10-18,467.6600,0.01665391,0,1
1994-10-19,470.2800,0.01646649,0,1
1994-10-20,466.8500,0.01774606,0,1
1994-10-21,464.8900,0.01807915,0,1
1994-10-24,460.8300,0.01987264,0,1
1994-10-25,461.5300,0.01886509,0,1
1994-10-26,462.6200,0.01847473,0,1
1994-10-27,465.8500,0.01805341,0,1
1994-10-28,473.7700,0.01615890,0,1
1994-10-31,472.3500,0.01772892,0,1
1994-11-01,468.4200,0.01726701,0,1
1994-11-02,466.5100,0.01866045,0,1
1994-11-03,467.9100,0.01801010,0,1
1994-11-04,462.2800,0.02049187,0,1
1994-11-07,463.0700,0.02074197,0,1
1994-11-08,465.6500,0.01969821,0,1
1994-11-09,465.4000,0.01958896,0,1
1994-11-10,464.3700,0.01882570,0,1
1994-11-11,462.3500,0.01975065,0,1
1994-11-14,466.0400,0.01881565,0,1
1994-11-15,465.0300,0.01879780,0,1
1994-11-16,465.6200,0.01788004,0,1
1994-11-17,463.5700,0.01903519,0,1
1994-11-18,461.4700,0.01839934,0,1
1994-11-21,458.3000,0.01999261,0,1
1994-11-22,450.0900,0.02366839,0,1
1994-11-23,449.9300,0.02274897,0,1
1994-11-25,452.2900,0.02183127,0,1
1994-11-28,454.1600,0.02027744,0,1
1994-11-29,455.1700,0.01943477,0,1
1994-11-30,453.6900,0.01944755,0,1
1994-12-01,448.9200,0.01998654,0,1
1994-12-02,453.3000,0.01902564,0,1
1994-12-05,453.3200,0.01884028,0,1
1994-12-06,453.1100,0.01906451,0,1
1994-12-07,451.2300,0.01962634,0,1
1994-12-08,445.4500,0.02166011,0,1
1994-12-09,446.9600,0.01892282,0,1
1994-12-12,449.4700,0.01874634,0,1
1994-12-13,450.1500,0.01726264,0,1
1994-12-14,454.9700,0.01481030,0,1
1994-12-15,455.3400,0.01451126,0,1
1994-12-16,458.8000,0.01509353,0,1
1994-12-19,457.9100,0.01355254,0,1
1994-12-20,457.1000,0.01500144,0,1
1994-12-21,459.6100,0.01367758,0,1
1994-12-22,459.6800,0.01359304,0,1
1994-12-23,459.8300,0.01291282,0,1
1994-12-27,462.4700,0.01333392,0,1
1994-12-28,460.8600,0.01353469,0,1
1994-12-29,461.1700,0.01434473,0,1
1994-12-30,459.2700,0.01514443,0,1
1995-01-03,459.1100,0.01558474,0,1
1995-01-04,460.7100,0.01429770,0,1
1995-01-05,460.3400,0.01467545,0,1
1995-01-06,460.6800,0.01418157,0,1
1995-01-09,460.8300,0.01484222,0,1
1995-01-10,461.6800,0.01285936,0,1
1995-01-11,461.6600,0.01335978,0,1
1995-01-12,461.6400,0.01427898,0,1
1995-01-13,465.9700,0.01260501,0,1
1995-01-16,469.3800,0.01194658,0,1
1995-01-17,470.0500,0.01257681,0,1
1995-01-18,469.7100,0.01201265,0,1
1995-01-19,466.9500,0.01283411,0,1
1995-01-20,464.7800,0.01326983,0,1
1995-01-23,465.8200,0.01312618,0,1
1995-01-24,465.8600,0.01281673,0,1
1995-01-25,467.4400,0.01236105,0,1
1995-01-26,468.3200,0.01243244,0,1
1995-01-27,470.3900,0.01307509,0,1
1995-01-30,468.5100,0.01348628,0,1
1995-01-31,470.4200,0.01335938,0,1
1995-02-01,470.4000,0.01308678,0,1
1995-02-02,472.7900,0.01249241,0,1
1995-02-03,478.6500,0.01253986,0,1
1995-02-06,481.1400,0.01320141,0,1
1995-02-07,480.8100,0.01315861,0,1
1995-02-08,481.1900,0.01442595,0,1
1995-02-09,480.1900,0.01408593,0,1
1995-02-10,481.4600,0.01364912,0,1
1995-02-13,481.6500,0.01329940,0,1
1995-02-14,482.5500,0.01326151,0,1
1995-02-15,484.5400,0.01338535,0,1
1995-02-16,485.2200,0.01311260,0,1
1995-02-17,481.9700,0.01318237,0,1
1995-02-21,482.7200,0.01341025,0,1
1995-02-22,485.0700,0.01314753,0,1
1995-02-23,486.9100,0.01306299,0,1
1995-02-24,488.1100,0.01287046,0,1
1995-02-27,483.8100,0.01387650,0,1
1995-02-28,487.3900,0.01387799,0,1
1995-03-01,485.6500,0.01400190,0,1
1995-03-02,485.1300,0.01450332,0,1
1995-03-03,485.4200,0.01444576,0,1
1995-03-06,485.6300,0.01451779,0,1
1995-03-07,482.1200,0.01295199,0,1
1995-03-08,483.1400,0.01355410,0,1
1995-03-09,483.1600,0.01297754,0,1
1995-03-10,489.5700,0.01382628,0,1
1995-03-13,490.0500,0.01318426,0,1
1995-03-14,492.8900,0.01519258,0,1
1995-03-15,491.8800,0.01617276,0,1
1995-03-16,495.4100,0.01518893,0,1
1995-03-17,495.5200,0.01473424,0,1
1995-03-20,496.1400,0.01398907,0,1
1995-03-21,495.0700,0.01407436,0,1
1995-03-22,495.6700,0.01367248,0,1
1995-03-23,495.9500,0.01339986,0,1
1995-03-24,500.9700,0.01265425,0,1
1995-03-27,503.2000,0.01313480,0,1
1995-03-28,503.9000,0.01252237,0,1
1995-03-29,503.1200,0.01367489,0,1
1995-03-30,502.2200,0.01356038,0,1
1995-03-31,500.7100,0.01439535,0,1
1995-04-03,501.8500,0.01446174,0,1
1995-04-04,505.2400,0.01335464,0,1
1995-04-05,505.5700,0.01358205,0,1
1995-04-06,506.0800,0.01354162,0,1
1995-04-07,506.4200,0.01389181,0,1
1995-04-10,507.0100,0.01327443,0,1
1995-04-11,505.5300,0.01385885,0,1
1995-04-12,507.1700,0.01268064,0,1
1995-04-13,509.2300,0.01094576,0,1
1995-04-17,506.1300,0.01381090,0,1
1995-04-18,505.3700,0.01396928,0,1
1995-04-19,504.9200,0.01327518,0,1
1995-04-20,505.2900,0.01320178,0,1
1995-04-21,508.4900,0.01223528,0,1
1995-04-24,512.8900,0.01262618,0,1
1995-04-25,512.1000,0.01378908,0,1
1995-04-26,512.6600,0.01399962,0,1
1995-04-27,513.5500,0.01390278,0,1
1995-04-28,514.7100,0.01278434,0,1
1995-05-01,514.2600,0.01360531,0,1
1995-05-02,514.8600,0.01342501,0,1
1995-05-03,520.4800,0.01270552,0,1
1995-05-04,520.5400,0.01315255,0,1
1995-05-05,520.1200,0.01235169,0,1
1995-05-08,523.9600,0.01341465,0,1
1995-05-09,523.5600,0.01399937,0,1
1995-05-10,524.3600,0.01413484,0,1
1995-05-11,524.3700,0.01402594,0,1
1995-05-12,525.5500,0.01253769,0,1
1995-05-15,527.7400,0.01319898,0,1
1995-05-16,528.1900,0.01309881,0,1
1995-05-17,527.0700,0.01284445,0,1
1995-05-18,519.5800,0.01387176,0,1
1995-05-19,519.1900,0.01342439,0,1
1995-05-22,523.6500,0.01358310,0,1
1995-05-23,528.5900,0.01364527,0,1
1995-05-24,528.6100,0.01360950,0,1
1995-05-25,528.5900,0.01328555,0,1
1995-05-26,523.6500,0.01403061,0,1
1995-05-30,523.5800,0.01506090,0,1
1995-05-31,533.4000,0.01619874,0,1
1995-06-01,533.4900,0.01555106,0,1
1995-06-02,532.5100,0.01545829,0,1
1995-06-05,535.6000,0.01661397,0,1
1995-06-06,535.5500,0.01610433,0,1
1995-06-07,533.1300,0.01583122,0,1
1995-06-08,532.3500,0.01628653,0,1
1995-06-09,527.9400,0.01530308,0,1
1995-06-12,530.8800,0.01388433,0,1
1995-06-13,536.0500,0.01361003,0,1
1995-06-14,536.4700,0.01445512,0,1
1995-06-15,537.1200,0.01414249,0,1
1995-06-16,539.8300,0.01438987,0,1
1995-06-19,545.2200,0.01511121,0,1
1995-06-20,544.9800,0.01482611,0,1
1995-06-21,543.9800,0.01614699,0,1
1995-06-22,551.0700,0.01633145,0,1
1995-06-23,549.7100,0.01551224,0,1
1995-06-26,544.1300,0.01639023,0,1
1995-06-27,542.4300,0.01755125,0,1
1995-06-28,544.7300,0.01645001,0,1
1995-06-29,543.8700,0.01514651,0,1
1995-06-30,544.7500,0.01566299,0,1
1995-07-03,547.0900,0.01482483,0,1
1995-07-05,547.2600,0.01574431,0,1
1995-07-06,553.9900,0.01552476,0,1
1995-07-07,556.3700,0.01521156,0,1
1995-07-10,557.1900,0.01645036,0,1
1995-07-11,554.7800,0.01640826,0,1
1995-07-12,560.8900,0.01672566,0,1
1995-07-13,561.0000,0.01720739,0,1
1995-07-14,559.8900,0.01685111,0,1
1995-07-17,562.7200,0.01709211,0,1
1995-07-18,558.4600,0.01770163,0,1
1995-07-19,550.9800,0.01835864,0,1
1995-07-20,553.5400,0.01766264,0,1
1995-07-21,553.6200,0.01714875,0,1
1995-07-24,556.6300,0.01654241,0,1
1995-07-25,561.1000,0.01696394,0,1
1995-07-26,561.6100,0.01744521,0,1
1995-07-27,565.2200,0.01593809,0,1
1995-07-28,562.9300,0.01573700,0,1
1995-07-31,562.0600,0.01750410,0,1
1995-08-01,559.6400,0.01692783,0,1
1995-08-02,558.8000,0.01792038,0,1
1995-08-03,558.7500,0.01740849,0,1
1995-08-04,558.9400,0.01653509,0,1
1995-08-07,560.0300,0.01708897,0,1
1995-08-08,560.3900,0.01626110,0,1
1995-08-09,559.7100,0.01666702,0,1
1995-08-10,557.4500,0.01616746,0,1
1995-08-11,555.1100,0.01538526,0,1
1995-08-14,559.7400,0.01527412,0,1
1995-08-15,558.5700,0.01517437,0,1
1995-08-16,559.9700,0.01455093,0,1
1995-08-17,559.0400,0.01430345,0,1
1995-08-18,559.2100,0.01378352,0,1
1995-08-21,558.1100,0.01498978,0,1
1995-08-22,559.5200,0.01405278,0,1
1995-08-23,557.1400,0.01481596,0,1
1995-08-24,557.4600,0.01426092,0,1
1995-08-25,560.1000,0.01368350,0,1
1995-08-28,559.0500,0.01432268,0,1
1995-08-29,560.0000,0.01402848,0,1
1995-08-30,560.9200,0.01351115,0,1
1995-08-31,561.8800,0.01360934,0,1
1995-09-01,563.8400,0.01305746,0,1
1995-09-05,569.1700,0.01387945,0,1
1995-09-06,570.1700,0.01325087,0,1
1995-09-07,570.2900,0.01373034,0,1
1995-09-08,572.6800,0.01269611,0,1
1995-09-11,573.9100,0.01271700,0,1
1995-09-12,576.5100,0.01243808,0,1
1995-09-13,578.7700,0.01196968,0,1
1995-09-14,583.6100,0.01181859,0,1
1995-09-15,583.3500,0.01177642,0,1
1995-09-18,582.7700,0.01221595,0,1
1995-09-19,584.2000,0.01257335,0,1
1995-09-20,586.7700,0.01232443,0,1
1995-09-21,583.0000,0.01335796,0,1
1995-09-22,581.7300,0.01263300,0,1
1995-09-25,581.8100,0.01370741,0,1
1995-09-26,581.4100,0.01342266,0,1
1995-09-27,581.0400,0.01277157,0,1
1995-09-28,585.8700,0.01280600,0,1
1995-09-29,584.4100,0.01392420,0,1
1995-10-02,581.7200,0.01439230,0,1
1995-10-03,582.3400,0.01445167,0,1
1995-10-04,581.4700,0.01489793,0,1
1995-10-05,582.6300,0.01566175,0,1
1995-10-06,582.4900,0.01406416,0,1
1995-10-09,578.3700,0.01514199,0,1
1995-10-10,577.5200,0.01480315,0,1
1995-10-11,579.4600,0.01447471,0,1
1995-10-12,583.1000,0.01372522,0,1
1995-10-13,584.5000,0.01375311,0,1
1995-10-16,583.0300,0.01416102,0,1
1995-10-17,586.7800,0.01292066,0,1
1995-10-18,587.4400,0.01348886,0,1
1995-10-19,590.6500,0.01255219,0,1
1995-10-20,587.4600,0.01306265,0,1
1995-10-23,585.0600,0.01440694,0,1
1995-10-24,586.5400,0.01436380,0,1
1995-10-25,582.4700,0.01528971,0,1
1995-10-26,576.7200,0.01697312,0,1
1995-10-27,579.7000,0.01544117,0,1
1995-10-30,583.2500,0.01609359,0,1
1995-10-31,581.5000,0.01628294,0,1
1995-11-01,584.2200,0.01549531,0,1
1995-11-02,589.7200,0.01530937,0,1
1995-11-03,590.5700,0.01514905,0,1
1995-11-06,588.4600,0.01512100,0,1
1995-11-07,586.3200,0.01571634,0,1
1995-11-08,591.7100,0.01465237,0,1
1995-11-09,593.2600,0.01516207,0,1
1995-11-10,592.7200,0.01495815,0,1
1995-11-13,592.3000,0.01546945,0,1
1995-11-14,589.2900,0.01598069,0,1
1995-11-15,593.9600,0.01560114,0,1
1995-11-16,597.3400,0.01504838,0,1
1995-11-17,600.0700,0.01423643,0,1
1995-11-20,596.8500,0.01423154,0,1
1995-11-21,600.2400,0.01340608,0,1
1995-11-22,598.4000,0.01324656,0,1
1995-11-24,599.9700,0.01342900,0,1
1995-11-27,601.3200,0.01323453,0,1
1995-11-28,606.4500,0.01203978,0,1
1995-11-29,607.6400,0.01226481,0,1
1995-11-30,605.3700,0.01258870,0,1
1995-12-01,606.9800,0.01241272,0,1
1995-12-04,613.6800,0.01205267,0,1
1995-12-05,617.6800,0.01184606,0,1
1995-12-06,620.1800,0.01218385,0,1
1995-12-07,616.1700,0.01257984,0,1
1995-12-08,617.4800,0.01156515,0,1
1995-12-11,619.5200,0.01151169,0,1
1995-12-12,618.7800,0.01150256,0,1
1995-12-13,621.6900,0.01132833,0,1
1995-12-14,616.9200,0.01247785,0,1
1995-12-15,616.3400,0.01207127,0,1
1995-12-18,606.8100,0.01521033,0,1
1995-12-19,611.9300,0.01517560,0,1
1995-12-20,605.9400,0.01431792,0,1
1995-12-21,610.4900,0.01335357,0,1
1995-12-22,611.9500,0.01425122,0,1
1995-12-26,614.3000,0.01409831,0,1
1995-12-27,614.5300,0.01477425,0,1
1995-12-28,614.1200,0.01510210,0,1
1995-12-29,615.9300,0.01576513,0,1
1996-01-02,620.7300,0.01492212,0,1
1996-01-03,621.3200,0.01492042,0,1
1996-01-04,617.7000,0.01688232,0,1
1996-01-05,616.7100,0.01634462,0,1
1996-01-08,618.4600,0.01592318,0,1
1996-01-09,609.4500,0.01904861,0,1
1996-01-10,598.4800,0.01885091,0,1
1996-01-11,602.6900,0.01809225,0,1
1996-01-12,601.8100,0.01711917,0,1
1996-01-15,599.8200,0.01762448,0,1
1996-01-16,608.4400,0.01651725,0,1
1996-01-17,606.3700,0.01806144,0,1
1996-01-18,608.2400,0.01707595,0,1
1996-01-19,611.8300,0.01573470,0,1
1996-01-22,613.4000,0.01646523,0,1
1996-01-23,612.7900,0.01638725,0,1
1996-01-24,619.9600,0.01660666,0,1
1996-01-25,617.0300,0.01654588,0,1
1996-01-26,621.6200,0.01524905,0,1
1996-01-29,624.2200,0.01642990,0,1
1996-01-30,630.1500,0.01615296,0,1
1996-01-31,636.0200,0.01568645,0,1
1996-02-01,638.4600,0.01616348,0,1
1996-02-02,635.8400,0.01590719,0,1
1996-02-05,641.4300,0.01590799,0,1
1996-02-06,646.3300,0.01836342,0,1
1996-02-07,649.9300,0.01588869,0,1
1996-02-08,656.0700,0.01504558,0,1
1996-02-09,656.3700,0.01630639,0,1
1996-02-12,661.4500,0.01712840,0,1
1996-02-13,660.5100,0.01751717,0,1
1996-02-14,655.5800,0.01984879,0,1
1996-02-15,651.3200,0.02075270,0,1
1996-02-16,647.9800,0.01974846,0,1
1996-02-20,640.6500,0.02114255,0,1
1996-02-21,648.1000,0.01909377,0,1
1996-02-22,658.8600,0.01971307,0,1
1996-02-23,659.0800,0.01957574,0,1
1996-02-26,650.4600,0.02212895,0,1
1996-02-27,647.2400,0.02314304,0,1
1996-02-28,644.7500,0.02331170,0,1
1996-02-29,640.4300,0.02495658,0,1
1996-03-01,644.3700,0.02314762,0,1
1996-03-04,650.8100,0.02324374,0,1
1996-03-05,655.7900,0.02162729,0,1
1996-03-06,652.0000,0.02184317,0,1
1996-03-07,653.6500,0.02231517,1,1
1996-03-08,633.5000,0.02903186,0,1
1996-03-11,640.0200,0.02589430,0,1
1996-03-12,637.0900,0.02812227,0,1
1996-03-13,638.5500,0.02451424,0,1
1996-03-14,640.8700,0.02223455,0,1
1996-03-15,641.4300,0.02163878,0,1
1996-03-18,652.6500,0.02378413,0,1
1996-03-19,651.6900,0.02529632,0,1
1996-03-20,649.9800,0.02569936,0,1
1996-03-21,649.1900,0.02504168,0,1
1996-03-22,650.6200,0.02242670,0,1
1996-03-25,650.0400,0.02392481,0,1
1996-03-26,652.9700,0.02331596,0,1
1996-03-27,648.9100,0.02462184,0,1
1996-03-28,648.9400,0.02443373,0,1
1996-03-29,645.5000,0.02482216,0,1
1996-04-01,653.7300,0.02243928,0,1
1996-04-02,655.2600,0.02124999,0,1
1996-04-03,655.8800,0.02070394,0,1
1996-04-04,655.8600,0.02059167,0,1
1996-04-08,644.2400,0.02270818,0,1
1996-04-09,642.1900,0.02139358,0,1
1996-04-10,633.5000,0.02658732,0,1
1996-04-11,631.1800,0.02602517,0,1
1996-04-12,636.7100,0.02163540,0,1
1996-04-15,642.4900,0.02079297,0,1
1996-04-16,645.0000,0.02037032,0,1
1996-04-17,641.6100,0.02077263,0,1
1996-04-18,643.6100,0.02016886,0,1
1996-04-19,645.0700,0.01754320,0,1
1996-04-22,647.8900,0.01741018,0,1
1996-04-23,651.5800,0.01862837,0,1
1996-04-24,650.1700,0.01868138,0,1
1996-04-25,652.8700,0.01851380,0,1
1996-04-26,653.4600,0.01839038,0,1
1996-04-29,654.1600,0.01918824,0,1
1996-04-30,654.1700,0.01921825,0,1
1996-05-01,654.5800,0.01983409,0,1
1996-05-02,643.3800,0.02246452,0,1
1996-05-03,641.6300,0.02023953,0,1
1996-05-06,640.8100,0.02116384,0,1
1996-05-07,638.2600,0.02155429,0,1
1996-05-08,644.7700,0.01939847,0,1
1996-05-09,645.4400,0.02137571,0,1
1996-05-10,652.0900,0.01879586,0,1
1996-05-13,661.5100,0.01720398,0,1
1996-05-14,665.6000,0.01756781,0,1
1996-05-15,665.4200,0.01869088,0,1
1996-05-16,664.8500,0.01822128,0,1
1996-05-17,668.9100,0.01834400,0,1
1996-05-20,673.1500,0.01914846,0,1
1996-05-21,672.7600,0.01895848,0,1
1996-05-22,678.4200,0.01803505,0,1
1996-05-23,676.0000,0.01946279,0,1
1996-05-24,678.5100,0.01856905,0,1
1996-05-28,672.2300,0.02121924,0,1
1996-05-29,667.9300,0.02136963,0,1
1996-05-30,671.7000,0.01972895,0,1
1996-05-31,669.1200,0.02051058,0,1
1996-06-03,667.6800,0.02058489,0,1
1996-06-04,672.5600,0.01978362,0,1
1996-06-05,678.4400,0.01935958,0,1
1996-06-06,673.0300,0.02085650,0,1
1996-06-07,673.3100,0.01995072,0,1
1996-06-10,672.1600,0.02121122,0,1
1996-06-11,670.9700,0.02033889,0,1
1996-06-12,669.0400,0.02067422,0,1
1996-06-13,667.9200,0.02073879,0,1
1996-06-14,665.8500,0.02335493,0,1
1996-06-17,665.1600,0.02109275,0,1
1996-06-18,662.0600,0.02184855,0,1
1996-06-19,661.9600,0.02105785,0,1
1996-06-20,662.1000,0.02034084,0,1
1996-06-21,666.8400,0.01867700,0,1
1996-06-24,668.8500,0.01969246,0,1
1996-06-25,668.4800,0.01922115,0,1
1996-06-26,664.3900,0.01892728,0,1
1996-06-27,668.5500,0.01818332,0,1
1996-06-28,670.6300,0.01789770,0,1
1996-07-01,675.8800,0.01767866,0,1
1996-07-02,673.6100,0.01799360,0,1
1996-07-03,672.4000,0.01824859,1,1
1996-07-05,657.4400,0.02038610,0,1
1996-07-08,652.5400,0.02246529,0,1
1996-07-09,654.7500,0.02134057,0,1
1996-07-10,656.0600,0.02000663,0,1
1996-07-11,645.6700,0.02316814,0,1
1996-07-12,646.1900,0.02264985,1,1
1996-07-15,629.8000,0.02906217,0,1
1996-07-16,628.3700,0.03004544,0,1
1996-07-17,634.0700,0.02726947,0,1
1996-07-18,643.5600,0.02390905,0,1
1996-07-19,638.7300,0.02354105,0,1
1996-07-22,633.7700,0.02905058,0,1
1996-07-23,626.8700,0.03287009,0,1
1996-07-24,626.6500,0.03210440,0,1
1996-07-25,631.1700,0.02675170,0,1
1996-07-26,635.9000,0.02328669,0,1
1996-07-29,630.9100,0.02872217,0,1
1996-07-30,635.2600,0.02863080,0,1
1996-07-31,639.9500,0.02540446,0,1
1996-08-01,650.0200,0.02454396,0,1
1996-08-02,662.4900,0.02205016,0,1
1996-08-05,660.2300,0.02356958,0,1
1996-08-06,662.3800,0.02282599,0,1
1996-08-07,664.1600,0.02176044,0,1
1996-08-08,662.5900,0.02191900,0,1
1996-08-09,662.1000,0.02193876,0,1
1996-08-12,665.7700,0.02081911,0,1
1996-08-13,660.2000,0.02115789,0,1
1996-08-14,662.0500,0.02033957,0,1
1996-08-15,662.2800,0.01974994,0,1
1996-08-16,665.2100,0.01856068,0,1
1996-08-19,666.5800,0.01888394,0,1
1996-08-20,665.6900,0.01874344,0,1
1996-08-21,665.0700,0.01765414,0,1
1996-08-22,670.6800,0.01731425,0,1
1996-08-23,667.0300,0.01756506,0,1
1996-08-26,663.8800,0.01939636,0,1
1996-08-27,666.4000,0.01873027,0,1
1996-08-28,664.8100,0.01892283,0,1
1996-08-29,657.4000,0.02020261,0,1
1996-08-30,651.9900,0.02071458,0,1
1996-09-03,654.7200,0.02158385,0,1
1996-09-04,655.6100,0.02179141,0,1
1996-09-05,649.4400,0.02435942,0,1
1996-09-06,655.6800,0.01963827,0,1
1996-09-09,663.7600,0.01952245,0,1
1996-09-10,663.8100,0.01929704,0,1
1996-09-11,667.2800,0.01888585,0,1
1996-09-12,671.1500,0.01861609,0,1
1996-09-13,680.5400,0.01769138,0,1
1996-09-16,683.9800,0.01916019,0,1
1996-09-17,682.9400,0.01855320,0,1
1996-09-18,681.4700,0.01938306,0,1
1996-09-19,683.0000,0.01972374,0,1
1996-09-20,687.0300,0.01854016,0,1
1996-09-23,686.4800,0.01927629,0,1
1996-09-24,685.6100,0.01906801,0,1
1996-09-25,685.8300,0.01844794,0,1
1996-09-26,685.8600,0.01882816,0,1
1996-09-27,686.1900,0.01859458,0,1
1996-09-30,687.3300,0.01978719,0,1
1996-10-01,689.0800,0.01925959,0,1
1996-10-02,694.0100,0.01869818,0,1
1996-10-03,692.7800,0.01882274,0,1
1996-10-04,701.4600,0.01625443,0,1
1996-10-07,703.3400,0.01638598,0,1
1996-10-08,700.6400,0.01670268,0,1
1996-10-09,696.7400,0.01797782,0,1
1996-10-10,694.6100,0.01844900,0,1
1996-10-11,700.6600,0.01726314,0,1
1996-10-14,703.5400,0.01786784,0,1
1996-10-15,702.5700,0.01779407,0,1
1996-10-16,704.4100,0.01743493,0,1
1996-10-17,706.9900,0.01755444,0,1
1996-10-18,710.8200,0.01713477,0,1
1996-10-21,709.8500,0.01806406,0,1
1996-10-22,706.5700,0.01864213,0,1
1996-10-23,707.2700,0.01866714,0,1
1996-10-24,702.2900,0.01997277,0,1
1996-10-25,700.9200,0.02021164,0,1
1996-10-28,697.2600,0.02202426,0,1
1996-10-29,701.5000,0.02168482,0,1
1996-10-30,700.9000,0.02207098,0,1
1996-10-31,705.2700,0.02186224,0,1
1996-11-01,703.7700,0.02162820,0,1
1996-11-04,706.7300,0.02129273,0,1
1996-11-05,714.1400,0.02034620,0,1
1996-11-06,724.5900,0.01946179,0,1
1996-11-07,727.6500,0.01968686,0,1
1996-11-08,730.8200,0.01701979,0,1
1996-11-11,731.8700,0.01677597,0,1
1996-11-12,729.5600,0.01746931,0,1
1996-11-13,731.1300,0.01682328,0,1
1996-11-14,735.8800,0.01540701,0,1
1996-11-15,737.6200,0.01582508,0,1
1996-11-18,737.0200,0.01697949,0,1
1996-11-19,742.1600,0.01673661,0,1
1996-11-20,743.9500,0.01782490,0,1
1996-11-21,742.7500,0.01740051,0,1
1996-11-22,748.7300,0.01659419,0,1
1996-11-25,757.0300,0.01813949,0,1
1996-11-26,755.9600,0.01917090,0,1
1996-11-27,755.0000,0.02009287,0,1
1996-11-29,757.0200,0.02036859,0,1
1996-12-02,756.5600,0.02095615,0,1
1996-12-03,748.2800,0.02279246,0,1
1996-12-04,745.1000,0.02198165,0,1
1996-12-05,744.3800,0.02234060,0,1
1996-12-06,739.6000,0.02204966,0,1
1996-12-09,749.7600,0.02155368,0,1
1996-12-10,747.5400,0.02229048,0,1
1996-12-11,740.7300,0.02459325,0,1
1996-12-12,729.3000,0.02688545,0,1
1996-12-13,728.6400,0.02692733,0,1
1996-12-16,720.9800,0.02833009,0,1
1996-12-17,726.0400,0.02682031,0,1
1996-12-18,731.5400,0.02441614,0,1
1996-12-19,745.7600,0.02383766,0,1
1996-12-20,748.8700,0.02349177,0,1
1996-12-23,746.9200,0.02548116,0,1
1996-12-24,751.0300,0.02250191,0,1
1996-12-26,755.8200,0.02338474,0,1
1996-12-27,756.7900,0.02421025,0,1
1996-12-30,753.8500,0.02462730,0,1
1996-12-31,740.7400,0.02833996,0,1
1997-01-02,737.0100,0.02813900,0,1
1997-01-03,748.0300,0.02507859,0,1
1997-01-06,747.6500,0.02769236,0,1
1997-01-07,753.2300,0.02589905,0,1
1997-01-08,748.4100,0.02778823,0,1
1997-01-09,754.8500,0.02879372,0,1
1997-01-10,759.5000,0.02585853,0,1
1997-01-13,759.5100,0.02907585,0,1
1997-01-14,768.8600,0.02569308,0,1
1997-01-15,767.2000,0.02627972,0,1
1997-01-16,769.7500,0.02591206,0,1
1997-01-17,776.1700,0.02551027,0,1
1997-01-20,776.7000,0.02518250,0,1
1997-01-21,782.7200,0.02326904,0,1
1997-01-22,786.2300,0.02167585,0,1
1997-01-23,777.5600,0.02385834,0,1
1997-01-24,770.5200,0.02662053,0,1
1997-01-27,765.0200,0.02802238,0,1
1997-01-28,765.0200,0.02879494,0,1
1997-01-29,772.5000,0.02800181,0,1
1997-01-30,784.1700,0.02582025,0,1
1997-01-31,786.1600,0.02646646,0,1
1997-02-03,786.7300,0.02626402,0,1
1997-02-04,789.2600,0.02617522,0,1
1997-02-05,778.2800,0.02855252,0,1
1997-02-06,780.1500,0.02744374,0,1
1997-02-07,789.5600,0.02520229,0,1
1997-02-10,785.4300,0.02873735,0,1
1997-02-11,789.5900,0.02736777,0,1
1997-02-12,802.7700,0.02669870,0,1
1997-02-13,811.8200,0.02601250,0,1
1997-02-14,808.4800,0.02575940,0,1
1997-02-18,816.2900,0.02695092,0,1
1997-02-19,812.4900,0.02890630,0,1
1997-02-20,802.8000,0.03077036,0,1
1997-02-21,801.7700,0.02861559,0,1
1997-02-24,810.2800,0.02690587,0,1
1997-02-25,812.0300,0.02721792,0,1
1997-02-26,805.6800,0.03001303,0,1
1997-02-27,795.0700,0.03113854,0,1
1997-02-28,790.8200,0.03131612,0,1
1997-03-03,795.3100,0.03109444,0,1
1997-03-04,790.9500,0.03051458,0,1
1997-03-05,801.9900,0.02812801,0,1
1997-03-06,798.5600,0.03017591,0,1
1997-03-07,804.9700,0.02785390,0,1
1997-03-10,813.6500,0.02707139,0,1
1997-03-11,811.3400,0.02746231,0,1
1997-03-12,804.2600,0.02854381,0,1
1997-03-13,789.5600,0.02958518,0,1
1997-03-14,793.1700,0.02985703,0,1
1997-03-17,795.7100,0.03060237,0,1
1997-03-18,789.6600,0.03185782,0,1
1997-03-19,785.7700,0.03270188,0,1
1997-03-20,782.6500,0.03176354,0,1
1997-03-21,784.1000,0.02866308,0,1
1997-03-24,790.8900,0.02889371,0,1
1997-03-25,789.0700,0.02748884,0,1
1997-03-26,790.5000,0.02576401,1,1
1997-03-27,773.8800,0.03022082,1,1
1997-03-31,757.1200,0.03552304,0,1
1997-04-01,759.6400,0.03262653,0,1
1997-04-02,750.1100,0.03410765,0,1
1997-04-03,750.3200,0.03377725,0,1
1997-04-04,757.9000,0.02903994,0,1
1997-04-07,762.1300,0.02838595,0,1
1997-04-08,766.1200,0.02748770,0,1
1997-04-09,760.6000,0.02740273,0,1
1997-04-10,758.3400,0.02868132,1,1
1997-04-11,737.6500,0.03133375,0,1
1997-04-14,743.7300,0.02995073,0,1
1997-04-15,754.7200,0.02739090,0,1
1997-04-16,763.5300,0.02655604,0,1
1997-04-17,761.7700,0.02777725,0,1
1997-04-18,766.3400,0.02785942,0,1
1997-04-21,760.3700,0.02984700,0,1
1997-04-22,774.6100,0.02752530,0,1
1997-04-23,773.6400,0.03009697,0,1
1997-04-24,771.1800,0.03115368,0,1
1997-04-25,765.3700,0.03190341,0,1
1997-04-28,772.9600,0.03227181,0,1
1997-04-29,794.0500,0.02831848,0,1
1997-04-30,801.3400,0.02935788,0,1
1997-05-01,798.5300,0.02905428,0,1
1997-05-02,812.9700,0.02536582,0,1
1997-05-05,830.2900,0.03017487,0,1
1997-05-06,827.7600,0.03189702,0,1
1997-05-07,815.6200,0.03525561,0,1
1997-05-08,820.2600,0.03608586,0,1
1997-05-09,824.7800,0.03369266,0,1
1997-05-12,837.6600,0.03309346,0,1
1997-05-13,833.1300,0.03371999,0,1
1997-05-14,836.0400,0.03501463,0,1
1997-05-15,841.8800,0.03218717,0,1
1997-05-16,829.7500,0.03547100,0,1
1997-05-19,833.2700,0.03504061,0,1
1997-05-20,841.6600,0.03087009,0,1
1997-05-21,839.3500,0.03089677,0,1
1997-05-22,835.6600,0.03056758,0,1
1997-05-23,847.0300,0.02944687,0,1
1997-05-27,849.7100,0.03185829,0,1
1997-05-28,847.2100,0.03103508,0,1
1997-05-29,844.0800,0.03035746,0,1
1997-05-30,848.2800,0.03077611,0,1
1997-06-02,846.3600,0.03422975,0,1
1997-06-03,845.4800,0.03205739,0,1
1997-06-04,840.1100,0.03152528,0,1
1997-06-05,843.4300,0.03196934,0,1
1997-06-06,858.0100,0.02806769,0,1
1997-06-09,862.9100,0.02909512,0,1
1997-06-10,865.2700,0.02768752,0,1
1997-06-11,869.5700,0.02657475,0,1
1997-06-12,883.4600,0.02401591,0,1
1997-06-13,893.2700,0.02626136,0,1
1997-06-16,893.9000,0.02714930,0,1
1997-06-17,894.4200,0.02951053,0,1
1997-06-18,889.0600,0.03023375,0,1
1997-06-19,897.9900,0.02944834,0,1
1997-06-20,898.7000,0.03062555,1,1
1997-06-23,878.6200,0.03426053,0,1
1997-06-24,896.3400,0.03274053,0,1
1997-06-25,888.9900,0.03538863,0,1
1997-06-26,883.6800,0.03643469,0,1
1997-06-27,887.3000,0.03448313,0,1
1997-06-30,885.1400,0.03579492,0,1
1997-07-01,891.0300,0.03323867,0,1
1997-07-02,904.0300,0.02994561,0,1
1997-07-03,916.9200,0.02599359,0,1
1997-07-07,912.2000,0.02937235,0,1
1997-07-08,918.7500,0.02790025,0,1
1997-07-09,907.5400,0.03166124,0,1
1997-07-10,913.7800,0.03036796,0,1
1997-07-11,916.6800,0.02862923,0,1
1997-07-14,918.3800,0.02896734,0,1
1997-07-15,925.7600,0.02657286,0,1
1997-07-16,936.5900,0.02882570,0,1
1997-07-17,931.6100,0.03173776,0,1
1997-07-18,915.3000,0.03684476,0,1
1997-07-21,912.9400,0.03990621,0,1
1997-07-22,933.9800,0.03269777,0,1
1997-07-23,936.5600,0.03243023,0,1
1997-07-24,940.3000,0.03141549,0,1
1997-07-25,938.7900,0.03023103,0,1
1997-07-28,936.4500,0.03274633,0,1
1997-07-29,942.2900,0.03306389,0,1
1997-07-30,952.2900,0.03049316,0,1
1997-07-31,954.3100,0.03028749,0,1
1997-08-01,947.1400,0.03305544,0,1
1997-08-04,950.3000,0.03292033,0,1
1997-08-05,952.3700,0.03115669,0,1
1997-08-06,960.3200,0.02993303,0,1
1997-08-07,951.1900,0.02890551,0,1
1997-08-08,933.5400,0.03455715,0,1
1997-08-11,937.0000,0.03675481,0,1
1997-08-12,926.5300,0.03763826,0,1
1997-08-13,922.0200,0.03951072,0,1
1997-08-14,924.7700,0.03632003,1,1
1997-08-15,900.8100,0.04078864,0,1
1997-08-18,912.4900,0.03825948,0,1
1997-08-19,926.0100,0.03523538,0,1
1997-08-20,939.3500,0.03078819,0,1
1997-08-21,925.0500,0.03789484,0,1
1997-08-22,923.5400,0.03828472,0,1
1997-08-25,920.1600,0.03929044,0,1
1997-08-26,913.0200,0.04169028,0,1
1997-08-27,913.7000,0.03977142,0,1
1997-08-28,903.6700,0.04060621,0,1
1997-08-29,899.4700,0.04129846,0,1
1997-09-02,927.5800,0.03983136,0,1
1997-09-03,927.8600,0.04449292,0,1
1997-09-04,930.8700,0.04487274,0,1
1997-09-05,929.0500,0.04190837,0,1
1997-09-08,931.2000,0.04278683,0,1
1997-09-09,933.6200,0.04015451,0,1
1997-09-10,919.0300,0.04174343,0,1
1997-09-11,912.5900,0.04525607,0,1
1997-09-12,923.9100,0.04209422,0,1
1997-09-15,919.7700,0.04490769,0,1
1997-09-16,945.6400,0.03664415,0,1
1997-09-17,943.0000,0.03839752,0,1
1997-09-18,947.2900,0.03632402,0,1
1997-09-19,950.5100,0.03196806,0,1
1997-09-22,955.4300,0.02988312,0,1
1997-09-23,951.9300,0.03008136,0,1
1997-09-24,944.4800,0.03222074,0,1
1997-09-25,937.9100,0.03359579,0,1
1997-09-26,945.2200,0.03258642,0,1
1997-09-29,953.3400,0.03217975,0,1
1997-09-30,947.2800,0.03403064,0,1
1997-10-01,955.4100,0.02986368,0,1
1997-10-02,960.4600,0.02924426,0,1
1997-10-03,965.0300,0.02799732,0,1
1997-10-06,972.6900,0.02856180,0,1
1997-10-07,983.1200,0.02617672,0,1
1997-10-08,973.8400,0.02772883,0,1
1997-10-09,970.6200,0.03039276,0,1
1997-10-10,966.9800,0.02477163,0,1
1997-10-13,968.1000,0.02749458,0,1
1997-10-14,970.2800,0.02618039,0,1
1997-10-15,965.7200,0.02568447,0,1
1997-10-16,955.2500,0.02625358,0,1
1997-10-17,944.1600,0.02954001,0,1
1997-10-20,955.6100,0.02765376,0,1
1997-10-21,972.2800,0.02532820,0,1
1997-10-22,968.4900,0.02795828,0,1
1997-10-23,950.6900,0.03157149,0,1
1997-10-24,941.6400,0.03433512,1,1
1997-10-27,876.9900,0.06986624,0,1
1997-10-28,921.8500,0.06010104,0,1
1997-10-29,919.1600,0.06942190,0,1
1997-10-30,903.6800,0.09753320,0,1
1997-10-31,914.6200,0.07966156,0,1
1997-11-03,938.9900,0.05970367,0,1
1997-11-04,940.7600,0.06191467,0,1
1997-11-05,942.7600,0.06182764,0,1
1997-11-06,938.0300,0.06650403,0,1
1997-11-07,927.5100,0.08678460,0,1
1997-11-10,921.1300,0.08651369,0,1
1997-11-11,923.7800,0.08829438,0,1
1997-11-12,905.9600,0.09892121,0,1
1997-11-13,916.6600,0.09062891,0,1
1997-11-14,928.3500,0.07707089,0,1
1997-11-17,946.2000,0.06227810,0,1
1997-11-18,938.2300,0.06722041,0,1
1997-11-19,944.5900,0.05593356,0,1
1997-11-20,958.9800,0.04767805,0,1
1997-11-21,963.0900,0.04535317,0,1
1997-11-24,946.6700,0.05809201,0,1
1997-11-25,950.8200,0.04756040,0,1
1997-11-26,951.6400,0.04781380,0,1
1997-11-28,955.4000,0.04317488,0,1
1997-12-01,974.7700,0.03904424,0,1
1997-12-02,971.6800,0.03890735,0,1
1997-12-03,976.7700,0.03375853,0,1
1997-12-04,973.1000,0.03334981,0,1
1997-12-05,983.7900,0.03090342,0,1
1997-12-08,982.3700,0.03153678,0,1
1997-12-09,975.7800,0.03114686,0,1
1997-12-10,969.7900,0.03338794,0,1
1997-12-11,954.9400,0.03056467,0,1
1997-12-12,953.3900,0.03036016,0,1
1997-12-15,963.3900,0.04096077,0,1
1997-12-16,968.0400,0.03658366,0,1
1997-12-17,965.5400,0.03582458,0,1
1997-12-18,955.3000,0.03967824,0,1
1997-12-19,946.7800,0.04523732,0,1
1997-12-22,953.7000,0.04350919,0,1
1997-12-23,939.1300,0.04918390,0,1
1997-12-24,932.7000,0.05118097,0,1
1997-12-26,936.4600,0.04834340,0,1
1997-12-29,953.3500,0.03959398,0,1
1997-12-30,970.8400,0.03374413,0,1
1997-12-31,970.4300,0.03284218,0,1
1998-01-02,975.0400,0.02984632,0,1
1998-01-05,977.0700,0.03251102,0,1
1998-01-06,966.5800,0.03643648,0,1
1998-01-07,964.0000,0.03490532,0,1
1998-01-08,956.0500,0.03841785,1,1
1998-01-09,927.6900,0.04014084,0,1
1998-01-12,939.2100,0.04866085,0,1
1998-01-13,952.1200,0.03891005,0,1
1998-01-14,957.9400,0.03391476,0,1
1998-01-15,950.7300,0.03337111,0,1
1998-01-16,961.5100,0.02803358,0,1
1998-01-20,978.6000,0.02787420,0,1
1998-01-21,970.8100,0.02869660,0,1
1998-01-22,963.0400,0.03041390,0,1
1998-01-23,957.5900,0.02989271,0,1
1998-01-26,956.9500,0.03034844,0,1
1998-01-27,969.0200,0.02626559,0,1
1998-01-28,977.4600,0.02559315,0,1
1998-01-29,985.4900,0.02487708,0,1
1998-01-30,980.2800,0.02386573,0,1
1998-02-02,1001.2700,0.02514989,0,1
1998-02-03,1006.0000,0.02559940,0,1
1998-02-04,1006.9000,0.02692136,0,1
1998-02-05,1003.5400,0.02660273,0,1
1998-02-06,1012.4600,0.02807782,0,1
1998-02-09,1010.7400,0.02833133,0,1
1998-02-10,1019.0100,0.02443029,0,1
1998-02-11,1020.0100,0.02342596,0,1
1998-02-12,1024.1400,0.02237341,0,1
1998-02-13,1020.0900,0.02147090,0,1
1998-02-17,1022.7600,0.02377986,0,1
1998-02-18,1032.0800,0.02113616,0,1
1998-02-19,1028.2800,0.02132955,0,1
1998-02-20,1034.2100,0.01937047,0,1
1998-02-23,1038.1400,0.01997308,0,1
1998-02-24,1030.5601,0.02233080,0,1
1998-02-25,1042.9000,0.02007417,0,1
1998-02-26,1048.6700,0.02088606,0,1
1998-02-27,1049.3400,0.02051919,0,1
1998-03-02,1047.7000,0.02231245,0,1
1998-03-03,1052.0200,0.02155640,0,1
1998-03-04,1047.3300,0.02236454,0,1
1998-03-05,1035.0500,0.02416075,0,1
1998-03-06,1055.6899,0.02231395,0,1
1998-03-09,1052.3101,0.02526594,0,1
1998-03-10,1064.2500,0.02296052,0,1
1998-03-11,1068.4700,0.02184803,0,1
1998-03-12,1069.9200,0.01956472,0,1
1998-03-13,1068.6100,0.02047691,0,1
1998-03-16,1079.2700,0.02061219,0,1
1998-03-17,1080.4500,0.02064998,0,1
1998-03-18,1085.5200,0.01961699,0,1
1998-03-19,1089.7400,0.01828326,0,1
1998-03-20,1099.1600,0.01932965,0,1
1998-03-23,1095.5500,0.02095471,0,1
1998-03-24,1105.6500,0.02181054,0,1
1998-03-25,1101.9301,0.02555700,0,1
1998-03-26,1100.8000,0.02718943,0,1
1998-03-27,1095.4399,0.02854850,0,1
1998-03-30,1093.6000,0.03005140,0,1
1998-03-31,1101.7500,0.02949505,0,1
1998-04-01,1108.1500,0.02705119,0,1
1998-04-02,1120.0100,0.02525022,0,1
1998-04-03,1122.7000,0.02400212,0,1
1998-04-06,1121.3800,0.02627660,0,1
1998-04-07,1109.5500,0.02761107,0,1
1998-04-08,1101.6500,0.02627670,0,1
1998-04-09,1110.6700,0.02362150,0,1
1998-04-13,1109.6899,0.02598716,0,1
1998-04-14,1115.7500,0.02392550,0,1
1998-04-15,1119.3199,0.02226823,0,1
1998-04-16,1108.1700,0.02497598,0,1
1998-04-17,1122.7200,0.02210462,0,1
1998-04-20,1123.6500,0.02214347,0,1
1998-04-21,1126.6700,0.02171329,0,1
1998-04-22,1130.5400,0.02029205,0,1
1998-04-23,1119.5800,0.02266902,0,1
1998-04-24,1107.9000,0.02543235,0,1
1998-04-27,1086.5400,0.03179749,0,1
1998-04-28,1085.1100,0.03066938,0,1
1998-04-29,1094.6200,0.02827256,0,1
1998-04-30,1111.7500,0.02431448,0,1
1998-05-01,1121.0000,0.02057177,0,1
1998-05-04,1122.0699,0.02407709,0,1
1998-05-05,1115.5000,0.02612431,0,1
1998-05-06,1104.9200,0.02826223,0,1
1998-05-07,1095.1400,0.03043650,0,1
1998-05-08,1108.1400,0.02414998,0,1
1998-05-11,1106.6400,0.02423499,0,1
1998-05-12,1115.7900,0.02196261,0,1
1998-05-13,1118.8600,0.02068268,0,1
1998-05-14,1117.3700,0.01952514,0,1
1998-05-15,1108.7300,0.02132301,0,1
1998-05-18,1105.8199,0.02202176,0,1
1998-05-19,1109.5200,0.02064606,0,1
1998-05-20,1119.0601,0.02075231,0,1
1998-05-21,1114.6400,0.02054709,0,1
1998-05-22,1110.4700,0.01989895,0,1
1998-05-26,1094.0200,0.02665680,0,1
1998-05-27,1092.2300,0.02483654,0,1
1998-05-28,1097.6000,0.02326191,0,1
1998-05-29,1090.8199,0.02525468,0,1
1998-06-01,1090.9800,0.02671901,0,1
1998-06-02,1093.2200,0.02557222,0,1
1998-06-03,1082.7300,0.02826967,0,1
1998-06-04,1094.8300,0.02421044,0,1
1998-06-05,1113.8600,0.02154789,0,1
1998-06-08,1115.7200,0.02342203,0,1
1998-06-09,1118.4100,0.02237218,0,1
1998-06-10,1112.2800,0.02423061,0,1
1998-06-11,1094.5800,0.02786053,0,1
1998-06-12,1098.8400,0.02530879,0,1
1998-06-15,1077.0100,0.03297718,0,1
1998-06-16,1087.5900,0.03097962,0,1
1998-06-17,1107.1100,0.02561140,0,1
1998-06-18,1106.3700,0.02520468,0,1
1998-06-19,1100.6500,0.02460102,0,1
1998-06-22,1103.2100,0.02504694,0,1
1998-06-23,1119.4900,0.02150679,0,1
1998-06-24,1132.8800,0.02194966,0,1
1998-06-25,1129.2800,0.02180635,0,1
1998-06-26,1133.2000,0.01975370,0,1
1998-06-29,1138.4900,0.02070976,0,1
1998-06-30,1133.8400,0.02094765,0,1
1998-07-01,1148.5601,0.01764859,0,1
1998-07-02,1146.4200,0.01565790,0,1
1998-07-06,1157.3300,0.02080098,0,1
1998-07-07,1154.6600,0.01958977,0,1
1998-07-08,1166.3800,0.01874546,0,1
1998-07-09,1158.5601,0.01850420,0,1
1998-07-10,1164.3300,0.02056872,0,1
1998-07-13,1165.1899,0.02087960,0,1
1998-07-14,1177.5800,0.01845258,0,1
1998-07-15,1174.8101,0.01765447,0,1
1998-07-16,1183.9900,0.01872591,0,1
1998-07-17,1186.7500,0.01732535,0,1
1998-07-20,1184.1000,0.01830911,0,1
1998-07-21,1165.0699,0.02015075,0,1
1998-07-22,1164.0800,0.02024081,1,1
1998-07-23,1139.7500,0.02625465,0,1
1998-07-24,1140.8000,0.02700825,0,1
1998-07-27,1147.2700,0.02722286,0,1
1998-07-28,1130.2400,0.02967985,0,1
1998-07-29,1125.2100,0.03102887,0,1
1998-07-30,1142.9500,0.02464297,0,1
1998-07-31,1120.6700,0.03076154,0,1
1998-08-03,1112.4399,0.03432809,1,1
1998-08-04,1072.1200,0.05005400,0,1
1998-08-05,1081.4301,0.04608092,0,1
1998-08-06,1089.6300,0.04102484,0,1
1998-08-07,1089.4500,0.03711373,0,1
1998-08-10,1083.1400,0.04319942,0,1
1998-08-11,1068.9800,0.05123577,0,1
1998-08-12,1084.2200,0.04244541,0,1
1998-08-13,1074.9100,0.04682942,0,1
1998-08-14,1062.7500,0.06016304,0,1
1998-08-17,1083.6700,0.04963058,0,1
1998-08-18,1101.2000,0.03697009,0,1
1998-08-19,1098.0601,0.04050287,0,1
1998-08-20,1091.6000,0.04491572,0,1
1998-08-21,1081.2400,0.05415082,0,1
1998-08-24,1088.1400,0.04795381,0,1
1998-08-25,1092.8500,0.04341411,0,1
1998-08-26,1084.1899,0.04778773,1,1
1998-08-27,1042.5900,0.08823063,0,1
1998-08-28,1027.1400,0.09900492,1,1
1998-08-31,957.2800,0.13137989,0,1
1998-09-01,994.2600,0.08130981,0,1
1998-09-02,990.4800,0.08808766,0,1
1998-09-03,982.2600,0.11759439,0,1
1998-09-04,973.8900,0.12981696,0,1
1998-09-08,1023.4600,0.08598190,0,1
1998-09-09,1006.2000,0.10449472,1,1
1998-09-10,980.1900,0.16163034,0,1
1998-09-11,1009.0600,0.13479095,0,1
1998-09-14,1029.7200,0.08248838,0,1
1998-09-15,1037.6801,0.07640511,0,1
1998-09-16,1045.4800,0.07321169,1,1
1998-09-17,1018.8700,0.10075449,0,1
1998-09-18,1020.0900,0.10078930,0,1
1998-09-21,1023.8900,0.10259659,0,1
1998-09-22,1029.6300,0.11084142,0,1
1998-09-23,1066.0900,0.07733427,1,1
1998-09-24,1042.7200,0.09765992,0,1
1998-09-25,1044.7500,0.09951486,0,1
1998-09-28,1048.6899,0.09817671,0,1
1998-09-29,1049.0200,0.10085837,1,1
1998-09-30,1017.0100,0.13173038,1,1
1998-10-01,986.3900,0.16246263,0,1
1998-10-02,1002.6000,0.13737929,0,1
1998-10-05,988.5600,0.16248011,0,1
1998-10-06,984.5900,0.15091176,0,1
1998-10-07,970.6800,0.14405687,0,1
1998-10-08,959.4400,0.16576174,0,1
1998-10-09,984.3900,0.12905390,0,1
1998-10-12,997.7100,0.08965653,0,1
1998-10-13,994.8000,0.08855932,0,1
1998-10-14,1005.5300,0.07655745,0,1
1998-10-15,1047.4900,0.05010725,0,1
1998-10-16,1056.4200,0.04484028,0,1
1998-10-19,1062.3900,0.07181403,0,1
1998-10-20,1063.9301,0.07146999,0,1
1998-10-21,1069.9200,0.06909348,0,1
1998-10-22,1078.4800,0.05804745,0,1
1998-10-23,1070.6700,0.06121458,0,1
1998-10-26,1072.3199,0.05841267,0,1
1998-10-27,1065.3400,0.06137067,0,1
1998-10-28,1068.0900,0.05792018,0,1
1998-10-29,1085.9301,0.04138279,0,1
1998-10-30,1098.6700,0.03656250,0,1
1998-11-02,1111.6000,0.02964806,0,1
1998-11-03,1110.8400,0.03809239,0,1
1998-11-04,1118.6700,0.03581152,0,1
1998-11-05,1133.8500,0.03333243,0,1
1998-11-06,1141.0100,0.03033508,0,1
1998-11-09,1130.2000,0.03786815,0,1
1998-11-10,1128.2600,0.04158173,0,1
1998-11-11,1120.9700,0.04155157,0,1
1998-11-12,1117.6899,0.04571216,0,1
1998-11-13,1125.7200,0.04014526,0,1
1998-11-16,1135.8700,0.03766099,0,1
1998-11-17,1139.3199,0.03462363,0,1
1998-11-18,1144.4800,0.03468080,0,1
1998-11-19,1152.6100,0.02461677,0,1
1998-11-20,1163.5500,0.02175269,0,1
1998-11-23,1188.2100,0.02224581,0,1
1998-11-24,1182.9900,0.02933238,0,1
1998-11-25,1186.8700,0.02245275,0,1
1998-11-27,1192.3300,0.02627636,1,1
1998-11-30,1163.6300,0.03458282,0,1
1998-12-01,1175.2800,0.03434795,0,1
1998-12-02,1171.2500,0.03398485,0,1
1998-12-03,1150.1400,0.04505792,0,1
1998-12-04,1176.7400,0.03544599,0,1
1998-12-07,1187.7000,0.03506405,0,1
1998-12-08,1181.3800,0.03708773,0,1
1998-12-09,1183.4900,0.03579719,0,1
1998-12-10,1165.0200,0.03989195,0,1
1998-12-11,1166.4600,0.04248618,1,1
1998-12-14,1141.2000,0.05659109,0,1
1998-12-15,1162.8300,0.04790988,0,1
1998-12-16,1161.9399,0.05146276,0,1
1998-12-17,1179.9800,0.04327294,0,1
1998-12-18,1188.0300,0.03417718,0,1
1998-12-21,1202.8400,0.02841962,0,1
1998-12-22,1203.5699,0.02589440,0,1
1998-12-23,1228.5400,0.02400604,0,1
1998-12-24,1226.2700,0.02846933,0,1
1998-12-28,1225.4900,0.02924995,0,1
1998-12-29,1241.8101,0.02885406,0,1
1998-12-30,1231.9301,0.03195951,0,1
1998-12-31,1229.2300,0.03079096,0,1
1999-01-04,1228.1000,0.03988731,0,1
1999-01-05,1244.7800,0.03442507,0,1
1999-01-06,1272.3400,0.03332176,0,1
1999-01-07,1269.7300,0.03402152,0,1
1999-01-08,1275.0900,0.03029009,0,1
1999-01-11,1263.8800,0.03559192,0,1
1999-01-12,1239.5100,0.04275270,0,1
1999-01-13,1234.4000,0.05200289,0,1
1999-01-14,1212.1899,0.06358003,0,1
1999-01-15,1243.2600,0.04515745,0,1
1999-01-19,1252.0000,0.04731107,0,1
1999-01-20,1256.6200,0.04401469,0,1
1999-01-21,1235.1600,0.05426178,0,1
1999-01-22,1225.1899,0.05649259,0,1
1999-01-25,1233.9800,0.05439387,0,1
1999-01-26,1252.3101,0.04571327,0,1
1999-01-27,1243.1700,0.05187231,0,1
1999-01-28,1265.3700,0.04419455,0,1
1999-01-29,1279.6400,0.03852417,0,1
1999-02-01,1273.0000,0.04264991,0,1
1999-02-02,1261.9900,0.04552329,0,1
1999-02-03,1272.0699,0.04600239,0,1
1999-02-04,1248.4900,0.05192514,0,1
1999-02-05,1239.4000,0.05200412,0,1
1999-02-08,1243.7700,0.05512072,1,1
1999-02-09,1216.1400,0.06112426,0,1
1999-02-10,1223.5500,0.05649856,0,1
1999-02-11,1254.0400,0.04297724,0,1
1999-02-12,1230.1300,0.05298687,0,1
1999-02-16,1241.8700,0.05363825,0,1
1999-02-17,1224.0300,0.05738219,0,1
1999-02-18,1237.2800,0.05593820,0,1
1999-02-19,1239.2200,0.05199468,0,1
1999-02-22,1272.1400,0.03939159,0,1
1999-02-23,1271.1801,0.04180301,0,1
1999-02-24,1253.4100,0.04486784,0,1
1999-02-25,1245.0200,0.04791246,0,1
1999-02-26,1238.3300,0.04844367,0,1
1999-03-01,1236.1600,0.04882071,0,1
1999-03-02,1225.5000,0.05241785,0,1
1999-03-03,1227.7000,0.05163909,0,1
1999-03-04,1246.6400,0.04344772,0,1
1999-03-05,1275.4700,0.03635229,0,1
1999-03-08,1282.7300,0.03711816,0,1
1999-03-09,1279.8400,0.03903442,0,1
1999-03-10,1286.8400,0.03849539,0,1
1999-03-11,1297.6801,0.03736911,0,1
1999-03-12,1294.5900,0.03898251,0,1
1999-03-15,1307.2600,0.03776155,0,1
1999-03-16,1306.3800,0.03764019,0,1
1999-03-17,1297.8199,0.03863159,0,1
1999-03-18,1316.5500,0.03493807,0,1
1999-03-19,1299.2900,0.03531813,0,1
1999-03-22,1297.0100,0.03792200,1,1
1999-03-23,1262.1400,0.04476087,0,1
1999-03-24,1268.5900,0.04443625,0,1
1999-03-25,1289.9900,0.03609670,0,1
1999-03-26,1282.8000,0.03584078,0,1
1999-03-29,1310.1700,0.03442819,0,1
1999-03-30,1300.7500,0.03293240,0,1
1999-03-31,1286.3700,0.03512555,0,1
1999-04-01,1293.7200,0.03396620,0,1
1999-04-05,1321.1200,0.03196057,0,1
1999-04-06,1317.8900,0.03299843,0,1
1999-04-07,1326.8900,0.03395329,0,1
1999-04-08,1343.9800,0.03397669,0,1
1999-04-09,1348.3500,0.03037621,0,1
1999-04-12,1358.6300,0.03284032,0,1
1999-04-13,1349.8199,0.03491794,0,1
1999-04-14,1328.4399,0.04045488,0,1
1999-04-15,1322.8500,0.03799662,0,1
1999-04-16,1319.0000,0.03726159,1,1
1999-04-19,1289.4800,0.04441129,0,1
1999-04-20,1306.1700,0.04130197,0,1
1999-04-21,1336.1200,0.03519453,0,1
1999-04-22,1358.8199,0.03259348,0,1
1999-04-23,1356.8500,0.03279917,0,1
1999-04-26,1360.0400,0.03434582,0,1
1999-04-27,1362.8000,0.03291005,0,1
1999-04-28,1350.9100,0.03535380,0,1
1999-04-29,1342.8300,0.03741683,0,1
1999-04-30,1335.1801,0.03666123,0,1
1999-05-03,1354.6300,0.03417685,0,1
1999-05-04,1332.0000,0.03735895,0,1
1999-05-05,1347.3101,0.03589559,0,1
1999-05-06,1332.0500,0.04234423,0,1
1999-05-07,1345.0000,0.03682588,0,1
1999-05-10,1340.3000,0.04044756,0,1
1999-05-11,1355.6100,0.03745398,0,1
1999-05-12,1364.0000,0.03845485,0,1
1999-05-13,1367.5601,0.03494281,1,1
1999-05-14,1337.8000,0.04035783,0,1
1999-05-17,1339.4900,0.04352073,0,1
1999-05-18,1333.3199,0.03977817,0,1
1999-05-19,1344.2300,0.03477014,0,1
1999-05-20,1338.8300,0.03197402,0,1
1999-05-21,1330.2900,0.03179007,0,1
1999-05-24,1306.6500,0.04085568,0,1
1999-05-25,1284.4000,0.04467898,0,1
1999-05-26,1304.7600,0.04063187,0,1
1999-05-27,1281.4100,0.04384645,0,1
1999-05-28,1301.8400,0.03654232,0,1
1999-06-01,1294.2600,0.04333505,0,1
1999-06-02,1294.8101,0.04010602,0,1
1999-06-03,1299.5400,0.03989828,0,1
1999-06-04,1327.7500,0.03276494,0,1
1999-06-07,1334.5200,0.03362534,0,1
1999-06-08,1317.3300,0.03414889,0,1
1999-06-09,1318.6400,0.03432100,0,1
1999-06-10,1302.8199,0.03850023,0,1
1999-06-11,1293.6400,0.04009048,0,1
1999-06-14,1294.0000,0.04248184,0,1
1999-06-15,1301.1600,0.03865611,0,1
1999-06-16,1330.4100,0.02994971,0,1
1999-06-17,1339.9000,0.02894925,0,1
1999-06-18,1342.8400,0.02782081,0,1
1999-06-21,1349.0000,0.02812766,0,1
1999-06-22,1335.8800,0.02819726,0,1
1999-06-23,1333.0601,0.02679514,0,1
1999-06-24,1315.7800,0.03034890,0,1
1999-06-25,1315.3101,0.02782168,0,1
1999-06-28,1331.3500,0.02838058,0,1
1999-06-29,1351.4500,0.02851270,0,1
1999-06-30,1372.7100,0.02487745,0,1
1999-07-01,1380.9600,0.02257527,0,1
1999-07-02,1391.2200,0.02130804,0,1
1999-07-06,1388.1200,0.02459171,0,1
1999-07-07,1395.8600,0.02329068,0,1
1999-07-08,1394.4200,0.02360849,0,1
1999-07-09,1403.2800,0.02034412,0,1
1999-07-12,1399.1000,0.02105510,0,1
1999-07-13,1393.5601,0.02275316,0,1
1999-07-14,1398.1700,0.02297539,0,1
1999-07-15,1409.6200,0.02075103,0,1
1999-07-16,1418.7800,0.01770037,0,1
1999-07-19,1407.6500,0.01971303,1,1
1999-07-20,1377.1000,0.02468632,0,1
1999-07-21,1379.2900,0.02600069,0,1
1999-07-22,1360.9700,0.02887928,0,1
1999-07-23,1356.9399,0.03004505,0,1
1999-07-26,1347.7600,0.03363201,0,1
1999-07-27,1362.8400,0.03235238,0,1
1999-07-28,1365.4000,0.02952004,0,1
1999-07-29,1341.0300,0.03139956,0,1
1999-07-30,1328.7200,0.03209641,0,1
1999-08-02,1328.0500,0.03349382,0,1
1999-08-03,1322.1801,0.03491794,0,1
1999-08-04,1305.3300,0.03898704,0,1
1999-08-05,1313.7100,0.03690742,0,1
1999-08-06,1300.2900,0.03494320,0,1
1999-08-09,1297.8000,0.03892783,0,1
1999-08-10,1281.4301,0.04204500,0,1
1999-08-11,1301.9301,0.03288480,0,1
1999-08-12,1298.1600,0.03203173,0,1
1999-08-13,1327.6801,0.02261620,0,1
1999-08-16,1330.7700,0.02829922,0,1
1999-08-17,1344.1600,0.02543322,0,1
1999-08-18,1332.8400,0.02990446,0,1
1999-08-19,1323.5900,0.03221016,0,1
1999-08-20,1336.6100,0.02696429,0,1
1999-08-23,1360.2200,0.02955645,0,1
1999-08-24,1363.5000,0.02883241,0,1
1999-08-25,1381.7900,0.02604560,0,1
1999-08-26,1362.0100,0.02712455,0,1
1999-08-27,1348.2700,0.02840601,0,1
1999-08-30,1324.0200,0.03554803,0,1
1999-08-31,1320.4100,0.03500560,0,1
1999-09-01,1331.0699,0.03179673,0,1
1999-09-02,1319.1100,0.03373533,0,1
1999-09-03,1357.2400,0.02452992,0,1
1999-09-07,1350.4500,0.03114723,0,1
1999-09-08,1344.1500,0.03316886,0,1
1999-09-09,1347.6600,0.03103735,0,1
1999-09-10,1351.6600,0.02866971,0,1
1999-09-13,1344.1300,0.03121569,0,1
1999-09-14,1336.2900,0.03330791,0,1
1999-09-15,1317.9700,0.03478532,0,1
1999-09-16,1318.4800,0.03524287,0,1
1999-09-17,1335.4200,0.03132343,0,1
1999-09-20,1335.5300,0.03365368,1,1
1999-09-21,1307.5800,0.03809585,0,1
1999-09-22,1310.5100,0.03652268,1,1
1999-09-23,1280.4100,0.04602435,0,1
1999-09-24,1277.3600,0.04673335,0,1
1999-09-27,1283.3101,0.04083002,0,1
1999-09-28,1282.2000,0.04043558,0,1
1999-09-29,1268.3700,0.04110814,0,1
1999-09-30,1282.7100,0.03899884,0,1
1999-10-01,1282.8101,0.03685997,0,1
1999-10-04,1304.6000,0.03529710,0,1
1999-10-05,1301.3500,0.03504780,0,1
1999-10-06,1325.4000,0.02831725,0,1
1999-10-07,1317.6400,0.03043001,0,1
1999-10-08,1336.0200,0.02448025,0,1
1999-10-11,1335.2100,0.02675643,0,1
1999-10-12,1313.0400,0.02937419,1,1
1999-10-13,1285.5500,0.04057459,0,1
1999-10-14,1283.4200,0.04048656,1,1
1999-10-15,1247.4100,0.04896236,0,1
1999-10-18,1254.1300,0.04845201,0,1
1999-10-19,1261.3199,0.04249569,0,1
1999-10-20,1289.4301,0.03386570,0,1
1999-10-21,1283.6100,0.03365811,0,1
1999-10-22,1301.6500,0.02787115,0,1
1999-10-25,1293.6300,0.03263522,0,1
1999-10-26,1281.9100,0.03568686,0,1
1999-10-27,1296.7100,0.03475516,0,1
1999-10-28,1342.4399,0.02684898,0,1
1999-10-29,1362.9301,0.02797783,0,1
1999-11-01,1354.1200,0.02829670,0,1
1999-11-02,1347.7400,0.03145802,0,1
1999-11-03,1354.9301,0.03135601,0,1
1999-11-04,1362.6400,0.03080330,0,1
1999-11-05,1370.2300,0.02518557,0,1
1999-11-08,1377.0100,0.02834419,0,1
1999-11-09,1365.2800,0.02998960,0,1
1999-11-10,1373.4600,0.02871647,0,1
1999-11-11,1381.4600,0.02859372,0,1
1999-11-12,1396.0601,0.02439589,0,1
1999-11-15,1394.3900,0.02590339,0,1
1999-11-16,1420.0699,0.02210327,0,1
1999-11-17,1410.7100,0.02328892,0,1
1999-11-18,1424.9399,0.02072902,0,1
1999-11-19,1422.0000,0.01864487,0,1
1999-11-22,1420.9399,0.02167591,0,1
1999-11-23,1404.6400,0.02463784,0,1
1999-11-24,1417.0800,0.02353028,0,1
1999-11-26,1416.6200,0.02655355,0,1
1999-11-29,1407.8300,0.02799803,0,1
1999-11-30,1388.9100,0.03009711,0,1
1999-12-01,1397.7200,0.02680340,0,1
1999-12-02,1409.0400,0.02697245,0,1
1999-12-03,1433.3000,0.02402856,0,1
1999-12-06,1423.3300,0.02540910,0,1
1999-12-07,1409.1700,0.02701396,0,1
1999-12-08,1403.8800,0.02842894,0,1
1999-12-09,1408.1100,0.02869995,0,1
1999-12-10,1417.0400,0.02933341,0,1
1999-12-13,1415.2200,0.02732366,0,1
1999-12-14,1403.1700,0.03006627,0,1
1999-12-15,1413.3300,0.02856922,0,1
1999-12-16,1418.7800,0.02770623,0,1
1999-12-17,1421.0300,0.02604138,0,1
1999-12-20,1418.0900,0.03132570,0,1
1999-12-21,1433.4301,0.02777266,0,1
1999-12-22,1436.1300,0.02807463,0,1
1999-12-23,1458.3400,0.02382273,0,1
1999-12-27,1457.1000,0.02918721,0,1
1999-12-28,1457.6600,0.02815073,0,1
1999-12-29,1463.4600,0.02798262,0,1
1999-12-30,1464.4700,0.03001702,0,1
1999-12-31,1469.2500,0.03027599,0,1
2000-01-03,1455.2200,0.03030315,1,1
2000-01-04,1399.4200,0.03954000,0,1
2000-01-05,1402.1100,0.04093262,0,1
2000-01-06,1403.4500,0.03888878,0,1
2000-01-07,1441.4700,0.02800605,0,1
2000-01-10,1457.6000,0.02987927,0,1
2000-01-11,1438.5601,0.03222731,0,1
2000-01-12,1432.2500,0.03390609,0,1
2000-01-13,1449.6801,0.03066754,0,1
2000-01-14,1465.1500,0.02603763,0,1
2000-01-18,1455.1400,0.03103895,0,1
2000-01-19,1455.9000,0.03077640,0,1
2000-01-20,1445.5699,0.03146215,0,1
2000-01-21,1441.3600,0.02876907,1,1
2000-01-24,1401.5300,0.03739301,0,1
2000-01-25,1410.0300,0.03420690,0,1
2000-01-26,1404.0900,0.03506294,0,1
2000-01-27,1398.5601,0.03583788,1,1
2000-01-28,1360.1600,0.04519184,0,1
2000-01-31,1394.4600,0.04190523,0,1
2000-02-01,1409.2800,0.03904743,0,1
2000-02-02,1409.1200,0.03800334,0,1
2000-02-03,1424.9700,0.03300946,0,1
2000-02-04,1424.3700,0.03177240,0,1
2000-02-07,1424.2400,0.03420739,0,1
2000-02-08,1441.7200,0.02920340,1,1
2000-02-09,1411.7100,0.03439046,0,1
2000-02-10,1416.8300,0.03537236,1,1
2000-02-11,1387.1200,0.03895968,0,1
2000-02-14,1389.9399,0.04087328,0,1
2000-02-15,1402.0500,0.03445195,0,1
2000-02-16,1387.6700,0.03741947,0,1
2000-02-17,1388.2600,0.03633095,1,1
2000-02-18,1346.0900,0.04459587,0,1
2000-02-22,1352.1700,0.04711098,0,1
2000-02-23,1360.6899,0.03972442,0,1
2000-02-24,1353.4301,0.04275986,0,1
2000-02-25,1333.3600,0.04739302,0,1
2000-02-28,1348.0500,0.04401781,0,1
2000-02-29,1366.4200,0.03927210,0,1
2000-03-01,1379.1899,0.03284229,0,1
2000-03-02,1381.7600,0.03265324,0,1
2000-03-03,1409.1700,0.02810059,0,1
2000-03-06,1391.2800,0.03356989,1,1
2000-03-07,1355.6200,0.04189758,0,1
2000-03-08,1366.7000,0.04075103,0,1
2000-03-09,1401.6899,0.03445999,0,1
2000-03-10,1395.0699,0.03282130,0,1
2000-03-13,1383.6200,0.03523531,0,1
2000-03-14,1359.1500,0.04002385,0,1
2000-03-15,1392.1400,0.03460434,0,1
2000-03-16,1458.4700,0.03081614,0,1
2000-03-17,1464.4700,0.03621900,0,1
2000-03-20,1456.6300,0.03855960,0,1
2000-03-21,1493.8700,0.03486332,0,1
2000-03-22,1500.6400,0.03495672,0,1
2000-03-23,1527.3500,0.03625619,0,1
2000-03-24,1527.4600,0.03961985,0,1
2000-03-27,1523.8600,0.04306630,0,1
2000-03-28,1507.7300,0.04370569,0,1
2000-03-29,1508.5200,0.04137094,0,1
2000-03-30,1487.9200,0.04697327,0,1
2000-03-31,1498.5800,0.04262453,0,1
2000-04-03,1505.9700,0.04216293,0,1
2000-04-04,1494.7300,0.05182333,0,1
2000-04-05,1487.3700,0.05616745,0,1
2000-04-06,1501.3400,0.05000742,0,1
2000-04-07,1516.3500,0.04088985,0,1
2000-04-10,1504.4600,0.04687856,0,1
2000-04-11,1500.5900,0.05010474,1,1
2000-04-12,1467.1700,0.05716341,0,1
2000-04-13,1440.5100,0.06035909,1,1
2000-04-14,1356.5601,0.07883945,0,1
2000-04-17,1401.4399,0.06376456,0,1
2000-04-18,1441.6100,0.05101169,0,1
2000-04-19,1427.4700,0.05368284,0,1
2000-04-20,1434.5400,0.04910071,0,1
2000-04-24,1429.8600,0.05288654,0,1
2000-04-25,1477.4399,0.04465589,0,1
2000-04-26,1460.9900,0.05238304,0,1
2000-04-27,1464.9200,0.04942982,0,1
2000-04-28,1452.4301,0.05036599,0,1
2000-05-01,1468.2500,0.04809120,0,1
2000-05-02,1446.2900,0.05905702,1,1
2000-05-03,1415.1000,0.07316765,0,1
2000-05-04,1409.5699,0.07063608,0,1
2000-05-05,1432.6300,0.05651941,0,1
2000-05-08,1424.1700,0.05947474,0,1
2000-05-09,1412.1400,0.06374606,1,1
2000-05-10,1383.0500,0.06931740,0,1
2000-05-11,1407.8101,0.05811807,0,1
2000-05-12,1420.9600,0.05266107,0,1
2000-05-15,1452.3600,0.04774768,0,1
2000-05-16,1466.0400,0.04365390,0,1
2000-05-17,1447.8000,0.04132399,0,1
2000-05-18,1437.2100,0.04135640,1,1
2000-05-19,1406.9500,0.04660454,0,1
2000-05-22,1400.7200,0.04934058,0,1
2000-05-23,1373.8600,0.05036665,0,1
2000-05-24,1399.0500,0.04455214,0,1
2000-05-25,1381.5200,0.04572563,0,1
2000-05-26,1378.0200,0.04608082,0,1
2000-05-30,1422.4500,0.04368097,0,1
2000-05-31,1420.6000,0.04679941,0,1
2000-06-01,1448.8101,0.04219787,0,1
2000-06-02,1477.2600,0.03830867,0,1
2000-06-05,1467.6300,0.04253231,0,1
2000-06-06,1457.8400,0.04324959,0,1
2000-06-07,1471.3600,0.04137885,0,1
2000-06-08,1461.6700,0.04208480,0,1
2000-06-09,1456.9500,0.04011971,0,1
2000-06-12,1446.0000,0.03785445,0,1
2000-06-13,1469.4399,0.03649209,0,1
2000-06-14,1470.5400,0.03459743,0,1
2000-06-15,1478.7300,0.03255027,0,1
2000-06-16,1464.4600,0.03112309,0,1
2000-06-19,1486.0000,0.03339780,0,1
2000-06-20,1475.9500,0.03295349,0,1
2000-06-21,1479.1300,0.03359469,0,1
2000-06-22,1452.1801,0.03561426,0,1
2000-06-23,1441.4800,0.03742372,0,1
2000-06-26,1455.3101,0.03895482,0,1
2000-06-27,1450.5500,0.03622421,0,1
2000-06-28,1454.8199,0.03208455,0,1
2000-06-29,1442.3900,0.02987226,0,1
2000-06-30,1454.6000,0.03005181,0,1
2000-07-03,1469.5400,0.03176547,0,1
2000-07-05,1446.2300,0.03293674,0,1
2000-07-06,1456.6700,0.03226049,0,1
2000-07-07,1478.9000,0.02907203,0,1
2000-07-10,1475.6200,0.03080478,0,1
2000-07-11,1480.8800,0.03048113,0,1
2000-07-12,1492.9200,0.03150452,0,1
2000-07-13,1495.8400,0.03029512,0,1
2000-07-14,1509.9800,0.02896055,0,1
2000-07-17,1510.4900,0.02715957,0,1
2000-07-18,1493.7400,0.02772293,0,1
2000-07-19,1481.9600,0.02773379,0,1
2000-07-20,1495.5699,0.02750422,0,1
2000-07-21,1480.1899,0.02888875,0,1
2000-07-24,1464.2900,0.02712059,0,1
2000-07-25,1474.4700,0.02845059,0,1
2000-07-26,1452.4200,0.02728421,0,1
2000-07-27,1449.6200,0.02736605,1,1
2000-07-28,1419.8900,0.03064272,0,1
2000-07-31,1430.8300,0.03090620,0,1
2000-08-01,1438.1000,0.02983894,0,1
2000-08-02,1438.7000,0.03074745,0,1
2000-08-03,1452.5601,0.02921436,0,1
2000-08-04,1462.9301,0.02832585,0,1
2000-08-07,1479.3199,0.02978111,0,1
2000-08-08,1482.8000,0.02832661,0,1
2000-08-09,1472.8700,0.02807102,0,1
2000-08-10,1460.2500,0.02811909,0,1
2000-08-11,1471.8400,0.02784705,0,1
2000-08-14,1491.5601,0.02610541,0,1
2000-08-15,1484.4301,0.02669060,0,1
2000-08-16,1479.8500,0.02592271,0,1
2000-08-17,1496.0699,0.02524179,0,1
2000-08-18,1491.7200,0.02393115,0,1
2000-08-21,1499.4800,0.02405949,0,1
2000-08-22,1498.1300,0.02347107,0,1
2000-08-23,1505.9700,0.02229589,0,1
2000-08-24,1508.3101,0.02181056,0,1
2000-08-25,1506.4500,0.01959973,0,1
2000-08-28,1514.0900,0.02130266,0,1
2000-08-29,1509.8400,0.02112441,0,1
2000-08-30,1502.5900,0.02330499,0,1
2000-08-31,1517.6801,0.02076628,0,1
2000-09-01,1520.7700,0.02070336,0,1
2000-09-05,1507.0800,0.02650458,0,1
2000-09-06,1492.2500,0.02767582,0,1
2000-09-07,1502.5100,0.02367604,0,1
2000-09-08,1494.5000,0.02335079,0,1
2000-09-11,1489.2600,0.02251124,0,1
2000-09-12,1481.9900,0.02264511,0,1
2000-09-13,1484.9100,0.02229318,0,1
2000-09-14,1480.8700,0.02262188,0,1
2000-09-15,1465.8101,0.02385466,0,1
2000-09-18,1444.5100,0.02695727,0,1
2000-09-19,1459.9000,0.02538745,0,1
2000-09-20,1451.3400,0.02666977,0,1
2000-09-21,1449.0500,0.02750410,0,1
2000-09-22,1448.7200,0.02904136,0,1
2000-09-25,1439.0300,0.02919152,0,1
2000-09-26,1427.2100,0.03078906,0,1
2000-09-27,1426.5699,0.03092473,0,1
2000-09-28,1458.2900,0.02654766,0,1
2000-09-29,1436.5100,0.02949549,0,1
2000-10-02,1436.2300,0.03066036,0,1
2000-10-03,1426.4600,0.03302715,0,1
2000-10-04,1434.3199,0.03190379,0,1
2000-10-05,1436.2800,0.03290515,0,1
2000-10-06,1408.9900,0.03676040,0,1
2000-10-09,1402.0300,0.04164431,0,1
2000-10-10,1387.0200,0.04656276,0,1
2000-10-11,1364.5900,0.04979684,1,1
2000-10-12,1329.7800,0.06896123,0,1
2000-10-13,1374.1700,0.05409139,0,1
2000-10-16,1374.6200,0.05129985,0,1
2000-10-17,1349.9700,0.05679610,0,1
2000-10-18,1342.1300,0.05973650,0,1
2000-10-19,1388.7600,0.04606016,0,1
2000-10-20,1396.9301,0.04129442,0,1
2000-10-23,1395.7800,0.04108486,0,1
2000-10-24,1398.1300,0.04461971,1,1
2000-10-25,1364.9000,0.05206295,0,1
2000-10-26,1364.4399,0.05875704,0,1
2000-10-27,1379.5800,0.04802242,0,1
2000-10-30,1398.6600,0.04541148,0,1
2000-10-31,1429.4000,0.03974749,0,1
2000-11-01,1421.2200,0.04100213,0,1
2000-11-02,1428.3199,0.03717151,0,1
2000-11-03,1426.6899,0.03575444,0,1
2000-11-06,1432.1899,0.04028380,0,1
2000-11-07,1431.8700,0.03986889,0,1
2000-11-08,1409.2800,0.04503721,0,1
2000-11-09,1400.1400,0.04835905,1,1
2000-11-10,1365.9800,0.05324039,0,1
2000-11-13,1351.2600,0.05370912,0,1
2000-11-14,1382.9500,0.04238829,0,1
2000-11-15,1389.8101,0.04234154,0,1
2000-11-16,1372.3199,0.04142994,0,1
2000-11-17,1367.7200,0.03751432,0,1
2000-11-20,1342.6200,0.04903874,0,1
2000-11-21,1347.3500,0.04467147,0,1
2000-11-22,1322.3600,0.05252976,0,1
2000-11-24,1341.7700,0.04620595,0,1
2000-11-27,1348.9700,0.05629288,0,1
2000-11-28,1336.0900,0.05879686,0,1
2000-11-29,1341.9301,0.06099236,1,1
2000-11-30,1314.9500,0.07102888,0,1
2000-12-01,1315.2300,0.05817480,0,1
2000-12-04,1324.9700,0.05938668,0,1
2000-12-05,1376.5400,0.05217180,0,1
2000-12-06,1351.4600,0.05755086,0,1
2000-12-07,1343.5500,0.05869739,0,1
2000-12-08,1369.8900,0.04666108,0,1
2000-12-11,1380.2000,0.04843307,0,1
2000-12-12,1371.1801,0.04851075,0,1
2000-12-13,1359.9900,0.04638489,0,1
2000-12-14,1340.9301,0.04954108,1,1
2000-12-15,1312.1500,0.05277638,0,1
2000-12-18,1322.7400,0.05764417,0,1
2000-12-19,1305.6000,0.05813071,1,1
2000-12-20,1264.7400,0.07980105,0,1
2000-12-21,1274.8600,0.07063035,0,1
2000-12-22,1305.9500,0.05839482,0,1
2000-12-26,1315.1899,0.06613808,0,1
2000-12-27,1328.9200,0.05798835,0,1
2000-12-28,1334.2200,0.04884916,0,1
2000-12-29,1320.2800,0.05208711,1,1
2001-01-02,1283.2700,0.06458713,0,1
2001-01-03,1347.5601,0.05161764,0,1
2001-01-04,1333.3400,0.05823636,1,1
2001-01-05,1298.3500,0.06238242,0,1
2001-01-08,1295.8600,0.06956972,0,1
2001-01-09,1300.8000,0.06015183,0,1
2001-01-10,1313.2700,0.05139152,0,1
2001-01-11,1326.8199,0.05114416,0,1
2001-01-12,1318.5500,0.04520129,0,1
2001-01-16,1326.6500,0.04477799,0,1
2001-01-17,1329.4700,0.03773326,0,1
2001-01-18,1347.9700,0.04009669,0,1
2001-01-19,1342.5400,0.04157305,0,1
2001-01-22,1342.9000,0.03844685,0,1
2001-01-23,1360.4000,0.03304461,0,1
2001-01-24,1364.3000,0.03631905,0,1
2001-01-25,1357.5100,0.03644466,0,1
2001-01-26,1354.9500,0.03458743,0,1
2001-01-29,1364.1700,0.03395036,0,1
2001-01-30,1373.7300,0.03428747,0,1
2001-01-31,1366.0100,0.03466018,0,1
2001-02-01,1373.4700,0.03196161,0,1
2001-02-02,1349.4700,0.02939744,0,1
2001-02-05,1354.3101,0.03142734,0,1
2001-02-06,1352.2600,0.02786034,0,1
2001-02-07,1340.8900,0.02680998,0,1
2001-02-08,1332.5300,0.02750955,0,1
2001-02-09,1314.7600,0.02877213,0,1
2001-02-12,1330.3101,0.02847386,0,1
2001-02-13,1318.8000,0.02802470,0,1
2001-02-14,1315.9200,0.02557559,0,1
2001-02-15,1326.6100,0.02370074,0,1
2001-02-16,1301.5300,0.02770710,0,1
2001-02-20,1278.9399,0.03238879,0,1
2001-02-21,1255.2700,0.03480326,0,1
2001-02-22,1252.8199,0.03884624,0,1
2001-02-23,1245.8600,0.03936214,0,1
2001-02-26,1267.6500,0.03281570,0,1
2001-02-27,1257.9399,0.03649582,0,1
2001-02-28,1239.9399,0.04071821,0,1
2001-03-01,1241.2300,0.04180769,0,1
2001-03-02,1234.1801,0.03795966,0,1
2001-03-05,1241.4100,0.03858704,0,1
2001-03-06,1253.8000,0.03486742,0,1
2001-03-07,1261.8900,0.03219610,0,1
2001-03-08,1264.7400,0.03220078,1,1
2001-03-09,1233.4200,0.04122010,1,1
2001-03-12,1180.1600,0.05269161,0,1
2001-03-13,1197.6600,0.04429987,1,1
2001-03-14,1166.7100,0.05180647,0,1
2001-03-15,1173.5601,0.05220880,0,1
2001-03-16,1150.5300,0.05929456,0,1
2001-03-19,1170.8101,0.04997510,1,1
2001-03-20,1142.6200,0.05663672,0,1
2001-03-21,1122.1400,0.06189242,0,1
2001-03-22,1117.5800,0.07162798,0,1
2001-03-23,1139.8300,0.05920450,0,1
2001-03-26,1152.6899,0.05912122,0,1
2001-03-27,1182.1700,0.05574845,1,1
2001-03-28,1153.2900,0.06272211,0,1
2001-03-29,1147.9500,0.06298084,0,1
2001-03-30,1160.3300,0.05954799,0,1
2001-04-02,1145.8700,0.07275170,1,1
2001-04-03,1106.4600,0.09032955,0,1
2001-04-04,1103.2500,0.08918074,0,1
2001-04-05,1151.4399,0.06377185,0,1
2001-04-06,1128.4301,0.08516752,0,1
2001-04-09,1137.5900,0.08501201,0,1
2001-04-10,1168.3800,0.07006417,0,1
2001-04-11,1165.8900,0.06987479,0,1
2001-04-12,1183.5000,0.05874161,0,1
2001-04-16,1179.6801,0.06244452,0,1
2001-04-17,1191.8101,0.05422393,0,1
2001-04-18,1238.1600,0.04991173,0,1
2001-04-19,1253.6899,0.05085456,0,1
2001-04-20,1242.9800,0.05331687,0,1
2001-04-23,1224.3600,0.06379140,0,1
2001-04-24,1209.4700,0.06235722,0,1
2001-04-25,1228.7500,0.06053799,0,1
2001-04-26,1234.5200,0.05256456,0,1
2001-04-27,1253.0500,0.04368027,0,1
2001-04-30,1249.4600,0.04765225,0,1
2001-05-01,1266.4399,0.04353804,0,1
2001-05-02,1267.4301,0.04305497,0,1
2001-05-03,1248.5800,0.04776583,0,1
2001-05-04,1266.6100,0.04347830,0,1
2001-05-07,1263.5100,0.04280039,0,1
2001-05-08,1261.2000,0.03964689,0,1
2001-05-09,1255.5400,0.04097244,0,1
2001-05-10,1255.1801,0.03886348,0,1
2001-05-11,1245.6700,0.03879141,0,1
2001-05-14,1248.9200,0.03838634,0,1
2001-05-15,1249.4399,0.03719453,0,1
2001-05-16,1284.9900,0.03399289,0,1
2001-05-17,1288.4900,0.03098253,0,1
2001-05-18,1291.9600,0.02783304,0,1
2001-05-21,1312.8300,0.02722868,0,1
2001-05-22,1309.3800,0.02846843,0,1
2001-05-23,1289.0500,0.03126629,0,1
2001-05-24,1293.1700,0.02721100,0,1
2001-05-25,1277.8900,0.02870993,0,1
2001-05-29,1267.9301,0.03478651,0,1
2001-05-30,1248.0800,0.03653652,0,1
2001-05-31,1255.8199,0.03565408,0,1
2001-06-01,1260.6700,0.03368245,0,1
2001-06-04,1267.1100,0.03208576,0,1
2001-06-05,1283.5699,0.02926781,0,1
2001-06-06,1270.0300,0.03070326,0,1
2001-06-07,1276.9600,0.03013289,0,1
2001-06-08,1264.9600,0.03037778,0,1
2001-06-11,1254.3900,0.03106348,0,1
2001-06-12,1255.8500,0.02921168,0,1
2001-06-13,1241.6000,0.03051998,0,1
2001-06-14,1219.8700,0.03551692,0,1
2001-06-15,1214.3600,0.03228571,0,1
2001-06-18,1208.4301,0.03387621,0,1
2001-06-19,1212.5800,0.03284888,0,1
2001-06-20,1223.1400,0.03076556,0,1
2001-06-21,1237.0400,0.02519287,0,1
2001-06-22,1225.3500,0.02674624,0,1
2001-06-25,1218.6000,0.02942103,0,1
2001-06-26,1216.7600,0.03052096,0,1
2001-06-27,1211.0699,0.02794917,0,1
2001-06-28,1226.2000,0.02447437,0,1
2001-06-29,1224.3800,0.02145060,0,1
2001-07-02,1236.7200,0.02381452,0,1
2001-07-03,1234.4500,0.02637538,0,1
2001-07-05,1219.2400,0.02679455,1,1
2001-07-06,1190.5900,0.03011515,0,1
2001-07-09,1198.7800,0.03279165,0,1
2001-07-10,1181.5200,0.03502219,0,1
2001-07-11,1180.1801,0.03278533,0,1
2001-07-12,1208.1400,0.02962988,0,1
2001-07-13,1215.6801,0.02841001,0,1
2001-07-16,1202.4500,0.03172225,0,1
2001-07-17,1214.4399,0.03044285,0,1
2001-07-18,1207.7100,0.03356450,0,1
2001-07-19,1215.0200,0.03097648,0,1
2001-07-20,1210.8500,0.03132226,0,1
2001-07-23,1191.0300,0.03489302,0,1
2001-07-24,1171.6500,0.03916860,0,1
2001-07-25,1190.4900,0.03676182,0,1
2001-07-26,1202.9301,0.03385307,0,1
2001-07-27,1205.8199,0.03049360,0,1
2001-07-30,1204.5200,0.03367604,0,1
2001-07-31,1211.2300,0.03152068,0,1
2001-08-01,1215.9301,0.02725270,0,1
2001-08-02,1220.7500,0.02795581,0,1
2001-08-03,1214.3500,0.02734063,0,1
2001-08-06,1200.4800,0.03083627,0,1
2001-08-07,1204.4000,0.03009546,0,1
2001-08-08,1183.5300,0.03279953,0,1
2001-08-09,1183.4301,0.03161385,0,1
2001-08-10,1190.1600,0.02856462,0,1
2001-08-13,1191.2900,0.02774193,0,1
2001-08-14,1186.7300,0.02666147,0,1
2001-08-15,1178.0200,0.02680171,0,1
2001-08-16,1181.6600,0.02765529,0,1
2001-08-17,1161.9700,0.03274598,0,1
2001-08-20,1171.4100,0.03110111,0,1
2001-08-21,1157.2600,0.03587020,0,1
2001-08-22,1165.3101,0.03089195,0,1
2001-08-23,1162.0900,0.02936407,0,1
2001-08-24,1184.9301,0.02515956,0,1
2001-08-27,1179.2100,0.02824408,0,1
2001-08-28,1161.5100,0.03215419,0,1
2001-08-29,1148.5601,0.03300896,0,1
2001-08-30,1129.0300,0.04026502,0,1
2001-08-31,1133.5800,0.03945414,0,1
2001-09-04,1132.9399,0.04359075,0,1
2001-09-05,1131.7400,0.04427823,1,1
2001-09-06,1106.4000,0.05322586,0,1
2001-09-07,1085.7800,0.06574929,0,1
2001-09-10,1092.5400,0.06935739,1,1
2001-09-17,1038.7700,0.13528714,0,1
2001-09-18,1032.7400,0.11536535,0,1
2001-09-19,1016.1000,0.13361187,1,1
2001-09-20,984.5400,0.17108456,0,1
2001-09-21,965.8000,0.15847023,0,1
2001-09-24,1003.4500,0.11304598,0,1
2001-09-25,1012.2700,0.10464756,0,1
2001-09-26,1007.0400,0.11055397,0,1
2001-09-27,1018.6100,0.10292999,0,1
2001-09-28,1040.9399,0.09373392,0,1
2001-10-01,1038.5500,0.10032527,0,1
2001-10-02,1051.3300,0.08425577,0,1
2001-10-03,1072.2800,0.08178919,0,1
2001-10-04,1069.6300,0.08453919,0,1
2001-10-05,1071.3800,0.09193793,0,1
2001-10-08,1062.4399,0.10696857,0,1
2001-10-09,1056.7500,0.10349339,0,1
2001-10-10,1080.9900,0.08145393,0,1
2001-10-11,1097.4301,0.08001734,0,1
2001-10-12,1091.6500,0.10225090,0,1
2001-10-15,1089.9800,0.10050411,0,1
2001-10-16,1097.5400,0.07892171,0,1
2001-10-17,1077.0900,0.09295265,0,1
2001-10-18,1068.6100,0.09235655,0,1
2001-10-19,1073.4800,0.08207626,0,1
2001-10-22,1089.9000,0.07242491,0,1
2001-10-23,1084.7800,0.06908460,0,1
2001-10-24,1085.2000,0.06205899,0,1
2001-10-25,1100.0900,0.05671608,0,1
2001-10-26,1104.6100,0.05208305,1,1
2001-10-29,1078.3000,0.06439153,0,1
2001-10-30,1059.7900,0.07619226,0,1
2001-10-31,1059.7800,0.07620349,0,1
2001-11-01,1084.1000,0.06797903,0,1
2001-11-02,1087.2000,0.06318477,0,1
2001-11-05,1102.8400,0.06117802,0,1
2001-11-06,1118.8600,0.05729709,0,1
2001-11-07,1115.8000,0.05755079,0,1
2001-11-08,1118.5400,0.05655286,0,1
2001-11-09,1120.3101,0.05172462,0,1
2001-11-12,1118.3300,0.05778879,0,1
2001-11-13,1139.0900,0.04655080,0,1
2001-11-14,1141.2100,0.04775446,0,1
2001-11-15,1142.2400,0.04279030,0,1
2001-11-16,1138.6500,0.04033424,0,1
2001-11-19,1151.0601,0.03897164,0,1
2001-11-20,1142.6600,0.03905261,0,1
2001-11-21,1137.0300,0.04038525,0,1
2001-11-23,1150.3400,0.03642063,0,1
2001-11-26,1157.4200,0.03875831,0,1
2001-11-27,1149.5000,0.04010436,0,1
2001-11-28,1128.5200,0.04446599,0,1
2001-11-29,1140.2000,0.03852610,0,1
2001-11-30,1139.4500,0.03757680,0,1
2001-12-03,1129.9000,0.04251565,0,1
2001-12-04,1144.8000,0.03481125,0,1
2001-12-05,1170.3500,0.03570708,0,1
2001-12-06,1167.1000,0.03494836,0,1
2001-12-07,1158.3101,0.03533262,0,1
2001-12-10,1139.9301,0.03964245,0,1
2001-12-11,1136.7600,0.03862569,0,1
2001-12-12,1137.0699,0.03514872,0,1
2001-12-13,1119.3800,0.03647529,0,1
2001-12-14,1123.0900,0.03147339,0,1
2001-12-17,1134.3600,0.02872860,0,1
2001-12-18,1142.9200,0.02613729,0,1
2001-12-19,1149.5601,0.02582392,0,1
2001-12-20,1139.9301,0.02626791,0,1
2001-12-21,1144.8900,0.02402027,0,1
2001-12-24,1144.6500,0.02207345,0,1
2001-12-26,1149.3700,0.02483920,0,1
2001-12-27,1157.1300,0.02165967,0,1
2001-12-28,1161.0200,0.02087339,0,1
2001-12-31,1148.0800,0.02715925,0,1
2002-01-02,1154.6700,0.02570796,0,1
2002-01-03,1165.2700,0.02330098,0,1
2002-01-04,1172.5100,0.01985132,0,1
2002-01-07,1164.8900,0.02296446,0,1
2002-01-08,1160.7100,0.02200338,0,1
2002-01-09,1155.1400,0.02378775,0,1
2002-01-10,1156.5500,0.02400818,0,1
2002-01-11,1145.6000,0.02372745,0,1
2002-01-14,1138.4100,0.02735002,0,1
2002-01-15,1146.1899,0.02366647,0,1
2002-01-16,1127.5699,0.02748635,0,1
2002-01-17,1138.8800,0.02544402,0,1
2002-01-18,1127.5800,0.02563457,0,1
2002-01-22,1119.3101,0.02815177,0,1
2002-01-23,1128.1801,0.02593755,0,1
2002-01-24,1132.1500,0.02409351,0,1
2002-01-25,1133.2800,0.02321405,0,1
2002-01-28,1133.0601,0.02189352,1,1
2002-01-29,1100.6400,0.03089574,0,1
2002-01-30,1113.5699,0.02800337,0,1
2002-01-31,1130.2000,0.02431944,0,1
2002-02-01,1122.2000,0.02484780,1,1
2002-02-04,1094.4399,0.03282075,0,1
2002-02-05,1090.0200,0.03471184,0,1
2002-02-06,1083.5100,0.03683129,0,1
2002-02-07,1080.1700,0.03561949,0,1
2002-02-08,1096.2200,0.03019684,0,1
2002-02-11,1111.9399,0.02713375,0,1
2002-02-12,1107.5000,0.02734136,0,1
2002-02-13,1118.5100,0.02478551,0,1
2002-02-14,1116.4800,0.02761859,0,1
2002-02-15,1104.1801,0.02690433,0,1
2002-02-19,1083.3400,0.03237660,0,1
2002-02-20,1097.9800,0.02886860,0,1
2002-02-21,1080.9500,0.03477706,0,1
2002-02-22,1089.8400,0.03103508,0,1
2002-02-25,1109.4301,0.03175445,0,1
2002-02-26,1109.3800,0.03058429,0,1
2002-02-27,1109.8900,0.03152700,0,1
2002-02-28,1106.7300,0.02945015,0,1
2002-03-01,1131.7800,0.02623373,0,1
2002-03-04,1153.8400,0.03015993,0,1
2002-03-05,1146.1400,0.02953674,0,1
2002-03-06,1162.7700,0.03043737,0,1
2002-03-07,1157.5400,0.02989307,0,1
2002-03-08,1164.3101,0.02811855,0,1
2002-03-11,1168.2600,0.02960231,0,1
2002-03-12,1165.5800,0.02829493,0,1
2002-03-13,1154.0900,0.02815459,0,1
2002-03-14,1153.0400,0.02882269,0,1
2002-03-15,1166.1600,0.02687176,0,1
2002-03-18,1165.5500,0.02772306,0,1
2002-03-19,1170.2900,0.02604073,0,1
2002-03-20,1151.8500,0.02471662,0,1
2002-03-21,1153.5900,0.02413234,0,1
2002-03-22,1148.7000,0.02405498,0,1
2002-03-25,1131.8700,0.02521388,0,1
2002-03-26,1138.4900,0.02310886,0,1
2002-03-27,1144.5800,0.02288984,0,1
2002-03-28,1147.3900,0.02484122,0,1
2002-04-01,1146.5400,0.02538938,0,1
2002-04-02,1136.7600,0.02678811,0,1
2002-04-03,1125.4000,0.02762430,0,1
2002-04-04,1126.3400,0.02676729,0,1
2002-04-05,1122.7300,0.02575157,0,1
2002-04-08,1125.2900,0.02573011,0,1
2002-04-09,1117.8000,0.02481843,0,1
2002-04-10,1130.4700,0.02076435,1,1
2002-04-11,1103.6899,0.02539771,0,1
2002-04-12,1111.0100,0.02304972,0,1
2002-04-15,1102.5500,0.02362614,0,1
2002-04-16,1128.3700,0.01973819,0,1
2002-04-17,1126.0699,0.02152629,0,1
2002-04-18,1124.4700,0.02321769,0,1
2002-04-19,1125.1700,0.02176769,0,1
2002-04-22,1107.8300,0.02377550,0,1
2002-04-23,1100.9600,0.02494004,0,1
2002-04-24,1093.1400,0.02626079,0,1
2002-04-25,1091.4800,0.02661914,0,1
2002-04-26,1076.3199,0.03002731,0,1
2002-04-29,1065.4500,0.03256409,0,1
2002-04-30,1076.9200,0.02751129,0,1
2002-05-01,1086.4600,0.02563012,0,1
2002-05-02,1084.5601,0.02455157,0,1
2002-05-03,1073.4301,0.02439845,0,1
2002-05-06,1052.6700,0.02970305,0,1
2002-05-07,1049.4900,0.02979732,0,1
2002-05-08,1088.8500,0.02696813,0,1
2002-05-09,1073.0100,0.03103530,0,1
2002-05-10,1054.9900,0.03244717,0,1
2002-05-13,1074.5601,0.02878200,0,1
2002-05-14,1097.2800,0.02646570,0,1
2002-05-15,1091.0699,0.02562404,0,1
2002-05-16,1098.2300,0.02587628,0,1
2002-05-17,1106.5900,0.02400032,0,1
2002-05-20,1091.8800,0.02718980,0,1
2002-05-21,1079.8800,0.02877704,0,1
2002-05-22,1086.0200,0.02828790,0,1
2002-05-23,1097.0800,0.02564934,0,1
2002-05-24,1083.8199,0.02766926,0,1
2002-05-28,1074.5500,0.02988035,0,1
2002-05-29,1067.6600,0.03083672,0,1
2002-05-30,1064.6600,0.03064320,0,1
2002-05-31,1067.1400,0.02923818,1,1
2002-06-03,1040.6801,0.03913512,0,1
2002-06-04,1040.6899,0.04092635,0,1
2002-06-05,1049.9000,0.03691367,0,1
2002-06-06,1029.1500,0.04162283,0,1
2002-06-07,1027.5300,0.03700959,0,1
2002-06-10,1030.7400,0.03901403,0,1
2002-06-11,1013.6000,0.04096926,0,1
2002-06-12,1020.2600,0.03927136,0,1
2002-06-13,1009.5600,0.04253730,0,1
2002-06-14,1007.2700,0.04316510,0,1
2002-06-17,1036.1700,0.04175227,0,1
2002-06-18,1037.1400,0.04144007,0,1
2002-06-19,1019.9900,0.04920982,0,1
2002-06-20,1006.2900,0.05382557,0,1
2002-06-21,989.1400,0.05033135,0,1
2002-06-24,992.7200,0.04923915,0,1
2002-06-25,976.1400,0.05353639,0,1
2002-06-26,973.5300,0.05598482,0,1
2002-06-27,990.6400,0.04749939,0,1
2002-06-28,989.8200,0.04743017,1,1
2002-07-01,968.6500,0.05355022,1,1
2002-07-02,948.0900,0.06510568,0,1
2002-07-03,953.9900,0.07260549,0,1
2002-07-05,989.0300,0.05558478,0,1
2002-07-08,976.9800,0.07124877,1,1
2002-07-09,952.8300,0.08315291,1,1
2002-07-10,920.4700,0.10990114,0,1
2002-07-11,927.3700,0.11223894,0,1
2002-07-12,921.3900,0.10344471,0,1
2002-07-15,917.9300,0.11415484,0,1
2002-07-16,900.9400,0.12669631,0,1
2002-07-17,906.0400,0.11362329,1,1
2002-07-18,881.5600,0.11555994,1,1
2002-07-19,847.7500,0.13994864,1,1
2002-07-22,819.8500,0.17941983,1,1
2002-07-23,797.7000,0.22540279,0,1
2002-07-24,843.4300,0.16811281,0,1
2002-07-25,838.6800,0.18071271,0,1
2002-07-26,852.8400,0.14159904,0,1
2002-07-29,898.9600,0.11216782,0,1
2002-07-30,902.7800,0.12736459,0,1
2002-07-31,911.6200,0.13864981,1,1
2002-08-01,884.6600,0.18119186,1,1
2002-08-02,864.2400,0.23163022,1,1
2002-08-05,834.6000,0.27626316,0,1
2002-08-06,859.5700,0.22967382,0,1
2002-08-07,876.7700,0.19375187,0,1
2002-08-08,905.4600,0.17474796,0,1
2002-08-09,908.6400,0.17384255,0,1
2002-08-12,903.8000,0.17960052,1,1
2002-08-13,884.2100,0.17035947,0,1
2002-08-14,919.6200,0.13780485,0,1
2002-08-15,930.2500,0.11665440,0,1
2002-08-16,928.7700,0.10394820,0,1
2002-08-19,950.7000,0.10263360,0,1
2002-08-20,937.4300,0.10614845,0,1
2002-08-21,949.3600,0.09031732,0,1
2002-08-22,962.7000,0.08543306,1,1
2002-08-23,940.8600,0.09672906,0,1
2002-08-26,947.9500,0.09619621,0,1
2002-08-27,934.8200,0.09377653,0,1
2002-08-28,917.8700,0.11848671,0,1
2002-08-29,917.8000,0.11671768,0,1
2002-08-30,916.0700,0.10621995,1,1
2002-09-03,878.0200,0.17076367,0,1
2002-09-04,893.4000,0.14311423,0,1
2002-09-05,879.1500,0.15521977,0,1
2002-09-06,893.9200,0.12627129,0,1
2002-09-09,902.9600,0.12631031,0,1
2002-09-10,909.5800,0.11743330,0,1
2002-09-11,909.4500,0.11664370,1,1
2002-09-12,886.9100,0.13591736,0,1
2002-09-13,889.8100,0.11508435,0,1
2002-09-16,891.1000,0.12602585,0,1
2002-09-17,873.5200,0.14324684,0,1
2002-09-18,869.4600,0.13696677,1,1
2002-09-19,843.3200,0.17280588,0,1
2002-09-20,845.3900,0.15752102,0,1
2002-09-23,833.7000,0.17174824,0,1
2002-09-24,819.2900,0.17644602,0,1
2002-09-25,839.6600,0.14395162,0,1
2002-09-26,854.9500,0.12389385,1,1
2002-09-27,827.3700,0.14149070,0,1
2002-09-30,815.2800,0.16620262,0,1
2002-10-01,847.9100,0.11637748,1,1
2002-10-02,827.9100,0.14815076,0,1
2002-10-03,818.9500,0.15735289,1,1
2002-10-04,800.5800,0.17618877,0,1
2002-10-07,785.2800,0.21553083,0,1
2002-10-08,798.5500,0.19848235,1,1
2002-10-09,776.7600,0.22850401,0,1
2002-10-10,803.9200,0.17783017,0,1
2002-10-11,835.3200,0.16069888,0,1
2002-10-14,841.4400,0.16841995,0,1
2002-10-15,881.2700,0.15385414,1,1
2002-10-16,860.0200,0.17368925,0,1
2002-10-17,879.2000,0.15169478,0,1
2002-10-18,884.3900,0.14367036,0,1
2002-10-21,899.7200,0.13809953,0,1
2002-10-22,890.1600,0.14250430,0,1
2002-10-23,896.1400,0.13051353,0,1
2002-10-24,882.5000,0.13028756,0,1
2002-10-25,897.6500,0.10222452,0,1
2002-10-28,890.2300,0.10785267,0,1
2002-10-29,882.1500,0.11803238,0,1
2002-10-30,890.7100,0.10731602,0,1
2002-10-31,885.7600,0.09843375,0,1
2002-11-01,900.9600,0.08210034,0,1
2002-11-04,908.3500,0.08823184,0,1
2002-11-05,915.3900,0.09008805,0,1
2002-11-06,923.7600,0.08815495,1,1
2002-11-07,902.6500,0.08647484,0,1
2002-11-08,894.7400,0.07360684,1,1
2002-11-11,876.1900,0.08722199,0,1
2002-11-12,882.9500,0.08131287,0,1
2002-11-13,882.5300,0.07948785,0,1
2002-11-14,904.2700,0.06797629,0,1
2002-11-15,909.8300,0.06080488,0,1
2002-11-18,900.3600,0.06213019,0,1
2002-11-19,896.7400,0.06517266,0,1
2002-11-20,914.1500,0.05153096,0,1
2002-11-21,933.7600,0.04549702,0,1
2002-11-22,930.5500,0.04574779,0,1
2002-11-25,932.8700,0.04783278,1,1
2002-11-26,913.3100,0.05489518,0,1
2002-11-27,938.8700,0.06124643,0,1
2002-11-29,936.3100,0.06504642,0,1
2002-12-02,934.5300,0.06593574,0,1
2002-12-03,920.7500,0.06840789,0,1
2002-12-04,917.5800,0.07288124,0,1
2002-12-05,906.5500,0.07579287,0,1
2002-12-06,912.2300,0.07140970,1,1
2002-12-09,892.0000,0.08532905,0,1
2002-12-10,904.4500,0.07249221,0,1
2002-12-11,904.9600,0.06822016,0,1
2002-12-12,901.5800,0.06687238,0,1
2002-12-13,889.4800,0.06853982,0,1
2002-12-16,910.4000,0.05643944,0,1
2002-12-17,902.9900,0.06102121,0,1
2002-12-18,891.1200,0.06711962,0,1
2002-12-19,884.2500,0.07279947,0,1
2002-12-20,895.7600,0.06085110,0,1
2002-12-23,897.3800,0.05969030,0,1
2002-12-24,892.4700,0.05760791,0,1
2002-12-26,889.6600,0.05918164,0,1
2002-12-27,875.4000,0.06880030,0,1
2002-12-30,879.3900,0.06484770,0,1
2002-12-31,879.8200,0.06103102,0,1
2003-01-02,909.0300,0.04692520,0,1
2003-01-03,908.5900,0.04756506,0,1
2003-01-06,929.0100,0.04909872,0,1
2003-01-07,922.9300,0.04956000,0,1
2003-01-08,909.9300,0.04918365,0,1
2003-01-09,927.5700,0.04451213,0,1
2003-01-10,927.5700,0.04370607,0,1
2003-01-13,926.2600,0.04689290,0,1
2003-01-14,931.6600,0.04386061,0,1
2003-01-15,918.2200,0.04684927,0,1
2003-01-16,914.6000,0.04182423,0,1
2003-01-17,901.7800,0.04534364,0,1
2003-01-21,887.6200,0.05239847,0,1
2003-01-22,878.3600,0.06042022,0,1
2003-01-23,887.3400,0.05706480,1,1
2003-01-24,861.4000,0.06919563,0,1
2003-01-27,847.4800,0.08916313,0,1
2003-01-28,858.5400,0.07986548,0,1
2003-01-29,864.3600,0.07825989,1,1
2003-01-30,844.6100,0.07928308,0,1
2003-01-31,855.7000,0.07983236,0,1
2003-02-03,860.3200,0.07539907,0,1
2003-02-04,848.2000,0.08455673,0,1
2003-02-05,843.5900,0.08447050,0,1
2003-02-06,838.1500,0.08306674,0,1
2003-02-07,829.6900,0.08755165,0,1
2003-02-10,835.9700,0.08498738,0,1
2003-02-11,829.2000,0.08532457,0,1
2003-02-12,818.6800,0.08889127,0,1
2003-02-13,817.3700,0.08405680,0,1
2003-02-14,834.8900,0.08027435,0,1
2003-02-18,851.1700,0.07240777,0,1
2003-02-19,845.1300,0.07677244,0,1
2003-02-20,837.1000,0.07903431,0,1
2003-02-21,848.1700,0.07641114,0,1
2003-02-24,832.5800,0.08693795,0,1
2003-02-25,838.5700,0.08467130,0,1
2003-02-26,827.5500,0.08616076,0,1
2003-02-27,837.2800,0.07678438,0,1
2003-02-28,841.1500,0.07531058,0,1
2003-03-03,834.8100,0.07645335,0,1
2003-03-04,821.9900,0.08222103,0,1
2003-03-05,829.8500,0.07866157,0,1
2003-03-06,822.1000,0.08424960,0,1
2003-03-07,828.8900,0.08408181,1,1
2003-03-10,807.4800,0.09636174,0,1
2003-03-11,800.7300,0.10131978,0,1
2003-03-12,804.1900,0.10361288,0,1
2003-03-13,831.9000,0.09195491,0,1
2003-03-14,833.2700,0.09011385,0,1
2003-03-17,862.7900,0.09087328,0,1
2003-03-18,866.4500,0.08549463,0,1
2003-03-19,874.0200,0.09249449,0,1
2003-03-20,875.6700,0.08420141,0,1
2003-03-21,895.7900,0.07650784,1,1
2003-03-24,864.2300,0.08653281,0,1
2003-03-25,874.7400,0.08037809,0,1
2003-03-26,869.9500,0.08027147,0,1
2003-03-27,868.5200,0.07594609,0,1
2003-03-28,863.5000,0.07397705,0,1
2003-03-31,848.1800,0.08135659,0,1
2003-04-01,858.4800,0.07673329,0,1
2003-04-02,880.9000,0.07405934,0,1
2003-04-03,876.4500,0.07559749,0,1
2003-04-04,878.8500,0.08250833,0,1
2003-04-07,879.9300,0.07893365,0,1
2003-04-08,878.2900,0.06936275,0,1
2003-04-09,865.9900,0.06869272,0,1
2003-04-10,871.5800,0.06491329,0,1
2003-04-11,868.3000,0.05820861,0,1
2003-04-14,885.2300,0.05228718,0,1
2003-04-15,890.8100,0.04749783,0,1
2003-04-16,879.9100,0.04705414,0,1
2003-04-17,893.5800,0.04532610,0,1
2003-04-21,892.0100,0.04497630,0,1
2003-04-22,911.3700,0.04520945,0,1
2003-04-23,919.0200,0.04065916,0,1
2003-04-24,911.4300,0.04136822,0,1
2003-04-25,898.8100,0.04139233,0,1
2003-04-28,914.8400,0.04245738,0,1
2003-04-29,917.8400,0.04242956,0,1
2003-04-30,916.9200,0.04102689,0,1
2003-05-01,916.3000,0.04351892,0,1
2003-05-02,930.0800,0.03803184,0,1
2003-05-05,926.5500,0.03806201,0,1
2003-05-06,934.3900,0.03551451,0,1
2003-05-07,929.6200,0.03814020,0,1
2003-05-08,920.2700,0.03841600,0,1
2003-05-09,933.4100,0.03337152,0,1
2003-05-12,945.1100,0.03377299,0,1
2003-05-13,942.3000,0.03280777,0,1
2003-05-14,939.2800,0.03213499,0,1
2003-05-15,946.6700,0.03079123,0,1
2003-05-16,944.3000,0.03042976,1,1
2003-05-19,920.7700,0.03420513,0,1
2003-05-20,919.7300,0.03716212,0,1
2003-05-21,923.4200,0.03643544,0,1
2003-05-22,931.8700,0.03298404,0,1
2003-05-23,933.2200,0.03022788,0,1
2003-05-27,951.4800,0.02981298,0,1
2003-05-28,953.2200,0.03072905,0,1
2003-05-29,949.6400,0.03069955,0,1
2003-05-30,963.5900,0.02911777,0,1
2003-06-02,967.0000,0.03050622,0,1
2003-06-03,971.5600,0.02968838,0,1
2003-06-04,986.2400,0.02958784,0,1
2003-06-05,990.1400,0.02903069,0,1
2003-06-06,987.7600,0.03173707,0,1
2003-06-09,975.9300,0.03395032,0,1
2003-06-10,984.8400,0.02956020,0,1
2003-06-11,997.4800,0.02800340,0,1
2003-06-12,998.5100,0.02861064,0,1
2003-06-13,988.6100,0.03062097,0,1
2003-06-16,1010.7400,0.02846756,0,1
2003-06-17,1011.6600,0.02874004,0,1
2003-06-18,1010.0900,0.02789275,0,1
2003-06-19,994.7000,0.02667596,0,1
2003-06-20,995.6900,0.02698934,0,1
2003-06-23,981.6400,0.03035548,0,1
2003-06-24,983.4500,0.03307210,0,1
2003-06-25,975.3200,0.03115501,0,1
2003-06-26,985.8200,0.02847527,0,1
2003-06-27,976.2200,0.02673043,0,1
2003-06-30,974.5000,0.02835067,0,1
2003-07-01,982.3200,0.02644155,0,1
2003-07-02,993.7500,0.02579838,0,1
2003-07-03,985.7000,0.02690029,0,1
2003-07-07,1004.4200,0.02792196,0,1
2003-07-08,1007.8400,0.02593408,0,1
2003-07-09,1002.2100,0.02406316,0,1
2003-07-10,988.7000,0.02575366,0,1
2003-07-11,998.1400,0.02378236,0,1
2003-07-14,1003.8600,0.02624381,0,1
2003-07-15,1000.4200,0.02636933,0,1
2003-07-16,994.0900,0.02623768,0,1
2003-07-17,981.7300,0.02807142,0,1
2003-07-18,993.3200,0.02687266,0,1
2003-07-21,978.8000,0.02741626,0,1
2003-07-22,988.1100,0.02653259,0,1
2003-07-23,988.6100,0.02496576,0,1
2003-07-24,981.6000,0.02558756,0,1
2003-07-25,998.6800,0.02453640,0,1
2003-07-28,996.5200,0.02453117,0,1
2003-07-29,989.2800,0.02545213,0,1
2003-07-30,987.4900,0.02715712,0,1
2003-07-31,990.3100,0.02862416,0,1
2003-08-01,980.1500,0.03024113,0,1
2003-08-04,982.8200,0.03199768,0,1
2003-08-05,965.4600,0.03549763,0,1
2003-08-06,967.0800,0.03263006,0,1
2003-08-07,974.1200,0.02943574,0,1
2003-08-08,977.5900,0.02883579,0,1
2003-08-11,980.5900,0.02734560,0,1
2003-08-12,990.3500,0.02296349,0,1
2003-08-13,984.0300,0.02502110,0,1
2003-08-14,990.5100,0.02394739,0,1
2003-08-15,990.6700,0.02290588,0,1
2003-08-18,999.7400,0.02117027,0,1
2003-08-19,1002.3500,0.02008829,0,1
2003-08-20,1000.3000,0.02033421,0,1
2003-08-21,1003.2700,0.02028046,0,1
2003-08-22,993.0600,0.02281536,0,1
2003-08-25,993.7100,0.02440939,0,1
2003-08-26,996.7300,0.02446150,0,1
2003-08-27,996.7900,0.02298627,0,1
2003-08-28,1002.8400,0.02183138,0,1
2003-08-29,1008.0100,0.02299328,0,1
2003-09-02,1021.9900,0.02145063,0,1
2003-09-03,1026.2700,0.02253680,0,1
2003-09-04,1027.9700,0.02069403,0,1
2003-09-05,1021.3900,0.01991551,0,1
2003-09-08,1031.6400,0.02058239,0,1
2003-09-09,1023.1700,0.02080436,0,1
2003-09-10,1010.9200,0.02337285,0,1
2003-09-11,1016.4200,0.02261953,0,1
2003-09-12,1018.6300,0.02254606,0,1
2003-09-15,1014.8100,0.02229295,0,1
2003-09-16,1029.3199,0.02024218,0,1
2003-09-17,1025.9700,0.01997433,0,1
2003-09-18,1039.5800,0.01901598,0,1
2003-09-19,1036.3000,0.02004570,0,1
2003-09-22,1022.8200,0.02331438,0,1
2003-09-23,1029.0300,0.02262544,0,1
2003-09-24,1009.3800,0.02669562,0,1
2003-09-25,1003.2700,0.03179808,0,1
2003-09-26,996.8500,0.03334854,0,1
2003-09-29,1006.5800,0.03055831,0,1
2003-09-30,995.9700,0.03387932,0,1
2003-10-01,1018.2200,0.02989849,0,1
2003-10-02,1020.2400,0.03055820,0,1
2003-10-03,1029.8500,0.02802639,0,1
2003-10-06,1034.3500,0.02652529,0,1
2003-10-07,1039.2500,0.02645293,0,1
2003-10-08,1033.7800,0.02807550,0,1
2003-10-09,1038.7300,0.02686399,0,1
2003-10-10,1038.0601,0.02511745,0,1
2003-10-13,1045.3500,0.02136472,0,1
2003-10-14,1049.4800,0.02115517,0,1
2003-10-15,1046.7600,0.02189646,0,1
2003-10-16,1050.0699,0.02158405,0,1
2003-10-17,1039.3199,0.02439882,0,1
2003-10-20,1044.6801,0.02142071,0,1
2003-10-21,1046.0300,0.02120707,0,1
2003-10-22,1030.3600,0.02492194,0,1
2003-10-23,1033.7700,0.02551902,0,1
2003-10-24,1028.9100,0.02287728,0,1
2003-10-27,1031.1300,0.02318501,0,1
2003-10-28,1046.7900,0.01996987,0,1
2003-10-29,1048.1100,0.01836940,0,1
2003-10-30,1046.9399,0.01713114,0,1
2003-10-31,1050.7100,0.01768798,0,1
2003-11-03,1059.0200,0.01761969,0,1
2003-11-04,1053.2500,0.01782953,0,1
2003-11-05,1051.8101,0.01865904,0,1
2003-11-06,1058.0500,0.01790400,0,1
2003-11-07,1053.2100,0.01834316,0,1
2003-11-10,1047.1100,0.02021278,0,1
2003-11-11,1046.5699,0.02064105,0,1
2003-11-12,1058.5300,0.01941422,0,1
2003-11-13,1058.4100,0.01878083,0,1
2003-11-14,1050.3500,0.02014167,0,1
2003-11-17,1043.6300,0.02112096,0,1
2003-11-18,1034.1500,0.02445733,0,1
2003-11-19,1042.4399,0.02227442,0,1
2003-11-20,1033.6500,0.02373472,0,1
2003-11-21,1035.2800,0.02153811,0,1
2003-11-24,1052.0800,0.01814393,0,1
2003-11-25,1053.8900,0.01795516,0,1
2003-11-26,1058.4500,0.01602572,0,1
2003-11-28,1058.2000,0.01802619,0,1
2003-12-01,1070.1200,0.01756373,0,1
2003-12-02,1066.6200,0.01799178,0,1
2003-12-03,1064.7300,0.02040701,0,1
2003-12-04,1069.7200,0.02162466,0,1
2003-12-05,1061.5000,0.02032533,0,1
2003-12-08,1069.3000,0.02097846,0,1
2003-12-09,1060.1801,0.02174216,0,1
2003-12-10,1059.0500,0.02112830,0,1
2003-12-11,1071.2100,0.01812196,0,1
2003-12-12,1074.1400,0.01696453,0,1
2003-12-15,1068.0400,0.01898025,0,1
2003-12-16,1075.1300,0.01602829,0,1
2003-12-17,1076.4800,0.01634162,0,1
2003-12-18,1089.1801,0.01780654,0,1
2003-12-19,1088.6600,0.01749418,0,1
2003-12-22,1092.9399,0.01731619,0,1
2003-12-23,1096.0200,0.01670751,0,1
2003-12-24,1094.0400,0.01719909,0,1
2003-12-26,1095.8900,0.01731973,0,1
2003-12-29,1109.4800,0.01685494,0,1
2003-12-30,1109.6400,0.01829122,0,1
2003-12-31,1111.9200,0.02159582,0,1
2004-01-02,1108.4800,0.01937148,0,1
2004-01-05,1122.2200,0.01927226,0,1
2004-01-06,1123.6700,0.01721066,0,1
2004-01-07,1126.3300,0.01948004,0,1
2004-01-08,1131.9200,0.01762364,0,1
2004-01-09,1121.8600,0.01833004,0,1
2004-01-12,1127.2300,0.01713106,0,1
2004-01-13,1121.2200,0.01756864,0,1
2004-01-14,1130.5200,0.01655349,0,1
2004-01-15,1132.0500,0.01522414,0,1
2004-01-16,1139.8300,0.01389844,0,1
2004-01-20,1138.7700,0.01527953,0,1
2004-01-21,1147.6200,0.01474809,0,1
2004-01-22,1143.9399,0.01597404,0,1
2004-01-23,1141.5500,0.01687441,0,1
2004-01-26,1155.3700,0.01687094,0,1
2004-01-27,1144.0500,0.01921407,0,1
2004-01-28,1128.4800,0.02217751,0,1
2004-01-29,1134.1100,0.02318463,0,1
2004-01-30,1131.1300,0.02316533,0,1
2004-02-02,1135.2600,0.02317752,0,1
2004-02-03,1136.0300,0.02371262,0,1
2004-02-04,1126.5200,0.02644118,0,1
2004-02-05,1128.5900,0.02452005,0,1
2004-02-06,1142.7600,0.02082210,0,1
2004-02-09,1139.8101,0.02000788,0,1
2004-02-10,1145.5400,0.01869863,0,1
2004-02-11,1157.7600,0.01862891,0,1
2004-02-12,1152.1100,0.01808014,0,1
2004-02-13,1145.8101,0.01850304,0,1
2004-02-17,1156.9900,0.01790093,0,1
2004-02-18,1151.8199,0.01919334,0,1
2004-02-19,1147.0601,0.02059209,0,1
2004-02-20,1144.1100,0.02025132,0,1
2004-02-23,1140.9900,0.02275483,0,1
2004-02-24,1139.0900,0.02194213,0,1
2004-02-25,1143.6700,0.02049122,0,1
2004-02-26,1144.9100,0.02031265,0,1
2004-02-27,1144.9399,0.02098951,0,1
2004-03-01,1155.9700,0.01874426,0,1
2004-03-02,1149.1000,0.01780678,0,1
2004-03-03,1151.0300,0.01836501,0,1
2004-03-04,1154.8700,0.01762853,0,1
2004-03-05,1156.8600,0.01648318,0,1
2004-03-08,1147.2000,0.01954688,0,1
2004-03-09,1140.5800,0.01950178,0,1
2004-03-10,1123.8900,0.02483928,0,1
2004-03-11,1106.7800,0.03061446,0,1
2004-03-12,1120.5699,0.02031998,0,1
2004-03-15,1104.4900,0.02922448,0,1
2004-03-16,1110.7000,0.02600781,0,1
2004-03-17,1123.7500,0.02040852,0,1
2004-03-18,1122.3199,0.02045410,0,1
2004-03-19,1109.7800,0.02363423,0,1
2004-03-22,1095.4000,0.02934525,0,1
2004-03-23,1093.9500,0.02565774,0,1
2004-03-24,1091.3300,0.02580346,0,1
2004-03-25,1109.1899,0.02168200,0,1
2004-03-26,1108.0601,0.02061659,0,1
2004-03-29,1122.4700,0.01951308,0,1
2004-03-30,1127.0000,0.01899520,0,1
2004-03-31,1126.2100,0.02153230,0,1
2004-04-01,1132.1700,0.01919542,0,1
2004-04-02,1141.8101,0.01720877,0,1
2004-04-05,1150.5699,0.01629671,0,1
2004-04-06,1148.1600,0.01834889,0,1
2004-04-07,1140.5300,0.01920476,0,1
2004-04-08,1139.3199,0.01935582,0,1
2004-04-12,1145.2000,0.01926333,0,1
2004-04-13,1129.4399,0.01941680,0,1
2004-04-14,1128.1700,0.01996414,0,1
2004-04-15,1128.8400,0.02057335,0,1
2004-04-16,1134.6100,0.01817838,0,1
2004-04-19,1135.8199,0.01841712,0,1
2004-04-20,1118.1500,0.02321150,0,1
2004-04-21,1124.0900,0.02056820,0,1
2004-04-22,1139.9301,0.01870080,0,1
2004-04-23,1140.6000,0.01798415,0,1
2004-04-26,1135.5300,0.01820971,0,1
2004-04-27,1138.1100,0.01911686,0,1
2004-04-28,1122.4100,0.02183325,0,1
2004-04-29,1113.8900,0.02437823,0,1
2004-04-30,1107.3000,0.02534453,0,1
2004-05-03,1117.4900,0.02374287,0,1
2004-05-04,1119.5500,0.02396285,0,1
2004-05-05,1121.5300,0.02271386,0,1
2004-05-06,1113.9900,0.02625270,0,1
2004-05-07,1098.7000,0.02975006,0,1
2004-05-10,1087.1200,0.03095413,0,1
2004-05-11,1095.4500,0.02778627,0,1
2004-05-12,1097.2800,0.02642633,0,1
2004-05-13,1096.4399,0.02892407,0,1
2004-05-14,1095.7000,0.02747641,0,1
2004-05-17,1084.1000,0.03031787,0,1
2004-05-18,1091.4900,0.02656028,0,1
2004-05-19,1088.6801,0.02592087,0,1
2004-05-20,1089.1899,0.02591506,0,1
2004-05-21,1093.5601,0.02584066,0,1
2004-05-24,1095.4100,0.02453543,0,1
2004-05-25,1113.0500,0.02145687,0,1
2004-05-26,1114.9399,0.02052559,0,1
2004-05-27,1121.2800,0.01893275,0,1
2004-05-28,1120.6801,0.02021181,0,1
2004-06-01,1121.2000,0.01966830,0,1
2004-06-02,1124.9900,0.01911683,0,1
2004-06-03,1116.6400,0.02317401,0,1
2004-06-04,1122.5000,0.01908579,0,1
2004-06-07,1140.4200,0.01713037,0,1
2004-06-08,1142.1801,0.01541057,0,1
2004-06-09,1131.3300,0.01737248,0,1
2004-06-10,1136.4700,0.01329919,0,1
2004-06-14,1125.2900,0.01858077,0,1
2004-06-15,1132.0100,0.01594863,0,1
2004-06-16,1133.5601,0.01629182,0,1
2004-06-17,1132.0500,0.01729698,0,1
2004-06-18,1135.0200,0.01762725,0,1
2004-06-21,1130.3000,0.01783751,0,1
2004-06-22,1134.4100,0.01722408,0,1
2004-06-23,1144.0601,0.01596597,0,1
2004-06-24,1140.6500,0.01816586,0,1
2004-06-25,1134.4301,0.01859904,0,1
2004-06-28,1133.3500,0.02022947,0,1
2004-06-29,1136.2000,0.01971847,0,1
2004-06-30,1140.8400,0.01817612,0,1
2004-07-01,1128.9399,0.01975639,0,1
2004-07-02,1125.3800,0.01901537,0,1
2004-07-06,1116.2100,0.02233323,0,1
2004-07-07,1118.3300,0.02053892,0,1
2004-07-08,1109.1100,0.02340572,0,1
2004-07-09,1112.8101,0.02155140,0,1
2004-07-12,1114.3500,0.01847118,0,1
2004-07-13,1115.1400,0.01690599,0,1
2004-07-14,1111.4700,0.01866078,0,1
2004-07-15,1106.6899,0.01896152,0,1
2004-07-16,1101.3900,0.01713884,0,1
2004-07-19,1100.9000,0.01743786,0,1
2004-07-20,1108.6700,0.01488630,0,1
2004-07-21,1093.8800,0.02241217,0,1
2004-07-22,1096.8400,0.02149243,0,1
2004-07-23,1086.2000,0.02254477,0,1
2004-07-26,1084.0699,0.02476625,0,1
2004-07-27,1094.8300,0.02173647,0,1
2004-07-28,1095.4200,0.02040383,0,1
2004-07-29,1100.4301,0.01952437,0,1
2004-07-30,1101.7200,0.02036824,0,1
2004-08-02,1106.6200,0.01921432,0,1
2004-08-03,1099.6899,0.02082711,0,1
2004-08-04,1098.6300,0.01939048,0,1
2004-08-05,1080.7000,0.02316618,0,1
2004-08-06,1063.9700,0.02678508,0,1
2004-08-09,1065.2200,0.02701630,0,1
2004-08-10,1079.0400,0.02252831,0,1
2004-08-11,1075.7900,0.02229854,0,1
2004-08-12,1063.2300,0.02660027,0,1
2004-08-13,1064.8000,0.02520630,0,1
2004-08-16,1079.3400,0.02152467,0,1
2004-08-17,1081.7100,0.02219625,0,1
2004-08-18,1095.1700,0.02105729,0,1
2004-08-19,1091.2300,0.02267808,0,1
2004-08-20,1098.3500,0.02077068,0,1
2004-08-23,1095.6801,0.02123828,0,1
2004-08-24,1096.1899,0.02019540,0,1
2004-08-25,1104.9600,0.01928443,0,1
2004-08-26,1105.0900,0.02096420,0,1
2004-08-27,1107.7700,0.02019804,0,1
2004-08-30,1099.1500,0.02127749,0,1
2004-08-31,1104.2400,0.02133804,0,1
2004-09-01,1105.9100,0.01987261,0,1
2004-09-02,1118.3101,0.01731029,0,1
2004-09-03,1113.6300,0.01658519,0,1
2004-09-07,1121.3000,0.01615708,0,1
2004-09-08,1116.2700,0.01567738,0,1
2004-09-09,1118.3800,0.01453338,0,1
2004-09-10,1123.9200,0.01331941,0,1
2004-09-13,1125.8199,0.01492767,0,1
2004-09-14,1128.3300,0.01312816,0,1
2004-09-15,1120.3700,0.01458097,0,1
2004-09-16,1123.5000,0.01623116,0,1
2004-09-17,1128.5500,0.01732770,0,1
2004-09-20,1122.2000,0.01465906,0,1
2004-09-21,1129.3000,0.01507089,0,1
2004-09-22,1113.5601,0.01654930,0,1
2004-09-23,1108.3600,0.01920829,0,1
2004-09-24,1110.1100,0.01591973,0,1
2004-09-27,1103.5200,0.01711186,0,1
2004-09-28,1110.0601,0.01675428,0,1
2004-09-29,1114.8000,0.01647411,0,1
2004-09-30,1114.5800,0.01675255,0,1
2004-10-01,1131.5000,0.01412471,0,1
2004-10-04,1135.1700,0.01597912,0,1
2004-10-05,1134.4800,0.01579249,0,1
2004-10-06,1142.0500,0.01554745,0,1
2004-10-07,1130.6500,0.01745703,0,1
2004-10-08,1122.1400,0.01866689,0,1
2004-10-11,1124.3900,0.01601982,0,1
2004-10-12,1121.8400,0.01719051,0,1
2004-10-13,1113.6500,0.02011675,0,1
2004-10-14,1103.2900,0.02100363,0,1
2004-10-15,1108.2000,0.01806876,0,1
2004-10-18,1114.0200,0.01760244,0,1
2004-10-19,1103.2300,0.01776380,0,1
2004-10-20,1103.6600,0.01818846,0,1
2004-10-21,1106.4900,0.01669941,0,1
2004-10-22,1095.7400,0.01878660,0,1
2004-10-25,1094.8000,0.02027517,0,1
2004-10-26,1111.0900,0.01947077,0,1
2004-10-27,1125.4000,0.01771556,0,1
2004-10-28,1127.4399,0.01759502,0,1
2004-10-29,1130.2000,0.01902435,0,1
2004-11-01,1130.5100,0.01769482,0,1
2004-11-02,1130.5601,0.01866558,0,1
2004-11-03,1143.2000,0.01457328,0,1
2004-11-04,1161.6700,0.01503190,0,1
2004-11-05,1166.1700,0.01525376,0,1
2004-11-08,1164.8900,0.01699125,0,1
2004-11-09,1164.0800,0.01601944,0,1
2004-11-10,1162.9100,0.01619131,0,1
2004-11-11,1173.4800,0.01739467,0,1
2004-11-12,1184.1700,0.01591049,0,1
2004-11-15,1183.8101,0.01647597,0,1
2004-11-16,1175.4301,0.01683583,0,1
2004-11-17,1181.9399,0.01700205,0,1
2004-11-18,1183.5500,0.01642134,0,1
2004-11-19,1170.3400,0.01629985,0,1
2004-11-22,1177.2400,0.01585036,0,1
2004-11-23,1176.9399,0.01618319,0,1
2004-11-24,1181.7600,0.01358211,0,1
2004-11-26,1182.6500,0.01516733,0,1
2004-11-29,1178.5699,0.01576210,0,1
2004-11-30,1173.8199,0.01583922,0,1
2004-12-01,1191.3700,0.01510205,0,1
2004-12-02,1190.3300,0.01518208,0,1
2004-12-03,1191.1700,0.01465837,0,1
2004-12-06,1190.2500,0.01528269,0,1
2004-12-07,1177.0699,0.01729554,0,1
2004-12-08,1182.8101,0.01680691,0,1
2004-12-09,1189.2400,0.01662019,0,1
2004-12-10,1188.0000,0.01540044,0,1
2004-12-13,1198.6801,0.01411882,0,1
2004-12-14,1203.3800,0.01379611,0,1
2004-12-15,1205.7200,0.01318552,0,1
2004-12-16,1203.2100,0.01225964,0,1
2004-12-17,1194.2000,0.01268303,0,1
2004-12-20,1194.6500,0.01302737,0,1
2004-12-21,1205.4500,0.01166920,0,1
2004-12-22,1209.5699,0.01284242,0,1
2004-12-23,1210.1300,0.01226168,0,1
2004-12-27,1204.9200,0.01398782,0,1
2004-12-28,1213.5400,0.01428453,0,1
2004-12-29,1213.4500,0.01373298,0,1
2004-12-30,1213.5500,0.01418609,0,1
2004-12-31,1211.9200,0.01479700,0,1
2005-01-03,1202.0800,0.01470060,0,1
2005-01-04,1188.0500,0.01582915,0,1
2005-01-05,1183.7400,0.01757757,0,1
2005-01-06,1187.8900,0.01693392,0,1
2005-01-07,1186.1899,0.01661197,0,1
2005-01-10,1190.2500,0.01537429,0,1
2005-01-11,1182.9900,0.01648843,0,1
2005-01-12,1187.7000,0.01739076,0,1
2005-01-13,1177.4500,0.01677655,0,1
2005-01-14,1184.5200,0.01482504,0,1
2005-01-18,1195.9800,0.01501504,0,1
2005-01-19,1184.6300,0.01655746,0,1
2005-01-20,1175.4100,0.01794600,0,1
2005-01-21,1167.8700,0.01501207,0,1
2005-01-24,1163.7500,0.01666174,0,1
2005-01-25,1168.4100,0.01539611,0,1
2005-01-26,1174.0699,0.01431813,0,1
2005-01-27,1174.5500,0.01307967,0,1
2005-01-28,1171.3600,0.01477086,0,1
2005-01-31,1181.2700,0.01417237,0,1
2005-02-01,1189.4100,0.01343018,0,1
2005-02-02,1193.1899,0.01258135,0,1
2005-02-03,1189.8900,0.01339407,0,1
2005-02-04,1203.0300,0.01156087,0,1
2005-02-07,1201.7200,0.01343743,0,1
2005-02-08,1202.3000,0.01288145,0,1
2005-02-09,1191.9900,0.01445186,0,1
2005-02-10,1197.0100,0.01396565,0,1
2005-02-11,1205.3000,0.01222678,0,1
2005-02-14,1206.1400,0.01378032,0,1
2005-02-15,1210.1200,0.01275297,0,1
2005-02-16,1210.3400,0.01220555,0,1
2005-02-17,1200.7500,0.01235699,0,1
2005-02-18,1201.5900,0.01103946,0,1
2005-02-22,1184.1600,0.01385656,0,1
2005-02-23,1190.8000,0.01275316,0,1
2005-02-24,1200.2000,0.01268481,0,1
2005-02-25,1211.3700,0.01229326,0,1
2005-02-28,1203.6000,0.01497415,0,1
2005-03-01,1210.4100,0.01547756,0,1
2005-03-02,1210.0800,0.01645241,0,1
2005-03-03,1210.4700,0.01438430,0,1
2005-03-04,1222.1200,0.01341050,0,1
2005-03-07,1225.3101,0.01355470,0,1
2005-03-08,1219.4301,0.01226330,0,1
2005-03-09,1207.0100,0.01688540,0,1
2005-03-10,1209.2500,0.01612408,0,1
2005-03-11,1200.0800,0.01769174,0,1
2005-03-14,1206.8300,0.01814921,0,1
2005-03-15,1197.7500,0.01774429,0,1
2005-03-16,1188.0699,0.01949060,0,1
2005-03-17,1190.2100,0.01836224,0,1
2005-03-18,1189.6500,0.01581209,0,1
2005-03-21,1183.7800,0.01754574,0,1
2005-03-22,1171.7100,0.01859201,0,1
2005-03-23,1172.5300,0.01881500,0,1
2005-03-24,1171.4200,0.01696437,0,1
2005-03-28,1174.2800,0.01936494,0,1
2005-03-29,1165.3600,0.01898846,0,1
2005-03-30,1181.4100,0.01785714,0,1
2005-03-31,1180.5900,0.01788654,0,1
2005-04-01,1172.9200,0.01839131,0,1
2005-04-04,1176.1200,0.01705134,0,1
2005-04-05,1181.3900,0.01638234,0,1
2005-04-06,1184.0699,0.01621198,0,1
2005-04-07,1191.1400,0.01566290,0,1
2005-04-08,1181.2000,0.01669297,0,1
2005-04-11,1181.2100,0.01690962,0,1
2005-04-12,1187.7600,0.01669165,0,1
2005-04-13,1173.7900,0.01555118,0,1
2005-04-14,1162.0500,0.01988592,0,1
2005-04-15,1142.6200,0.02176009,0,1
2005-04-18,1145.9800,0.02165392,0,1
2005-04-19,1152.7800,0.01746852,0,1
2005-04-20,1137.5000,0.02080454,0,1
2005-04-21,1159.9500,0.01621438,0,1
2005-04-22,1152.1200,0.01968867,0,1
2005-04-25,1162.1000,0.01838470,0,1
2005-04-26,1151.8300,0.02053317,0,1
2005-04-27,1156.3800,0.01865682,0,1
2005-04-28,1143.2200,0.02549052,0,1
2005-04-29,1156.8500,0.02400688,0,1
2005-05-02,1162.1600,0.02168130,0,1
2005-05-03,1161.1700,0.02126185,0,1
2005-05-04,1175.6500,0.01932688,0,1
2005-05-05,1172.6300,0.01863123,0,1
2005-05-06,1171.3500,0.01940607,0,1
2005-05-09,1178.8400,0.01864726,0,1
2005-05-10,1166.2200,0.02168839,0,1
2005-05-11,1171.1100,0.01976810,0,1
2005-05-12,1159.3600,0.02386227,0,1
2005-05-13,1154.0500,0.02418426,0,1
2005-05-16,1165.6899,0.01906641,0,1
2005-05-17,1173.8000,0.01911854,0,1
2005-05-18,1185.5601,0.01602993,0,1
2005-05-19,1191.0800,0.01483542,0,1
2005-05-20,1189.2800,0.01417877,0,1
2005-05-23,1193.8600,0.01305958,0,1
2005-05-24,1194.0699,0.01308249,0,1
2005-05-25,1190.0100,0.01377342,0,1
2005-05-26,1197.6200,0.01295713,0,1
2005-05-27,1198.7800,0.01357942,0,1
2005-05-31,1191.5000,0.01641943,0,1
2005-06-01,1202.2200,0.01285266,0,1
2005-06-02,1204.2900,0.01222221,0,1
2005-06-03,1196.0200,0.01362445,0,1
2005-06-06,1197.5100,0.01376586,0,1
2005-06-07,1197.2600,0.01553865,0,1
2005-06-08,1194.6700,0.01500573,0,1
2005-06-09,1200.9301,0.01492672,0,1
2005-06-10,1198.1100,0.01491583,0,1
2005-06-13,1200.8199,0.01475685,0,1
2005-06-14,1203.9100,0.01340462,0,1
2005-06-15,1206.5800,0.01372610,0,1
2005-06-16,1210.9600,0.01314605,0,1
2005-06-17,1216.9600,0.01308355,0,1
2005-06-20,1216.1000,0.01280702,0,1
2005-06-21,1213.6100,0.01159234,0,1
2005-06-22,1213.8800,0.01125608,0,1
2005-06-23,1200.7300,0.01408235,0,1
2005-06-24,1191.5699,0.01547052,0,1
2005-06-27,1190.6899,0.01507394,0,1
2005-06-28,1201.5699,0.01351276,0,1
2005-06-29,1199.8500,0.01355340,0,1
2005-06-30,1191.3300,0.01363283,0,1
2005-07-01,1194.4399,0.01143363,0,1
2005-07-05,1204.9900,0.01107554,0,1
2005-07-06,1194.9399,0.01225179,0,1
2005-07-07,1197.8700,0.01234778,0,1
2005-07-08,1211.8600,0.01019922,0,1
2005-07-11,1219.4399,0.01065002,0,1
2005-07-12,1222.2100,0.01260635,0,1
2005-07-13,1223.2900,0.01184231,0,1
2005-07-14,1226.5000,0.01102000,0,1
2005-07-15,1227.9200,0.01054846,0,1
2005-07-18,1221.1300,0.01156174,0,1
2005-07-19,1229.3500,0.01033029,0,1
2005-07-20,1235.2000,0.01060364,0,1
2005-07-21,1227.0400,0.01166837,0,1
2005-07-22,1233.6801,0.00955879,0,1
2005-07-25,1229.0300,0.00921541,0,1
2005-07-26,1231.1600,0.00834340,0,1
2005-07-27,1236.7900,0.00923844,0,1
2005-07-28,1243.7200,0.00943399,0,1
2005-07-29,1234.1801,0.01021761,0,1
2005-08-01,1235.3500,0.01049158,0,1
2005-08-02,1244.1200,0.00971894,0,1
2005-08-03,1245.0400,0.00957058,0,1
2005-08-04,1235.8600,0.01101687,0,1
2005-08-05,1226.4200,0.01075737,0,1
2005-08-08,1223.1300,0.01105696,0,1
2005-08-09,1231.3800,0.00962846,0,1
2005-08-10,1229.1300,0.01104812,0,1
2005-08-11,1237.8101,0.01027092,0,1
2005-08-12,1230.3900,0.01019150,0,1
2005-08-15,1233.8700,0.01195571,0,1
2005-08-16,1219.3400,0.01227392,0,1
2005-08-17,1220.2400,0.01182409,0,1
2005-08-18,1219.0200,0.01160566,0,1
2005-08-19,1219.7100,0.01012245,0,1
2005-08-22,1221.7300,0.01085913,0,1
2005-08-23,1217.5900,0.01088988,0,1
2005-08-24,1209.5900,0.01135621,0,1
2005-08-25,1212.3700,0.00995082,0,1
2005-08-26,1205.1000,0.00975602,0,1
2005-08-29,1212.2800,0.00914295,0,1
2005-08-30,1208.4100,0.01169542,0,1
2005-08-31,1220.3300,0.01173560,0,1
2005-09-01,1221.5900,0.01183020,0,1
2005-09-02,1218.0200,0.01213541,0,1
2005-09-06,1233.3900,0.01165606,0,1
2005-09-07,1236.3600,0.01205881,0,1
2005-09-08,1231.6700,0.01291778,0,1
2005-09-09,1241.4800,0.01150179,0,1
2005-09-12,1240.5601,0.01188609,0,1
2005-09-13,1231.2000,0.01289746,0,1
2005-09-14,1227.1600,0.01179048,0,1
2005-09-15,1227.7300,0.01195961,0,1
2005-09-16,1237.9100,0.01147148,0,1
2005-09-19,1231.0200,0.01176301,0,1
2005-09-20,1221.3400,0.01310673,0,1
2005-09-21,1210.2000,0.01498753,0,1
2005-09-22,1214.6200,0.01433029,0,1
2005-09-23,1215.2900,0.01396633,0,1
2005-09-26,1215.6300,0.01356558,0,1
2005-09-27,1215.6600,0.01413100,0,1
2005-09-28,1216.8900,0.01430391,0,1
2005-09-29,1227.6801,0.01298133,0,1
2005-09-30,1228.8101,0.01544854,0,1
2005-10-03,1226.7000,0.01298887,0,1
2005-10-04,1214.4700,0.01691147,0,1
2005-10-05,1196.3900,0.01980307,0,1
2005-10-06,1191.4900,0.02024079,0,1
2005-10-07,1195.9000,0.01817948,0,1
2005-10-10,1187.3300,0.01947148,0,1
2005-10-11,1184.8700,0.01978933,0,1
2005-10-12,1177.6801,0.02148736,0,1
2005-10-13,1176.8400,0.02204118,0,1
2005-10-14,1186.5699,0.01728431,0,1
2005-10-17,1190.1000,0.01712040,0,1
2005-10-18,1178.1400,0.01893039,0,1
2005-10-19,1195.7600,0.01875376,0,1
2005-10-20,1177.8000,0.01934477,0,1
2005-10-21,1179.5900,0.01989490,0,1
2005-10-24,1199.3800,0.01614040,0,1
2005-10-25,1196.5400,0.01717939,0,1
2005-10-26,1191.3800,0.01812067,0,1
2005-10-27,1178.9000,0.02098399,0,1
2005-10-28,1198.4100,0.01966945,0,1
2005-10-31,1207.0100,0.01890778,0,1
2005-11-01,1202.7600,0.01657386,0,1
2005-11-02,1214.7600,0.01629859,0,1
2005-11-03,1219.9399,0.01519529,0,1
2005-11-04,1220.1400,0.01576162,0,1
2005-11-07,1222.8101,0.01602610,0,1
2005-11-08,1218.5900,0.01545100,0,1
2005-11-09,1220.6500,0.01479898,0,1
2005-11-10,1230.9600,0.01377930,0,1
2005-11-11,1234.7200,0.01308976,0,1
2005-11-14,1233.7600,0.01318752,0,1
2005-11-15,1229.0100,0.01579958,0,1
2005-11-16,1231.2100,0.01404022,0,1
2005-11-17,1242.8000,0.01347264,0,1
2005-11-18,1248.2700,0.01128074,0,1
2005-11-21,1254.8500,0.01175729,0,1
2005-11-22,1261.2300,0.01248152,0,1
2005-11-23,1265.6100,0.01238045,0,1
2005-11-25,1268.2500,0.01554303,0,1
2005-11-28,1257.4600,0.01450760,0,1
2005-11-29,1257.4800,0.01416271,0,1
2005-11-30,1249.4800,0.01606162,0,1
2005-12-01,1264.6700,0.01238456,0,1
2005-12-02,1265.0800,0.01192396,0,1
2005-12-05,1262.0900,0.01278952,0,1
2005-12-06,1263.7000,0.01471570,0,1
2005-12-07,1257.3700,0.01376754,0,1
2005-12-08,1255.8400,0.01310507,0,1
2005-12-09,1259.3700,0.01290001,0,1
2005-12-12,1260.4301,0.01330817,0,1
2005-12-13,1267.4301,0.01062202,0,1
2005-12-14,1272.7400,0.01266226,0,1
2005-12-15,1270.9399,0.01137169,0,1
2005-12-16,1267.3199,0.01250163,0,1
2005-12-19,1259.9200,0.01373871,0,1
2005-12-20,1259.6200,0.01305822,0,1
2005-12-21,1262.7900,0.01372908,0,1
2005-12-22,1268.1200,0.01277543,0,1
2005-12-23,1268.6600,0.01237919,0,1
2005-12-27,1256.5400,0.01556876,0,1
2005-12-28,1258.1700,0.01549713,0,1
2005-12-29,1254.4200,0.01546348,0,1
2005-12-30,1248.2900,0.01653991,0,1
2006-01-03,1268.8000,0.01451336,0,1
2006-01-04,1273.4600,0.01533108,0,1
2006-01-05,1273.4800,0.01497776,0,1
2006-01-06,1285.4500,0.01291733,0,1
2006-01-09,1290.1500,0.01333369,0,1
2006-01-10,1289.6899,0.01242613,0,1
2006-01-11,1294.1801,0.01213078,0,1
2006-01-12,1286.0601,0.01246829,0,1
2006-01-13,1287.6100,0.01224565,0,1
2006-01-17,1282.9301,0.01437172,0,1
2006-01-18,1277.9301,0.01447381,0,1
2006-01-19,1285.0400,0.01331977,0,1
2006-01-20,1261.4900,0.01364855,0,1
2006-01-23,1263.8199,0.01229436,0,1
2006-01-24,1266.8600,0.01092674,0,1
2006-01-25,1264.6801,0.01163691,0,1
2006-01-26,1273.8300,0.01015704,0,1
2006-01-27,1283.7200,0.00970687,0,1
2006-01-30,1285.1899,0.01238838,0,1
2006-01-31,1280.0800,0.01292299,0,1
2006-02-01,1282.4600,0.01305160,0,1
2006-02-02,1270.8400,0.01398508,0,1
2006-02-03,1264.0300,0.01390578,0,1
2006-02-06,1265.0200,0.01289112,0,1
2006-02-07,1254.7800,0.01447240,0,1
2006-02-08,1265.6500,0.01293657,0,1
2006-02-09,1263.7800,0.01360234,0,1
2006-02-10,1266.9900,0.01312900,0,1
2006-02-13,1262.8600,0.01309720,0,1
2006-02-14,1275.5300,0.01244777,0,1
2006-02-15,1280.0000,0.01070458,0,1
2006-02-16,1289.3800,0.00955726,0,1
2006-02-17,1287.2400,0.00897294,0,1
2006-02-21,1283.0300,0.01015459,0,1
2006-02-22,1292.6700,0.00942092,0,1
2006-02-23,1287.7900,0.00998007,0,1
2006-02-24,1289.4301,0.00907809,0,1
2006-02-27,1294.1200,0.01032245,0,1
2006-02-28,1280.6600,0.01096007,0,1
2006-03-01,1291.2400,0.01040216,0,1
2006-03-02,1289.1400,0.01100345,0,1
2006-03-03,1287.2300,0.01150763,0,1
2006-03-06,1278.2600,0.01372090,0,1
2006-03-07,1275.8800,0.01427416,0,1
2006-03-08,1278.4700,0.01370960,0,1
2006-03-09,1272.2300,0.01524262,0,1
2006-03-10,1281.4200,0.01346554,0,1
2006-03-13,1284.1300,0.01280547,0,1
2006-03-14,1297.4800,0.01264473,0,1
2006-03-15,1303.0200,0.01139905,0,1
2006-03-16,1305.3300,0.00692011,0,1
2006-03-17,1307.2500,0.00901945,0,1
2006-03-20,1305.0800,0.01002379,0,1
2006-03-21,1297.2300,0.01140426,0,1
2006-03-22,1305.0400,0.01064335,0,1
2006-03-23,1301.6700,0.01108256,0,1
2006-03-24,1302.9500,0.00947290,0,1
2006-03-27,1301.6100,0.01124579,0,1
2006-03-28,1293.2300,0.01110507,0,1
2006-03-29,1302.8900,0.01036283,0,1
2006-03-30,1300.2500,0.01120933,0,1
2006-03-31,1294.8700,0.01116940,0,1
2006-04-03,1297.8101,0.01192175,0,1
2006-04-04,1305.9301,0.01119817,0,1
2006-04-05,1311.5601,0.01125081,0,1
2006-04-06,1309.0400,0.01143290,0,1
2006-04-07,1295.5000,0.01275488,0,1
2006-04-10,1296.6200,0.01274953,0,1
2006-04-11,1286.5699,0.01482687,0,1
2006-04-12,1288.1200,0.01340138,0,1
2006-04-13,1289.1200,0.01235194,0,1
2006-04-17,1285.3300,0.01415779,0,1
2006-04-18,1307.2800,0.01194201,0,1
2006-04-19,1309.9301,0.01075132,0,1
2006-04-20,1311.4600,0.00937637,0,1
2006-04-21,1311.2800,0.01145833,0,1
2006-04-24,1308.1100,0.01022216,0,1
2006-04-25,1301.7400,0.00980730,0,1
2006-04-26,1305.4100,0.01065972,0,1
2006-04-27,1309.7200,0.01026210,0,1
2006-04-28,1310.6100,0.01101146,0,1
2006-05-01,1305.1899,0.01059798,0,1
2006-05-02,1313.2100,0.01147672,0,1
2006-05-03,1308.1200,0.01080368,0,1
2006-05-04,1312.2500,0.01058407,0,1
2006-05-05,1325.7600,0.00990841,0,1
2006-05-08,1324.6600,0.01078140,0,1
2006-05-09,1325.1400,0.01114243,0,1
2006-05-10,1322.8500,0.01196002,0,1
2006-05-11,1305.9200,0.01257552,0,1
2006-05-12,1291.2400,0.01424402,0,1
2006-05-15,1294.5000,0.01461394,0,1
2006-05-16,1292.0800,0.01175277,0,1
2006-05-17,1270.3199,0.01693157,0,1
2006-05-18,1261.8101,0.01782569,0,1
2006-05-19,1267.0300,0.01298013,0,1
2006-05-22,1262.0699,0.01806543,0,1
2006-05-23,1256.5800,0.01959380,0,1
2006-05-24,1258.5699,0.01713170,0,1
2006-05-25,1272.8800,0.01344201,0,1
2006-05-26,1280.1600,0.01362056,0,1
2006-05-30,1259.8700,0.02147729,0,1
2006-05-31,1270.0900,0.01864406,0,1
2006-06-01,1285.7100,0.01352541,0,1
2006-06-02,1288.2200,0.01400240,0,1
2006-06-05,1265.2900,0.01957305,0,1
2006-06-06,1263.8500,0.02061472,0,1
2006-06-07,1256.1500,0.02204982,0,1
2006-06-08,1257.9301,0.02326556,0,1
2006-06-09,1252.3000,0.02442991,0,1
2006-06-12,1237.4399,0.02807203,0,1
2006-06-13,1223.6899,0.03456804,0,1
2006-06-14,1230.0400,0.02768603,0,1
2006-06-15,1256.1600,0.01534990,0,1
2006-06-16,1251.5400,0.01937084,0,1
2006-06-19,1240.1300,0.02261207,0,1
2006-06-20,1240.1200,0.02092288,0,1
2006-06-21,1252.2000,0.01870745,0,1
2006-06-22,1245.6000,0.02035816,0,1
2006-06-23,1244.5000,0.02188677,0,1
2006-06-26,1250.5601,0.01977785,0,1
2006-06-27,1239.2000,0.02417960,0,1
2006-06-28,1246.0000,0.02313210,0,1
2006-06-29,1272.8700,0.01620496,0,1
2006-06-30,1270.2000,0.01859698,0,1
2006-07-03,1280.1899,0.01736193,0,1
2006-07-05,1270.9100,0.01881246,0,1
2006-07-06,1274.0800,0.01979608,0,1
2006-07-07,1265.4800,0.02099315,0,1
2006-07-10,1267.3400,0.02119244,0,1
2006-07-11,1272.4301,0.01832819,0,1
2006-07-12,1258.6000,0.02217401,0,1
2006-07-13,1242.2800,0.02936908,0,1
2006-07-14,1236.2000,0.02942205,0,1
2006-07-17,1234.4900,0.03196509,0,1
2006-07-18,1236.8600,0.02668908,0,1
2006-07-19,1259.8101,0.02226169,0,1
2006-07-20,1249.1300,0.02696070,0,1
2006-07-21,1240.2900,0.03032727,0,1
2006-07-24,1260.9100,0.02108861,0,1
2006-07-25,1268.8800,0.02362520,0,1
2006-07-26,1268.4000,0.02242318,0,1
2006-07-27,1263.2000,0.02367616,0,1
2006-07-28,1278.5500,0.02132087,0,1
2006-07-31,1276.6600,0.02207144,0,1
2006-08-01,1270.9200,0.02372867,0,1
2006-08-02,1277.4100,0.02239932,0,1
2006-08-03,1280.2700,0.02273558,0,1
2006-08-04,1279.3600,0.02221023,0,1
2006-08-07,1275.7700,0.02427332,0,1
2006-08-08,1271.4800,0.02336746,0,1
2006-08-09,1265.9500,0.02412634,0,1
2006-08-10,1271.8101,0.02101887,0,1
2006-08-11,1266.7400,0.02070950,0,1
2006-08-14,1268.2100,0.02015433,0,1
2006-08-15,1285.5800,0.01842554,0,1
2006-08-16,1295.4301,0.01552649,0,1
2006-08-17,1297.4800,0.01484658,0,1
2006-08-18,1302.3000,0.01261563,0,1
2006-08-21,1297.5200,0.01387935,0,1
2006-08-22,1298.8199,0.01404110,0,1
2006-08-23,1292.9900,0.01413659,0,1
2006-08-24,1296.0601,0.01481489,0,1
2006-08-25,1295.0900,0.01443006,0,1
2006-08-28,1301.7800,0.01461772,0,1
2006-08-29,1304.2800,0.01280868,0,1
2006-08-30,1305.3700,0.01269083,0,1
2006-08-31,1303.8199,0.01345075,0,1
2006-09-01,1311.0100,0.01258163,0,1
2006-09-05,1313.2500,0.01344607,0,1
2006-09-06,1300.2600,0.01516623,0,1
2006-09-07,1294.0200,0.01589177,0,1
2006-09-08,1298.9200,0.01397467,0,1
2006-09-11,1299.5400,0.01358259,0,1
2006-09-12,1313.0000,0.01125543,0,1
2006-09-13,1318.0699,0.01126151,0,1
2006-09-14,1316.2800,0.01189172,0,1
2006-09-15,1319.6600,0.00871622,0,1
2006-09-18,1321.1801,0.01062943,0,1
2006-09-19,1317.6400,0.01172469,0,1
2006-09-20,1325.1801,0.01146467,0,1
2006-09-21,1318.0300,0.01372737,0,1
2006-09-22,1314.7800,0.01458087,0,1
2006-09-25,1326.3700,0.01408390,0,1
2006-09-26,1336.3500,0.01342723,0,1
2006-09-27,1336.5900,0.01438475,0,1
2006-09-28,1338.8800,0.01462668,0,1
2006-09-29,1335.8500,0.01452500,0,1
2006-10-02,1331.3199,0.01577051,0,1
2006-10-03,1334.1100,0.01621053,0,1
2006-10-04,1350.2000,0.01479644,0,1
2006-10-05,1353.2200,0.01512103,0,1
2006-10-06,1349.5900,0.01340771,0,1
2006-10-09,1350.6600,0.01372505,0,1
2006-10-10,1353.4200,0.01270809,0,1
2006-10-11,1349.9500,0.01335703,0,1
2006-10-12,1362.8300,0.01266230,0,1
2006-10-13,1365.6200,0.01114279,0,1
2006-10-16,1369.0601,0.01185885,0,1
2006-10-17,1364.0500,0.01305051,0,1
2006-10-18,1365.8000,0.01315754,0,1
2006-10-19,1366.9600,0.01166417,0,1
2006-10-20,1368.6000,0.01142695,0,1
2006-10-23,1377.0200,0.01302148,0,1
2006-10-24,1377.3800,0.01332130,0,1
2006-10-25,1382.2200,0.01296042,0,1
2006-10-26,1389.0800,0.01328813,0,1
2006-10-27,1377.3400,0.01470632,0,1
2006-10-30,1377.9301,0.01353044,0,1
2006-10-31,1377.9399,0.01504320,0,1
2006-11-01,1367.8101,0.01500412,0,1
2006-11-02,1367.3400,0.01423803,0,1
2006-11-03,1364.3000,0.01381633,0,1
2006-11-06,1379.7800,0.01294309,0,1
2006-11-07,1382.8400,0.01336718,0,1
2006-11-08,1385.7200,0.01293591,0,1
2006-11-09,1378.3300,0.01453767,0,1
2006-11-10,1380.9000,0.01337601,0,1
2006-11-13,1384.4200,0.01395182,0,1
2006-11-14,1393.2200,0.01255231,0,1
2006-11-15,1396.5699,0.01274590,0,1
2006-11-16,1399.7600,0.01260791,0,1
2006-11-17,1401.2000,0.01041269,0,1
2006-11-20,1400.5000,0.00985641,0,1
2006-11-21,1402.8101,0.00995073,0,1
2006-11-22,1406.0900,0.00982648,0,1
2006-11-24,1400.9500,0.01095631,0,1
2006-11-27,1381.9600,0.01355555,0,1
2006-11-28,1386.7200,0.01171551,0,1
2006-11-29,1399.4800,0.00991642,0,1
2006-11-30,1400.6300,0.01006730,0,1
2006-12-01,1396.7100,0.01038689,0,1
2006-12-04,1409.1200,0.00986864,0,1
2006-12-05,1414.7600,0.00943032,0,1
2006-12-06,1412.9000,0.01013648,0,1
2006-12-07,1407.2900,0.01248806,0,1
2006-12-08,1409.8400,0.01106028,0,1
2006-12-11,1413.0400,0.00966908,0,1
2006-12-12,1411.5601,0.00888101,0,1
2006-12-13,1413.2100,0.00792923,0,1
2006-12-14,1425.4900,0.00672654,0,1
2006-12-15,1427.0900,0.00714385,0,1
2006-12-18,1422.4800,0.00802865,0,1
2006-12-19,1425.5500,0.00803330,0,1
2006-12-20,1423.5300,0.00844107,0,1
2006-12-21,1418.3000,0.00950513,0,1
2006-12-22,1410.7600,0.01085217,0,1
2006-12-26,1416.9000,0.00990574,0,1
2006-12-27,1426.8400,0.00882199,0,1
2006-12-28,1424.7300,0.00936384,0,1
2006-12-29,1418.3000,0.01067222,0,1
2007-01-03,1416.6000,0.01251214,0,1
2007-01-04,1418.3400,0.01158769,0,1
2007-01-05,1409.7100,0.01365403,0,1
2007-01-08,1412.8400,0.01302373,0,1
2007-01-09,1412.1100,0.01346512,0,1
2007-01-10,1414.8500,0.01247378,0,1
2007-01-11,1423.8199,0.01173980,0,1
2007-01-12,1430.7300,0.01049503,0,1
2007-01-16,1431.9000,0.01140517,0,1
2007-01-17,1430.6200,0.01127981,0,1
2007-01-18,1426.3700,0.01019014,0,1
2007-01-19,1430.5000,0.00969281,0,1
2007-01-22,1422.9500,0.01126972,0,1
2007-01-23,1427.9900,0.01059842,0,1
2007-01-24,1440.1300,0.00971655,0,1
2007-01-25,1423.9000,0.01286635,0,1
2007-01-26,1422.1801,0.01237520,0,1
2007-01-29,1420.6200,0.01347156,0,1
2007-01-30,1428.8199,0.01239290,0,1
2007-01-31,1438.2400,0.01158871,0,1
2007-02-01,1445.9399,0.01094953,0,1
2007-02-02,1448.3900,0.01027846,0,1
2007-02-05,1446.9900,0.01073886,0,1
2007-02-06,1448.0000,0.01086129,0,1
2007-02-07,1450.0200,0.01018240,0,1
2007-02-08,1448.3101,0.01024111,0,1
2007-02-09,1438.0601,0.01141295,0,1
2007-02-12,1433.3700,0.01250130,0,1
2007-02-13,1444.2600,0.00999512,0,1
2007-02-14,1455.3000,0.01088361,0,1
2007-02-15,1456.8101,0.01149983,0,1
2007-02-16,1455.5400,0.01085083,0,1
2007-02-20,1459.6801,0.01095279,0,1
2007-02-21,1457.6300,0.01120466,0,1
2007-02-22,1456.3800,0.01092191,0,1
2007-02-23,1451.1899,0.01144126,0,1
2007-02-26,1449.3700,0.01185587,1,1
2007-02-27,1399.0400,0.02637465,0,1
2007-02-28,1406.8199,0.01959403,0,1
2007-03-01,1403.1700,0.02091211,0,1
2007-03-02,1387.1700,0.02809324,0,1
2007-03-05,1374.1200,0.03277903,0,1
2007-03-06,1395.4100,0.02147584,0,1
2007-03-07,1391.9700,0.02115064,0,1
2007-03-08,1401.8900,0.01886387,0,1
2007-03-09,1402.8400,0.01770420,0,1
2007-03-12,1406.6000,0.01590631,1,1
2007-03-13,1377.9500,0.02154073,0,1
2007-03-14,1387.1700,0.01803867,0,1
2007-03-15,1392.2800,0.01533489,0,1
2007-03-16,1386.9500,0.01874987,0,1
2007-03-19,1402.0601,0.01700134,0,1
2007-03-20,1410.9399,0.01341866,0,1
2007-03-21,1435.0400,0.01190614,0,1
2007-03-22,1434.5400,0.01491532,0,1
2007-03-23,1436.1100,0.01457689,0,1
2007-03-26,1437.5000,0.01512413,0,1
2007-03-27,1428.6100,0.01674264,0,1
2007-03-28,1417.2300,0.01852864,0,1
2007-03-29,1422.5300,0.01859821,0,1
2007-03-30,1420.8600,0.01773311,0,1
2007-04-02,1424.5500,0.01672526,0,1
2007-04-03,1437.7700,0.01383884,0,1
2007-04-04,1439.3700,0.01314831,0,1
2007-04-05,1443.7600,0.01330789,0,1
2007-04-09,1444.6100,0.01332351,0,1
2007-04-10,1448.3900,0.01272859,0,1
2007-04-11,1438.8700,0.01341134,0,1
2007-04-12,1447.8000,0.01186733,0,1
2007-04-13,1452.8500,0.01052399,0,1
2007-04-16,1468.3300,0.01079523,0,1
2007-04-17,1471.4800,0.01004071,0,1
2007-04-18,1472.5000,0.01051454,0,1
2007-04-19,1470.7300,0.01201188,0,1
2007-04-20,1484.3500,0.01093221,0,1
2007-04-23,1480.9301,0.01358090,0,1
2007-04-24,1480.4100,0.01372494,0,1
2007-04-25,1495.4200,0.01505330,0,1
2007-04-26,1494.2500,0.01423103,0,1
2007-04-27,1494.0699,0.01305490,0,1
2007-04-30,1482.3700,0.01628767,0,1
2007-05-01,1486.3000,0.01478671,0,1
2007-05-02,1495.9200,0.01459936,0,1
2007-05-03,1502.3900,0.01477822,0,1
2007-05-04,1505.6200,0.01447003,0,1
2007-05-07,1509.4800,0.01498187,0,1
2007-05-08,1507.7200,0.01596037,0,1
2007-05-09,1512.5800,0.01528036,0,1
2007-05-10,1491.4700,0.01641609,0,1
2007-05-11,1505.8500,0.01503798,0,1
2007-05-14,1503.1500,0.01748689,0,1
2007-05-15,1501.1899,0.01740382,0,1
2007-05-16,1514.1400,0.01593639,0,1
2007-05-17,1512.7500,0.01638186,0,1
2007-05-18,1522.7500,0.01416994,0,1
2007-05-21,1525.1000,0.01475529,0,1
2007-05-22,1524.1200,0.01455842,0,1
2007-05-23,1522.2800,0.01491270,0,1
2007-05-24,1507.5100,0.01661530,0,1
2007-05-25,1515.7300,0.01437758,0,1
2007-05-29,1518.1100,0.01421477,0,1
2007-05-30,1530.2300,0.01271628,0,1
2007-05-31,1530.6200,0.01363477,0,1
2007-06-01,1536.3400,0.01284056,0,1
2007-06-04,1539.1801,0.01388640,0,1
2007-06-05,1530.9500,0.01439116,0,1
2007-06-06,1517.3800,0.01756831,0,1
2007-06-07,1490.7200,0.02264670,0,1
2007-06-08,1507.6700,0.01708450,0,1
2007-06-11,1509.1200,0.01785642,0,1
2007-06-12,1493.0000,0.02187635,0,1
2007-06-13,1515.6700,0.01745966,0,1
2007-06-14,1522.9700,0.01551527,0,1
2007-06-15,1532.9100,0.01559328,0,1
2007-06-18,1531.0500,0.01547596,0,1
2007-06-19,1533.7000,0.01349160,0,1
2007-06-20,1512.8400,0.01857598,0,1
2007-06-21,1522.1899,0.01768244,0,1
2007-06-22,1502.5601,0.02110708,0,1
2007-06-25,1497.7400,0.02328597,0,1
2007-06-26,1492.8900,0.02897108,0,1
2007-06-27,1506.3400,0.01995199,0,1
2007-06-28,1505.7100,0.02040536,0,1
2007-06-29,1503.3500,0.02288670,0,1
2007-07-02,1519.4301,0.01870222,0,1
2007-07-03,1524.8700,0.01814986,0,1
2007-07-05,1525.4000,0.01856472,0,1
2007-07-06,1530.4399,0.01714982,0,1
2007-07-09,1531.8500,0.01770685,0,1
2007-07-10,1510.1200,0.02334722,0,1
2007-07-11,1518.7600,0.01884581,0,1
2007-07-12,1547.7000,0.01930594,0,1
2007-07-13,1552.5000,0.01813285,0,1
2007-07-16,1549.5200,0.01962650,0,1
2007-07-17,1549.3700,0.02029043,0,1
2007-07-18,1546.1700,0.01852529,0,1
2007-07-19,1553.0800,0.01782517,0,1
2007-07-20,1534.1000,0.02059430,0,1
2007-07-23,1541.5699,0.02035640,0,1
2007-07-24,1511.0400,0.02446386,0,1
2007-07-25,1518.0900,0.02254193,1,1
2007-07-26,1482.6600,0.02817702,0,1
2007-07-27,1458.9500,0.03940741,0,1
2007-07-30,1473.9100,0.02932050,0,1
2007-07-31,1455.2700,0.03763696,0,1
2007-08-01,1465.8101,0.03229127,0,1
2007-08-02,1472.2000,0.02777224,1,1
2007-08-03,1433.0601,0.04026646,0,1
2007-08-06,1467.6700,0.03384213,0,1
2007-08-07,1476.7100,0.03224467,0,1
2007-08-08,1497.4900,0.02852200,1,1
2007-08-09,1453.0900,0.04492125,0,1
2007-08-10,1453.6400,0.05196798,0,1
2007-08-13,1452.9200,0.04381021,0,1
2007-08-14,1426.5400,0.04746509,0,1
2007-08-15,1406.7000,0.05952483,0,1
2007-08-16,1411.2700,0.06545938,0,1
2007-08-17,1445.9399,0.05207329,0,1
2007-08-20,1445.5500,0.04509734,0,1
2007-08-21,1447.1200,0.03958712,0,1
2007-08-22,1464.0699,0.03232352,0,1
2007-08-23,1462.5000,0.03302631,0,1
2007-08-24,1479.3700,0.02723270,0,1
2007-08-27,1466.7900,0.03570276,1,1
2007-08-28,1432.3600,0.04321580,0,1
2007-08-29,1463.7600,0.03637408,0,1
2007-08-30,1457.6400,0.04343704,0,1
2007-08-31,1473.9900,0.04029019,0,1
2007-09-04,1489.4200,0.03899942,0,1
2007-09-05,1472.2900,0.04430006,0,1
2007-09-06,1478.5500,0.04382744,0,1
2007-09-07,1453.5500,0.04760599,0,1
2007-09-10,1451.7000,0.05543296,0,1
2007-09-11,1471.4900,0.05312606,0,1
2007-09-12,1471.5601,0.05590928,0,1
2007-09-13,1483.9500,0.05368523,0,1
2007-09-14,1484.2500,0.05617038,0,1
2007-09-17,1476.6500,0.06599336,0,1
2007-09-18,1519.7800,0.04021479,0,1
2007-09-19,1529.0300,0.04395930,0,1
2007-09-20,1518.7500,0.03680685,0,1
2007-09-21,1525.7500,0.03253559,0,1
2007-09-24,1517.7300,0.03475215,0,1
2007-09-25,1517.2100,0.03728220,0,1
2007-09-26,1525.4200,0.02916646,0,1
2007-09-27,1531.3800,0.02756407,0,1
2007-09-28,1526.7500,0.02947327,0,1
2007-10-01,1547.0400,0.02996743,0,1
2007-10-02,1546.6300,0.03073097,0,1
2007-10-03,1539.5900,0.02960709,0,1
2007-10-04,1542.8400,0.02946371,0,1
2007-10-05,1557.5900,0.02407967,0,1
2007-10-08,1552.5800,0.02596977,0,1
2007-10-09,1565.1500,0.02336866,0,1
2007-10-10,1562.4700,0.02281589,0,1
2007-10-11,1554.4100,0.03102007,0,1
2007-10-12,1561.8000,0.02661914,0,1
2007-10-15,1548.7100,0.03244099,0,1
2007-10-16,1538.5300,0.03352549,0,1
2007-10-17,1541.2400,0.02406671,0,1
2007-10-18,1540.0800,0.02642167,1,1
2007-10-19,1500.6300,0.04135622,0,1
2007-10-22,1506.3300,0.03774896,0,1
2007-10-23,1519.5900,0.03613976,0,1
2007-10-24,1515.8800,0.03480663,0,1
2007-10-25,1514.4000,0.03961472,0,1
2007-10-26,1535.2800,0.03275135,0,1
2007-10-29,1540.9800,0.03612776,0,1
2007-10-30,1531.0200,0.03800330,0,1
2007-10-31,1549.3800,0.03133344,1,1
2007-11-01,1508.4399,0.04621023,0,1
2007-11-02,1509.6500,0.04643924,0,1
2007-11-05,1502.1700,0.05144858,0,1
2007-11-06,1520.2700,0.04171725,1,1
2007-11-07,1475.6200,0.07076886,0,1
2007-11-08,1474.7700,0.06016064,0,1
2007-11-09,1453.7000,0.06609089,0,1
2007-11-12,1439.1801,0.07857317,0,1
2007-11-13,1481.0500,0.04687497,0,1
2007-11-14,1470.5800,0.06515339,0,1
2007-11-15,1451.1500,0.07481219,0,1
2007-11-16,1458.7400,0.05712007,0,1
2007-11-19,1433.2700,0.06329199,0,1
2007-11-20,1439.7000,0.05200868,0,1
2007-11-21,1416.7700,0.05982037,0,1
2007-11-23,1440.7000,0.05484831,1,1
2007-11-26,1407.2200,0.07105645,0,1
2007-11-27,1428.2300,0.06288832,0,1
2007-11-28,1469.0200,0.05420307,0,1
2007-11-29,1469.7200,0.05895590,0,1
2007-11-30,1481.1400,0.04984149,0,1
2007-12-03,1472.4200,0.06421802,0,1
2007-12-04,1462.7900,0.06200202,0,1
2007-12-05,1485.0100,0.04576781,0,1
2007-12-06,1507.3400,0.04034862,0,1
2007-12-07,1504.6600,0.04115370,0,1
2007-12-10,1515.9600,0.03794173,1,1
2007-12-11,1477.6500,0.04540478,0,1
2007-12-12,1486.5900,0.04351395,0,1
2007-12-13,1488.4100,0.03974500,0,1
2007-12-14,1467.9500,0.05684130,0,1
2007-12-17,1445.9000,0.05752119,0,1
2007-12-18,1454.9800,0.04590992,0,1
2007-12-19,1453.0000,0.03947506,0,1
2007-12-20,1460.1200,0.03764173,0,1
2007-12-21,1484.4600,0.02880111,0,1
2007-12-24,1496.4500,0.02854232,0,1
2007-12-26,1497.6600,0.02495249,0,1
2007-12-27,1476.2700,0.03011733,0,1
2007-12-28,1478.4900,0.03310124,0,1
2007-12-31,1468.3600,0.04219181,0,1
2008-01-02,1447.1600,0.03926988,0,1
2008-01-03,1447.1600,0.03901686,1,1
2008-01-04,1411.6300,0.04127558,0,1
2008-01-07,1416.1801,0.04225455,0,1
2008-01-08,1390.1899,0.04662541,0,1
2008-01-09,1409.1300,0.03799591,0,1
2008-01-10,1420.3300,0.03742056,0,1
2008-01-11,1401.0200,0.03891179,0,1
2008-01-14,1416.2500,0.03986487,1,1
2008-01-15,1380.9500,0.04298106,0,1
2008-01-16,1373.2000,0.04855942,1,1
2008-01-17,1333.2500,0.06719786,0,1
2008-01-18,1325.1899,0.05848092,0,1
2008-01-22,1310.5000,0.07122744,0,1
2008-01-23,1338.6000,0.05963660,0,1
2008-01-24,1352.0699,0.06029462,0,1
2008-01-25,1330.6100,0.06207625,0,1
2008-01-28,1353.9600,0.05271740,0,1
2008-01-29,1362.3000,0.04960700,0,1
2008-01-30,1355.8101,0.05642027,0,1
2008-01-31,1378.5500,0.05443242,0,1
2008-02-01,1395.4200,0.03614550,0,1
2008-02-04,1380.8199,0.04210538,1,1
2008-02-05,1336.6400,0.04609481,0,1
2008-02-06,1326.4500,0.05830162,0,1
2008-02-07,1336.9100,0.05175171,0,1
2008-02-08,1331.2900,0.04946348,0,1
2008-02-11,1339.1300,0.04231494,0,1
2008-02-12,1348.8600,0.03716915,0,1
2008-02-13,1367.2100,0.03229299,0,1
2008-02-14,1348.8600,0.03573270,0,1
2008-02-15,1349.9900,0.03691312,0,1
2008-02-19,1348.7800,0.03688458,0,1
2008-02-20,1360.0300,0.04212432,0,1
2008-02-21,1342.5300,0.04325153,0,1
2008-02-22,1353.1100,0.04130941,0,1
2008-02-25,1371.8000,0.03636027,0,1
2008-02-26,1381.2900,0.03021145,0,1
2008-02-27,1380.0200,0.03128123,0,1
2008-02-28,1367.6801,0.03410290,1,1
2008-02-29,1330.6300,0.03802450,0,1
2008-03-03,1331.3400,0.03950526,0,1
2008-03-04,1326.7500,0.04145218,0,1
2008-03-05,1333.7000,0.03711145,1,1
2008-03-06,1304.3400,0.04448963,0,1
2008-03-07,1293.3700,0.04664591,0,1
2008-03-10,1273.3700,0.05772263,0,1
2008-03-11,1320.6500,0.04561630,0,1
2008-03-12,1308.7700,0.04735548,0,1
2008-03-13,1315.4800,0.04150080,1,1
2008-03-14,1288.1400,0.06450249,0,1
2008-03-17,1276.6000,0.06488376,0,1
2008-03-18,1330.7400,0.04532645,1,1
2008-03-19,1298.4200,0.06534160,0,1
2008-03-20,1329.5100,0.05146180,0,1
2008-03-24,1349.8800,0.04670979,0,1
2008-03-25,1352.9900,0.04848875,0,1
2008-03-26,1341.1300,0.04878887,0,1
2008-03-27,1325.7600,0.05080485,0,1
2008-03-28,1315.2200,0.05017103,0,1
2008-03-31,1322.7000,0.06193764,0,1
2008-04-01,1370.1801,0.04529223,0,1
2008-04-02,1367.5300,0.05110888,0,1
2008-04-03,1369.3101,0.05057041,0,1
2008-04-04,1370.4000,0.04516520,0,1
2008-04-07,1372.5400,0.04857219,0,1
2008-04-08,1365.5400,0.04828425,0,1
2008-04-09,1354.4900,0.05234995,0,1
2008-04-10,1360.5500,0.04551884,1,1
2008-04-11,1332.8300,0.05161906,0,1
2008-04-14,1328.3199,0.05979886,0,1
2008-04-15,1334.4301,0.05702730,0,1
2008-04-16,1364.7100,0.04388589,0,1
2008-04-17,1365.5601,0.04215962,0,1
2008-04-18,1390.3300,0.04092455,0,1
2008-04-21,1388.1700,0.03744506,0,1
2008-04-22,1375.9399,0.04489195,0,1
2008-04-23,1379.9301,0.04531159,0,1
2008-04-24,1388.8199,0.04255675,0,1
2008-04-25,1397.8400,0.03988314,0,1
2008-04-28,1396.3700,0.04005796,0,1
2008-04-29,1390.9399,0.04308196,0,1
2008-04-30,1385.5900,0.04329617,0,1
2008-05-01,1409.3400,0.04102374,0,1
2008-05-02,1413.9000,0.03439696,0,1
2008-05-05,1407.4900,0.03743032,0,1
2008-05-06,1418.2600,0.03466959,0,1
2008-05-07,1392.5699,0.04271405,0,1
2008-05-08,1397.6801,0.04097780,0,1
2008-05-09,1388.2800,0.03814119,0,1
2008-05-12,1403.5800,0.02951371,0,1
2008-05-13,1403.0400,0.03087128,0,1
2008-05-14,1408.6600,0.02927145,0,1
2008-05-15,1423.5699,0.02274757,0,1
2008-05-16,1425.3500,0.02384118,0,1
2008-05-19,1426.6300,0.02505947,0,1
2008-05-20,1413.4000,0.02444771,0,1
2008-05-21,1390.7100,0.02960620,0,1
2008-05-22,1394.3500,0.03050966,0,1
2008-05-23,1375.9301,0.03403265,0,1
2008-05-27,1385.3500,0.03654677,0,1
2008-05-28,1390.8400,0.03636315,0,1
2008-05-29,1398.2600,0.03236632,0,1
2008-05-30,1400.3800,0.03018881,0,1
2008-06-02,1385.6700,0.03075064,0,1
2008-06-03,1377.6500,0.03102231,0,1
2008-06-04,1377.2000,0.03042281,0,1
2008-06-05,1404.0500,0.02368339,1,1
2008-06-06,1360.6801,0.03839802,0,1
2008-06-09,1361.7600,0.03956728,0,1
2008-06-10,1358.4399,0.04214280,0,1
2008-06-11,1335.4900,0.04981338,0,1
2008-06-12,1339.8700,0.04402508,0,1
2008-06-13,1360.0300,0.03858035,0,1
2008-06-16,1360.1400,0.03167365,0,1
2008-06-17,1350.9301,0.03204484,0,1
2008-06-18,1337.8101,0.03720135,0,1
2008-06-19,1342.8300,0.03562932,0,1
2008-06-20,1317.9301,0.03859098,0,1
2008-06-23,1318.0000,0.03891010,0,1
2008-06-24,1314.2900,0.03946135,0,1
2008-06-25,1321.9700,0.03678458,1,1
2008-06-26,1283.1500,0.04557807,0,1
2008-06-27,1278.3800,0.04553408,0,1
2008-06-30,1280.0000,0.05230215,0,1
2008-07-01,1284.9100,0.04815348,0,1
2008-07-02,1261.5200,0.06066458,0,1
2008-07-03,1262.9000,0.05522235,0,1
2008-07-07,1252.3101,0.05865480,0,1
2008-07-08,1273.7000,0.04272753,1,1
2008-07-09,1244.6899,0.05010040,0,1
2008-07-10,1253.3900,0.05576484,0,1
2008-07-11,1239.4900,0.06133294,0,1
2008-07-14,1228.3000,0.06833198,0,1
2008-07-15,1214.9100,0.05888001,0,1
2008-07-16,1245.3600,0.04273078,0,1
2008-07-17,1260.3199,0.04237597,0,1
2008-07-18,1260.6801,0.04409844,0,1
2008-07-21,1260.0000,0.04102199,0,1
2008-07-22,1277.0000,0.03233753,0,1
2008-07-23,1282.1899,0.03217212,1,1
2008-07-24,1252.5400,0.03955244,0,1
2008-07-25,1257.7600,0.04013430,0,1
2008-07-28,1234.3700,0.03990305,0,1
2008-07-29,1263.2000,0.03522135,0,1
2008-07-30,1284.2600,0.03449228,0,1
2008-07-31,1267.3800,0.03975643,0,1
2008-08-01,1260.3101,0.03726570,0,1
2008-08-04,1249.0100,0.03982345,0,1
2008-08-05,1284.8800,0.03721148,0,1
2008-08-06,1289.1899,0.03072639,0,1
2008-08-07,1266.0699,0.03154640,0,1
2008-08-08,1296.3199,0.02943849,0,1
2008-08-11,1305.3199,0.02795910,0,1
2008-08-12,1289.5900,0.03004896,0,1
2008-08-13,1285.8300,0.03065828,0,1
2008-08-14,1292.9301,0.02644837,0,1
2008-08-15,1298.2000,0.02460895,0,1
2008-08-18,1278.6000,0.02689157,0,1
2008-08-19,1266.6899,0.03175928,0,1
2008-08-20,1274.5400,0.02943673,0,1
2008-08-21,1277.7200,0.02825319,0,1
2008-08-22,1292.2000,0.02328694,0,1
2008-08-25,1266.8400,0.03054671,0,1
2008-08-26,1271.5100,0.03029412,0,1
2008-08-27,1281.6600,0.02924837,0,1
2008-08-28,1300.6801,0.02826860,0,1
2008-08-29,1282.8300,0.03029432,0,1
2008-09-02,1277.5800,0.03528798,0,1
2008-09-03,1274.9800,0.03197680,1,1
2008-09-04,1236.8300,0.03852406,0,1
2008-09-05,1242.3101,0.03873987,0,1
2008-09-08,1267.7900,0.03629817,1,1
2008-09-09,1224.5100,0.04185695,0,1
2008-09-10,1232.0400,0.04293068,0,1
2008-09-11,1249.0500,0.04686761,0,1
2008-09-12,1251.7000,0.05537000,1,1
2008-09-15,1192.7000,0.08012534,0,1
2008-09-16,1213.6000,0.11336008,1,1
2008-09-17,1156.3900,0.16601200,0,1
2008-09-18,1206.5100,0.17332800,0,1
2008-09-19,1255.0800,0.13750730,1,1
2008-09-22,1207.0900,0.16183007,0,1
2008-09-23,1188.2200,0.19718486,0,1
2008-09-24,1185.8700,0.20799677,0,1
2008-09-25,1209.1801,0.15060516,0,1
2008-09-26,1213.2700,0.21591466,1,1
2008-09-29,1106.4200,0.48096904,0,1
2008-09-30,1166.3600,0.23308119,0,1
2008-10-01,1161.0601,0.33203556,1,1
2008-10-02,1114.2800,0.43411175,0,1
2008-10-03,1099.2300,0.40872697,1,1
2008-10-06,1056.8900,0.53763015,1,1
2008-10-07,996.2300,0.50779195,0,1
2008-10-08,984.9400,0.55549655,1,1
2008-10-09,909.9200,0.67831636,0,1
2008-10-10,899.2200,0.74531201,0,1
2008-10-13,1003.3500,0.53153426,0,1
2008-10-14,998.0100,0.64536362,1,1
2008-10-15,907.8400,0.78628779,0,1
2008-10-16,946.4300,0.72081801,0,1
2008-10-17,940.5500,0.75014586,0,1
2008-10-20,985.4000,0.38588090,1,1
2008-10-21,955.0500,0.40928628,1,1
2008-10-22,896.7800,0.71891299,0,1
2008-10-23,908.1100,0.73011068,1,1
2008-10-24,876.7700,0.84830191,1,1
2008-10-27,848.9200,0.81538329,0,1
2008-10-28,940.5100,0.62262396,0,1
2008-10-29,930.0900,0.71812740,0,1
2008-10-30,954.0900,0.63639785,0,1
2008-10-31,968.7500,0.58608362,0,1
2008-11-03,966.3000,0.49481166,0,1
2008-11-04,1005.7500,0.42479532,1,1
2008-11-05,952.7700,0.43479591,1,1
2008-11-06,904.8800,0.60864628,0,1
2008-11-07,930.9900,0.49310268,0,1
2008-11-10,919.2100,0.54705580,1,1
2008-11-11,898.9500,0.52045436,1,1
2008-11-12,852.3000,0.61782652,0,1
2008-11-13,911.2900,0.44240744,1,1
2008-11-14,873.2900,0.59390691,1,1
2008-11-17,850.7500,0.63858457,0,1
2008-11-18,859.1200,0.57119074,1,1
2008-11-19,806.5800,0.65904347,1,1
2008-11-20,752.4400,0.75786544,0,1
2008-11-21,800.0300,0.61174940,0,1
2008-11-24,851.8100,0.49921941,0,1
2008-11-25,857.3900,0.46695853,0,1
2008-11-26,887.6800,0.36144224,0,1
2008-11-28,896.2400,0.36678803,1,1
2008-12-01,816.2100,0.57013966,0,1
2008-12-02,848.8100,0.48412205,0,1
2008-12-03,870.7400,0.43621898,1,1
2008-12-04,845.2200,0.49674998,0,1
2008-12-05,876.0700,0.38058939,0,1
2008-12-08,909.7000,0.31702390,1,1
2008-12-09,888.6700,0.35027840,0,1
2008-12-10,899.2400,0.21710860,1,1
2008-12-11,873.5900,0.20689911,0,1
2008-12-12,879.7300,0.16434741,0,1
2008-12-15,868.5700,0.22627903,0,1
2008-12-16,913.1800,0.16181736,0,1
2008-12-17,904.4200,0.15591934,1,1
2008-12-18,885.2800,0.13555231,0,1
2008-12-19,887.8800,0.14176734,0,1
2008-12-22,871.6300,0.12980281,0,1
2008-12-23,863.1600,0.11330047,0,1
2008-12-24,868.1500,0.15031902,0,1
2008-12-26,872.8000,0.11857033,0,1
2008-12-29,869.4200,0.12184895,0,1
2008-12-30,890.6400,0.09716693,0,1
2008-12-31,903.2500,0.07636134,0,1
2009-01-02,931.8000,0.08126626,0,1
2009-01-05,927.4500,0.13534388,0,1
2009-01-06,934.7000,0.11992170,1,1
2009-01-07,906.6500,0.16203182,0,1
2009-01-08,909.7300,0.10209783,1,1
2009-01-09,890.3500,0.08319889,1,1
2009-01-12,870.2600,0.12516702,0,1
2009-01-13,871.7900,0.14320166,1,1
2009-01-14,842.6200,0.20023372,0,1
2009-01-15,843.7400,0.21728501,0,1
2009-01-16,850.1200,0.16277364,1,1
2009-01-20,805.2200,0.33877928,0,1
2009-01-21,840.2400,0.15906200,0,1
2009-01-22,827.5000,0.22674227,0,1
2009-01-23,831.9500,0.24775547,0,1
2009-01-26,836.5700,0.21260141,0,1
2009-01-27,845.7100,0.15440476,0,1
2009-01-28,874.0900,0.11811035,1,1
2009-01-29,845.1400,0.15323498,1,1
2009-01-30,825.8800,0.18939904,0,1
2009-02-02,825.4400,0.14365738,0,1
2009-02-03,838.5100,0.13831311,0,1
2009-02-04,832.2300,0.15255503,0,1
2009-02-05,845.8500,0.15062571,0,1
2009-02-06,868.6000,0.14382852,0,1
2009-02-09,869.8900,0.15898527,1,1
2009-02-10,827.1600,0.20398671,0,1
2009-02-11,833.7400,0.17954054,0,1
2009-02-12,835.1900,0.15301756,0,1
2009-02-13,826.8400,0.18442060,1,1
2009-02-17,789.1700,0.25279989,0,1
2009-02-18,788.4200,0.23884183,0,1
2009-02-19,778.9400,0.25121603,0,1
2009-02-20,770.0500,0.27714499,1,1
2009-02-23,743.3300,0.31163182,0,1
2009-02-24,773.1400,0.23611112,0,1
2009-02-25,764.9000,0.22005739,0,1
2009-02-26,752.8300,0.20123175,1,1
2009-02-27,735.0900,0.21666135,1,1
2009-03-02,700.8200,0.28896991,0,1
2009-03-03,696.3300,0.31020326,0,1
2009-03-04,712.8700,0.24210034,1,1
2009-03-05,682.5500,0.26351555,0,1
2009-03-06,683.3800,0.23968626,0,1
2009-03-09,676.5300,0.31286014,0,1
2009-03-10,719.6000,0.25745757,0,1
2009-03-11,721.3600,0.31647017,0,1
2009-03-12,750.7400,0.29540623,0,1
2009-03-13,756.5500,0.28261995,0,1
2009-03-16,753.8900,0.31469324,0,1
2009-03-17,778.1200,0.22794031,0,1
2009-03-18,794.3500,0.19232331,0,1
2009-03-19,784.0400,0.20656693,0,1
2009-03-20,768.5400,0.22332699,0,1
2009-03-23,822.9200,0.19045112,1,1
2009-03-24,806.1200,0.27582214,0,1
2009-03-25,813.8800,0.24076634,0,1
2009-03-26,832.8600,0.21827725,1,1
2009-03-27,815.9400,0.23550033,1,1
2009-03-30,787.5300,0.23683522,0,1
2009-03-31,797.8700,0.21991577,0,1
2009-04-01,811.0800,0.17369820,0,1
2009-04-02,834.3800,0.20619036,0,1
2009-04-03,842.5000,0.18894397,0,1
2009-04-06,835.4800,0.22643360,1,1
2009-04-07,815.5500,0.21766693,0,1
2009-04-08,825.1600,0.19940484,0,1
2009-04-09,856.5600,0.19637707,0,1
2009-04-13,858.7300,0.19075579,1,1
2009-04-14,841.5000,0.20209123,0,1
2009-04-15,852.0600,0.18143114,0,1
2009-04-16,865.3000,0.15006867,0,1
2009-04-17,869.6000,0.16103841,1,1
2009-04-20,832.3900,0.19229563,0,1
2009-04-21,850.0800,0.18030747,0,1
2009-04-22,843.5500,0.17531257,0,1
2009-04-23,851.9200,0.17319559,0,1
2009-04-24,866.2300,0.16120827,0,1
2009-04-27,857.5100,0.19134247,0,1
2009-04-28,855.1600,0.19186532,0,1
2009-04-29,873.6400,0.18004327,0,1
2009-04-30,872.8100,0.19707208,0,1
2009-05-01,877.5200,0.17525993,0,1
2009-05-04,907.2400,0.15320259,0,1
2009-05-05,903.8000,0.14784049,0,1
2009-05-06,919.5300,0.13772136,0,1
2009-05-07,907.3900,0.14290651,0,1
2009-05-08,929.2300,0.13060967,1,1
2009-05-11,909.2400,0.14310593,0,1
2009-05-12,908.3500,0.13317907,1,1
2009-05-13,883.9200,0.17265272,0,1
2009-05-14,893.0700,0.13720300,0,1
2009-05-15,882.8800,0.12339977,0,1
2009-05-18,909.7100,0.11478902,0,1
2009-05-19,908.1300,0.11129705,0,1
2009-05-20,903.4700,0.11521639,0,1
2009-05-21,888.3300,0.10732437,0,1
2009-05-22,887.0000,0.13802255,0,1
2009-05-26,910.3300,0.11197659,0,1
2009-05-27,893.0600,0.14292331,0,1
2009-05-28,906.8300,0.12768133,0,1
2009-05-29,919.1400,0.10015790,0,1
2009-06-01,942.8700,0.13830415,0,1
2009-06-02,944.7400,0.13495907,0,1
2009-06-03,931.7600,0.09944993,0,1
2009-06-04,942.4600,0.08574153,0,1
2009-06-05,940.0900,0.07341340,0,1
2009-06-08,939.1400,0.07022046,0,1
2009-06-09,942.4300,0.06419664,0,1
2009-06-10,939.1500,0.05935933,0,1
2009-06-11,944.8900,0.07029740,0,1
2009-06-12,946.2100,0.06155644,1,1
2009-06-15,923.7200,0.08107467,0,1
2009-06-16,911.9700,0.07257821,0,1
2009-06-17,910.7100,0.05793293,0,1
2009-06-18,918.3700,0.04949033,0,1
2009-06-19,921.2300,0.04054213,1,1
2009-06-22,893.0400,0.05229403,0,1
2009-06-23,895.1000,0.05514796,0,1
2009-06-24,900.9400,0.06515707,0,1
2009-06-25,920.2600,0.05209106,0,1
2009-06-26,918.9000,0.04704138,0,1
2009-06-29,927.2300,0.04345028,0,1
2009-06-30,919.3200,0.04351639,0,1
2009-07-01,923.3300,0.04298241,1,1
2009-07-02,896.4200,0.04724897,0,1
2009-07-06,898.7200,0.04533299,0,1
2009-07-07,881.0300,0.05183039,0,1
2009-07-08,879.5600,0.06171958,0,1
2009-07-09,882.6800,0.05859563,0,1
2009-07-10,879.1300,0.05397804,0,1
2009-07-13,901.0500,0.04286070,0,1
2009-07-14,905.8400,0.03309326,0,1
2009-07-15,932.6800,0.04630826,0,1
2009-07-16,940.7400,0.04457641,0,1
2009-07-17,940.3800,0.03910705,0,1
2009-07-20,951.1300,0.04239724,0,1
2009-07-21,954.5800,0.03700858,0,1
2009-07-22,954.0700,0.03818121,0,1
2009-07-23,976.2900,0.03927153,0,1
2009-07-24,979.2600,0.03796837,0,1
2009-07-27,982.1800,0.03849463,0,1
2009-07-28,979.6200,0.03980391,0,1
2009-07-29,975.1500,0.04168051,0,1
2009-07-30,986.7500,0.04207944,0,1
2009-07-31,987.4800,0.05148254,0,1
2009-08-03,1002.6300,0.04812969,0,1
2009-08-04,1005.6500,0.04284875,0,1
2009-08-05,1002.7200,0.03909835,0,1
2009-08-06,997.0800,0.04138817,0,1
2009-08-07,1010.4800,0.03935356,0,1
2009-08-10,1007.1000,0.04218162,0,1
2009-08-11,994.3500,0.04839871,0,1
2009-08-12,1005.8100,0.04171821,0,1
2009-08-13,1012.7300,0.03159389,0,1
2009-08-14,1004.0900,0.03027999,1,1
2009-08-17,979.7300,0.04039318,0,1
2009-08-18,989.6700,0.03565640,0,1
2009-08-19,996.4600,0.03795362,0,1
2009-08-20,1007.3700,0.03137171,0,1
2009-08-21,1026.1300,0.03002475,0,1
2009-08-24,1025.5699,0.03179105,0,1
2009-08-25,1028.0000,0.03086492,0,1
2009-08-26,1028.1200,0.03326116,0,1
2009-08-27,1030.9800,0.03596706,0,1
2009-08-28,1028.9301,0.03642557,0,1
2009-08-31,1020.6200,0.03584641,1,1
2009-09-01,998.0400,0.04506375,0,1
2009-09-02,994.7500,0.04642659,0,1
2009-09-03,1003.2400,0.04001157,0,1
2009-09-04,1016.4000,0.03314848,0,1
2009-09-08,1025.3900,0.03794425,0,1
2009-09-09,1033.3700,0.03349406,0,1
2009-09-10,1044.1400,0.03398857,0,1
2009-09-11,1042.7300,0.03988649,0,1
2009-09-14,1049.3400,0.03312602,0,1
2009-09-15,1052.6300,0.03552250,0,1
2009-09-16,1068.7600,0.04568654,0,1
2009-09-17,1065.4900,0.04040091,0,1
2009-09-18,1068.3000,0.04239842,0,1
2009-09-21,1064.6600,0.03990458,0,1
2009-09-22,1071.6600,0.03639591,0,1
2009-09-23,1060.8700,0.03441202,0,1
2009-09-24,1050.7800,0.04055226,0,1
2009-09-25,1044.3800,0.04143281,0,1
2009-09-28,1062.9800,0.04455073,0,1
2009-09-29,1060.6100,0.05230149,0,1
2009-09-30,1057.0800,0.05631903,1,1
2009-10-01,1029.8500,0.06801826,0,1
2009-10-02,1025.2100,0.06957403,0,1
2009-10-05,1040.4600,0.06865840,0,1
2009-10-06,1054.7200,0.06086269,0,1
2009-10-07,1057.5800,0.05808889,0,1
2009-10-08,1065.4800,0.04853038,0,1
2009-10-09,1071.4900,0.04625992,0,1
2009-10-12,1076.1899,0.04499579,0,1
2009-10-13,1073.1899,0.04136332,0,1
2009-10-14,1092.0200,0.04382220,0,1
2009-10-15,1096.5601,0.04096229,0,1
2009-10-16,1087.6801,0.04024674,0,1
2009-10-19,1097.9100,0.04082324,0,1
2009-10-20,1091.0601,0.03878325,0,1
2009-10-21,1081.4000,0.04468704,0,1
2009-10-22,1092.9100,0.03975828,0,1
2009-10-23,1079.6000,0.04699090,0,1
2009-10-26,1066.9500,0.05279817,0,1
2009-10-27,1063.4100,0.04766697,0,1
2009-10-28,1042.6300,0.06153686,0,1
2009-10-29,1066.1100,0.05118993,1,1
2009-10-30,1036.1899,0.06868178,0,1
2009-11-02,1042.8800,0.07227138,0,1
2009-11-03,1045.4100,0.06937150,0,1
2009-11-04,1046.5000,0.06268120,0,1
2009-11-05,1066.6300,0.04925236,0,1
2009-11-06,1069.3000,0.05133996,0,1
2009-11-09,1093.0800,0.05659262,0,1
2009-11-10,1093.0100,0.05711115,0,1
2009-11-11,1098.5100,0.04970950,0,1
2009-11-12,1087.2400,0.05628205,0,1
2009-11-13,1093.4800,0.04993227,0,1
2009-11-16,1109.3000,0.05105600,0,1
2009-11-17,1110.3199,0.04557424,0,1
2009-11-18,1109.8000,0.04727871,0,1
2009-11-19,1094.9000,0.04991945,0,1
2009-11-20,1091.3800,0.04892962,0,1
2009-11-23,1106.2400,0.04086731,0,1
2009-11-24,1105.6500,0.03946108,0,1
2009-11-25,1110.6300,0.04061794,0,1
2009-11-27,1091.4900,0.05997353,0,1
2009-11-30,1095.6300,0.05351953,0,1
2009-12-01,1108.8600,0.04246198,0,1
2009-12-02,1109.2400,0.03790783,0,1
2009-12-03,1099.9200,0.04881658,0,1
2009-12-04,1105.9800,0.03917484,0,1
2009-12-07,1103.2500,0.04311333,0,1
2009-12-08,1091.9399,0.04633620,0,1
2009-12-09,1095.9500,0.04153066,0,1
2009-12-10,1102.3500,0.03716430,0,1
2009-12-11,1106.4100,0.03569434,0,1
2009-12-14,1114.1100,0.03074448,0,1
2009-12-15,1107.9301,0.03494196,0,1
2009-12-16,1109.1801,0.03652341,0,1
2009-12-17,1096.0800,0.03932934,0,1
2009-12-18,1102.4700,0.03468158,0,1
2009-12-21,1114.0500,0.03091810,0,1
2009-12-22,1118.0200,0.02614537,0,1
2009-12-23,1120.5900,0.02502039,0,1
2009-12-24,1126.4800,0.02446604,0,1
2009-12-28,1127.7800,0.02834385,0,1
2009-12-29,1126.2000,0.02491264,0,1
2009-12-30,1126.4200,0.02499228,0,1
2009-12-31,1115.1000,0.03050603,0,1
2010-01-04,1132.9900,0.02642837,0,1
2010-01-05,1136.5200,0.02452101,0,1
2010-01-06,1137.1400,0.02494430,0,1
2010-01-07,1141.6899,0.02652194,0,1
2010-01-08,1144.9800,0.02360879,0,1
2010-01-11,1146.9800,0.02104496,0,1
2010-01-12,1136.2200,0.02163954,0,1
2010-01-13,1145.6801,0.01865863,0,1
2010-01-14,1148.4600,0.01983352,0,1
2010-01-15,1136.0300,0.02039633,0,1
2010-01-19,1150.2300,0.01871027,0,1
2010-01-20,1138.0400,0.02221542,0,1
2010-01-21,1116.4800,0.02786996,1,1
2010-01-22,1091.7600,0.03901424,0,1
2010-01-25,1096.7800,0.03762834,0,1
2010-01-26,1092.1700,0.03979895,0,1
2010-01-27,1097.5000,0.03362312,0,1
2010-01-28,1084.5300,0.04023724,0,1
2010-01-29,1073.8700,0.03768663,0,1
2010-02-01,1089.1899,0.03320155,0,1
2010-02-02,1103.3199,0.03004283,0,1
2010-02-03,1097.2800,0.03222614,1,1
2010-02-04,1063.1100,0.04878868,0,1
2010-02-05,1066.1899,0.04591566,0,1
2010-02-08,1056.7400,0.04620169,0,1
2010-02-09,1070.5200,0.04314921,0,1
2010-02-10,1068.1300,0.03985696,0,1
2010-02-11,1078.4700,0.03524676,0,1
2010-02-12,1075.5100,0.03547545,0,1
2010-02-16,1094.8700,0.03060501,0,1
2010-02-17,1099.5100,0.03197412,0,1
2010-02-18,1106.7500,0.02728316,0,1
2010-02-19,1109.1700,0.02824449,0,1
2010-02-22,1108.0100,0.02668053,0,1
2010-02-23,1094.6000,0.02917054,0,1
2010-02-24,1105.2400,0.02668435,0,1
2010-02-25,1102.9399,0.02639339,0,1
2010-02-26,1104.4900,0.02696211,0,1
2010-03-01,1115.7100,0.02362091,0,1
2010-03-02,1118.3101,0.02427454,0,1
2010-03-03,1118.7900,0.02360261,0,1
2010-03-04,1122.9700,0.02281297,0,1
2010-03-05,1138.7000,0.02123685,0,1
2010-03-08,1138.5000,0.02117962,0,1
2010-03-09,1140.4500,0.02152693,0,1
2010-03-10,1145.6100,0.02085992,0,1
2010-03-11,1150.2400,0.01894698,0,1
2010-03-12,1149.9900,0.01786447,0,1
2010-03-15,1150.5100,0.01692252,0,1
2010-03-16,1159.4600,0.01618813,0,1
2010-03-17,1166.2100,0.01571407,0,1
2010-03-18,1165.8300,0.01571786,0,1
2010-03-19,1159.9000,0.01519399,0,1
2010-03-22,1165.8101,0.01394377,0,1
2010-03-23,1174.1700,0.01438386,0,1
2010-03-24,1167.7200,0.01543525,0,1
2010-03-25,1165.7300,0.01778201,0,1
2010-03-26,1166.5900,0.01706474,0,1
2010-03-29,1173.2200,0.01632998,0,1
2010-03-30,1173.2700,0.01483705,0,1
2010-03-31,1169.4301,0.01604822,0,1
2010-04-01,1178.1000,0.01469247,0,1
2010-04-05,1187.4399,0.01432786,0,1
2010-04-06,1189.4399,0.01330647,0,1
2010-04-07,1182.4500,0.01385766,0,1
2010-04-08,1186.4399,0.01482903,0,1
2010-04-09,1194.3700,0.01419157,0,1
2010-04-12,1196.4800,0.01281608,0,1
2010-04-13,1197.3000,0.01293534,0,1
2010-04-14,1210.6500,0.01163442,0,1
2010-04-15,1211.6700,0.01229063,0,1
2010-04-16,1192.1300,0.01265042,0,1
2010-04-19,1197.5200,0.01381716,0,1
2010-04-20,1207.1700,0.01208015,0,1
2010-04-21,1205.9399,0.01367683,0,1
2010-04-22,1208.6700,0.01327541,0,1
2010-04-23,1217.2800,0.01413450,0,1
2010-04-26,1212.0500,0.01605628,1,1
2010-04-27,1183.7100,0.02621221,0,1
2010-04-28,1191.3600,0.01949293,0,1
2010-04-29,1206.7800,0.01491723,0,1
2010-04-30,1186.6899,0.02298787,0,1
2010-05-03,1202.2600,0.02005343,1,1
2010-05-04,1173.6000,0.02766456,0,1
2010-05-05,1165.8700,0.03249805,1,1
2010-05-06,1128.1500,0.07546337,0,1
2010-05-07,1110.8800,0.11824999,0,1
2010-05-10,1159.7300,0.04586783,0,1
2010-05-11,1155.7900,0.04836122,0,1
2010-05-12,1171.6700,0.04170073,0,1
2010-05-13,1157.4399,0.03935878,0,1
2010-05-14,1135.6801,0.05063585,0,1
2010-05-17,1136.9399,0.04615701,0,1
2010-05-18,1120.8000,0.06414644,0,1
2010-05-19,1115.0500,0.07012385,1,1
2010-05-20,1071.5900,0.13890059,0,1
2010-05-21,1087.6899,0.10725228,0,1
2010-05-24,1073.6500,0.09342567,0,1
2010-05-25,1074.0300,0.08164116,0,1
2010-05-26,1067.9500,0.07974172,0,1
2010-05-27,1103.0601,0.05312806,0,1
2010-05-28,1089.4100,0.07127870,0,1
2010-06-01,1070.7100,0.10188685,0,1
2010-06-02,1098.3800,0.06327721,0,1
2010-06-03,1102.8300,0.05810471,1,1
2010-06-04,1064.8800,0.09849717,0,1
2010-06-07,1050.4700,0.10632152,0,1
2010-06-08,1062.0000,0.08635018,0,1
2010-06-09,1055.6899,0.08237884,0,1
2010-06-10,1086.8400,0.06555320,0,1
2010-06-11,1091.6000,0.05721259,0,1
2010-06-14,1089.6300,0.05584828,0,1
2010-06-15,1115.2300,0.04499830,0,1
2010-06-16,1114.6100,0.05007915,0,1
2010-06-17,1116.0400,0.04704240,0,1
2010-06-18,1117.5100,0.04086655,0,1
2010-06-21,1113.2000,0.04331248,0,1
2010-06-22,1095.3101,0.05079032,0,1
2010-06-23,1092.0400,0.04843011,0,1
2010-06-24,1073.6899,0.05924281,0,1
2010-06-25,1076.7600,0.05334707,0,1
2010-06-28,1074.5699,0.05430810,1,1
2010-06-29,1041.2400,0.08000232,0,1
2010-06-30,1030.7100,0.08162859,0,1
2010-07-01,1027.3700,0.07307326,0,1
2010-07-02,1022.5800,0.06013842,0,1
2010-07-06,1028.0601,0.05957079,0,1
2010-07-07,1060.2700,0.04892690,0,1
2010-07-08,1070.2500,0.04876838,0,1
2010-07-09,1077.9600,0.04445264,0,1
2010-07-12,1078.7500,0.04006597,0,1
2010-07-13,1095.3400,0.04224841,0,1
2010-07-14,1095.1700,0.04092488,0,1
2010-07-15,1096.4800,0.04176610,1,1
2010-07-16,1064.8800,0.04527516,0,1
2010-07-19,1071.2500,0.04799244,0,1
2010-07-20,1083.4800,0.04115512,0,1
2010-07-21,1069.5900,0.05069277,0,1
2010-07-22,1093.6700,0.04964851,0,1
2010-07-23,1102.6600,0.04346151,0,1
2010-07-26,1115.0100,0.03867118,0,1
2010-07-27,1113.8400,0.03748951,0,1
2010-07-28,1106.1300,0.04163009,0,1
2010-07-29,1101.5300,0.04233107,0,1
2010-07-30,1101.6000,0.03888706,0,1
2010-08-02,1125.8600,0.03114619,0,1
2010-08-03,1120.4600,0.03484991,0,1
2010-08-04,1127.2400,0.03393447,0,1
2010-08-05,1125.8101,0.03483768,0,1
2010-08-06,1121.6400,0.03241786,0,1
2010-08-09,1127.7900,0.03083704,0,1
2010-08-10,1121.0601,0.03334171,1,1
2010-08-11,1089.4700,0.04722728,0,1
2010-08-12,1083.6100,0.05344135,0,1
2010-08-13,1079.2500,0.05829045,0,1
2010-08-16,1079.3800,0.05145038,0,1
2010-08-17,1092.5400,0.03745059,0,1
2010-08-18,1094.1600,0.04024919,0,1
2010-08-19,1075.6300,0.04755324,0,1
2010-08-20,1071.6899,0.04804152,0,1
2010-08-23,1067.3600,0.04780175,0,1
2010-08-24,1051.8700,0.05314931,0,1
2010-08-25,1055.3300,0.04658648,0,1
2010-08-26,1047.2200,0.05195612,0,1
2010-08-27,1064.5900,0.04076723,0,1
2010-08-30,1048.9200,0.05384712,0,1
2010-08-31,1049.3300,0.05022407,0,1
2010-09-01,1080.2900,0.04287548,0,1
2010-09-02,1090.1000,0.04222464,0,1
2010-09-03,1104.5100,0.03402324,0,1
2010-09-07,1091.8400,0.04350013,0,1
2010-09-08,1098.8700,0.04056302,0,1
2010-09-09,1104.1801,0.03879598,0,1
2010-09-10,1109.5500,0.03286337,0,1
2010-09-13,1121.9000,0.03018797,0,1
2010-09-14,1121.1000,0.03096202,0,1
2010-09-15,1125.0699,0.03212968,0,1
2010-09-16,1124.6600,0.02989241,0,1
2010-09-17,1125.5900,0.03059872,0,1
2010-09-20,1142.7100,0.02918536,0,1
2010-09-21,1139.7800,0.03226449,0,1
2010-09-22,1134.2800,0.03414599,0,1
2010-09-23,1124.8300,0.03803711,0,1
2010-09-24,1148.6700,0.03102721,0,1
2010-09-27,1142.1600,0.03470641,0,1
2010-09-28,1147.7000,0.03253543,0,1
2010-09-29,1144.7300,0.03256371,0,1
2010-09-30,1141.2000,0.03157497,0,1
2010-10-01,1146.2400,0.02827771,0,1
2010-10-04,1137.0300,0.03267114,0,1
2010-10-05,1160.7500,0.02715165,0,1
2010-10-06,1159.9700,0.02726939,0,1
2010-10-07,1158.0601,0.02781724,0,1
2010-10-08,1165.1500,0.02430083,0,1
2010-10-11,1165.3199,0.02105932,0,1
2010-10-12,1169.7700,0.02048365,0,1
2010-10-13,1178.1000,0.01988203,0,1
2010-10-14,1173.8101,0.02028726,0,1
2010-10-15,1176.1899,0.01906885,0,1
2010-10-18,1184.7100,0.01992711,0,1
2010-10-19,1165.9000,0.02519400,0,1
2010-10-20,1178.1700,0.02411741,0,1
2010-10-21,1180.2600,0.02464579,0,1
2010-10-22,1183.0800,0.02450867,0,1
2010-10-25,1185.6200,0.02773692,0,1
2010-10-26,1185.6400,0.02822898,0,1
2010-10-27,1182.4500,0.02884172,0,1
2010-10-28,1183.7800,0.02954791,0,1
2010-10-29,1183.2600,0.02997697,0,1
2010-11-01,1184.3800,0.03176935,0,1
2010-11-02,1193.5699,0.03337488,0,1
2010-11-03,1197.9600,0.02472185,0,1
2010-11-04,1221.0601,0.02437017,0,1
2010-11-05,1225.8500,0.02314328,0,1
2010-11-08,1223.2500,0.02099994,0,1
2010-11-09,1213.4000,0.02275707,0,1
2010-11-10,1218.7100,0.01900587,0,1
2010-11-11,1213.5400,0.01870525,0,1
2010-11-12,1199.2100,0.02296843,0,1
2010-11-15,1197.7500,0.02318443,0,1
2010-11-16,1178.3400,0.02804950,0,1
2010-11-17,1178.5900,0.02705070,0,1
2010-11-18,1196.6899,0.02245321,0,1
2010-11-19,1199.7300,0.02159082,0,1
2010-11-22,1197.8400,0.02012552,0,1
2010-11-23,1180.7300,0.02329086,0,1
2010-11-24,1198.3500,0.02129373,0,1
2010-11-26,1189.4000,0.02963228,0,1
2010-11-29,1187.7600,0.02694026,0,1
2010-11-30,1180.5500,0.03269208,0,1
2010-12-01,1206.0699,0.02626980,0,1
2010-12-02,1221.5300,0.02273306,0,1
2010-12-03,1224.7100,0.01992339,0,1
2010-12-06,1223.1200,0.01816965,0,1
2010-12-07,1223.7500,0.02054514,0,1
2010-12-08,1228.2800,0.02066554,0,1
2010-12-09,1233.0000,0.01810831,0,1
2010-12-10,1240.4000,0.01915787,0,1
2010-12-13,1240.4600,0.01882209,0,1
2010-12-14,1241.5900,0.01976269,0,1
2010-12-15,1235.2300,0.02087348,0,1
2010-12-16,1242.8700,0.01712020,0,1
2010-12-17,1243.9100,0.01424347,0,1
2010-12-20,1247.0800,0.01515536,0,1
2010-12-21,1254.6000,0.01577740,0,1
2010-12-22,1258.8400,0.01454289,0,1
2010-12-23,1256.7700,0.01492614,0,1
2010-12-27,1257.5400,0.01745046,0,1
2010-12-28,1258.5100,0.01684434,0,1
2010-12-29,1259.7800,0.01729801,0,1
2010-12-30,1257.8800,0.01832201,0,1
2010-12-31,1257.6400,0.02019592,0,1
2011-01-03,1271.8700,0.01758230,0,1
2011-01-04,1270.2000,0.01874765,0,1
2011-01-05,1276.5601,0.01880769,0,1
2011-01-06,1273.8500,0.02021093,0,1
2011-01-07,1271.5000,0.01852650,0,1
2011-01-10,1269.7500,0.01891343,0,1
2011-01-11,1274.4800,0.01650404,0,1
2011-01-12,1285.9600,0.01703038,0,1
2011-01-13,1283.7600,0.01699432,0,1
2011-01-14,1293.2400,0.01527867,0,1
2011-01-18,1295.0200,0.01443103,0,1
2011-01-19,1281.9200,0.01862813,0,1
2011-01-20,1280.2600,0.01958330,0,1
2011-01-21,1283.3500,0.01793378,0,1
2011-01-24,1290.8400,0.01751745,0,1
2011-01-25,1291.1801,0.01643924,0,1
2011-01-26,1296.6300,0.01587206,0,1
2011-01-27,1299.5400,0.01567859,0,1
2011-01-28,1276.3400,0.02372226,0,1
2011-01-31,1286.1200,0.02361733,0,1
2011-02-01,1307.5900,0.02035226,0,1
2011-02-02,1304.0300,0.02155555,0,1
2011-02-03,1307.1000,0.02055746,0,1
2011-02-04,1310.8700,0.01962758,0,1
2011-02-07,1319.0500,0.02172017,0,1
2011-02-08,1324.5699,0.01987356,0,1
2011-02-09,1320.8800,0.01781454,0,1
2011-02-10,1321.8700,0.01779277,0,1
2011-02-11,1329.1500,0.01689052,0,1
2011-02-14,1332.3199,0.01865490,0,1
2011-02-15,1328.0100,0.01564436,0,1
2011-02-16,1336.3199,0.01710236,0,1
2011-02-17,1340.4301,0.01798012,0,1
2011-02-18,1343.0100,0.01688548,1,1
2011-02-22,1315.4399,0.02996970,0,1
2011-02-23,1307.4000,0.03750913,0,1
2011-02-24,1306.1000,0.03362175,0,1
2011-02-25,1319.8800,0.02362506,0,1
2011-02-28,1327.2200,0.02177968,0,1
2011-03-01,1306.3300,0.03078692,0,1
2011-03-02,1308.4399,0.03017839,0,1
2011-03-03,1330.9700,0.02490158,0,1
2011-03-04,1321.1500,0.02397752,0,1
2011-03-07,1310.1300,0.02975551,0,1
2011-03-08,1321.8199,0.02712275,0,1
2011-03-09,1320.0200,0.02705858,0,1
2011-03-10,1295.1100,0.03518364,0,1
2011-03-11,1304.2800,0.02926425,0,1
2011-03-14,1296.3900,0.02906269,0,1
2011-03-15,1281.8700,0.03894321,0,1
2011-03-16,1256.8800,0.05370569,0,1
2011-03-17,1273.7200,0.04273028,0,1
2011-03-18,1279.2100,0.03648157,0,1
2011-03-21,1298.3800,0.02850959,0,1
2011-03-22,1293.7700,0.03064752,0,1
2011-03-23,1297.5400,0.02741910,0,1
2011-03-24,1309.6600,0.02483206,0,1
2011-03-25,1313.8000,0.02393364,0,1
2011-03-28,1310.1899,0.02670264,0,1
2011-03-29,1319.4399,0.02279566,0,1
2011-03-30,1328.2600,0.02299032,0,1
2011-03-31,1325.8300,0.02129145,0,1
2011-04-01,1332.4100,0.01756480,0,1
2011-04-04,1332.8700,0.01829971,0,1
2011-04-05,1332.6300,0.01784607,0,1
2011-04-06,1335.5400,0.01876026,0,1
2011-04-07,1333.5100,0.01888139,0,1
2011-04-08,1328.1700,0.02008399,0,1
2011-04-11,1324.4600,0.01885281,0,1
2011-04-12,1314.1600,0.01918952,0,1
2011-04-13,1314.4100,0.01856899,0,1
2011-04-14,1314.5200,0.01513593,0,1
2011-04-15,1319.6801,0.01158305,0,1
2011-04-18,1305.1400,0.01318469,0,1
2011-04-19,1312.6200,0.01204491,0,1
2011-04-20,1330.3600,0.01084292,0,1
2011-04-21,1337.3800,0.01036876,0,1
2011-04-25,1335.2500,0.01205064,0,1
2011-04-26,1347.2400,0.01321947,0,1
2011-04-27,1355.6600,0.01249819,0,1
2011-04-28,1360.4800,0.01201878,0,1
2011-04-29,1363.6100,0.01122847,0,1
2011-05-02,1361.2200,0.01374996,0,1
2011-05-03,1356.6200,0.01355464,0,1
2011-05-04,1347.3199,0.01488305,0,1
2011-05-05,1335.1000,0.01613717,0,1
2011-05-06,1340.2000,0.01836409,0,1
2011-05-09,1346.2900,0.01569317,0,1
2011-05-10,1357.1600,0.01380931,0,1
2011-05-11,1342.0800,0.01558534,0,1
2011-05-12,1348.6500,0.01595030,0,1
2011-05-13,1337.7700,0.01766548,0,1
2011-05-16,1329.4700,0.01957621,0,1
2011-05-17,1328.9800,0.02010483,0,1
2011-05-18,1340.6801,0.01783075,0,1
2011-05-19,1343.6000,0.01323688,0,1
2011-05-20,1333.2700,0.01541081,0,1
2011-05-23,1317.3700,0.01912549,0,1
2011-05-24,1316.2800,0.01908100,0,1
2011-05-25,1320.4700,0.01700201,0,1
2011-05-26,1325.6899,0.01376660,0,1
2011-05-27,1331.1000,0.01323418,0,1
2011-05-31,1345.2000,0.01387245,1,1
2011-06-01,1314.5500,0.01929943,0,1
2011-06-02,1312.9399,0.02070535,0,1
2011-06-03,1300.1600,0.02172257,0,1
2011-06-06,1286.1700,0.02333844,0,1
2011-06-07,1284.9399,0.02187686,0,1
2011-06-08,1279.5601,0.02281073,0,1
2011-06-09,1289.0000,0.02207192,0,1
2011-06-10,1270.9800,0.02334172,0,1
2011-06-13,1271.8300,0.02295762,0,1
2011-06-14,1287.8700,0.01853865,0,1
2011-06-15,1265.4200,0.02335899,0,1
2011-06-16,1267.6400,0.02495348,0,1
2011-06-17,1271.5000,0.02439708,0,1
2011-06-20,1278.3600,0.02376921,0,1
2011-06-21,1295.5200,0.02241036,0,1
2011-06-22,1287.1400,0.02110534,0,1
2011-06-23,1283.5000,0.02171562,0,1
2011-06-24,1268.4500,0.02498755,0,1
2011-06-27,1280.1000,0.02188413,0,1
2011-06-28,1296.6700,0.02031561,0,1
2011-06-29,1307.4100,0.01553079,0,1
2011-06-30,1320.6400,0.01778141,0,1
2011-07-01,1339.6700,0.01873603,0,1
2011-07-05,1337.8800,0.01718536,0,1
2011-07-06,1339.2200,0.01711412,0,1
2011-07-07,1353.2200,0.01660902,0,1
2011-07-08,1343.8000,0.01675688,0,1
2011-07-11,1319.4900,0.01758261,0,1
2011-07-12,1313.6400,0.02221734,0,1
2011-07-13,1317.7200,0.02059576,0,1
2011-07-14,1308.8700,0.02227914,0,1
2011-07-15,1316.1400,0.01737937,0,1
2011-07-18,1305.4399,0.02306161,0,1
2011-07-19,1326.7300,0.01952194,0,1
2011-07-20,1325.8400,0.02126927,0,1
2011-07-21,1343.8000,0.01960053,0,1
2011-07-22,1345.0200,0.01994274,0,1
2011-07-25,1337.4301,0.02489536,0,1
2011-07-26,1331.9399,0.02601715,1,1
2011-07-27,1304.8900,0.03294381,0,1
2011-07-28,1300.6700,0.03352309,0,1
2011-07-29,1292.2800,0.03694286,0,1
2011-08-01,1286.9399,0.03596000,1,1
2011-08-02,1254.0500,0.03693280,0,1
2011-08-03,1260.3400,0.03320554,1,1
2011-08-04,1200.0699,0.05822922,0,1
2011-08-05,1199.3800,0.05847323,1,1
2011-08-08,1119.4600,0.15724820,0,1
2011-08-09,1172.5300,0.07575374,1,1
2011-08-10,1120.7600,0.13838397,0,1
2011-08-11,1172.6400,0.12439735,0,1
2011-08-12,1178.8101,0.10379464,0,1
2011-08-15,1204.4900,0.07853592,0,1
2011-08-16,1192.7600,0.08446451,0,1
2011-08-17,1193.8900,0.07603952,1,1
2011-08-18,1140.6500,0.16606585,0,1
2011-08-19,1123.5300,0.17186028,0,1
2011-08-22,1123.8199,0.19489604,0,1
2011-08-23,1162.3500,0.12905424,0,1
2011-08-24,1177.6000,0.13033799,0,1
2011-08-25,1159.2700,0.17577646,0,1
2011-08-26,1176.8000,0.13219284,0,1
2011-08-29,1210.0800,0.10544019,0,1
2011-08-30,1212.9200,0.11909987,0,1
2011-08-31,1218.8900,0.11609596,0,1
2011-09-01,1204.4200,0.12418849,1,1
2011-09-02,1173.9700,0.13887168,0,1
2011-09-06,1165.2400,0.15226403,0,1
2011-09-07,1198.6200,0.11462251,0,1
2011-09-08,1185.9000,0.12493992,1,1
2011-09-09,1154.2300,0.16231748,0,1
2011-09-12,1162.2700,0.16868601,0,1
2011-09-13,1172.8700,0.14008314,0,1
2011-09-14,1188.6801,0.12497635,0,1
2011-09-15,1209.1100,0.09694435,0,1
2011-09-16,1216.0100,0.09072247,0,1
2011-09-19,1204.0900,0.10193791,0,1
2011-09-20,1202.0900,0.11465018,1,1
2011-09-21,1166.7600,0.15627095,1,1
2011-09-22,1129.5601,0.18454348,0,1
2011-09-23,1136.4301,0.18008914,0,1
2011-09-26,1162.9500,0.14645765,0,1
2011-09-27,1175.3800,0.13115491,1,1
2011-09-28,1151.0601,0.16795560,0,1
2011-09-29,1160.4000,0.14366263,1,1
2011-09-30,1131.4200,0.17996639,1,1
2011-10-03,1099.2300,0.22712794,0,1
2011-10-04,1123.9500,0.16499401,0,1
2011-10-05,1144.0300,0.14940567,0,1
2011-10-06,1164.9700,0.13783912,0,1
2011-10-07,1155.4600,0.13509250,0,1
2011-10-10,1194.8900,0.11243573,0,1
2011-10-11,1195.5400,0.10084413,0,1
2011-10-12,1207.2500,0.09196300,0,1
2011-10-13,1203.6600,0.08490132,0,1
2011-10-14,1224.5800,0.06973279,0,1
2011-10-17,1200.8600,0.10165400,0,1
2011-10-18,1225.3800,0.08237480,0,1
2011-10-19,1209.8800,0.10982311,0,1
2011-10-20,1215.3900,0.11461874,0,1
2011-10-21,1238.2500,0.08025401,0,1
2011-10-24,1254.1899,0.08363486,1,1
2011-10-25,1229.0500,0.09704714,0,1
2011-10-26,1242.0000,0.08728426,0,1
2011-10-27,1284.5900,0.06149561,0,1
2011-10-28,1285.0900,0.06886048,1,1
2011-10-31,1253.3000,0.09318490,1,1
2011-11-01,1218.2800,0.11324232,0,1
2011-11-02,1237.9000,0.09399234,0,1
2011-11-03,1261.1500,0.08924997,0,1
2011-11-04,1253.2300,0.07181603,0,1
2011-11-07,1261.1200,0.07727149,0,1
2011-11-08,1275.9200,0.06215029,1,1
2011-11-09,1229.1000,0.11761969,0,1
2011-11-10,1239.7000,0.08518671,0,1
2011-11-11,1263.8500,0.07606982,0,1
2011-11-14,1251.7800,0.08609405,0,1
2011-11-15,1257.8101,0.07914807,0,1
2011-11-16,1236.9100,0.08639278,0,1
2011-11-17,1216.1300,0.09981873,0,1
2011-11-18,1215.6500,0.08878272,0,1
2011-11-21,1192.9800,0.09737320,0,1
2011-11-22,1188.0400,0.09576313,1,1
2011-11-23,1161.7900,0.10264442,0,1
2011-11-25,1158.6700,0.10919186,0,1
2011-11-28,1192.5500,0.08629172,0,1
2011-11-29,1195.1899,0.08690461,0,1
2011-11-30,1246.9600,0.07919833,0,1
2011-12-01,1244.5800,0.08535168,0,1
2011-12-02,1244.2800,0.08000329,0,1
2011-12-05,1257.0800,0.08027836,0,1
2011-12-06,1258.4700,0.08918611,0,1
2011-12-07,1261.0100,0.08541444,1,1
2011-12-08,1234.3500,0.09731912,0,1
2011-12-09,1255.1899,0.06368612,0,1
2011-12-12,1236.4700,0.05203931,0,1
2011-12-13,1225.7300,0.05091815,0,1
2011-12-14,1211.8199,0.05100442,0,1
2011-12-15,1215.7500,0.04452743,0,1
2011-12-16,1219.6600,0.04525632,0,1
2011-12-19,1205.3500,0.05119465,0,1
2011-12-20,1241.3000,0.04114582,0,1
2011-12-21,1243.7200,0.04303290,0,1
2011-12-22,1254.0000,0.04107856,0,1
2011-12-23,1265.3300,0.03894774,0,1
2011-12-27,1265.4301,0.04978263,0,1
2011-12-28,1249.6400,0.05476350,0,1
2011-12-29,1263.0200,0.05774146,0,1
2011-12-30,1257.6000,0.05432099,0,1
2012-01-03,1277.0601,0.04753796,0,1
2012-01-04,1277.3000,0.04181278,0,1
2012-01-05,1281.0601,0.03657371,0,1
2012-01-06,1277.8101,0.03708363,0,1
2012-01-09,1280.7000,0.03521261,0,1
2012-01-10,1292.0800,0.03342205,0,1
2012-01-11,1292.4800,0.03330480,0,1
2012-01-12,1295.5000,0.02786885,0,1
2012-01-13,1289.0900,0.02807221,0,1
2012-01-17,1293.6700,0.03043445,0,1
2012-01-18,1308.0400,0.02326872,0,1
2012-01-19,1314.5000,0.02075466,0,1
2012-01-20,1315.3800,0.01601624,0,1
2012-01-23,1316.0000,0.02000345,0,1
2012-01-24,1314.6500,0.02021998,0,1
2012-01-25,1326.0601,0.02151445,0,1
2012-01-26,1318.4301,0.02263871,0,1
2012-01-27,1316.3300,0.02219611,0,1
2012-01-30,1313.0100,0.02596133,0,1
2012-01-31,1312.4100,0.02705894,0,1
2012-02-01,1324.0900,0.02262098,0,1
2012-02-02,1325.5400,0.02086695,0,1
2012-02-03,1344.9000,0.01773250,0,1
2012-02-06,1344.3300,0.01820312,0,1
2012-02-07,1347.0500,0.01921282,0,1
2012-02-08,1349.9600,0.01870696,0,1
2012-02-09,1351.9500,0.01758370,0,1
2012-02-10,1342.6400,0.01917043,0,1
2012-02-13,1351.7700,0.01731088,0,1
2012-02-14,1350.5000,0.01739318,0,1
2012-02-15,1343.2300,0.01905257,0,1
2012-02-16,1358.0400,0.01545538,0,1
2012-02-17,1361.2300,0.01403344,0,1
2012-02-21,1362.2100,0.01539586,0,1
2012-02-22,1357.6600,0.01636550,0,1
2012-02-23,1363.4600,0.01391993,0,1
2012-02-24,1365.7400,0.01335423,0,1
2012-02-27,1367.5900,0.01406216,0,1
2012-02-28,1372.1801,0.01422472,0,1
2012-02-29,1365.6801,0.01532682,0,1
2012-03-01,1374.0900,0.01307706,0,1
2012-03-02,1369.6300,0.01484863,0,1
2012-03-05,1364.3300,0.01377276,0,1
2012-03-06,1343.3600,0.01795390,0,1
2012-03-07,1352.6300,0.01497514,0,1
2012-03-08,1365.9100,0.01398770,0,1
2012-03-09,1370.8700,0.01305870,0,1
2012-03-12,1371.0900,0.00786681,0,1
2012-03-13,1395.9500,0.01079069,0,1
2012-03-14,1394.2800,0.01289259,0,1
2012-03-15,1402.6000,0.00869967,0,1
2012-03-16,1404.1700,0.00691401,0,1
2012-03-19,1409.7500,0.00969122,0,1
2012-03-20,1405.5200,0.01085313,0,1
2012-03-21,1402.8900,0.01121891,0,1
2012-03-22,1392.7800,0.01283596,0,1
2012-03-23,1397.1100,0.01163668,0,1
2012-03-26,1416.5100,0.01260542,0,1
2012-03-27,1412.5200,0.01227994,0,1
2012-03-28,1405.5400,0.01203786,0,1
2012-03-29,1403.2800,0.01227671,0,1
2012-03-30,1408.4700,0.01176298,0,1
2012-04-02,1419.0400,0.01249152,0,1
2012-04-03,1413.3800,0.01307929,0,1
2012-04-04,1398.9600,0.01471512,0,1
2012-04-05,1398.0800,0.01553572,0,1
2012-04-09,1382.2000,0.01879581,0,1
2012-04-10,1358.5900,0.02276120,0,1
2012-04-11,1368.7100,0.02303713,0,1
2012-04-12,1387.5699,0.01777392,0,1
2012-04-13,1370.2600,0.02293738,0,1
2012-04-16,1369.5699,0.02459933,0,1
2012-04-17,1390.7800,0.02065800,0,1
2012-04-18,1385.1400,0.02220079,0,1
2012-04-19,1376.9200,0.02254527,0,1
2012-04-20,1378.5300,0.02029490,0,1
2012-04-23,1366.9399,0.02524282,0,1
2012-04-24,1371.9700,0.02449576,0,1
2012-04-25,1390.6899,0.01922731,0,1
2012-04-26,1399.9800,0.01918640,0,1
2012-04-27,1403.3600,0.02084812,0,1
2012-04-30,1397.9100,0.02421751,0,1
2012-05-01,1405.8199,0.02401674,0,1
2012-05-02,1402.3101,0.02499193,0,1
2012-05-03,1391.5699,0.02892813,0,1
2012-05-04,1369.1000,0.03351068,0,1
2012-05-07,1369.5800,0.03163360,0,1
2012-05-08,1363.7200,0.03033780,0,1
2012-05-09,1354.5800,0.03484068,0,1
2012-05-10,1357.9900,0.03045517,0,1
2012-05-11,1353.3900,0.03382921,0,1
2012-05-14,1338.3500,0.03490926,0,1
2012-05-15,1330.6600,0.03223815,0,1
2012-05-16,1324.8000,0.02968697,0,1
2012-05-17,1304.8600,0.03603370,0,1
2012-05-18,1295.2200,0.03936913,0,1
2012-05-21,1315.9900,0.03127979,0,1
2012-05-22,1316.6300,0.03381284,0,1
2012-05-23,1318.8600,0.03274671,0,1
2012-05-24,1320.6801,0.02844396,0,1
2012-05-25,1317.8199,0.02746926,0,1
2012-05-29,1332.4200,0.02575827,0,1
2012-05-30,1313.3199,0.04016981,0,1
2012-05-31,1310.3300,0.03639191,1,1
2012-06-01,1278.0400,0.04494745,0,1
2012-06-04,1278.1801,0.04580288,0,1
2012-06-05,1285.5000,0.04144071,0,1
2012-06-06,1315.1300,0.03314913,0,1
2012-06-07,1314.9900,0.03270794,0,1
2012-06-08,1325.6600,0.02833372,0,1
2012-06-11,1308.9301,0.03646619,0,1
2012-06-12,1324.1801,0.03252434,0,1
2012-06-13,1314.8800,0.03956411,0,1
2012-06-14,1329.1000,0.03687623,0,1
2012-06-15,1342.8400,0.02914077,0,1
2012-06-18,1344.7800,0.02419681,0,1
2012-06-19,1357.9800,0.02404772,0,1
2012-06-20,1355.6899,0.02336884,1,1
2012-06-21,1325.5100,0.03180143,0,1
2012-06-22,1335.0200,0.02968045,0,1
2012-06-25,1313.7200,0.03663202,0,1
2012-06-26,1319.9900,0.03607913,0,1
2012-06-27,1331.8500,0.03487696,0,1
2012-06-28,1329.0400,0.03311780,0,1
2012-06-29,1362.1600,0.02543612,0,1
2012-07-02,1365.5100,0.02433080,0,1
2012-07-03,1374.0200,0.02505503,0,1
2012-07-05,1367.5800,0.02607824,0,1
2012-07-06,1354.6801,0.02389122,0,1
2012-07-09,1352.4600,0.02522991,0,1
2012-07-10,1341.4700,0.02747978,0,1
2012-07-11,1341.4500,0.02732710,0,1
2012-07-12,1334.7600,0.02668189,0,1
2012-07-13,1356.7800,0.02178239,0,1
2012-07-16,1353.6400,0.02450913,0,1
2012-07-17,1363.6700,0.02266644,0,1
2012-07-18,1372.7800,0.02125564,0,1
2012-07-19,1376.5100,0.02081352,0,1
2012-07-20,1362.6600,0.02036214,0,1
2012-07-23,1350.5200,0.02412068,0,1
2012-07-24,1338.3101,0.02945920,0,1
2012-07-25,1337.8900,0.02444725,0,1
2012-07-26,1360.0200,0.02259581,0,1
2012-07-27,1385.9700,0.02293215,0,1
2012-07-30,1385.3000,0.02649768,0,1
2012-07-31,1379.3199,0.02687241,0,1
2012-08-01,1375.3199,0.02910909,0,1
2012-08-02,1365.0000,0.02493317,0,1
2012-08-03,1390.9900,0.01843416,0,1
2012-08-06,1394.2300,0.02138957,0,1
2012-08-07,1401.3500,0.02167193,0,1
2012-08-08,1402.2200,0.01976032,0,1
2012-08-09,1402.8000,0.01837929,0,1
2012-08-10,1405.8700,0.01880436,0,1
2012-08-13,1404.1100,0.01423194,0,1
2012-08-14,1403.9301,0.01599393,0,1
2012-08-15,1405.5300,0.01459240,0,1
2012-08-16,1415.5100,0.01356293,0,1
2012-08-17,1418.1600,0.01164304,0,1
2012-08-20,1418.1300,0.01193246,0,1
2012-08-21,1413.1700,0.01291700,0,1
2012-08-22,1413.4900,0.01325408,0,1
2012-08-23,1402.0800,0.01479306,0,1
2012-08-24,1411.1300,0.01541308,0,1
2012-08-27,1410.4399,0.01849778,0,1
2012-08-28,1409.3000,0.01784569,0,1
2012-08-29,1410.4900,0.01852588,0,1
2012-08-30,1399.4800,0.02012764,0,1
2012-08-31,1406.5800,0.01810141,0,1
2012-09-04,1404.9399,0.01925543,0,1
2012-09-05,1403.4399,0.01879415,0,1
2012-09-06,1432.1200,0.01552483,0,1
2012-09-07,1437.9200,0.01390001,0,1
2012-09-10,1429.0800,0.01566692,0,1
2012-09-11,1433.5601,0.01657651,0,1
2012-09-12,1436.5601,0.01527655,0,1
2012-09-13,1459.9900,0.01513296,0,1
2012-09-14,1465.7700,0.01429205,0,1
2012-09-17,1461.1899,0.01315526,0,1
2012-09-18,1459.3199,0.01132529,0,1
2012-09-19,1461.0500,0.01223213,0,1
2012-09-20,1460.2600,0.01107395,0,1
2012-09-21,1460.1500,0.00976284,0,1
2012-09-24,1456.8900,0.01054849,0,1
2012-09-25,1441.5900,0.01217696,0,1
2012-09-26,1433.3199,0.01466552,0,1
2012-09-27,1447.1500,0.01220834,0,1
2012-09-28,1440.6700,0.01357427,0,1
2012-10-01,1444.4900,0.01322749,0,1
2012-10-02,1445.7500,0.01237857,0,1
2012-10-03,1450.9900,0.01299919,0,1
2012-10-04,1461.4000,0.01305346,0,1
2012-10-05,1460.9301,0.01167716,0,1
2012-10-08,1455.8800,0.01266343,0,1
2012-10-09,1441.4800,0.01507135,0,1
2012-10-10,1432.5601,0.01456725,0,1
2012-10-11,1432.8400,0.01412675,0,1
2012-10-12,1428.5900,0.01476768,0,1
2012-10-15,1440.1300,0.01303979,0,1
2012-10-16,1454.9200,0.01231948,0,1
2012-10-17,1460.9100,0.01195038,0,1
2012-10-18,1457.3400,0.01246645,0,1
2012-10-19,1433.1899,0.01392432,0,1
2012-10-22,1433.8199,0.01428735,0,1
2012-10-23,1413.1100,0.01798954,0,1
2012-10-24,1408.7500,0.01827830,0,1
2012-10-25,1412.9700,0.01645012,0,1
2012-10-26,1411.9399,0.01669593,0,1
2012-10-31,1412.1600,0.01970051,0,1
2012-11-01,1427.5900,0.01658876,0,1
2012-11-02,1414.2000,0.01950964,0,1
2012-11-05,1417.2600,0.02051460,0,1
2012-11-06,1428.3900,0.01945546,1,1
2012-11-07,1394.5300,0.02179706,0,1
2012-11-08,1377.5100,0.02090088,0,1
2012-11-09,1379.8500,0.02148801,0,1
2012-11-12,1380.0300,0.01919406,0,1
2012-11-13,1374.5300,0.01867390,0,1
2012-11-14,1355.4900,0.02121526,0,1
2012-11-15,1353.3300,0.02187740,0,1
2012-11-16,1359.8800,0.01761019,0,1
2012-11-19,1386.8900,0.01791325,0,1
2012-11-20,1387.8101,0.01688931,0,1
2012-11-21,1391.0300,0.01638249,0,1
2012-11-23,1409.1500,0.01607273,0,1
2012-11-26,1406.2900,0.01779478,0,1
2012-11-27,1398.9399,0.01845187,0,1
2012-11-28,1409.9301,0.01785823,0,1
2012-11-29,1415.9500,0.01699043,0,1
2012-11-30,1416.1801,0.01901576,0,1
2012-12-03,1409.4600,0.02155348,0,1
2012-12-04,1407.0500,0.02176139,0,1
2012-12-05,1409.2800,0.02136634,0,1
2012-12-06,1413.9399,0.02166283,0,1
2012-12-07,1418.0699,0.01933823,0,1
2012-12-10,1418.5500,0.01955576,0,1
2012-12-11,1427.8400,0.01857263,0,1
2012-12-12,1428.4800,0.02000078,0,1
2012-12-13,1419.4500,0.02108000,0,1
2012-12-14,1413.5800,0.02054633,0,1
2012-12-17,1430.3600,0.02009747,0,1
2012-12-18,1446.7900,0.01913429,0,1
2012-12-19,1435.8101,0.02018029,0,1
2012-12-20,1443.6899,0.01936455,0,1
2012-12-21,1430.1500,0.01838266,0,1
2012-12-24,1426.6600,0.01981158,0,1
2012-12-26,1419.8300,0.02317569,0,1
2012-12-27,1418.1000,0.02554758,0,1
2012-12-28,1402.4301,0.03415107,0,1
2012-12-31,1426.1899,0.02226653,0,1
2013-01-02,1462.4200,0.01573114,0,1
2013-01-03,1459.3700,0.01738488,0,1
2013-01-04,1466.4700,0.01756237,0,1
2013-01-07,1461.8900,0.01679388,0,1
2013-01-08,1457.1500,0.01635086,0,1
2013-01-09,1461.0200,0.01753075,0,1
2013-01-10,1472.1200,0.01680418,0,1
2013-01-11,1472.0500,0.01639443,0,1
2013-01-14,1470.6801,0.01722934,0,1
2013-01-15,1472.3400,0.01593697,0,1
2013-01-16,1472.6300,0.01606807,0,1
2013-01-17,1480.9399,0.01634084,0,1
2013-01-18,1485.9800,0.01349277,0,1
2013-01-22,1492.5601,0.01322456,0,1
2013-01-23,1494.8101,0.01379330,0,1
2013-01-24,1494.8199,0.01463119,0,1
2013-01-25,1502.9600,0.01497416,0,1
2013-01-28,1500.1801,0.01673243,0,1
2013-01-29,1507.8400,0.01654027,0,1
2013-01-30,1501.9600,0.01847175,0,1
2013-01-31,1498.1100,0.01692526,0,1
2013-02-01,1513.1700,0.01379724,0,1
2013-02-04,1495.7100,0.01587339,0,1
2013-02-05,1511.2900,0.01476920,0,1
2013-02-06,1512.1200,0.01382060,0,1
2013-02-07,1509.3900,0.01257830,0,1
2013-02-08,1517.9301,0.01163368,0,1
2013-02-11,1517.0100,0.01173309,0,1
2013-02-12,1519.4301,0.01192278,0,1
2013-02-13,1520.3300,0.01203367,0,1
2013-02-14,1521.3800,0.01133366,0,1
2013-02-15,1519.7900,0.00984604,0,1
2013-02-19,1530.9399,0.00976660,0,1
2013-02-20,1511.9500,0.01467234,0,1
2013-02-21,1502.4200,0.01640542,0,1
2013-02-22,1515.6000,0.01427255,0,1
2013-02-25,1487.8500,0.02383800,0,1
2013-02-26,1496.9399,0.01984140,0,1
2013-02-27,1515.9900,0.01588910,0,1
2013-02-28,1514.6801,0.01614783,0,1
2013-03-01,1518.2000,0.01493620,0,1
2013-03-04,1525.2000,0.01295430,0,1
2013-03-05,1539.7900,0.01253725,0,1
2013-03-06,1541.4600,0.01267361,0,1
2013-03-07,1544.2600,0.01262337,0,1
2013-03-08,1551.1801,0.01215120,0,1
2013-03-11,1556.2200,0.01014181,0,1
2013-03-12,1552.4800,0.00988271,0,1
2013-03-13,1554.5200,0.00964533,0,1
2013-03-14,1563.2300,0.00872942,0,1
2013-03-15,1560.7000,0.00846376,0,1
2013-03-18,1552.1000,0.01169363,0,1
2013-03-19,1548.3400,0.01384846,0,1
2013-03-20,1558.7100,0.01217412,0,1
2013-03-21,1545.8000,0.01518557,0,1
2013-03-22,1556.8900,0.01475228,0,1
2013-03-25,1551.6899,0.01447472,0,1
2013-03-26,1563.7700,0.01280490,0,1
2013-03-27,1562.8500,0.01371086,0,1
2013-03-28,1569.1899,0.01250247,0,1
2013-04-01,1562.1700,0.01526105,0,1
2013-04-02,1570.2500,0.01389872,0,1
2013-04-03,1553.6899,0.01675886,0,1
2013-04-04,1559.9800,0.01588931,0,1
2013-04-05,1553.2800,0.01730278,0,1
2013-04-08,1563.0699,0.01543529,0,1
2013-04-09,1568.6100,0.01527994,0,1
2013-04-10,1587.7300,0.01430709,0,1
2013-04-11,1593.3700,0.01460435,0,1
2013-04-12,1588.8500,0.01393271,1,1
2013-04-15,1552.3600,0.02267889,0,1
2013-04-16,1574.5699,0.01611105,0,1
2013-04-17,1552.0100,0.02169370,0,1
2013-04-18,1541.6100,0.02350924,0,1
2013-04-19,1555.2500,0.01736754,0,1
2013-04-22,1562.5000,0.01756542,0,1
2013-04-23,1578.7800,0.01573515,0,1
2013-04-24,1578.7900,0.01683725,0,1
2013-04-25,1585.1600,0.01681083,0,1
2013-04-26,1582.2400,0.01717986,0,1
2013-04-29,1593.6100,0.01811973,0,1
2013-04-30,1597.5699,0.01800518,0,1
2013-05-01,1582.7000,0.02077541,0,1
2013-05-02,1597.5900,0.01939953,0,1
2013-05-03,1614.4200,0.01887222,0,1
2013-05-06,1617.5000,0.01931387,0,1
2013-05-07,1625.9600,0.01843366,0,1
2013-05-08,1632.6899,0.01931701,0,1
2013-05-09,1626.6700,0.01869038,0,1
2013-05-10,1633.7000,0.01733181,0,1
2013-05-13,1633.7700,0.01610964,0,1
2013-05-14,1650.3400,0.01732877,0,1
2013-05-15,1658.7800,0.01595331,0,1
2013-05-16,1650.4700,0.01495612,0,1
2013-05-17,1667.4700,0.01164763,0,1
2013-05-20,1666.2900,0.01617676,0,1
2013-05-21,1669.1600,0.01705997,0,1
2013-05-22,1655.3500,0.01764388,0,1
2013-05-23,1650.5100,0.01765141,0,1
2013-05-24,1649.6000,0.01714990,0,1
2013-05-28,1660.0601,0.02059733,0,1
2013-05-29,1648.3600,0.01977365,0,1
2013-05-30,1654.4100,0.01800148,0,1
2013-05-31,1630.7400,0.01912758,0,1
2013-06-03,1640.4200,0.01967100,0,1
2013-06-04,1631.3800,0.02112832,0,1
2013-06-05,1608.9000,0.02367631,0,1
2013-06-06,1622.5601,0.02215494,0,1
2013-06-07,1643.3800,0.01944837,0,1
2013-06-10,1642.8101,0.02011168,0,1
2013-06-11,1626.1300,0.02304898,0,1
2013-06-12,1612.5200,0.02737926,0,1
2013-06-13,1636.3600,0.02164478,0,1
2013-06-14,1626.7300,0.02405541,0,1
2013-06-17,1639.0400,0.02305492,0,1
2013-06-18,1651.8101,0.02213319,0,1
2013-06-19,1628.9301,0.02343829,1,1
2013-06-20,1588.1899,0.03339280,0,1
2013-06-21,1592.4301,0.03050766,0,1
2013-06-24,1573.0900,0.03350453,0,1
2013-06-25,1588.0300,0.02908884,0,1
2013-06-26,1603.2600,0.02572654,0,1
2013-06-27,1613.2000,0.02375483,0,1
2013-06-28,1606.2800,0.02416642,0,1
2013-07-01,1614.9600,0.02314507,0,1
2013-07-02,1614.0800,0.02241096,0,1
2013-07-03,1615.4100,0.02336341,0,1
2013-07-05,1631.8900,0.01770291,0,1
2013-07-08,1640.4600,0.01880259,0,1
2013-07-09,1652.3199,0.01882340,0,1
2013-07-10,1652.6200,0.01798156,0,1
2013-07-11,1675.0200,0.01720207,0,1
2013-07-12,1680.1899,0.01695291,0,1
2013-07-15,1682.5000,0.01735944,0,1
2013-07-16,1676.2600,0.01888367,0,1
2013-07-17,1680.9100,0.01762815,0,1
2013-07-18,1689.3700,0.01807200,0,1
2013-07-19,1692.0900,0.01599686,0,1
2013-07-22,1695.5300,0.01462250,0,1
2013-07-23,1692.3900,0.01505106,0,1
2013-07-24,1685.9399,0.01314886,0,1
2013-07-25,1690.2500,0.01249704,0,1
2013-07-26,1691.6500,0.01215743,0,1
2013-07-29,1685.3300,0.01252661,0,1
2013-07-30,1685.9600,0.01229732,0,1
2013-07-31,1685.7300,0.01343615,0,1
2013-08-01,1706.8700,0.01323941,0,1
2013-08-02,1709.6700,0.01156097,0,1
2013-08-05,1707.1400,0.01120964,0,1
2013-08-06,1697.3700,0.01188673,0,1
2013-08-07,1690.9100,0.01257041,0,1
2013-08-08,1697.4800,0.01227207,0,1
2013-08-09,1691.4200,0.01189648,0,1
2013-08-12,1689.4700,0.01230203,0,1
2013-08-13,1694.1600,0.01197895,0,1
2013-08-14,1685.3900,0.01198206,0,1
2013-08-15,1661.3199,0.01572201,0,1
2013-08-16,1655.8300,0.01523387,0,1
2013-08-19,1646.0601,0.01636509,0,1
2013-08-20,1652.3500,0.01608737,0,1
2013-08-21,1642.8000,0.01886543,0,1
2013-08-22,1656.9600,0.01600099,0,1
2013-08-23,1663.5000,0.01470277,0,1
2013-08-26,1656.7800,0.01756397,0,1
2013-08-27,1630.4800,0.01952602,0,1
2013-08-28,1634.9600,0.01898917,0,1
2013-08-29,1638.1700,0.02017291,0,1
2013-08-30,1632.9700,0.02042251,0,1
2013-09-03,1639.7700,0.01909561,0,1
2013-09-04,1653.0800,0.01884530,0,1
2013-09-05,1655.0800,0.01853954,0,1
2013-09-06,1655.1700,0.01835023,0,1
2013-09-09,1671.7100,0.01736468,0,1
2013-09-10,1683.9900,0.01584755,0,1
2013-09-11,1689.1300,0.01448230,0,1
2013-09-12,1683.4200,0.01490399,0,1
2013-09-13,1687.9900,0.01478238,0,1
2013-09-16,1697.6000,0.01536698,0,1
2013-09-17,1704.7600,0.01482405,0,1
2013-09-18,1725.5200,0.01542455,0,1
2013-09-19,1722.3400,0.01403971,0,1
2013-09-20,1709.9100,0.01318677,0,1
2013-09-23,1701.8400,0.01405089,0,1
2013-09-24,1697.4200,0.01373073,0,1
2013-09-25,1692.7700,0.01390263,0,1
2013-09-26,1698.6700,0.01295807,0,1
2013-09-27,1691.7500,0.01387927,0,1
2013-09-30,1681.5500,0.01639827,0,1
2013-10-01,1695.0000,0.01446059,0,1
2013-10-02,1693.8700,0.01593750,0,1
2013-10-03,1678.6600,0.01726689,0,1
2013-10-04,1690.5000,0.01547138,0,1
2013-10-07,1676.1200,0.01903211,0,1
2013-10-08,1655.4500,0.02272185,0,1
2013-10-09,1656.4000,0.02080702,0,1
2013-10-10,1692.5601,0.01672926,0,1
2013-10-11,1703.2000,0.01202913,0,1
2013-10-14,1710.1400,0.01344143,0,1
2013-10-15,1698.0601,0.01635528,0,1
2013-10-16,1721.5400,0.01307105,0,1
2013-10-17,1733.1500,0.01140270,0,1
2013-10-18,1744.5000,0.01013431,0,1
2013-10-21,1744.6600,0.01013146,0,1
2013-10-22,1754.6700,0.01096707,0,1
2013-10-23,1746.3800,0.00986796,0,1
2013-10-24,1752.0699,0.00922452,0,1
2013-10-25,1759.7700,0.00980942,0,1
2013-10-28,1762.1100,0.01159382,0,1
2013-10-29,1771.9500,0.01207614,0,1
2013-10-30,1763.3101,0.01221941,0,1
2013-10-31,1756.5400,0.01162495,0,1
2013-11-01,1761.6400,0.01161541,0,1
2013-11-04,1767.9301,0.01241180,0,1
2013-11-05,1762.9700,0.01393487,0,1
2013-11-06,1770.4900,0.01399545,0,1
2013-11-07,1747.1500,0.01445107,0,1
2013-11-08,1770.6100,0.01214117,0,1
2013-11-11,1771.8900,0.01140874,0,1
2013-11-12,1767.6899,0.01048788,0,1
2013-11-13,1782.0000,0.00978123,0,1
2013-11-14,1790.6200,0.00892534,0,1
2013-11-15,1798.1801,0.00871522,0,1
2013-11-18,1791.5300,0.00882353,0,1
2013-11-19,1787.8700,0.01017844,0,1
2013-11-20,1781.3700,0.01061511,0,1
2013-11-21,1795.8500,0.01175495,0,1
2013-11-22,1804.7600,0.00898472,0,1
2013-11-25,1802.4800,0.00916424,0,1
2013-11-26,1802.7500,0.00944482,0,1
2013-11-27,1807.2300,0.00890401,0,1
2013-11-29,1805.8101,0.01033683,0,1
2013-12-02,1800.9000,0.01114860,0,1
2013-12-03,1795.1500,0.01128088,0,1
2013-12-04,1792.8101,0.01110776,0,1
2013-12-05,1785.0300,0.01257876,0,1
2013-12-06,1805.0900,0.01126365,0,1
2013-12-09,1808.3700,0.01152848,0,1
2013-12-10,1802.6200,0.01140084,0,1
2013-12-11,1782.2200,0.01335943,0,1
2013-12-12,1775.5000,0.01441872,0,1
2013-12-13,1775.3199,0.01375090,0,1
2013-12-16,1786.5400,0.01384098,0,1
2013-12-17,1781.0000,0.01369641,0,1
2013-12-18,1810.6500,0.00955027,0,1
2013-12-19,1809.6000,0.01020068,0,1
2013-12-20,1818.3199,0.00845992,0,1
2013-12-23,1827.9900,0.00865229,0,1
2013-12-24,1833.3199,0.00809197,0,1
2013-12-26,1842.0200,0.00820656,0,1
2013-12-27,1841.4000,0.00854186,0,1
2013-12-30,1841.0699,0.01000543,0,1
2013-12-31,1848.3600,0.01034010,0,1
2014-01-02,1831.9800,0.01096819,0,1
2014-01-03,1831.3700,0.00985053,0,1
2014-01-06,1826.7700,0.01035278,0,1
2014-01-07,1837.8800,0.01028236,0,1
2014-01-08,1837.4900,0.01065674,0,1
2014-01-09,1838.1300,0.01016387,0,1
2014-01-10,1842.3700,0.01025863,0,1
2014-01-13,1819.2000,0.00992590,0,1
2014-01-14,1838.8800,0.00871295,0,1
2014-01-15,1848.3800,0.00901437,0,1
2014-01-16,1845.8900,0.00825719,0,1
2014-01-17,1838.7000,0.00757672,0,1
2014-01-21,1843.8000,0.00810076,0,1
2014-01-22,1844.8600,0.00811685,0,1
2014-01-23,1828.4600,0.00934832,1,1
2014-01-24,1790.2900,0.01588422,0,1
2014-01-27,1781.5601,0.01670664,0,1
2014-01-28,1792.5000,0.01420258,0,1
2014-01-29,1774.2000,0.01640760,0,1
2014-01-30,1794.1899,0.01551201,0,1
2014-01-31,1782.5900,0.01707345,1,1
2014-02-03,1741.8900,0.02260283,0,1
2014-02-04,1755.2000,0.01819409,0,1
2014-02-05,1751.6400,0.01948219,0,1
2014-02-06,1773.4301,0.01712570,0,1
2014-02-07,1797.0200,0.01373591,0,1
2014-02-10,1799.8400,0.01507443,0,1
2014-02-11,1819.7500,0.01411544,0,1
2014-02-12,1819.2600,0.01334900,0,1
2014-02-13,1829.8300,0.01236561,0,1
2014-02-14,1838.6300,0.01195853,0,1
2014-02-18,1840.7600,0.01334333,0,1
2014-02-19,1828.7500,0.01405646,0,1
2014-02-20,1839.7800,0.01208496,0,1
2014-02-21,1836.2500,0.01086125,0,1
2014-02-24,1847.6100,0.01141731,0,1
2014-02-25,1845.1200,0.01397007,0,1
2014-02-26,1845.1600,0.01167383,0,1
2014-02-27,1854.2900,0.01006599,0,1
2014-02-28,1859.4500,0.00967327,0,1
2014-03-03,1845.7300,0.01423053,0,1
2014-03-04,1873.9100,0.01139844,0,1
2014-03-05,1873.8101,0.01195198,0,1
2014-03-06,1877.0300,0.01036609,0,1
2014-03-07,1878.0400,0.01057901,0,1
2014-03-10,1877.1700,0.01069349,0,1
2014-03-11,1867.6300,0.01171074,0,1
2014-03-12,1868.2000,0.01098989,0,1
2014-03-13,1846.3400,0.01437900,0,1
2014-03-14,1841.1300,0.02455396,0,1
2014-03-17,1858.8300,0.01008919,0,1
2014-03-18,1872.2500,0.01215736,0,1
2014-03-19,1860.7700,0.01306134,0,1
2014-03-20,1872.0100,0.01165233,0,1
2014-03-21,1866.5200,0.01260081,0,1
2014-03-24,1857.4399,0.01347149,0,1
2014-03-25,1865.6200,0.01550157,0,1
2014-03-26,1852.5601,0.01844382,0,1
2014-03-27,1849.0400,0.01859561,0,1
2014-03-28,1857.6200,0.01575035,0,1
2014-03-31,1872.3400,0.01518113,0,1
2014-04-01,1885.5200,0.01315070,0,1
2014-04-02,1890.9000,0.01268028,0,1
2014-04-03,1888.7700,0.01307311,0,1
2014-04-04,1865.0900,0.01430240,0,1
2014-04-07,1845.0400,0.01782681,0,1
2014-04-08,1851.9600,0.01659092,0,1
2014-04-09,1872.1801,0.01271077,1,1
2014-04-10,1833.0800,0.01770680,0,1
2014-04-11,1815.6899,0.02108942,0,1
2014-04-14,1830.6100,0.02003497,0,1
2014-04-15,1842.9800,0.01651433,0,1
2014-04-16,1862.3101,0.01535690,0,1
2014-04-17,1864.8500,0.01346095,0,1
2014-04-21,1871.8900,0.01629216,0,1
2014-04-22,1879.5500,0.01374841,0,1
2014-04-23,1875.3900,0.01356515,0,1
2014-04-24,1878.6100,0.01421755,0,1
2014-04-25,1863.4000,0.01753684,0,1
2014-04-28,1869.4301,0.01747989,0,1
2014-04-29,1878.3300,0.01739499,0,1
2014-04-30,1883.9500,0.01637978,0,1
2014-05-01,1883.6801,0.01512146,0,1
2014-05-02,1881.1400,0.01442876,0,1
2014-05-05,1884.6600,0.01507770,0,1
2014-05-06,1867.7200,0.01663586,0,1
2014-05-07,1878.2100,0.01552031,0,1
2014-05-08,1875.6300,0.01517589,0,1
2014-05-09,1878.4800,0.01354854,0,1
2014-05-12,1896.6500,0.01233794,0,1
2014-05-13,1897.4500,0.01243966,0,1
2014-05-14,1888.5300,0.01334155,0,1
2014-05-15,1870.8500,0.01457772,0,1
2014-05-16,1877.8600,0.01239730,0,1
2014-05-19,1885.0800,0.01211881,0,1
2014-05-20,1872.8300,0.01334241,0,1
2014-05-21,1888.0300,0.01314177,0,1
2014-05-22,1892.4900,0.01363901,0,1
2014-05-23,1900.5300,0.01176495,0,1
2014-05-27,1911.9100,0.01157931,0,1
2014-05-28,1909.7800,0.01187776,0,1
2014-05-29,1920.0300,0.01140036,0,1
2014-05-30,1923.5699,0.01172889,0,1
2014-06-02,1924.9700,0.01257785,0,1
2014-06-03,1924.2400,0.01408925,0,1
2014-06-04,1927.8800,0.01437529,0,1
2014-06-05,1940.4600,0.01269529,0,1
2014-06-06,1949.4399,0.01135245,0,1
2014-06-09,1951.2700,0.01177436,0,1
2014-06-10,1950.7900,0.01150742,0,1
2014-06-11,1943.8900,0.01181991,0,1
2014-06-12,1930.1100,0.01264768,0,1
2014-06-13,1936.1600,0.01223374,0,1
2014-06-16,1937.7800,0.01251189,0,1
2014-06-17,1941.9900,0.01101072,0,1
2014-06-18,1956.9800,0.00938240,0,1
2014-06-19,1959.4800,0.00737772,0,1
2014-06-20,1962.8700,0.00666868,0,1
2014-06-23,1962.6100,0.00739615,0,1
2014-06-24,1949.9800,0.00935168,0,1
2014-06-25,1959.5300,0.00959340,0,1
2014-06-26,1957.2200,0.00937704,0,1
2014-06-27,1960.9600,0.00845102,0,1
2014-06-30,1960.2300,0.00777438,0,1
2014-07-01,1973.3199,0.00728966,0,1
2014-07-02,1974.6200,0.00715752,0,1
2014-07-03,1985.4399,0.00640288,0,1
2014-07-07,1977.6500,0.00840853,0,1
2014-07-08,1963.7100,0.00986896,0,1
2014-07-09,1972.8300,0.00916231,0,1
2014-07-10,1964.6801,0.01020069,0,1
2014-07-11,1967.5699,0.00872809,0,1
2014-07-14,1977.1000,0.00834009,0,1
2014-07-15,1973.2800,0.00904942,0,1
2014-07-16,1981.5699,0.00862649,0,1
2014-07-17,1958.1200,0.01279078,0,1
2014-07-18,1978.2200,0.00819849,0,1
2014-07-21,1973.6300,0.00943103,0,1
2014-07-22,1983.5300,0.00908695,0,1
2014-07-23,1987.0100,0.00876406,0,1
2014-07-24,1987.9800,0.00910205,0,1
2014-07-25,1978.3400,0.00979827,0,1
2014-07-28,1978.9100,0.00997612,0,1
2014-07-29,1969.9500,0.01119161,0,1
2014-07-30,1970.0699,0.01124012,0,1
2014-07-31,1930.6700,0.01582556,0,1
2014-08-01,1925.1500,0.01547660,0,1
2014-08-04,1938.9900,0.01372626,0,1
2014-08-05,1920.2100,0.01568677,0,1
2014-08-06,1920.2400,0.01650513,0,1
2014-08-07,1909.5699,0.01637373,0,1
2014-08-08,1931.5900,0.01681738,0,1
2014-08-11,1936.9200,0.01366243,0,1
2014-08-12,1933.7500,0.01355239,0,1
2014-08-13,1946.7200,0.01150495,0,1
2014-08-14,1955.1801,0.00980196,0,1
2014-08-15,1955.0601,0.01020053,0,1
2014-08-18,1971.7400,0.00875228,0,1
2014-08-19,1981.6000,0.00876776,0,1
2014-08-20,1986.5100,0.00953043,0,1
2014-08-21,1992.3700,0.00946350,0,1
2014-08-22,1988.4000,0.00877815,0,1
2014-08-25,1997.9200,0.00887742,0,1
2014-08-26,2000.0200,0.00854693,0,1
2014-08-27,2000.1200,0.00810918,0,1
2014-08-28,1996.7400,0.00779200,0,1
2014-08-29,2003.3700,0.00995693,0,1
2014-09-02,2002.2800,0.00906127,0,1
2014-09-03,2000.7200,0.00923260,0,1
2014-09-04,1997.6500,0.00980199,0,1
2014-09-05,2007.7100,0.00773093,0,1
2014-09-08,2001.5400,0.00927630,0,1
2014-09-09,1988.4399,0.00914019,0,1
2014-09-10,1995.6899,0.00996625,0,1
2014-09-11,1997.4500,0.00921071,0,1
2014-09-12,1985.5400,0.01124682,0,1
2014-09-15,1984.1300,0.01252381,0,1
2014-09-16,1998.9800,0.01094044,0,1
2014-09-17,2001.5699,0.00876823,0,1
2014-09-18,2011.3600,0.00742614,0,1
2014-09-19,2010.4000,0.00705235,0,1
2014-09-22,1994.2900,0.00986976,0,1
2014-09-23,1982.7700,0.01326278,0,1
2014-09-24,1998.3000,0.01244830,0,1
2014-09-25,1965.9900,0.01347458,0,1
2014-09-26,1982.8500,0.01329279,0,1
2014-09-29,1977.8000,0.01464819,0,1
2014-09-30,1972.2900,0.01683888,0,1
2014-10-01,1946.1600,0.01911859,0,1
2014-10-02,1946.1700,0.01715608,0,1
2014-10-03,1967.9000,0.01605608,0,1
2014-10-06,1964.8199,0.01626242,0,1
2014-10-07,1935.1000,0.02140762,0,1
2014-10-08,1968.8900,0.01460396,1,1
2014-10-09,1928.2100,0.02314372,0,1
2014-10-10,1906.1300,0.02440972,0,1
2014-10-13,1874.7400,0.02985841,0,1
2014-10-14,1877.7000,0.02670292,0,1
2014-10-15,1862.4900,0.04606149,0,1
2014-10-16,1862.7600,0.03158293,0,1
2014-10-17,1886.7600,0.02321778,0,1
2014-10-20,1904.0100,0.02317131,0,1
2014-10-21,1941.2800,0.01606461,0,1
2014-10-22,1927.1100,0.02077476,0,1
2014-10-23,1950.8199,0.01775837,0,1
2014-10-24,1964.5800,0.01959694,0,1
2014-10-27,1961.6300,0.02011549,0,1
2014-10-28,1985.0500,0.01530090,0,1
2014-10-29,1982.3000,0.01909851,0,1
2014-10-30,1994.6500,0.01815352,0,1
2014-10-31,2018.0500,0.01559032,0,1
2014-11-03,2017.8101,0.01723325,0,1
2014-11-04,2012.1000,0.01708552,0,1
2014-11-05,2023.5699,0.01536415,0,1
2014-11-06,2031.2100,0.01487301,0,1
2014-11-07,2031.9200,0.01226629,0,1
2014-11-10,2038.2600,0.01114414,0,1
2014-11-11,2039.6801,0.01217714,0,1
2014-11-12,2038.2500,0.01184171,0,1
2014-11-13,2039.3300,0.01170571,0,1
2014-11-14,2039.8199,0.01073749,0,1
2014-11-17,2041.3199,0.01416720,0,1
2014-11-18,2051.8000,0.01126142,0,1
2014-11-19,2048.7200,0.01417959,0,1
2014-11-20,2052.7500,0.00951047,0,1
2014-11-21,2063.5000,0.00841886,0,1
2014-11-24,2069.4099,0.00762173,0,1
2014-11-25,2067.0300,0.00999408,0,1
2014-11-26,2072.8301,0.00688718,0,1
2014-11-28,2067.5601,0.00918945,0,1
2014-12-01,2053.4399,0.01072774,0,1
2014-12-02,2066.5500,0.01131860,0,1
2014-12-03,2074.3301,0.00814463,0,1
2014-12-04,2071.9199,0.00918800,0,1
2014-12-05,2075.3701,0.00831067,0,1
2014-12-08,2060.3101,0.00879646,0,1
2014-12-09,2059.8201,0.00982785,0,1
2014-12-10,2026.1400,0.01435186,0,1
2014-12-11,2035.3300,0.01584731,0,1
2014-12-12,2002.3300,0.01611746,0,1
2014-12-15,1989.6300,0.01324613,0,1
2014-12-16,1972.7400,0.01866336,0,1
2014-12-17,2012.8900,0.01694131,0,1
2014-12-18,2061.2300,0.01424138,0,1
2014-12-19,2070.6499,0.01230980,0,1
2014-12-22,2078.5400,0.01079214,0,1
2014-12-23,2082.1699,0.01023356,0,1
2014-12-24,2081.8799,0.00981487,0,1
2014-12-26,2088.7700,0.00991506,0,1
2014-12-29,2090.5701,0.01306605,0,1
2014-12-30,2080.3501,0.01106974,0,1
2014-12-31,2058.8999,0.01529919,0,1
2015-01-02,2058.2000,0.01530832,0,1
2015-01-05,2020.5800,0.01786318,0,1
2015-01-06,2002.6100,0.02217364,0,1
2015-01-07,2025.9000,0.02126149,0,1
2015-01-08,2062.1399,0.01926468,0,1
2015-01-09,2044.8101,0.02292850,0,1
2015-01-12,2028.2600,0.02819261,0,1
2015-01-13,2023.0300,0.02863595,0,1
2015-01-14,2011.2700,0.02243574,0,1
2015-01-15,1992.6700,0.02909260,0,1
2015-01-16,2019.4200,0.01998001,0,1
2015-01-20,2022.5500,0.02173641,0,1
2015-01-21,2032.1200,0.01588809,0,1
2015-01-22,2063.1499,0.01071585,0,1
2015-01-23,2051.8201,0.01308602,0,1
2015-01-26,2057.0901,0.01133658,0,1
2015-01-27,2029.5500,0.01487959,0,1
2015-01-28,2002.1600,0.02162403,0,1
2015-01-29,2021.2500,0.01676702,0,1
2015-01-30,1994.9900,0.02114203,0,1
2015-02-02,2020.8500,0.01720173,0,1
2015-02-03,2050.0300,0.01484861,0,1
2015-02-04,2041.5100,0.01614268,0,1
2015-02-05,2062.5200,0.01455343,0,1
2015-02-06,2055.4700,0.01602115,0,1
2015-02-09,2046.7400,0.01545100,0,1
2015-02-10,2068.5901,0.01581107,0,1
2015-02-11,2068.5300,0.01441611,0,1
2015-02-12,2088.4800,0.01187945,0,1
2015-02-13,2096.9900,0.01171888,0,1
2015-02-17,2100.3401,0.01313192,0,1
2015-02-18,2099.6799,0.01144481,0,1
2015-02-19,2097.4500,0.01078620,0,1
2015-02-20,2110.3000,0.01126584,0,1
2015-02-23,2109.6599,0.00945102,0,1
2015-02-24,2115.4800,0.00839215,0,1
2015-02-25,2113.8601,0.00882363,0,1
2015-02-26,2110.7400,0.01166001,0,1
2015-02-27,2104.5000,0.01079355,0,1
2015-03-02,2117.3899,0.01039631,0,1
2015-03-03,2107.7800,0.01197106,0,1
2015-03-04,2098.5300,0.01095551,0,1
2015-03-05,2101.0400,0.01079198,0,1
2015-03-06,2071.2600,0.01329360,0,1
2015-03-09,2079.4299,0.01376213,0,1
2015-03-10,2044.1600,0.01694278,0,1
2015-03-11,2040.2400,0.01695020,0,1
2015-03-12,2065.9500,0.01715920,0,1
2015-03-13,2053.3999,0.01891882,0,1
2015-03-16,2081.1899,0.01801346,0,1
2015-03-17,2074.2800,0.01503937,0,1
2015-03-18,2099.5000,0.01151149,0,1
2015-03-19,2089.2700,0.00992464,0,1
2015-03-20,2108.1001,0.00872450,0,1
2015-03-23,2104.4199,0.00969880,0,1
2015-03-24,2091.5000,0.01013069,0,1
2015-03-25,2061.0500,0.01432883,0,1
2015-03-26,2056.1499,0.01560951,0,1
2015-03-27,2061.0200,0.01462830,0,1
2015-03-30,2086.2400,0.01384275,0,1
2015-03-31,2067.8899,0.01515271,0,1
2015-04-01,2059.6899,0.01624410,0,1
2015-04-02,2066.9600,0.01553932,0,1
2015-04-06,2080.6201,0.01560226,0,1
2015-04-07,2076.3301,0.01487779,0,1
2015-04-08,2081.8999,0.01198417,0,1
2015-04-09,2091.1799,0.01066800,0,1
2015-04-10,2102.0601,0.01016911,0,1
2015-04-13,2092.4299,0.01468859,0,1
2015-04-14,2095.8401,0.01304402,0,1
2015-04-15,2106.6299,0.01222670,0,1
2015-04-16,2104.9900,0.01144023,0,1
2015-04-17,2081.1799,0.01206153,0,1
2015-04-20,2100.3999,0.01127399,0,1
2015-04-21,2097.2900,0.01192010,0,1
2015-04-22,2107.9600,0.01081519,0,1
2015-04-23,2112.9299,0.01095908,0,1
2015-04-24,2117.6899,0.01175259,0,1
2015-04-27,2108.9199,0.01204535,0,1
2015-04-28,2114.7600,0.01130109,0,1
2015-04-29,2106.8501,0.01248535,0,1
2015-04-30,2085.5100,0.01724314,0,1
2015-05-01,2108.2900,0.01330851,0,1
2015-05-04,2114.4900,0.01345204,0,1
2015-05-05,2089.4600,0.01482682,0,1
2015-05-06,2080.1499,0.01697301,0,1
2015-05-07,2088.0000,0.01581497,0,1
2015-05-08,2116.1001,0.01186057,0,1
2015-05-11,2105.3301,0.01606236,0,1
2015-05-12,2099.1201,0.01312101,0,1
2015-05-13,2098.4800,0.01217783,0,1
2015-05-14,2121.1001,0.01028941,0,1
2015-05-15,2122.7300,0.01050919,0,1
2015-05-18,2129.2000,0.01116995,0,1
2015-05-19,2127.8301,0.01166209,0,1
2015-05-20,2125.8501,0.01210614,0,1
2015-05-21,2130.8201,0.01208029,0,1
2015-05-22,2126.0601,0.01144418,0,1
2015-05-26,2104.2000,0.01462782,0,1
2015-05-27,2123.4800,0.01305494,0,1
2015-05-28,2120.7900,0.01306926,0,1
2015-05-29,2107.3899,0.01499532,0,1
2015-06-01,2111.7300,0.01581012,0,1
2015-06-02,2109.6001,0.01636525,0,1
2015-06-03,2114.0701,0.01403843,0,1
2015-06-04,2095.8401,0.01588551,0,1
2015-06-05,2092.8301,0.01611394,0,1
2015-06-08,2079.2800,0.01826945,0,1
2015-06-09,2080.1499,0.01653897,0,1
2015-06-10,2105.2000,0.01384022,0,1
2015-06-11,2108.8601,0.01248172,0,1
2015-06-12,2094.1101,0.01558194,0,1
2015-06-15,2084.4299,0.01824424,0,1
2015-06-16,2096.2900,0.01677832,0,1
2015-06-17,2100.4399,0.01661382,0,1
2015-06-18,2121.2400,0.01426317,0,1
2015-06-19,2109.9900,0.01527426,0,1
2015-06-22,2122.8501,0.01351567,0,1
2015-06-23,2124.2000,0.01211581,0,1
2015-06-24,2108.5801,0.01478412,0,1
2015-06-25,2102.3101,0.01514208,0,1
2015-06-26,2101.4900,0.01487496,1,1
2015-06-29,2057.6399,0.02116044,0,1
2015-06-30,2063.1101,0.02163493,0,1
2015-07-01,2077.4199,0.01928398,0,1
2015-07-02,2076.7800,0.02002327,0,1
2015-07-06,2068.7600,0.02052343,0,1
2015-07-07,2081.3401,0.01992867,0,1
2015-07-08,2046.6801,0.02656435,0,1
2015-07-09,2051.3101,0.02641949,0,1
2015-07-10,2076.6201,0.02168467,0,1
2015-07-13,2099.6001,0.01602238,0,1
2015-07-14,2108.9500,0.01476517,0,1
2015-07-15,2107.3999,0.01440725,0,1
2015-07-16,2124.2900,0.01270173,0,1
2015-07-17,2126.6399,0.01137779,0,1
2015-07-20,2128.2800,0.01268533,0,1
2015-07-21,2119.2100,0.01222781,0,1
2015-07-22,2114.1499,0.00964932,0,1
2015-07-23,2102.1499,0.01256091,0,1
2015-07-24,2079.6499,0.01250806,0,1
2015-07-27,2067.6399,0.01461527,0,1
2015-07-28,2093.2500,0.01258849,0,1
2015-07-29,2108.5701,0.01230429,0,1
2015-07-30,2108.6299,0.01180506,0,1
2015-07-31,2103.8401,0.01078030,0,1
2015-08-03,2098.0400,0.01312886,0,1
2015-08-04,2093.3201,0.01373994,0,1
2015-08-05,2099.8401,0.01363015,0,1
2015-08-06,2083.5601,0.01268929,0,1
2015-08-07,2077.5701,0.01500895,0,1
2015-08-10,2104.1799,0.01186803,0,1
2015-08-11,2084.0701,0.01263839,0,1
2015-08-12,2086.0500,0.01394216,0,1
2015-08-13,2083.3899,0.01385836,0,1
2015-08-14,2091.5400,0.01303121,0,1
2015-08-17,2102.4399,0.01289725,0,1
2015-08-18,2096.9199,0.01289920,0,1
2015-08-19,2079.6101,0.01566176,1,1
2015-08-20,2035.7300,0.02418068,1,1
2015-08-21,1970.8900,0.04743788,1,1
2015-08-24,1893.2100,0.08980258,0,1
2015-08-25,1867.6100,0.07031683,0,1
2015-08-26,1940.5100,0.05277807,0,1
2015-08-27,1987.6600,0.04076398,0,1
2015-08-28,1988.8700,0.03785569,0,1
2015-08-31,1972.1801,0.04783832,1,1
2015-09-01,1913.8500,0.06007194,0,1
2015-09-02,1948.8600,0.04134834,0,1
2015-09-03,1951.1300,0.03319906,0,1
2015-09-04,1921.2200,0.03112019,0,1
2015-09-08,1969.4100,0.03398534,0,1
2015-09-09,1942.0400,0.03524244,0,1
2015-09-10,1952.2900,0.03372662,0,1
2015-09-11,1961.0500,0.04326692,0,1
2015-09-14,1953.0300,0.02789028,0,1
2015-09-15,1978.0900,0.02934662,0,1
2015-09-16,1995.3101,0.02131378,0,1
2015-09-17,1990.2000,0.02348533,0,1
2015-09-18,1958.0300,0.03728199,0,1
2015-09-21,1966.9700,0.02230954,0,1
2015-09-22,1942.7400,0.02471541,0,1
2015-09-23,1938.7600,0.02400374,0,1
2015-09-24,1932.2400,0.02721786,0,1
2015-09-25,1931.3400,0.02449488,1,1
2015-09-28,1881.7700,0.03153209,0,1
2015-09-29,1884.0900,0.02961940,0,1
2015-09-30,1920.0300,0.04283469,0,1
2015-10-01,1923.8199,0.02779976,0,1
2015-10-02,1951.3600,0.02830964,0,1
2015-10-05,1987.0500,0.01715838,0,1
2015-10-06,1979.9200,0.01845993,0,1
2015-10-07,1995.8300,0.01560656,0,1
2015-10-08,2013.4301,0.01305514,0,1
2015-10-09,2014.8900,0.01305123,0,1
2015-10-12,2017.4600,0.00798730,0,1
2015-10-13,2003.6899,0.01368511,0,1
2015-10-14,1994.2400,0.01350556,0,1
2015-10-15,2023.8600,0.00802481,0,1
2015-10-16,2033.1100,0.01108156,0,1
2015-10-19,2033.6600,0.01014990,0,1
2015-10-20,2030.7700,0.01078893,0,1
2015-10-21,2018.9399,0.01331406,0,1
2015-10-22,2052.5100,0.01425144,0,1
2015-10-23,2075.1499,0.01004384,0,1
2015-10-26,2071.1799,0.01272682,0,1
2015-10-27,2065.8899,0.01235861,0,1
2015-10-28,2090.3501,0.01010155,0,1
2015-10-29,2089.4099,0.01037935,0,1
2015-10-30,2079.3601,0.01338740,0,1
2015-11-02,2104.0500,0.00946226,0,1
2015-11-03,2109.7900,0.00970111,0,1
2015-11-04,2102.3101,0.01150900,0,1
2015-11-05,2099.9299,0.01054900,0,1
2015-11-06,2099.2000,0.00867887,0,1
2015-11-09,2078.5801,0.01154271,0,1
2015-11-10,2081.7200,0.01082569,0,1
2015-11-11,2075.0000,0.01090259,0,1
2015-11-12,2045.9700,0.01250341,0,1
2015-11-13,2023.0400,0.01295056,0,1
2015-11-16,2053.1899,0.01497190,0,1
2015-11-17,2050.4399,0.01473897,0,1
2015-11-18,2083.5801,0.01225011,0,1
2015-11-19,2081.2400,0.01043327,0,1
2015-11-20,2089.1699,0.01074551,0,1
2015-11-23,2086.5901,0.00832575,0,1
2015-11-24,2089.1399,0.00899393,0,1
2015-11-25,2088.8701,0.00849550,0,1
2015-11-27,2090.1101,0.00895403,0,1
2015-11-30,2080.4099,0.01244979,0,1
2015-12-01,2102.6299,0.00922156,0,1
2015-12-02,2079.5100,0.01081824,0,1
2015-12-03,2049.6201,0.01322883,0,1
2015-12-04,2091.6899,0.00892894,0,1
2015-12-07,2077.0701,0.00997165,0,1
2015-12-08,2063.5901,0.01247663,0,1
2015-12-09,2047.6200,0.01438984,0,1
2015-12-10,2052.2300,0.01459057,0,1
2015-12-11,2012.3700,0.01591218,0,1
2015-12-14,2021.9399,0.01634291,0,1
2015-12-15,2043.4100,0.01443596,0,1
2015-12-16,2073.0701,0.01462093,0,1
2015-12-17,2041.8900,0.01688638,0,1
2015-12-18,2005.5500,0.02008369,0,1
2015-12-21,2021.1500,0.01799442,0,1
2015-12-22,2038.9700,0.01395535,0,1
2015-12-23,2064.2900,0.01215737,0,1
2015-12-24,2060.9900,0.01334448,0,1
2015-12-28,2056.5000,0.01329040,0,1
2015-12-29,2078.3601,0.01218179,0,1
2015-12-30,2063.3601,0.01226956,0,1
2015-12-31,2043.9399,0.02041101,0,1
2016-01-04,2012.6600,0.01712681,0,0
2016-01-05,2016.7100,0.01689485,0,0
2016-01-06,1990.2600,0.01858115,1,0
2016-01-07,1943.0900,0.02535580,0,0
2016-01-08,1922.0300,0.02778618,0,0
2016-01-11,1923.6700,0.02068444,0,0
2016-01-12,1938.6801,0.02135866,1,0
2016-01-13,1890.2800,0.01973180,0,0
2016-01-14,1921.8400,0.02305794,1,0
2016-01-15,1880.3300,0.02288556,0,0
2016-01-19,1881.3300,0.02611657,0,0
2016-01-20,1859.3300,0.02874101,0,0
2016-01-21,1868.9900,0.02940612,0,0
2016-01-22,1906.9000,0.02148187,0,0
2016-01-25,1877.0800,0.02572120,0,0
2016-01-26,1903.6300,0.02513627,0,0
2016-01-27,1882.9500,0.02588370,0,0
2016-01-28,1893.3600,0.02532638,0,0
2016-01-29,1940.2400,0.02365388,0,0
2016-02-01,1939.3800,0.02182649,0,0
2016-02-02,1903.0300,0.03005908,0,0
2016-02-03,1912.5300,0.03022678,0,0
2016-02-04,1915.4500,0.03012464,0,0
2016-02-05,1880.0500,0.03748274,0,0
2016-02-08,1853.4399,0.04341542,0,0
2016-02-09,1852.2100,0.04518574,0,0
2016-02-10,1851.8600,0.04522907,0,0
2016-02-11,1829.0800,0.04917155,0,0
2016-02-12,1864.7800,0.04596224,0,0
2016-02-16,1895.5800,0.03509094,0,0
2016-02-17,1926.8199,0.03191787,0,0
2016-02-18,1917.8300,0.03091669,0,0
2016-02-19,1917.7800,0.02932798,0,0
2016-02-22,1945.5000,0.03315362,0,0
2016-02-23,1921.2700,0.03562559,0,0
2016-02-24,1929.8000,0.03474276,0,0
2016-02-25,1951.7000,0.02833418,0,0
2016-02-26,1948.0500,0.03250932,0,0
2016-02-29,1932.2300,0.03718562,0,0
2016-03-01,1978.3500,0.03036162,0,0
2016-03-02,1986.4500,0.02447525,0,0
2016-03-03,1993.4000,0.02156377,0,0
2016-03-04,1999.9900,0.02227640,0,0
2016-03-07,2001.7600,0.02528593,0,0
2016-03-08,1979.2600,0.02553535,0,0
2016-03-09,1989.2600,0.02528718,0,0
2016-03-10,1989.5699,0.02391764,0,0
2016-03-11,2022.1899,0.02168213,0,0
2016-03-14,2019.6400,0.01816404,0,0
2016-03-15,2015.9301,0.01698161,0,0
2016-03-16,2027.2200,0.01745310,0,0
2016-03-17,2040.5900,0.01613015,0,0
2016-03-18,2049.5801,0.01549487,0,0
2016-03-21,2051.6001,0.01317692,0,0
2016-03-22,2049.8000,0.01300637,0,0
2016-03-23,2036.7100,0.01416041,0,0
2016-03-24,2035.9399,0.01752806,0,0
2016-03-28,2037.0500,0.01406742,0,0
2016-03-29,2055.0100,0.01036122,0,0
2016-03-30,2063.9500,0.01124657,0,0
2016-03-31,2059.7400,0.01298080,0,0
2016-04-01,2072.7800,0.01118220,0,0
2016-04-04,2066.1299,0.01208593,0,0
2016-04-05,2045.1700,0.01557497,0,0
2016-04-06,2066.6599,0.01300968,0,0
2016-04-07,2041.9100,0.01523736,0,0
2016-04-08,2047.6000,0.01865469,0,0
2016-04-11,2041.9900,0.01934171,0,0
2016-04-12,2061.7200,0.01385240,0,0
2016-04-13,2082.4199,0.01283771,0,0
2016-04-14,2082.7800,0.01225988,0,0
2016-04-15,2080.7300,0.01355459,0,0
2016-04-18,2094.3401,0.01350529,0,0
2016-04-19,2100.8000,0.01090394,0,0
2016-04-20,2102.3999,0.01122099,0,0
2016-04-21,2091.4800,0.01110622,0,0
2016-04-22,2091.5801,0.01061313,0,0
2016-04-25,2087.7900,0.01020914,0,0
2016-04-26,2091.7000,0.01024403,0,0
2016-04-27,2095.1499,0.01038947,0,0
2016-04-28,2075.8101,0.01224029,0,0
2016-04-29,2065.3000,0.01198153,0,0
2016-05-02,2081.4299,0.01047647,0,0
2016-05-03,2063.3701,0.01207972,0,0
2016-05-04,2051.1201,0.01408730,0,0
2016-05-05,2050.6299,0.01356374,0,0
2016-05-06,2057.1399,0.01249870,0,0
2016-05-09,2058.6899,0.01251910,0,0
2016-05-10,2084.3899,0.01049024,0,0
2016-05-11,2064.4600,0.01233097,0,0
2016-05-12,2064.1101,0.01150399,0,0
2016-05-13,2046.6100,0.01301175,0,0
2016-05-16,2066.6599,0.01239568,0,0
2016-05-17,2047.2100,0.01342475,0,0
2016-05-18,2047.6300,0.01527335,0,0
2016-05-19,2040.0400,0.01531854,0,0
2016-05-20,2052.3201,0.01293602,0,0
2016-05-23,2048.0400,0.01441025,0,0
2016-05-24,2076.0601,0.01206614,0,0
2016-05-25,2090.5400,0.00955609,0,0
2016-05-26,2090.1001,0.00897839,0,0
2016-05-27,2099.0601,0.00883794,0,0
2016-05-31,2096.9500,0.01035898,0,0
2016-06-01,2099.3301,0.00945923,0,0
2016-06-02,2105.2600,0.00867852,0,0
2016-06-03,2099.1299,0.01008010,0,0
2016-06-06,2109.4099,0.01023968,0,0
2016-06-07,2112.1299,0.01003179,0,0
2016-06-08,2119.1201,0.01011467,0,0
2016-06-09,2115.4800,0.01057050,0,0
2016-06-10,2096.0701,0.01158722,0,0
2016-06-13,2079.0601,0.01464656,0,0
2016-06-14,2075.3201,0.01385985,0,0
2016-06-15,2071.5000,0.01213751,0,0
2016-06-16,2077.9900,0.01099702,0,0
2016-06-17,2071.2200,0.01271702,0,0
2016-06-20,2083.2500,0.01271168,0,0
2016-06-21,2088.8999,0.01454111,0,0
2016-06-22,2085.4500,0.01905856,0,0
2016-06-23,2113.3201,0.01072139,1,0
2016-06-24,2037.4100,0.02220513,0,0
2016-06-27,2000.5400,0.02324462,0,0
2016-06-28,2036.0900,0.01079634,0,0
2016-06-29,2070.7700,0.01498316,0,0
2016-06-30,2098.8601,0.01204957,0,0
2016-07-01,2102.9500,0.01501423,0,0
2016-07-05,2088.5500,0.01665376,0,0
2016-07-06,2099.7300,0.01671640,0,0
2016-07-07,2097.8999,0.01477333,0,0
2016-07-08,2129.8999,0.01252838,0,0
2016-07-11,2137.1599,0.01392471,0,0
2016-07-12,2152.1399,0.01465117,0,0
2016-07-13,2152.4299,0.01290334,0,0
2016-07-14,2163.7500,0.01231984,0,0
2016-07-15,2161.7400,0.01126910,0,0
2016-07-18,2166.8899,0.01298256,0,0
2016-07-19,2163.7800,0.01095306,0,0
2016-07-20,2173.0200,0.01124110,0,0
2016-07-21,2165.1699,0.01263104,0,0
2016-07-22,2175.0300,0.01173643,0,0
2016-07-25,2168.4800,0.01227145,0,0
2016-07-26,2169.1799,0.01100993,0,0
2016-07-27,2166.5801,0.01174754,0,0
2016-07-28,2170.0601,0.01066827,0,0
2016-07-29,2173.6001,0.00938730,0,0
2016-08-01,2170.8401,0.00982261,0,0
2016-08-02,2157.0300,0.01101344,0,0
2016-08-03,2163.7900,0.01021934,0,0
2016-08-04,2164.2500,0.01017312,0,0
2016-08-05,2182.8701,0.00826436,0,0
2016-08-08,2180.8899,0.00775482,0,0
2016-08-09,2181.7400,0.00769691,0,0
2016-08-10,2175.4900,0.00796859,0,0
2016-08-11,2185.7900,0.00805630,0,0
2016-08-12,2184.0500,0.00732844,0,0
2016-08-15,2190.1499,0.00737993,0,0
2016-08-16,2178.1499,0.00864278,0,0
2016-08-17,2182.2200,0.00760601,0,0
2016-08-18,2187.0200,0.00690861,0,0
2016-08-19,2183.8701,0.00655801,0,0
2016-08-22,2182.6399,0.00773634,0,0
2016-08-23,2186.8999,0.00859501,0,0
2016-08-24,2175.4399,0.01031231,0,0
2016-08-25,2172.4700,0.01044439,0,0
2016-08-26,2169.0400,0.01030011,0,0
2016-08-29,2180.3799,0.00999758,0,0
2016-08-30,2176.1201,0.00893631,0,0
2016-08-31,2170.9500,0.01054690,0,0
2016-09-01,2170.8601,0.01053967,0,0
2016-09-02,2179.9800,0.00917880,0,0
2016-09-06,2186.4800,0.00878420,0,0
2016-09-07,2186.1599,0.00863034,0,0
2016-09-08,2181.3000,0.00975232,1,0
2016-09-09,2127.8101,0.01840624,0,0
2016-09-12,2159.0400,0.01297231,0,0
2016-09-13,2127.0200,0.01699163,0,0
2016-09-14,2125.7700,0.01893701,0,0
2016-09-15,2147.2600,0.01445820,0,0
2016-09-16,2139.1599,0.01312292,0,0
2016-09-19,2139.1201,0.01451602,0,0
2016-09-20,2139.7600,0.01600329,0,0
2016-09-21,2163.1201,0.01398406,0,0
2016-09-22,2177.1799,0.01070017,0,0
2016-09-23,2164.6899,0.01032776,0,0
2016-09-26,2146.1001,0.01409979,0,0
2016-09-27,2159.9299,0.01186874,0,0
2016-09-28,2171.3701,0.01065230,0,0
2016-09-29,2151.1299,0.01418854,0,0
2016-09-30,2168.2700,0.01280650,0,0
2016-10-03,2161.2000,0.01368391,0,0
2016-10-04,2150.4900,0.01513200,0,0
2016-10-05,2159.7300,0.01331841,0,0
2016-10-06,2160.7700,0.01358518,0,0
2016-10-07,2153.7400,0.01486454,0,0
2016-10-10,2163.6599,0.01331644,0,0
2016-10-11,2136.7300,0.01749438,0,0
2016-10-12,2139.1799,0.01764347,0,0
2016-10-13,2132.5500,0.01809046,0,0
2016-10-14,2132.9800,0.01826652,0,0
2016-10-17,2126.5000,0.01640018,0,0
2016-10-18,2139.6001,0.01621903,0,0
2016-10-19,2144.2900,0.01536847,0,0
2016-10-20,2141.3401,0.01363665,0,0
2016-10-21,2141.1599,0.01340170,0,0
2016-10-24,2151.3301,0.01289400,0,0
2016-10-25,2143.1599,0.01472173,0,0
2016-10-26,2139.4299,0.01543594,0,0
2016-10-27,2133.0400,0.01762035,0,0
2016-10-28,2126.4099,0.01636416,0,0
2016-10-31,2126.1499,0.01712813,0,0
2016-11-01,2111.7200,0.01985082,0,0
2016-11-02,2097.9399,0.02024856,0,0
2016-11-03,2088.6599,0.01836774,0,0
2016-11-04,2085.1799,0.02179935,0,0
2016-11-07,2131.5200,0.01715321,0,0
2016-11-08,2139.5601,0.01770779,0,0
2016-11-09,2163.2600,0.01054005,0,0
2016-11-10,2167.4800,0.01085043,0,0
2016-11-11,2164.4500,0.01048388,0,0
2016-11-14,2164.2000,0.01109193,0,0
2016-11-15,2180.3899,0.01211403,0,0
2016-11-16,2176.9399,0.01113755,0,0
2016-11-17,2187.1201,0.01109747,0,0
2016-11-18,2181.8999,0.00982748,0,0
2016-11-21,2198.1799,0.01037404,0,0
2016-11-22,2202.9399,0.00929010,0,0
2016-11-23,2204.7200,0.00972520,0,0
2016-11-25,2213.3501,0.00952151,0,0
2016-11-28,2201.7200,0.01036729,0,0
2016-11-29,2204.6599,0.00931372,0,0
2016-11-30,2198.8101,0.01024723,0,0
2016-12-01,2191.0801,0.01065498,0,0
2016-12-02,2191.9500,0.01045429,0,0
2016-12-05,2204.7100,0.00814721,0,0
2016-12-06,2212.2300,0.00724612,0,0
2016-12-07,2241.3501,0.00954493,0,0
2016-12-08,2246.1899,0.01104785,0,0
2016-12-09,2259.5300,0.00969221,0,0
2016-12-12,2256.9600,0.01017302,0,0
2016-12-13,2271.7200,0.01184941,0,0
2016-12-14,2253.2800,0.01083761,0,0
2016-12-15,2262.0300,0.00920626,0,0
2016-12-16,2258.0701,0.00816189,0,0
2016-12-19,2262.5300,0.00784400,0,0
2016-12-20,2270.7600,0.00933243,0,0
2016-12-21,2265.1799,0.00829361,0,0
2016-12-22,2260.9600,0.00781765,0,0
2016-12-23,2263.7900,0.00932804,0,0
2016-12-27,2268.8799,0.00926995,0,0
2016-12-28,2249.9199,0.01034216,0,0
2016-12-29,2249.2600,0.01020033,0,0
2016-12-30,2238.8301,0.01009525,0,0
2017-01-03,2257.8301,0.00986253,0,0
2017-01-04,2270.7500,0.00897483,0,0
2017-01-05,2269.0000,0.00827844,0,0
2017-01-06,2276.9800,0.00913917,0,0
2017-01-09,2268.8999,0.00974685,0,0
2017-01-10,2268.8999,0.00976150,0,0
2017-01-11,2275.3201,0.00891318,0,0
2017-01-12,2270.4399,0.00898358,0,0
2017-01-13,2274.6399,0.00717721,0,0
2017-01-17,2267.8899,0.00792879,0,0
2017-01-18,2271.8899,0.00671237,0,0
2017-01-19,2263.6899,0.00743727,0,0
2017-01-20,2271.3101,0.00539927,0,0
2017-01-23,2265.2000,0.00662067,0,0
2017-01-24,2280.0701,0.00598828,0,0
2017-01-25,2298.3701,0.00742156,0,0
2017-01-26,2296.6799,0.00732814,0,0
2017-01-27,2294.6899,0.00744208,0,0
2017-01-30,2280.8999,0.00798388,0,0
2017-01-31,2278.8701,0.00732229,0,0
2017-02-01,2279.5500,0.00811359,0,0
2017-02-02,2280.8501,0.00775311,0,0
2017-02-03,2297.4199,0.00667249,0,0
2017-02-06,2292.5601,0.00740956,0,0
2017-02-07,2293.0801,0.00806180,0,0
2017-02-08,2294.6699,0.00897321,0,0
2017-02-09,2307.8701,0.01042870,0,0
2017-02-10,2316.1001,0.00973653,0,0
2017-02-13,2328.2500,0.00966719,0,0
2017-02-14,2337.5801,0.00907915,0,0
2017-02-15,2349.2500,0.00994261,0,0
2017-02-16,2347.2200,0.00825462,0,0
2017-02-17,2351.1599,0.00741873,0,0
2017-02-21,2365.3799,0.00809146,0,0
2017-02-22,2362.8201,0.00803200,0,0
2017-02-23,2363.8101,0.00774372,0,0
2017-02-24,2367.3401,0.00720248,0,0
2017-02-27,2369.7500,0.00875879,0,0
2017-02-28,2363.6399,0.01063186,0,0
2017-03-01,2395.9600,0.01051486,0,0
2017-03-02,2381.9199,0.00913019,0,0
2017-03-03,2383.1201,0.00805985,0,0
2017-03-06,2375.3101,0.00744819,0,0
2017-03-07,2368.3899,0.00774406,0,0
2017-03-08,2362.9800,0.00811006,0,0
2017-03-09,2364.8701,0.00866684,0,0
2017-03-10,2372.6001,0.00773629,0,0
2017-03-13,2373.4700,0.00621339,0,0
2017-03-14,2365.4500,0.00705386,0,0
2017-03-15,2385.2600,0.00652032,0,0
2017-03-16,2381.3799,0.00579488,0,0
2017-03-17,2378.2500,0.00513420,0,0
2017-03-20,2373.4700,0.00533801,0,0
2017-03-21,2344.0200,0.00797928,0,0
2017-03-22,2348.4500,0.00936035,0,0
2017-03-23,2345.9600,0.01045679,0,0
2017-03-24,2343.9800,0.00975876,0,0
2017-03-27,2341.5901,0.00959735,0,0
2017-03-28,2358.5701,0.00931183,0,0
2017-03-29,2361.1299,0.00991420,0,0
2017-03-30,2368.0601,0.00839305,0,0
2017-03-31,2362.7200,0.00948581,0,0
2017-04-03,2358.8401,0.01012634,0,0
2017-04-04,2360.1599,0.00986175,0,0
2017-04-05,2352.9500,0.01141784,0,0
2017-04-06,2357.4900,0.01083697,0,0
2017-04-07,2355.5400,0.01101550,0,0
2017-04-10,2357.1599,0.01237526,0,0
2017-04-11,2353.7800,0.01184997,0,0
2017-04-12,2344.9299,0.01449821,0,0
2017-04-13,2328.9500,0.01287275,0,0
2017-04-17,2349.0100,0.01037653,0,0
2017-04-18,2342.1899,0.01066054,0,0
2017-04-19,2338.1699,0.01051635,0,0
2017-04-20,2355.8401,0.00836903,0,0
2017-04-21,2348.6899,0.00827987,0,0
2017-04-24,2374.1499,0.00604640,0,0
2017-04-25,2388.6101,0.00688548,0,0
2017-04-26,2387.4500,0.00614485,0,0
2017-04-27,2388.7700,0.00577081,0,0
2017-04-28,2384.2000,0.00557155,0,0
2017-05-01,2388.3301,0.00773778,0,0
2017-05-02,2391.1699,0.00869414,0,0
2017-05-03,2388.1299,0.00850507,0,0
2017-05-04,2389.5200,0.00791333,0,0
2017-05-05,2399.2900,0.00778746,0,0
2017-05-08,2399.3799,0.00761942,0,0
2017-05-09,2396.9199,0.00775649,0,0
2017-05-10,2399.6299,0.00787900,0,0
2017-05-11,2394.4399,0.00840179,0,0
2017-05-12,2390.8999,0.00772558,0,0
2017-05-15,2402.3201,0.00798432,0,0
2017-05-16,2400.6699,0.00802377,0,0
2017-05-17,2357.0300,0.01227440,0,0
2017-05-18,2365.7200,0.01090682,0,0
2017-05-19,2381.7300,0.00953398,0,0
2017-05-22,2394.0200,0.00911574,0,0
2017-05-23,2398.4199,0.00975666,0,0
2017-05-24,2404.3899,0.00897009,0,0
2017-05-25,2415.0701,0.00864661,0,0
2017-05-26,2415.8201,0.00812510,0,0
2017-05-30,2412.9099,0.00889888,0,0
2017-05-31,2411.8000,0.00915097,0,0
2017-06-01,2430.0601,0.00845300,0,0
2017-06-02,2439.0701,0.00831332,0,0
2017-06-05,2436.1001,0.00829957,0,0
2017-06-06,2429.3301,0.00850859,0,0
2017-06-07,2433.1399,0.00810281,0,0
2017-06-08,2433.7900,0.00775249,0,0
2017-06-09,2431.7700,0.00737891,0,0
2017-06-12,2429.3899,0.00741581,0,0
2017-06-13,2440.3501,0.00668895,0,0
2017-06-14,2437.9199,0.00708120,0,0
2017-06-15,2432.4600,0.00770842,0,0
2017-06-16,2433.1499,0.00657169,0,0
2017-06-19,2453.4600,0.00647109,0,0
2017-06-20,2437.0300,0.00761412,0,0
2017-06-21,2435.6101,0.00803492,0,0
2017-06-22,2434.5000,0.00732644,0,0
2017-06-23,2438.3000,0.00669651,0,0
2017-06-26,2439.0701,0.00709581,0,0
2017-06-27,2419.3799,0.00895930,0,0
2017-06-28,2440.6899,0.00754507,0,0
2017-06-29,2419.7000,0.00838567,0,0
2017-06-30,2423.4099,0.00809231,0,0
2017-07-03,2429.0100,0.00872123,0,0
2017-07-05,2432.5400,0.00795876,0,0
2017-07-06,2409.7500,0.00978579,0,0
2017-07-07,2425.1799,0.00775356,0,0
2017-07-10,2427.4299,0.00743970,0,0
2017-07-11,2425.5300,0.00741947,0,0
2017-07-12,2443.2500,0.00651277,0,0
2017-07-13,2447.8301,0.00594179,0,0
2017-07-14,2459.2700,0.00585862,0,0
2017-07-17,2459.1399,0.00578453,0,0
2017-07-18,2460.6101,0.00621793,0,0
2017-07-19,2473.8301,0.00615397,0,0
2017-07-20,2473.4500,0.00670260,0,0
2017-07-21,2472.5400,0.00600874,0,0
2017-07-24,2469.9099,0.00641927,0,0
2017-07-25,2477.1299,0.00588983,0,0
2017-07-26,2477.8301,0.00603667,0,0
2017-07-27,2475.4199,0.00573839,0,0
2017-07-28,2472.1001,0.00573512,0,0
2017-07-31,2470.3000,0.00592494,0,0
2017-08-01,2476.3501,0.00585325,0,0
2017-08-02,2477.5701,0.00567380,0,0
2017-08-03,2472.1599,0.00637545,0,0
2017-08-04,2476.8301,0.00562028,0,0
2017-08-07,2480.9099,0.00558842,0,0
2017-08-08,2474.9199,0.00646003,0,0
2017-08-09,2474.0200,0.00629430,0,0
2017-08-10,2438.2100,0.01172786,0,0
2017-08-11,2441.3201,0.01182203,0,0
2017-08-14,2465.8401,0.00759659,0,0
2017-08-15,2464.6101,0.00719980,0,0
2017-08-16,2468.1101,0.00681280,0,0
2017-08-17,2430.0100,0.00969866,0,0
2017-08-18,2425.5500,0.01192804,0,0
2017-08-21,2428.3701,0.01006429,0,0
2017-08-22,2452.5100,0.00772448,0,0
2017-08-23,2444.0400,0.00944055,0,0
2017-08-24,2438.9700,0.00947905,0,0
2017-08-25,2443.0500,0.00839054,0,0
2017-08-28,2444.2400,0.00889312,0,0
2017-08-29,2446.3000,0.00850214,0,0
2017-08-30,2457.5901,0.00826505,0,0
2017-08-31,2471.6499,0.00708831,0,0
2017-09-01,2476.5500,0.00673506,0,0
2017-09-05,2457.8501,0.00907923,0,0
2017-09-06,2465.5400,0.00783500,0,0
2017-09-07,2465.1001,0.00792745,0,0
2017-09-08,2461.4299,0.00957125,0,0
2017-09-11,2488.1101,0.00693046,0,0
2017-09-12,2496.4800,0.00663084,0,0
2017-09-13,2498.3701,0.00597986,0,0
2017-09-14,2495.6201,0.00601286,0,0
2017-09-15,2500.2300,0.00575088,0,0
2017-09-18,2503.8701,0.00565184,0,0
2017-09-19,2506.6499,0.00572277,0,0
2017-09-20,2508.2400,0.00586794,0,0
2017-09-21,2500.6001,0.00578671,0,0
2017-09-22,2502.2200,0.00562274,0,0
2017-09-25,2496.6599,0.00654867,0,0
2017-09-26,2496.8401,0.00646945,0,0
2017-09-27,2507.0400,0.00668169,0,0
2017-09-28,2510.0601,0.00574383,0,0
2017-09-29,2519.3601,0.00530475,0,0
2017-10-02,2529.1201,0.00518061,0,0
2017-10-03,2534.5801,0.00529674,0,0
2017-10-04,2537.7400,0.00461819,0,0
2017-10-05,2552.0701,0.00471561,0,0
2017-10-06,2549.3301,0.00495673,0,0
2017-10-09,2544.7300,0.00554367,0,0
2017-10-10,2550.6399,0.00545106,0,0
2017-10-11,2555.2400,0.00549696,0,0
2017-10-12,2550.9299,0.00585162,0,0
2017-10-13,2553.1699,0.00538133,0,0
2017-10-16,2557.6399,0.00472904,0,0
2017-10-17,2559.3601,0.00486063,0,0
2017-10-18,2561.2600,0.00488419,0,0
2017-10-19,2562.1001,0.00505359,0,0
2017-10-20,2575.2100,0.00464420,0,0
2017-10-23,2564.9800,0.00618129,0,0
2017-10-24,2569.1299,0.00624633,0,0
2017-10-25,2557.1499,0.00683174,0,0
2017-10-26,2560.3999,0.00690851,0,0
2017-10-27,2581.0701,0.00559040,0,0
2017-10-30,2572.8301,0.00672527,0,0
2017-10-31,2575.2600,0.00658962,0,0
2017-11-01,2579.3601,0.00695195,0,0
2017-11-02,2579.8501,0.00654243,0,0
2017-11-03,2587.8401,0.00558300,0,0
2017-11-06,2591.1299,0.00585768,0,0
2017-11-07,2590.6399,0.00663494,0,0
2017-11-08,2594.3799,0.00574414,0,0
2017-11-09,2584.6201,0.00680514,0,0
2017-11-10,2582.3000,0.00779615,0,0
2017-11-13,2584.8401,0.00783579,0,0
2017-11-14,2578.8701,0.00762497,0,0
2017-11-15,2564.6201,0.00785756,0,0
2017-11-16,2585.6399,0.00694477,0,0
2017-11-17,2578.8501,0.00644786,0,0
2017-11-20,2582.1399,0.00598655,0,0
2017-11-21,2599.0300,0.00561995,0,0
2017-11-22,2597.0801,0.00598532,0,0
2017-11-24,2602.4199,0.00599064,0,0
2017-11-27,2601.4199,0.00618819,0,0
2017-11-28,2627.0400,0.00737624,0,0
2017-11-29,2626.0701,0.00774183,0,0
2017-11-30,2647.5801,0.00792892,0,0
2017-12-01,2642.2200,0.00816415,0,0
2017-12-04,2639.4399,0.00767707,0,0
2017-12-05,2629.5701,0.00717999,0,0
2017-12-06,2629.2700,0.00704962,0,0
2017-12-07,2636.9800,0.00630993,0,0
2017-12-08,2651.5000,0.00586854,0,0
2017-12-11,2659.9900,0.00553453,0,0
2017-12-12,2664.1101,0.00647315,0,0
2017-12-13,2662.8501,0.00635758,0,0
2017-12-14,2652.0100,0.00659215,0,0
2017-12-15,2675.8101,0.00551440,0,0
2017-12-18,2690.1599,0.00605659,0,0
2017-12-19,2681.4700,0.00694675,0,0
2017-12-20,2679.2500,0.00626013,0,0
2017-12-21,2684.5701,0.00640413,0,0
2017-12-22,2683.3401,0.00660098,0,0
2017-12-26,2680.5000,0.00670833,0,0
2017-12-27,2682.6201,0.00668768,0,0
2017-12-28,2687.5400,0.00629981,0,0
2017-12-29,2673.6101,0.00728622,0,0
2018-01-02,2695.8101,0.00636568,0,0
2018-01-03,2713.0601,0.00641452,0,0
2018-01-04,2723.9900,0.00703492,0,0
2018-01-05,2743.1499,0.00798344,0,0
2018-01-08,2747.7100,0.00811043,0,0
2018-01-09,2751.2900,0.00901278,0,0
2018-01-10,2748.2300,0.00789410,0,0
2018-01-11,2767.5601,0.00843171,0,0
2018-01-12,2786.2400,0.00890131,0,0
2018-01-16,2776.4199,0.00991345,0,0
2018-01-17,2802.5601,0.00884937,0,0
2018-01-18,2798.0300,0.01026998,0,0
2018-01-19,2810.3000,0.00905495,0,0
2018-01-22,2832.9700,0.01000437,0,0
2018-01-23,2839.1299,0.01092103,0,0
2018-01-24,2837.5400,0.01225500,0,0
2018-01-25,2839.2500,0.01134788,0,0
2018-01-26,2872.8701,0.01183660,0,0
2018-01-29,2853.5300,0.01573149,0,0
2018-01-30,2822.4299,0.01531719,0,0
2018-01-31,2823.8101,0.01471929,0,0
2018-02-01,2821.9800,0.01462403,1,0
2018-02-02,2762.1299,0.01774542,1,0
2018-02-05,2648.9399,0.07956512,0,0
2018-02-06,2695.1399,0.05348887,0,0
2018-02-07,2681.6599,0.03809646,1,0
2018-02-08,2581.0000,0.06052578,0,0
2018-02-09,2619.5500,0.04943891,0,0
2018-02-12,2656.0000,0.02685687,0,0
2018-02-13,2662.9399,0.02921689,0,0
2018-02-14,2698.6299,0.02541640,0,0
2018-02-15,2731.2000,0.02415841,0,0
2018-02-16,2732.2200,0.02580898,0,0
2018-02-20,2716.2600,0.02922791,0,0
2018-02-21,2701.3301,0.02813312,0,0
2018-02-22,2703.9600,0.02300295,0,0
2018-02-23,2747.3000,0.01772526,0,0
2018-02-26,2779.6001,0.02054534,0,0
2018-02-27,2744.2800,0.02650869,0,0
2018-02-28,2713.8301,0.02493174,0,0
2018-03-01,2677.6699,0.03122933,0,0
2018-03-02,2691.2500,0.03110952,0,0
2018-03-05,2720.9399,0.02718205,0,0
2018-03-06,2728.1201,0.02656462,0,0
2018-03-07,2726.8000,0.02309370,0,0
2018-03-08,2738.9700,0.01938425,0,0
2018-03-09,2786.5701,0.01747444,0,0
2018-03-12,2783.0200,0.01260992,0,0
2018-03-13,2765.3101,0.01399281,0,0
2018-03-14,2749.4800,0.01444154,0,0
2018-03-15,2747.3301,0.01255929,0,0
2018-03-16,2752.0100,0.01121053,0,0
2018-03-19,2712.9199,0.01610664,0,0
2018-03-20,2716.9399,0.01765959,0,0
2018-03-21,2711.9299,0.01703206,1,0
2018-03-22,2643.6899,0.03159292,1,0
2018-03-23,2588.2600,0.03768315,0,0
2018-03-26,2658.5500,0.02913634,0,0
2018-03-27,2612.6201,0.03364363,0,0
2018-03-28,2605.0000,0.03345053,0,0
2018-03-29,2640.8701,0.03091408,1,0
2018-04-02,2581.8799,0.03976114,0,0
2018-04-03,2614.4500,0.03389705,0,0
2018-04-04,2644.6899,0.03005062,0,0
2018-04-05,2662.8401,0.02571312,1,0
2018-04-06,2604.4700,0.03128783,0,0
2018-04-09,2613.1599,0.03672999,0,0
2018-04-10,2656.8701,0.03228182,0,0
2018-04-11,2642.1899,0.03090214,0,0
2018-04-12,2663.9900,0.02685518,0,0
2018-04-13,2656.3000,0.02229880,0,0
2018-04-16,2677.8401,0.01806578,0,0
2018-04-17,2706.3899,0.01666342,0,0
2018-04-18,2708.6399,0.01192854,0,0
2018-04-19,2693.1299,0.01496689,0,0
2018-04-20,2670.1399,0.01842879,0,0
2018-04-23,2670.2900,0.02044402,0,0
2018-04-24,2634.5601,0.02246794,0,0
2018-04-25,2639.3999,0.02361439,0,0
2018-04-26,2666.9399,0.01948832,0,0
2018-04-27,2669.9099,0.01682619,0,0
2018-04-30,2648.0500,0.01714537,0,0
2018-05-01,2654.8000,0.01790710,0,0
2018-05-02,2635.6699,0.02128473,0,0
2018-05-03,2629.7300,0.01838082,0,0
2018-05-04,2663.4199,0.01642280,0,0
2018-05-07,2672.6299,0.01860006,0,0
2018-05-08,2671.9199,0.01724903,0,0
2018-05-09,2697.7900,0.01346123,0,0
2018-05-10,2723.0701,0.01273864,0,0
2018-05-11,2727.7200,0.01179380,0,0
2018-05-14,2730.1299,0.01124421,0,0
2018-05-15,2711.4500,0.01210849,0,0
2018-05-16,2722.4600,0.01101219,0,0
2018-05-17,2720.1299,0.01136910,0,0
2018-05-18,2712.9700,0.01110244,0,0
2018-05-21,2733.0100,0.01040119,0,0
2018-05-22,2724.4399,0.01047348,0,0
2018-05-23,2733.2900,0.00905032,0,0
2018-05-24,2727.7600,0.00822094,0,0
2018-05-25,2721.3301,0.00872794,0,0
2018-05-29,2689.8601,0.01150646,0,0
2018-05-30,2724.0100,0.00926658,0,0
2018-05-31,2705.2700,0.01000228,0,0
2018-06-01,2734.6201,0.01091977,0,0
2018-06-04,2746.8701,0.01046947,0,0
2018-06-05,2748.8000,0.00945577,0,0
2018-06-06,2772.3501,0.00833193,0,0
2018-06-07,2770.3701,0.00970832,0,0
2018-06-08,2779.0300,0.00988174,0,0
2018-06-11,2782.0000,0.00892255,0,0
2018-06-12,2786.8501,0.00817835,0,0
2018-06-13,2775.6299,0.00924184,0,0
2018-06-14,2782.4900,0.00784785,0,0
2018-06-15,2779.6599,0.00803787,0,0
2018-06-18,2773.7500,0.00868000,0,0
2018-06-19,2762.5901,0.00976020,0,0
2018-06-20,2767.3201,0.00889082,0,0
2018-06-21,2749.7600,0.01126688,0,0
2018-06-22,2754.8799,0.01041630,0,0
2018-06-25,2717.0701,0.01704155,0,0
2018-06-26,2723.0601,0.01449585,0,0
2018-06-27,2699.6299,0.01822515,0,0
2018-06-28,2716.3101,0.01440348,0,0
2018-06-29,2718.3701,0.01166078,0,0
2018-07-02,2726.7100,0.01127577,0,0
2018-07-03,2713.2200,0.01267530,0,0
2018-07-05,2736.6101,0.00985883,0,0
2018-07-06,2759.8201,0.00825553,0,0
2018-07-09,2784.1699,0.00802654,0,0
2018-07-10,2793.8401,0.00820987,0,0
2018-07-11,2774.0200,0.00941894,0,0
2018-07-12,2798.2900,0.00816047,0,0
2018-07-13,2801.3101,0.00701688,0,0
2018-07-16,2798.4299,0.00671817,0,0
2018-07-17,2809.5500,0.00597979,0,0
2018-07-18,2815.6201,0.00540232,0,0
2018-07-19,2804.4900,0.00621209,0,0
2018-07-20,2801.8301,0.00582189,0,0
2018-07-23,2806.9800,0.00539935,0,0
2018-07-24,2820.3999,0.00658450,0,0
2018-07-25,2846.0701,0.00650087,0,0
2018-07-26,2837.4399,0.00657547,0,0
2018-07-27,2818.8201,0.00711772,0,0
2018-07-30,2802.6001,0.00874678,0,0
2018-07-31,2816.2900,0.00692988,0,0
2018-08-01,2813.3601,0.00751797,0,0
2018-08-02,2827.2200,0.00658299,0,0
2018-08-03,2840.3501,0.00577151,0,0
2018-08-06,2850.3999,0.00604821,0,0
2018-08-07,2858.4500,0.00646630,0,0
2018-08-08,2857.7000,0.00618822,0,0
2018-08-09,2853.5801,0.00678251,0,0
2018-08-10,2833.2800,0.00647406,0,0
2018-08-13,2821.9299,0.00613217,0,0
2018-08-14,2839.9600,0.00628051,0,0
2018-08-15,2818.3701,0.00787410,0,0
2018-08-16,2840.6899,0.00675485,0,0
2018-08-17,2850.1299,0.00658234,0,0
2018-08-20,2857.0500,0.00659592,0,0
2018-08-21,2862.9600,0.00722063,0,0
2018-08-22,2861.8201,0.00714360,0,0
2018-08-23,2856.9800,0.00648126,0,0
2018-08-24,2874.6899,0.00605476,0,0
2018-08-27,2896.7400,0.00664986,0,0
2018-08-28,2897.5200,0.00752458,0,0
2018-08-29,2914.0400,0.00751121,0,0
2018-08-30,2901.1299,0.00812180,0,0
2018-08-31,2901.5200,0.00670598,0,0
2018-09-04,2896.7200,0.00760341,0,0
2018-09-05,2888.6001,0.00803624,0,0
2018-09-06,2878.0500,0.00903824,0,0
2018-09-07,2871.6799,0.00808849,0,0
2018-09-10,2877.1299,0.00771780,0,0
2018-09-11,2887.8899,0.00647153,0,0
2018-09-12,2888.9199,0.00649171,0,0
2018-09-13,2904.1799,0.00580991,0,0
2018-09-14,2904.9800,0.00539477,0,0
2018-09-17,2888.8000,0.00652149,0,0
2018-09-18,2904.3101,0.00581322,0,0
2018-09-19,2907.9500,0.00581838,0,0
2018-09-20,2930.7500,0.00618018,0,0
2018-09-21,2929.6699,0.00662542,0,0
2018-09-24,2919.3701,0.00768427,0,0
2018-09-25,2915.5601,0.00817833,0,0
2018-09-26,2905.9700,0.00807008,0,0
2018-09-27,2914.0000,0.00783314,0,0
2018-09-28,2913.9800,0.00709982,0,0
2018-10-01,2924.5901,0.00775525,0,0
2018-10-02,2923.4299,0.00878224,0,0
2018-10-03,2925.5100,0.00806309,0,0
2018-10-04,2901.6101,0.01143742,0,0
2018-10-05,2885.5701,0.01384917,0,0
2018-10-08,2884.4299,0.01530446,0,0
2018-10-09,2880.3401,0.01614933,1,0
2018-10-10,2785.6799,0.02924042,1,0
2018-10-11,2728.3701,0.03563840,0,0
2018-10-12,2767.1299,0.03303482,0,0
2018-10-15,2750.7900,0.03051532,0,0
2018-10-16,2809.9199,0.02026448,0,0
2018-10-17,2809.2100,0.02080335,0,0
2018-10-18,2768.7800,0.02842323,0,0
2018-10-19,2767.7800,0.03088811,0,0
2018-10-22,2755.8799,0.02929229,0,0
2018-10-23,2740.6899,0.03152356,1,0
2018-10-24,2656.1001,0.04393335,0,0
2018-10-25,2705.5701,0.04434245,0,0
2018-10-26,2658.6899,0.04737654,0,0
2018-10-29,2641.2500,0.04984796,0,0
2018-10-30,2682.6299,0.04818155,0,0
2018-10-31,2711.7400,0.04198877,0,0
2018-11-01,2740.3701,0.03403448,0,0
2018-11-02,2723.0601,0.03614790,0,0
2018-11-05,2738.3101,0.03684149,0,0
2018-11-06,2755.4500,0.03718783,0,0
2018-11-07,2813.8899,0.02766401,0,0
2018-11-08,2806.8301,0.02807431,0,0
2018-11-09,2781.0100,0.03008971,0,0
2018-11-12,2726.2200,0.03849039,0,0
2018-11-13,2722.1799,0.03580399,0,0
2018-11-14,2701.5801,0.04035724,0,0
2018-11-15,2730.2000,0.03633663,0,0
2018-11-16,2736.2700,0.03128278,0,0
2018-11-19,2690.7300,0.03986289,0,0
2018-11-20,2641.8899,0.04423299,0,0
2018-11-21,2649.9299,0.03796306,0,0
2018-11-23,2632.5601,0.03810609,0,0
2018-11-26,2673.4500,0.03101589,0,0
2018-11-27,2682.1699,0.03402046,0,0
2018-11-28,2743.7900,0.03306416,0,0
2018-11-29,2737.8000,0.03624263,0,0
2018-11-30,2760.1699,0.03513339,0,0
2018-12-03,2790.3701,0.02822064,1,0
2018-12-04,2700.0601,0.04299476,0,0
2018-12-06,2695.9500,0.04508194,1,0
2018-12-07,2633.0801,0.05441401,0,0
2018-12-10,2637.7200,0.04711020,0,0
2018-12-11,2636.7800,0.04438592,0,0
2018-12-12,2651.0701,0.04212966,0,0
2018-12-13,2650.5400,0.03849147,0,0
2018-12-14,2599.9500,0.03965542,1,0
2018-12-17,2545.9399,0.04417218,0,0
2018-12-18,2546.1599,0.04643328,0,0
2018-12-19,2506.9600,0.04434504,0,0
2018-12-20,2467.4199,0.05603373,1,0
2018-12-21,2416.6201,0.06544861,1,0
2018-12-24,2351.1001,0.10648247,0,0
2018-12-26,2467.7000,0.08321974,0,0
2018-12-27,2488.8301,0.08418054,0,0
2018-12-28,2485.7400,0.06819376,0,0
2018-12-31,2506.8501,0.05457503,0,0
2019-01-02,2510.0300,0.04495226,1,0
2019-01-03,2447.8899,0.05929037,0,0
2019-01-04,2531.9399,0.04741165,0,0
2019-01-07,2549.6899,0.04767378,0,0
2019-01-08,2574.4099,0.04427191,0,0
2019-01-09,2584.9600,0.03951352,0,0
2019-01-10,2596.6399,0.03613322,0,0
2019-01-11,2596.2600,0.03067512,0,0
2019-01-14,2582.6101,0.02994493,0,0
2019-01-15,2610.3000,0.02783364,0,0
2019-01-16,2616.1001,0.02566385,0,0
2019-01-17,2635.9600,0.02127762,0,0
2019-01-18,2670.7100,0.02077860,0,0
2019-01-22,2632.8999,0.03273951,0,0
2019-01-23,2638.7000,0.02883332,0,0
2019-01-24,2642.3301,0.02227754,0,0
2019-01-25,2664.7600,0.02170619,0,0
2019-01-28,2643.8501,0.02426828,0,0
2019-01-29,2640.0000,0.02528127,0,0
2019-01-30,2681.0500,0.02106787,0,0
2019-01-31,2704.1001,0.01785729,0,0
2019-02-01,2706.5300,0.01783846,0,0
2019-02-04,2724.8701,0.01547937,0,0
2019-02-05,2737.7000,0.01622033,0,0
2019-02-06,2731.6101,0.01569444,0,0
2019-02-07,2706.0500,0.01674896,0,0
2019-02-08,2707.8799,0.01443227,0,0
2019-02-11,2709.8000,0.01482447,0,0
2019-02-12,2744.7300,0.01446091,0,0
2019-02-13,2753.0300,0.01527455,0,0
2019-02-14,2745.7300,0.01594337,0,0
2019-02-15,2775.6001,0.01359612,0,0
2019-02-19,2779.7600,0.01523309,0,0
2019-02-20,2784.7000,0.01423005,0,0
2019-02-21,2774.8799,0.01505323,0,0
2019-02-22,2792.6699,0.01477007,0,0
2019-02-25,2796.1101,0.01443816,0,0
2019-02-26,2793.8999,0.01524845,0,0
2019-02-27,2792.3799,0.01387540,0,0
2019-02-28,2784.4900,0.01340544,0,0
2019-03-01,2803.6899,0.01144715,0,0
2019-03-04,2792.8101,0.01290245,0,0
2019-03-05,2789.6499,0.01238886,0,0
2019-03-06,2771.4500,0.01485062,0,0
2019-03-07,2748.9299,0.01709762,0,0
2019-03-08,2743.0701,0.01500266,0,0
2019-03-11,2783.3000,0.01055063,0,0
2019-03-12,2791.5200,0.01034836,0,0
2019-03-13,2810.9199,0.01013605,0,0
2019-03-14,2808.4800,0.01099917,0,0
2019-03-15,2822.4800,0.01096812,0,0
2019-03-18,2832.9399,0.01174617,0,0
2019-03-19,2832.5701,0.01352645,0,0
2019-03-20,2824.2300,0.01549049,0,0
2019-03-21,2854.8799,0.01488979,0,0
2019-03-22,2800.7100,0.02205137,0,0
2019-03-25,2798.3601,0.01926480,0,0
2019-03-26,2818.4600,0.01613690,0,0
2019-03-27,2805.3701,0.01760405,0,0
2019-03-28,2815.4399,0.01589272,0,0
2019-03-29,2834.3999,0.01518018,0,0
2019-04-01,2867.1899,0.01264220,0,0
2019-04-02,2867.2400,0.01139169,0,0
2019-04-03,2873.3999,0.01146924,0,0
2019-04-04,2879.3899,0.01144973,0,0
2019-04-05,2892.7400,0.01014857,0,0
2019-04-08,2895.7700,0.01015953,0,0
2019-04-09,2878.2000,0.01199079,0,0
2019-04-10,2888.2100,0.01045222,0,0
2019-04-11,2888.3201,0.01035116,0,0
2019-04-12,2907.4099,0.01000557,0,0
2019-04-15,2905.5801,0.00994304,0,0
2019-04-16,2907.0601,0.01023089,0,0
2019-04-17,2900.4500,0.01113853,0,0
2019-04-18,2905.0300,0.01122214,0,0
2019-04-22,2907.9700,0.01154200,0,0
2019-04-23,2933.6799,0.01068404,0,0
2019-04-24,2927.2500,0.01189180,0,0
2019-04-25,2926.1699,0.01225542,0,0
2019-04-26,2939.8799,0.01049340,0,0
2019-04-29,2943.0300,0.01139473,0,0
2019-04-30,2945.8301,0.01143179,0,0
2019-05-01,2923.7300,0.01375173,0,0
2019-05-02,2917.5200,0.01359343,0,0
2019-05-03,2945.6399,0.01159416,0,0
2019-05-06,2932.4700,0.01499491,0,0
2019-05-07,2884.0500,0.02478347,0,0
2019-05-08,2879.4199,0.02634665,0,0
2019-05-09,2870.7200,0.02527096,0,0
2019-05-10,2881.3999,0.01873464,1,0
2019-05-13,2811.8701,0.02665431,0,0
2019-05-14,2834.4099,0.02171450,0,0
2019-05-15,2850.9600,0.01829637,0,0
2019-05-16,2876.3201,0.01699246,0,0
2019-05-17,2859.5300,0.01992501,0,0
2019-05-20,2840.2300,0.02308154,0,0
2019-05-21,2864.3601,0.01933162,0,0
2019-05-22,2856.2700,0.01963506,0,0
2019-05-23,2822.2400,0.02467334,0,0
2019-05-24,2826.0601,0.02173895,0,0
2019-05-28,2802.3899,0.02642527,0,0
2019-05-29,2783.0200,0.02748854,0,0
2019-05-30,2788.8601,0.02518909,0,0
2019-05-31,2752.0601,0.02695341,0,0
2019-06-03,2744.4500,0.02796172,0,0
2019-06-04,2803.2700,0.02420494,0,0
2019-06-05,2826.1499,0.02359977,0,0
2019-06-06,2843.4900,0.02308877,0,0
2019-06-07,2873.3401,0.02274074,0,0
2019-06-10,2886.7300,0.02268472,0,0
2019-06-11,2885.7200,0.02333955,0,0
2019-06-12,2879.8401,0.02113422,0,0
2019-06-13,2891.6399,0.02119513,0,0
2019-06-14,2886.9800,0.02021335,0,0
2019-06-17,2889.6699,0.01930243,0,0
2019-06-18,2917.7500,0.01823650,0,0
2019-06-19,2926.4600,0.01690115,0,0
2019-06-20,2954.1799,0.01644470,0,0
2019-06-21,2950.4600,0.01753403,0,0
2019-06-24,2945.3501,0.01818553,0,0
2019-06-25,2917.3799,0.01946994,0,0
2019-06-26,2913.7800,0.01935954,0,0
2019-06-27,2924.9199,0.01738991,0,0
2019-06-28,2941.7600,0.01588594,0,0
2019-07-01,2964.3301,0.01373380,0,0
2019-07-02,2973.0100,0.01156354,0,0
2019-07-03,2995.8201,0.01120411,0,0
2019-07-05,2990.4099,0.01062323,0,0
2019-07-08,2975.9500,0.01352928,0,0
2019-07-09,2979.6299,0.01400638,0,0
2019-07-10,2993.0701,0.01202117,0,0
2019-07-11,2999.9099,0.01156988,0,0
2019-07-12,3013.7700,0.01043485,0,0
2019-07-15,3014.3000,0.01021616,0,0
2019-07-16,3004.0400,0.01033261,0,0
2019-07-17,2984.4199,0.01176166,0,0
2019-07-18,2995.1101,0.01130880,0,0
2019-07-19,2976.6101,0.01254826,0,0
2019-07-22,2985.0300,0.01114679,0,0
2019-07-23,3005.4700,0.01037010,0,0
2019-07-24,3019.5601,0.00928503,0,0
2019-07-25,3003.6699,0.01053519,0,0
2019-07-26,3025.8601,0.00990463,0,0
2019-07-29,3020.9700,0.01046362,0,0
2019-07-30,3013.1799,0.01237285,0,0
2019-07-31,2980.3799,0.01555176,0,0
2019-08-01,2953.5601,0.01854241,0,0
2019-08-02,2932.0500,0.01981001,1,0
2019-08-05,2844.7400,0.03448614,0,0
2019-08-06,2881.7700,0.02770184,0,0
2019-08-07,2883.9800,0.02654336,0,0
2019-08-08,2938.0901,0.02155749,0,0
2019-08-09,2918.6499,0.02280387,0,0
2019-08-12,2882.7000,0.02883309,0,0
2019-08-13,2926.3201,0.02205796,1,0
2019-08-14,2840.6001,0.03004494,0,0
2019-08-15,2847.6001,0.03197602,0,0
2019-08-16,2888.6799,0.02428448,0,0
2019-08-19,2923.6499,0.02062890,0,0
2019-08-20,2900.5100,0.02213024,0,0
2019-08-21,2924.4299,0.01959362,0,0
2019-08-22,2922.9500,0.02261897,1,0
2019-08-23,2847.1101,0.02982886,0,0
2019-08-26,2878.3799,0.03248087,0,0
2019-08-27,2869.1599,0.03610437,0,0
2019-08-28,2887.9399,0.03224837,0,0
2019-08-29,2924.5801,0.02781953,0,0
2019-08-30,2926.4600,0.02940152,0,0
2019-09-03,2906.2700,0.03138593,0,0
2019-09-04,2937.7800,0.02351627,0,0
2019-09-05,2976.0000,0.02185755,0,0
2019-09-06,2978.7100,0.01866940,0,0
2019-09-09,2978.4299,0.01927909,0,0
2019-09-10,2979.3899,0.01894550,0,0
2019-09-11,3000.9299,0.01710041,0,0
2019-09-12,3009.5701,0.01653887,0,0
2019-09-13,3007.3899,0.01584988,0,0
2019-09-16,2997.9600,0.01703884,0,0
2019-09-17,3005.7000,0.01683791,0,0
2019-09-18,3006.7300,0.01557957,0,0
2019-09-19,3006.7900,0.01528928,0,0
2019-09-20,2992.0701,0.01666957,0,0
2019-09-23,2991.7800,0.01701621,0,0
2019-09-24,2966.6001,0.02138762,0,0
2019-09-25,2984.8701,0.01930801,0,0
2019-09-26,2977.6201,0.01931642,0,0
2019-09-27,2961.7900,0.02171539,0,0
2019-09-30,2976.7400,0.01942769,0,0
2019-10-01,2940.2500,0.02332187,0,0
2019-10-02,2887.6101,0.02834191,0,0
2019-10-03,2910.6299,0.02742983,0,0
2019-10-04,2952.0100,0.02055556,0,0
2019-10-07,2938.7900,0.02325556,0,0
2019-10-08,2893.0601,0.02546623,0,0
2019-10-09,2919.3999,0.02308060,0,0
2019-10-10,2938.1299,0.02164630,0,0
2019-10-11,2970.2700,0.01791686,0,0
2019-10-14,2966.1499,0.01563376,0,0
2019-10-15,2995.6799,0.01309953,0,0
2019-10-16,2989.6899,0.01257097,0,0
2019-10-17,2997.9500,0.01265240,0,0
2019-10-18,2986.2000,0.01291753,0,0
2019-10-21,3006.7200,0.01262869,0,0
2019-10-22,2995.9900,0.01382151,0,0
2019-10-23,3004.5200,0.01350650,0,0
2019-10-24,3010.2900,0.01303385,0,0
2019-10-25,3022.5500,0.01153883,0,0
2019-10-28,3039.4199,0.01188964,0,0
2019-10-29,3036.8899,0.01250657,0,0
2019-10-30,3046.7700,0.01043786,0,0
2019-10-31,3037.5601,0.01028448,0,0
2019-11-01,3066.9099,0.00897001,0,0
2019-11-04,3078.2700,0.00966877,0,0
2019-11-05,3074.6201,0.01021913,0,0
2019-11-06,3076.7800,0.00917223,0,0
2019-11-07,3085.1799,0.01033549,0,0
2019-11-08,3093.0801,0.00927518,0,0
2019-11-11,3087.0100,0.01088213,0,0
2019-11-12,3091.8401,0.01068093,0,0
2019-11-13,3094.0400,0.01148465,0,0
2019-11-14,3096.6299,0.01103154,0,0
2019-11-15,3120.4600,0.00935633,0,0
2019-11-18,3122.0300,0.00984017,0,0
2019-11-19,3120.1799,0.00946491,0,0
2019-11-20,3108.4600,0.00905007,0,0
2019-11-21,3103.5400,0.01003553,0,0
2019-11-22,3110.2900,0.00927115,0,0
2019-11-25,3133.6399,0.00832623,0,0
2019-11-26,3140.5200,0.00733684,0,0
2019-11-27,3153.6299,0.00716206,0,0
2019-11-29,3140.9800,0.00771431,0,0
2019-12-02,3113.8701,0.01007047,0,0
2019-12-03,3093.2000,0.01171488,0,0
2019-12-04,3112.7600,0.01121946,0,0
2019-12-05,3117.4299,0.01136319,0,0
2019-12-06,3145.9099,0.00845063,0,0
2019-12-09,3135.9600,0.00962877,0,0
2019-12-10,3132.5200,0.01006032,0,0
2019-12-11,3141.6299,0.00937930,0,0
2019-12-12,3168.5701,0.00899047,0,0
2019-12-13,3168.8000,0.00592563,0,0
2019-12-16,3191.4500,0.00591327,0,0
2019-12-17,3192.5200,0.00700585,0,0
2019-12-18,3191.1399,0.00603333,0,0
2019-12-19,3205.3701,0.00521662,0,0
2019-12-20,3221.2200,0.00544805,0,0
2019-12-23,3224.0100,0.00581090,0,0
2019-12-24,3223.3799,0.00587286,0,0
2019-12-26,3239.9099,0.00599869,0,0
2019-12-27,3240.0200,0.00694721,0,0
2019-12-30,3221.2900,0.00824820,0,0
2019-12-31,3230.7800,0.00770636,0,0
2020-01-02,3257.8501,0.00714244,0,0
2020-01-03,3234.8501,0.00941878,0,0
2020-01-06,3246.2800,0.00951530,0,0
2020-01-07,3237.1799,0.00988741,0,0
2020-01-08,3253.0500,0.00832329,0,0
2020-01-09,3274.7000,0.00798913,0,0
2020-01-10,3265.3501,0.00909535,0,0
2020-01-13,3288.1299,0.00867621,0,0
2020-01-14,3283.1499,0.00902963,0,0
2020-01-15,3289.2900,0.00908868,0,0
2020-01-16,3316.8101,0.00829984,0,0
2020-01-17,3329.6201,0.00780190,0,0
2020-01-21,3320.7900,0.00863891,0,0
2020-01-22,3321.7500,0.00952698,0,0
2020-01-23,3325.5400,0.00906626,0,0
2020-01-24,3295.4700,0.01176238,0,0
2020-01-27,3243.6299,0.01629660,0,0
2020-01-28,3276.2400,0.01433597,0,0
2020-01-29,3273.3999,0.01612027,0,0
2020-01-30,3283.6599,0.01490379,0,0
2020-01-31,3225.5200,0.01515420,0,0
2020-02-03,3248.9199,0.01707413,0,0
2020-02-04,3297.5901,0.01534572,0,0
2020-02-05,3334.6899,0.01323025,0,0
2020-02-06,3345.7800,0.01357944,0,0
2020-02-07,3327.7100,0.01287291,0,0
2020-02-10,3352.0901,0.01249753,0,0
2020-02-11,3357.7500,0.01266751,0,0
2020-02-12,3379.4500,0.01129359,0,0
2020-02-13,3373.9399,0.01161291,0,0
2020-02-14,3380.1599,0.01110316,0,0
2020-02-18,3370.2900,0.01143355,0,0
2020-02-19,3386.1499,0.01006590,0,0
2020-02-20,3373.2300,0.01216864,0,0
2020-02-21,3337.7500,0.01398627,1,0
2020-02-24,3225.8899,0.02905806,1,0
2020-02-25,3128.2100,0.04073634,0,0
2020-02-26,3116.3899,0.04370162,1,0
2020-02-27,2978.7600,0.09545656,0,0
2020-02-28,2954.2200,0.10878223,0,0
2020-03-02,3090.2300,0.08171673,1,0
2020-03-03,3003.3701,0.10596383,0,0
2020-03-04,3130.1201,0.07552585,1,0
2020-03-05,3023.9399,0.13830917,0,0
2020-03-06,2972.3701,0.14845896,1,0
2020-03-09,2746.5601,0.33472357,0,0
2020-03-10,2882.2300,0.29771829,1,0
2020-03-11,2741.3799,0.44299091,1,0
2020-03-12,2480.6399,0.84867869,0,0
2020-03-13,2711.0200,0.59643141,1,0
2020-03-16,2386.1299,0.89844914,0,0
2020-03-17,2529.1899,0.89278400,1,0
2020-03-18,2398.1001,0.91200368,0,0
2020-03-19,2409.3899,0.91195162,1,0
2020-03-20,2304.9199,0.83817840,1,0
2020-03-23,2237.3999,0.69127912,0,0
2020-03-24,2447.3301,0.71692722,0,0
2020-03-25,2475.5601,0.73496981,0,0
2020-03-26,2630.0701,0.76020085,1,0
2020-03-27,2541.4700,0.82920974,0,0
2020-03-30,2626.6499,0.68765517,0,0
2020-03-31,2584.5901,0.60480067,1,0
2020-04-01,2470.5000,0.71614596,0,0
2020-04-02,2526.8999,0.61648643,0,0
2020-04-03,2488.6499,0.51399403,0,0
2020-04-06,2663.6799,0.47872326,0,0
2020-04-07,2659.4099,0.51597449,0,0
2020-04-08,2749.9800,0.42987906,0,0
2020-04-09,2789.8201,0.37682381,0,0
2020-04-13,2761.6299,0.35745991,0,0
2020-04-14,2846.0601,0.30077666,1,0
2020-04-15,2783.3601,0.29517820,0,0
2020-04-16,2799.5500,0.29737454,0,0
2020-04-17,2874.5601,0.22393193,0,0
2020-04-20,2823.1599,0.30301030,1,0
2020-04-21,2736.5601,0.30788004,0,0
2020-04-22,2799.3101,0.26178668,0,0
2020-04-23,2797.8000,0.21411756,0,0
2020-04-24,2836.7400,0.14079200,0,0
2020-04-27,2878.4800,0.10184503,0,0
2020-04-28,2863.3899,0.10083519,0,0
2020-04-29,2939.5100,0.07796370,0,0
2020-04-30,2912.4299,0.10943777,1,0
2020-05-01,2830.7100,0.12233202,0,0
2020-05-04,2842.7400,0.10911130,0,0
2020-05-05,2868.4399,0.09372246,0,0
2020-05-06,2848.4199,0.09572692,0,0
2020-05-07,2881.1899,0.07773671,0,0
2020-05-08,2929.8000,0.05792673,0,0
2020-05-11,2930.1899,0.06042871,1,0
2020-05-12,2870.1201,0.10046061,0,0
2020-05-13,2820.0000,0.12432674,0,0
2020-05-14,2852.5000,0.09432587,0,0
2020-05-15,2863.7000,0.08671558,0,0
2020-05-18,2953.9099,0.06228618,0,0
2020-05-19,2922.9399,0.07792761,0,0
2020-05-20,2971.6101,0.06291553,0,0
2020-05-21,2948.5100,0.06818574,0,0
2020-05-22,2955.4500,0.06370743,0,0
2020-05-26,2991.7700,0.05803485,0,0
2020-05-27,3036.1299,0.04799463,0,0
2020-05-28,3029.7300,0.05865977,0,0
2020-05-29,3044.3101,0.04779396,0,0
2020-06-01,3055.7300,0.05185536,0,0
2020-06-02,3080.8201,0.04520393,0,0
2020-06-03,3122.8701,0.03802755,0,0
2020-06-04,3112.3501,0.03009981,0,0
2020-06-05,3193.9299,0.02376550,0,0
2020-06-08,3232.3899,0.02012191,0,0
2020-06-09,3207.1799,0.02778097,0,0
2020-06-10,3190.1399,0.02994988,1,0
2020-06-11,3002.1001,0.05762509,0,0
2020-06-12,3041.3101,0.03462075,0,0
2020-06-15,3066.5901,0.02036684,0,0
2020-06-16,3124.7400,0.01963228,0,0
2020-06-17,3113.4900,0.04236620,0,0
2020-06-18,3115.3401,0.03878962,0,0
2020-06-19,3097.7400,0.05779610,0,0
2020-06-22,3117.8601,0.03289161,0,0
2020-06-23,3131.2900,0.02876526,1,0
2020-06-24,3050.3301,0.03615812,0,0
2020-06-25,3083.7600,0.03740387,1,0
2020-06-26,3009.0500,0.03626204,0,0
2020-06-29,3053.2400,0.02428163,0,0
2020-06-30,3100.2900,0.01773803,0,0
2020-07-01,3115.8601,0.01855539,0,0
2020-07-02,3130.0100,0.01704309,0,0
2020-07-06,3179.7200,0.02147905,0,0
2020-07-07,3145.3201,0.02788559,0,0
2020-07-08,3169.9399,0.02511449,0,0
2020-07-09,3152.0500,0.02500629,0,0
2020-07-10,3185.0400,0.02300125,0,0
2020-07-13,3155.2200,0.02680494,0,0
2020-07-14,3197.5200,0.02792149,0,0
2020-07-15,3226.5601,0.01541095,0,0
2020-07-16,3215.5701,0.01857452,0,0
2020-07-17,3224.7300,0.01468748,0,0
2020-07-20,3251.8401,0.01336592,0,0
2020-07-21,3257.3000,0.01864666,0,0
2020-07-22,3276.0200,0.01592311,0,0
2020-07-23,3235.6599,0.01864287,0,0
2020-07-24,3215.6299,0.01936852,0,0
2020-07-27,3239.4099,0.01577065,0,0
2020-07-28,3218.4399,0.01712059,0,0
2020-07-29,3258.4399,0.01458510,0,0
2020-07-30,3246.2200,0.01588801,0,0
2020-07-31,3271.1201,0.01569986,0,0
2020-08-03,3294.6101,0.01335243,0,0
2020-08-04,3306.5100,0.01217869,0,0
2020-08-05,3327.7700,0.01093556,0,0
2020-08-06,3349.1599,0.01105081,0,0
2020-08-07,3351.2800,0.00980855,0,0
2020-08-10,3360.4700,0.01074877,0,0
2020-08-11,3333.6899,0.01340612,0,0
2020-08-12,3380.3501,0.01239013,0,0
2020-08-13,3373.4299,0.01248029,0,0
2020-08-14,3372.8501,0.01309697,0,0
2020-08-17,3381.9900,0.01277127,0,0
2020-08-18,3389.7800,0.01295678,0,0
2020-08-19,3374.8501,0.01411631,0,0
2020-08-20,3385.5100,0.01593860,0,0
2020-08-21,3397.1599,0.01307467,0,0
2020-08-24,3431.2800,0.01234144,0,0
2020-08-25,3443.6201,0.01196135,0,0
2020-08-26,3478.7300,0.01348144,0,0
2020-08-27,3484.5500,0.01701826,0,0
2020-08-28,3508.0100,0.01348334,0,0
2020-08-31,3500.3101,0.01827690,0,0
2020-09-01,3526.6499,0.01849646,0,0
2020-09-02,3580.8401,0.01995926,1,0
2020-09-03,3455.0601,0.03223108,0,0
2020-09-04,3426.9600,0.02904174,1,0
2020-09-08,3331.8401,0.04054301,0,0
2020-09-09,3398.9600,0.04080953,0,0
2020-09-10,3339.1899,0.04508760,0,0
2020-09-11,3340.9700,0.04008733,0,0
2020-09-14,3383.5400,0.03407244,0,0
2020-09-15,3401.2000,0.03078204,0,0
2020-09-16,3385.4900,0.02928130,0,0
2020-09-17,3357.0100,0.02803523,0,0
2020-09-18,3319.4700,0.02391937,0,0
2020-09-21,3281.0601,0.03514851,0,0
2020-09-22,3315.5701,0.03514763,1,0
2020-09-23,3236.9199,0.04781658,0,0
2020-09-24,3246.5901,0.04960996,0,0
2020-09-25,3298.4600,0.04080523,0,0
2020-09-28,3351.6001,0.03808781,0,0
2020-09-29,3335.4700,0.04431844,0,0
2020-09-30,3363.0000,0.04509445,0,0
2020-10-01,3380.8000,0.04737347,0,0
2020-10-02,3348.4199,0.05138036,0,0
2020-10-05,3408.6001,0.05031132,0,0
2020-10-06,3360.9700,0.05672471,0,0
2020-10-07,3419.4399,0.04833765,0,0
2020-10-08,3446.8301,0.04359700,0,0
2020-10-09,3477.1399,0.03890551,0,0
2020-10-12,3534.2200,0.03808955,0,0
2020-10-13,3511.9299,0.04011175,0,0
2020-10-14,3488.6699,0.04315517,0,0
2020-10-15,3483.3401,0.04346928,0,0
2020-10-16,3483.8101,0.04458060,0,0
2020-10-19,3426.9199,0.04564011,0,0
2020-10-20,3443.1201,0.04624909,0,0
2020-10-21,3435.5601,0.04465025,0,0
2020-10-22,3453.4900,0.04139983,0,0
2020-10-23,3465.3899,0.03596964,0,0
2020-10-26,3400.9700,0.04827971,0,0
2020-10-27,3390.6799,0.05421522,1,0
2020-10-28,3271.0300,0.08479562,0,0
2020-10-29,3310.1101,0.07471186,0,0
2020-10-30,3269.9600,0.08187617,0,0
2020-11-02,3310.2400,0.07839261,0,0
2020-11-03,3369.1599,0.06375930,0,0
2020-11-04,3443.4399,0.04137439,0,0
2020-11-05,3510.4500,0.03564997,0,0
2020-11-06,3509.4399,0.03135274,0,0
2020-11-09,3550.5000,0.03684559,0,0
2020-11-10,3545.5300,0.02916073,0,0
2020-11-11,3572.6599,0.02592670,0,0
2020-11-12,3537.0100,0.02786277,0,0
2020-11-13,3585.1499,0.02120459,0,0
2020-11-16,3626.9099,0.01985298,0,0
2020-11-17,3609.5300,0.01857589,0,0
2020-11-18,3567.7900,0.01962323,0,0
2020-11-19,3581.8701,0.01562646,0,0
2020-11-20,3557.5400,0.01623806,0,0
2020-11-23,3577.5901,0.01453367,0,0
2020-11-24,3635.4099,0.01292600,0,0
2020-11-25,3629.6499,0.01257351,0,0
2020-11-27,3638.3501,0.01099177,0,0
2020-11-30,3621.6299,0.01134692,0,0
2020-12-01,3662.4500,0.01094376,0,0
2020-12-02,3669.0100,0.01290362,0,0
2020-12-03,3666.7200,0.01134809,0,0
2020-12-04,3699.1201,0.01162605,0,0
2020-12-07,3691.9600,0.01151395,0,0
2020-12-08,3702.2500,0.01193835,0,0
2020-12-09,3672.8201,0.01310381,0,0
2020-12-10,3668.1001,0.01328135,0,0
2020-12-11,3663.4600,0.01405741,0,0
2020-12-14,3647.4900,0.01447401,0,0
2020-12-15,3694.6201,0.01142325,0,0
2020-12-16,3701.1699,0.01106440,0,0
2020-12-17,3722.4800,0.00863843,0,0
2020-12-18,3709.4099,0.00742073,0,0
2020-12-21,3694.9199,0.01017076,0,0
2020-12-22,3687.2600,0.00935448,0,0
2020-12-23,3690.0100,0.00853630,0,0
2020-12-24,3703.0601,0.00677488,0,0
2020-12-28,3735.3601,0.00738393,0,0
2020-12-29,3727.0400,0.00981607,0,0
2020-12-30,3732.0400,0.01020451,0,0
2020-12-31,3756.0701,0.01066590,0,0
2021-01-04,3700.6499,0.01400900,0,0
2021-01-05,3726.8601,0.01371170,0,0
2021-01-06,3748.1399,0.01177837,0,0
2021-01-07,3803.7900,0.00870434,0,0
2021-01-08,3824.6799,0.00856550,0,0
2021-01-11,3799.6101,0.01221408,0,0
2021-01-12,3801.1899,0.01238749,0,0
2021-01-13,3809.8401,0.00982308,0,0
2021-01-14,3795.5400,0.01031613,0,0
2021-01-15,3768.2500,0.01149269,0,0
2021-01-19,3798.9099,0.01042127,0,0
2021-01-20,3851.8501,0.00867532,0,0
2021-01-21,3853.0701,0.00781930,0,0
2021-01-22,3841.4700,0.00879000,0,0
2021-01-25,3855.3601,0.00951957,0,0
2021-01-26,3849.6201,0.01005313,1,0
2021-01-27,3750.7700,0.03023699,0,0
2021-01-28,3787.3799,0.02107893,0,0
2021-01-29,3714.2400,0.02160913,0,0
2021-02-01,3773.8601,0.02215859,0,0
2021-02-02,3826.3101,0.01256535,0,0
2021-02-03,3830.1699,0.01036836,0,0
2021-02-04,3871.7400,0.01008052,0,0
2021-02-05,3886.8301,0.00921615,0,0
2021-02-08,3915.5901,0.00969952,0,0
2021-02-09,3911.2300,0.00936309,0,0
2021-02-10,3909.8799,0.00918312,0,0
2021-02-11,3916.3799,0.00896671,0,0
2021-02-12,3934.8301,0.00864057,0,0
2021-02-16,3932.5901,0.01068498,0,0
2021-02-17,3931.3301,0.01020170,0,0
2021-02-18,3913.9700,0.01086121,0,0
2021-02-19,3906.7100,0.01072277,0,0
2021-02-22,3876.5000,0.01353112,0,0
2021-02-23,3881.3701,0.01464825,0,0
2021-02-24,3925.4299,0.01246164,1,0
2021-02-25,3829.3401,0.02545904,0,0
2021-02-26,3811.1499,0.02043186,0,0
2021-03-01,3901.8201,0.01538262,0,0
2021-03-02,3870.2900,0.01470781,0,0
2021-03-03,3819.7200,0.01883588,0,0
2021-03-04,3768.4700,0.02448990,0,0
2021-03-05,3841.9399,0.01968589,0,0
2021-03-08,3821.3501,0.02229741,0,0
2021-03-09,3875.4399,0.01795874,0,0
2021-03-10,3898.8101,0.01643388,0,0
2021-03-11,3939.3401,0.01358393,0,0
2021-03-12,3943.3401,0.01207016,0,0
2021-03-15,3968.9399,0.01180755,0,0
2021-03-16,3962.7100,0.01150004,0,0
2021-03-17,3974.1201,0.01072842,0,0
2021-03-18,3915.4600,0.01344780,0,0
2021-03-19,3913.1001,0.01148790,0,0
2021-03-22,3940.5901,0.01272257,0,0
2021-03-23,3910.5200,0.01442533,0,0
2021-03-24,3889.1399,0.01732469,0,0
2021-03-25,3909.5200,0.01388353,0,0
2021-03-26,3974.5400,0.01311549,0,0
2021-03-29,3971.0901,0.01580906,0,0
2021-03-30,3958.5500,0.01300314,0,0
2021-03-31,3972.8899,0.01231645,0,0
2021-04-01,4019.8701,0.01035102,0,0
2021-04-05,4077.9099,0.01434521,0,0
2021-04-06,4073.9399,0.01311146,0,0
2021-04-07,4079.9500,0.01123489,0,0
2021-04-08,4097.1699,0.01130219,0,0
2021-04-09,4128.7998,0.01224539,0,0
2021-04-12,4127.9902,0.01455403,0,0
2021-04-13,4141.5898,0.01424722,0,0
2021-04-14,4124.6602,0.01401762,0,0
2021-04-15,4170.4199,0.01299191,0,0
2021-04-16,4185.4702,0.01210397,0,0
2021-04-19,4163.2598,0.01315678,0,0
2021-04-20,4134.9399,0.01638064,0,0
2021-04-21,4173.4199,0.01484803,0,0
2021-04-22,4134.9800,0.01444633,0,0
2021-04-23,4180.1699,0.01307848,0,0
2021-04-26,4187.6201,0.01208387,0,0
2021-04-27,4186.7202,0.01268708,0,0
2021-04-28,4183.1802,0.01263860,0,0
2021-04-29,4211.4702,0.01319046,0,0
2021-04-30,4181.1699,0.01450268,0,0
2021-05-03,4192.6602,0.01214419,0,0
2021-05-04,4164.6602,0.01460781,0,0
2021-05-05,4167.5898,0.01719982,0,0
2021-05-06,4201.6201,0.01498028,0,0
2021-05-07,4232.6001,0.01160664,0,0
2021-05-10,4188.4302,0.01564330,0,0
2021-05-11,4152.1001,0.01994359,1,0
2021-05-12,4063.0400,0.03354087,0,0
2021-05-13,4112.5000,0.02259222,0,0
2021-05-14,4173.8501,0.01589519,0,0
2021-05-17,4163.2900,0.01740606,0,0
2021-05-18,4127.8301,0.02024084,0,0
2021-05-19,4115.6802,0.02028837,0,0
2021-05-20,4159.1201,0.01707949,0,0
2021-05-21,4155.8599,0.01544390,0,0
2021-05-24,4197.0498,0.01344446,0,0
2021-05-25,4188.1299,0.01419621,0,0
2021-05-26,4195.9902,0.01159487,0,0
2021-05-27,4200.8799,0.00973405,0,0
2021-05-28,4204.1099,0.00895495,0,0
2021-06-01,4202.0400,0.00821471,0,0
2021-06-02,4208.1201,0.00900314,0,0
2021-06-03,4192.8501,0.01025955,0,0
2021-06-04,4229.8901,0.00993895,0,0
2021-06-07,4226.5200,0.00934863,0,0
2021-06-08,4227.2598,0.00867047,0,0
2021-06-09,4219.5498,0.00966409,0,0
2021-06-10,4239.1802,0.00802128,0,0
2021-06-11,4247.4399,0.00672335,0,0
2021-06-14,4255.1499,0.00649108,0,0
2021-06-15,4246.5898,0.00640502,0,0
2021-06-16,4223.7002,0.00679057,0,0
2021-06-17,4221.8599,0.00695467,0,0
2021-06-18,4166.4502,0.00800016,0,0
2021-06-21,4224.7900,0.00698860,0,0
2021-06-22,4246.4399,0.00597776,0,0
2021-06-23,4241.8398,0.00607650,0,0
2021-06-24,4266.4902,0.00549871,0,0
2021-06-25,4280.7002,0.00443579,0,0
2021-06-28,4290.6099,0.00563701,0,0
2021-06-29,4291.7998,0.00519344,0,0
2021-06-30,4297.5000,0.00547727,0,0
2021-07-01,4319.9399,0.00586803,0,0
2021-07-02,4352.3398,0.00563672,0,0
2021-07-06,4343.5400,0.00712595,0,0
2021-07-07,4358.1299,0.00723065,0,0
2021-07-08,4320.8198,0.00949436,0,0
2021-07-09,4369.5498,0.00682374,0,0
2021-07-12,4384.6299,0.00635534,0,0
2021-07-13,4369.2100,0.00759550,0,0
2021-07-14,4374.2998,0.00712094,0,0
2021-07-15,4360.0298,0.00760038,0,0
2021-07-16,4327.1602,0.00970124,0,0
2021-07-19,4258.4902,0.01231104,0,0
2021-07-20,4323.0601,0.00988725,0,0
2021-07-21,4358.6899,0.00836946,0,0
2021-07-22,4367.4800,0.00890231,0,0
2021-07-23,4411.7900,0.00717945,0,0
2021-07-26,4422.2998,0.00845462,0,0
2021-07-27,4401.4600,0.01045604,0,0
2021-07-28,4400.6401,0.00900640,0,0
2021-07-29,4419.1499,0.00896508,0,0
2021-07-30,4395.2598,0.00849403,0,0
2021-08-02,4387.1602,0.00944455,0,0
2021-08-03,4423.1499,0.00859352,0,0
2021-08-04,4402.6602,0.00845852,0,0
2021-08-05,4429.1001,0.00871960,0,0
2021-08-06,4436.5200,0.00764611,0,0
2021-08-09,4432.3501,0.00845721,0,0
2021-08-10,4436.7500,0.00875383,0,0
2021-08-11,4442.4102,0.00710950,0,0
2021-08-12,4460.8301,0.00635600,0,0
2021-08-13,4468.0000,0.00593685,0,0
2021-08-16,4479.7100,0.00780984,0,0
2021-08-17,4448.0801,0.01002452,0,0
2021-08-18,4400.2700,0.01420621,0,0
2021-08-19,4405.7998,0.01366492,0,0
2021-08-20,4441.6699,0.00988829,0,0
2021-08-23,4479.5298,0.00759657,0,0
2021-08-24,4486.2300,0.00807967,0,0
2021-08-25,4496.1899,0.00747914,0,0
2021-08-26,4470.0000,0.00995525,0,0
2021-08-27,4509.3701,0.00622366,0,0
2021-08-30,4528.7900,0.00701724,0,0
2021-08-31,4522.6802,0.00791364,0,0
2021-09-01,4524.0898,0.00800909,0,0
2021-09-02,4536.9502,0.00778130,0,0
2021-09-03,4535.4302,0.00682805,0,0
2021-09-07,4520.0298,0.00844758,0,0
2021-09-08,4514.0698,0.01015618,0,0
2021-09-09,4493.2798,0.01167517,0,0
2021-09-10,4458.5801,0.01390172,0,0
2021-09-13,4468.7300,0.01260454,0,0
2021-09-14,4443.0498,0.01325291,0,0
2021-09-15,4480.7002,0.00981095,0,0
2021-09-16,4473.7500,0.01082687,0,0
2021-09-17,4432.9902,0.01380195,0,0
2021-09-20,4357.7300,0.02561149,0,0
2021-09-21,4354.1899,0.02422647,0,0
2021-09-22,4395.6401,0.01593792,0,0
2021-09-23,4448.9800,0.01221496,0,0
2021-09-24,4455.4800,0.01163268,0,0
2021-09-27,4443.1099,0.01223553,1,0
2021-09-28,4352.6299,0.02020571,0,0
2021-09-29,4359.4600,0.02054480,0,0
2021-09-30,4307.5400,0.02281923,0,0
2021-10-01,4357.0400,0.01851893,0,0
2021-10-04,4300.4600,0.02395616,0,0
2021-10-05,4345.7202,0.02092341,0,0
2021-10-06,4363.5498,0.02071283,0,0
2021-10-07,4399.7598,0.01654405,0,0
2021-10-08,4391.3398,0.01547632,0,0
2021-10-11,4361.1899,0.01696920,0,0
2021-10-12,4350.6499,0.01725985,0,0
2021-10-13,4363.7998,0.01505162,0,0
2021-10-14,4438.2598,0.01060097,0,0
2021-10-15,4471.3701,0.00917966,0,0
2021-10-18,4486.4600,0.01010941,0,0
2021-10-19,4519.6299,0.01016108,0,0
2021-10-20,4536.1899,0.00991158,0,0
2021-10-21,4549.7798,0.00999956,0,0
2021-10-22,4544.8999,0.01016803,0,0
2021-10-25,4566.4800,0.00971818,0,0
2021-10-26,4574.7900,0.01057309,0,0
2021-10-27,4551.6802,0.01153046,0,0
2021-10-28,4596.4199,0.00994877,0,0
2021-10-29,4605.3799,0.00868211,0,0
2021-11-01,4613.6699,0.00850786,0,0
2021-11-02,4630.6499,0.00757292,0,0
2021-11-03,4660.5698,0.00628308,0,0
2021-11-04,4680.0601,0.00640107,0,0
2021-11-05,4697.5298,0.00723182,0,0
2021-11-08,4701.7002,0.00754191,0,0
2021-11-09,4685.2500,0.00872789,0,0
2021-11-10,4646.7100,0.00960535,0,0
2021-11-11,4649.2700,0.00893428,0,0
2021-11-12,4682.8501,0.00731505,0,0
2021-11-15,4682.7998,0.00826315,0,0
2021-11-16,4700.8999,0.00894770,0,0
2021-11-17,4688.6699,0.00916845,0,0
2021-11-18,4704.5400,0.00893737,0,0
2021-11-19,4697.9600,0.00846457,0,0
2021-11-22,4682.9399,0.01087183,0,0
2021-11-23,4690.7002,0.01150893,0,0
2021-11-24,4701.4600,0.01041146,1,0
2021-11-26,4594.6201,0.02349504,0,0
2021-11-29,4655.2700,0.01613328,0,0
2021-11-30,4567.0000,0.02194053,0,0
2021-12-01,4513.0400,0.02808476,0,0
2021-12-02,4577.1001,0.02327662,0,0
2021-12-03,4538.4302,0.03006081,0,0
2021-12-06,4591.6699,0.02279788,0,0
2021-12-07,4686.7500,0.01501285,0,0
2021-12-08,4701.2100,0.01290778,0,0
2021-12-09,4667.4502,0.01595195,0,0
2021-12-10,4712.0200,0.01307152,0,0
2021-12-13,4668.9702,0.01631584,0,0
2021-12-14,4634.0898,0.02380966,0,0
2021-12-15,4709.8501,0.01707548,0,0
2021-12-16,4668.6699,0.02077684,0,0
2021-12-17,4620.6401,0.02446645,0,0
2021-12-20,4568.0200,0.03025402,0,0
2021-12-21,4649.2300,0.02405871,0,0
2021-12-22,4696.5601,0.01895465,0,0
2021-12-23,4725.7900,0.01249544,0,0
2021-12-27,4791.1899,0.01176390,0,0
2021-12-28,4786.3501,0.01192309,0,0
2021-12-29,4793.0601,0.01095396,0,0
2021-12-30,4778.7300,0.01089904,0,0
2021-12-31,4766.1802,0.01098191,0,0
2022-01-03,4796.5601,0.01082882,0,0
2022-01-04,4793.5400,0.01090162,0,0
2022-01-05,4700.5801,0.01757073,0,0
2022-01-06,4696.0498,0.01898593,0,0
2022-01-07,4677.0298,0.01881849,0,0
2022-01-10,4670.2900,0.02081087,0,0
2022-01-11,4713.0698,0.01912310,0,0
2022-01-12,4726.3501,0.01867670,0,0
2022-01-13,4659.0298,0.02357123,0,0
2022-01-14,4662.8501,0.02143061,0,0
2022-01-18,4577.1099,0.03408683,0,0
2022-01-19,4532.7598,0.03486293,0,0
2022-01-20,4482.7300,0.04803737,0,0
2022-01-21,4397.9399,0.04763163,0,0
2022-01-24,4410.1299,0.04837180,0,0
2022-01-25,4356.4502,0.05588957,0,0
2022-01-26,4349.9302,0.06163017,0,0
2022-01-27,4326.5098,0.06308084,0,0
2022-01-28,4431.8501,0.05110745,0,0
2022-01-31,4515.5498,0.04318986,0,0
2022-02-01,4546.5400,0.03347849,0,0
2022-02-02,4589.3799,0.03640433,1,0
2022-02-03,4477.4399,0.04374765,0,0
2022-02-04,4500.5298,0.04013840,0,0
2022-02-07,4483.8701,0.03708390,0,0
2022-02-08,4521.5400,0.03707497,0,0
2022-02-09,4587.1802,0.03072816,0,0
2022-02-10,4504.0801,0.04308391,0,0
2022-02-11,4418.6401,0.05302700,0,0
2022-02-14,4401.6699,0.05826339,0,0
2022-02-15,4471.0698,0.04655226,0,0
2022-02-16,4475.0098,0.04042927,1,0
2022-02-17,4380.2598,0.05368358,0,0
2022-02-18,4348.8701,0.05586272,0,0
2022-02-22,4304.7598,0.06262572,0,0
2022-02-23,4225.5000,0.08085552,0,0
2022-02-24,4288.7002,0.06776078,0,0
2022-02-25,4384.6499,0.05369147,0,0
2022-02-28,4373.9399,0.05426175,0,0
2022-03-01,4306.2598,0.06850918,0,0
2022-03-02,4386.5400,0.05816303,0,0
2022-03-03,4363.4902,0.05974178,0,0
2022-03-04,4328.8701,0.06591980,1,0
2022-03-07,4201.0898,0.08343804,0,0
2022-03-08,4170.7002,0.07629903,0,0
2022-03-09,4277.8799,0.06335311,0,0
2022-03-10,4259.5200,0.05933878,0,0
2022-03-11,4204.3101,0.05744709,0,0
2022-03-14,4173.1099,0.06222571,0,0
2022-03-15,4262.4502,0.05224551,0,0
2022-03-16,4357.8599,0.04419776,0,0
2022-03-17,4411.6699,0.03507023,0,0
2022-03-18,4463.1201,0.03180789,0,0
2022-03-21,4461.1802,0.03082455,0,0
2022-03-22,4511.6099,0.02723443,0,0
2022-03-23,4456.2402,0.03130799,0,0
2022-03-24,4520.1602,0.02470259,0,0
2022-03-25,4543.0601,0.02151845,0,0
2022-03-28,4575.5200,0.02043349,0,0
2022-03-29,4631.6001,0.01828082,0,0
2022-03-30,4602.4502,0.01912947,0,0
2022-03-31,4530.4102,0.02113621,0,0
2022-04-01,4545.8599,0.01601502,0,0
2022-04-04,4582.6401,0.01460060,0,0
2022-04-05,4525.1201,0.02006302,0,0
2022-04-06,4481.1499,0.01989800,0,0
2022-04-07,4500.2100,0.02134911,0,0
2022-04-08,4488.2798,0.01922324,0,0
2022-04-11,4412.5298,0.02838666,0,0
2022-04-12,4397.4502,0.02826090,0,0
2022-04-13,4446.5898,0.01979085,0,0
2022-04-14,4392.5898,0.02386904,0,0
2022-04-18,4391.6899,0.02575650,0,0
2022-04-19,4462.2100,0.02571459,0,0
2022-04-20,4459.4502,0.02270455,0,0
2022-04-21,4393.6602,0.02994051,1,0
2022-04-22,4271.7798,0.03963698,0,0
2022-04-25,4296.1201,0.03680790,1,0
2022-04-26,4175.2002,0.05973956,0,0
2022-04-27,4183.9600,0.05157741,0,0
2022-04-28,4287.5000,0.04845503,1,0
2022-04-29,4131.9302,0.05891438,0,0
2022-05-02,4155.3799,0.06330477,0,0
2022-05-03,4175.4800,0.05098356,0,0
2022-05-04,4300.1699,0.04040759,1,0
2022-05-05,4146.8701,0.06116594,0,0
2022-05-06,4123.3398,0.06368538,1,0
2022-05-09,3991.2400,0.08480233,0,0
2022-05-10,4001.0500,0.08683859,0,0
2022-05-11,3935.1799,0.08332894,0,0
2022-05-12,3930.0801,0.08412096,0,0
2022-05-13,4023.8899,0.06238727,0,0
2022-05-16,4008.0100,0.06304443,0,0
2022-05-17,4088.8501,0.05501130,1,0
2022-05-18,3923.6799,0.06479787,0,0
2022-05-19,3900.7900,0.06071147,0,0
2022-05-20,3901.3601,0.06166869,0,0
2022-05-23,3973.7500,0.06104466,0,0
2022-05-24,3941.4800,0.06608360,0,0
2022-05-25,3978.7300,0.06666051,0,0
2022-05-26,4057.8401,0.05858240,0,0
2022-05-27,4158.2402,0.05298394,0,0
2022-05-31,4132.1499,0.05485550,0,0
2022-06-01,4101.2300,0.05243894,0,0
2022-06-02,4176.8198,0.04791628,0,0
2022-06-03,4108.5400,0.04411928,0,0
2022-06-06,4121.4302,0.04218587,0,0
2022-06-07,4160.6802,0.04041355,0,0
2022-06-08,4115.7700,0.03860784,1,0
2022-06-09,4017.8201,0.04588690,1,0
2022-06-10,3900.8601,0.04786439,1,0
2022-06-13,3749.6299,0.07388364,0,0
2022-06-14,3735.4800,0.06845627,0,0
2022-06-15,3789.9900,0.06585861,1,0
2022-06-16,3666.7700,0.06926336,0,0
2022-06-17,3674.8401,0.05979709,0,0
2022-06-21,3764.7900,0.05928804,0,0
2022-06-22,3759.8899,0.05855252,0,0
2022-06-23,3795.7300,0.05367708,0,0
2022-06-24,3911.7400,0.04750824,0,0
2022-06-27,3900.1101,0.04856810,1,0
2022-06-28,3821.5500,0.05020395,0,0
2022-06-29,3818.8301,0.05218202,0,0
2022-06-30,3785.3799,0.05151572,0,0
2022-07-01,3825.3301,0.04155739,0,0
2022-07-05,3831.3899,0.04506848,0,0
2022-07-06,3845.0801,0.04174613,0,0
2022-07-07,3902.6201,0.03993031,0,0
2022-07-08,3899.3799,0.03653233,0,0
2022-07-11,3854.4299,0.03925396,0,0
2022-07-12,3818.8000,0.04262471,0,0
2022-07-13,3801.7800,0.03869768,0,0
2022-07-14,3790.3799,0.03333502,0,0
2022-07-15,3863.1599,0.02707187,0,0
2022-07-18,3830.8501,0.03103839,0,0
2022-07-19,3936.6899,0.02719114,0,0
2022-07-20,3959.8999,0.03069006,0,0
2022-07-21,3998.9500,0.02808920,0,0
2022-07-22,3961.6299,0.02741850,0,0
2022-07-25,3966.8401,0.02866968,0,0
2022-07-26,3921.0500,0.02741665,0,0
2022-07-27,4023.6101,0.02521299,0,0
2022-07-28,4072.4299,0.02373977,0,0
2022-07-29,4130.2900,0.02243470,0,0
2022-08-01,4118.6299,0.02602641,0,0
2022-08-02,4091.1899,0.03061047,0,0
2022-08-03,4155.1699,0.02542260,0,0
2022-08-04,4151.9399,0.02479815,0,0
2022-08-05,4145.1899,0.02345617,0,0
2022-08-08,4140.0601,0.02278486,0,0
2022-08-09,4122.4702,0.02504413,0,0
2022-08-10,4210.2402,0.01956431,0,0
2022-08-11,4207.2700,0.01982354,0,0
2022-08-12,4280.1499,0.01704035,0,0
2022-08-15,4297.1401,0.01951409,0,0
2022-08-16,4305.2002,0.01965298,0,0
2022-08-17,4274.0400,0.02201235,0,0
2022-08-18,4283.7402,0.01928282,0,0
2022-08-19,4228.4800,0.02208323,1,0
2022-08-22,4137.9902,0.02936324,0,0
2022-08-23,4128.7300,0.02859329,0,0
2022-08-24,4140.7700,0.02605252,0,0
2022-08-25,4199.1201,0.02359567,1,0
2022-08-26,4057.6599,0.02966514,0,0
2022-08-29,4030.6101,0.03565828,0,0
2022-08-30,3986.1599,0.03623586,0,0
2022-08-31,3955.0000,0.03907116,0,0
2022-09-01,3966.8501,0.04006511,0,0
2022-09-02,3924.2600,0.04093447,0,0
2022-09-06,3908.1899,0.04782100,0,0
2022-09-07,3979.8701,0.04250306,0,0
2022-09-08,4006.1799,0.04326420,0,0
2022-09-09,4067.3601,0.03605243,0,0
2022-09-12,4110.4102,0.03867084,1,0
2022-09-13,3932.6899,0.04375744,0,0
2022-09-14,3946.0100,0.04651203,0,0
2022-09-15,3901.3501,0.04395089,0,0
2022-09-16,3873.3301,0.04854419,0,0
2022-09-19,3899.8899,0.04958984,0,0
2022-09-20,3855.9299,0.05548322,0,0
2022-09-21,3789.9299,0.05767003,0,0
2022-09-22,3757.9900,0.06374407,0,0
2022-09-23,3693.2300,0.06904827,0,0
2022-09-26,3655.0400,0.08419853,0,0
2022-09-27,3647.2900,0.08920422,0,0
2022-09-28,3719.0400,0.07405560,1,0
2022-09-29,3640.4700,0.08252928,0,0
2022-09-30,3585.6201,0.07213248,0,0
2022-10-03,3678.4299,0.06248194,0,0
2022-10-04,3790.9299,0.06238927,0,0
2022-10-05,3783.2800,0.06411109,0,0
2022-10-06,3744.5200,0.07466480,1,0
2022-10-07,3639.6599,0.07528364,0,0
2022-10-10,3612.3899,0.08013793,0,0
2022-10-11,3588.8401,0.09352823,0,0
2022-10-12,3577.0300,0.09004430,0,0
2022-10-13,3669.9099,0.08075727,1,0
2022-10-14,3583.0701,0.08374428,0,0
2022-10-17,3677.9500,0.08772024,0,0
2022-10-18,3719.9800,0.08076713,0,0
2022-10-19,3695.1599,0.08979901,0,0
2022-10-20,3665.7800,0.08514836,0,0
2022-10-21,3752.7500,0.08399169,0,0
2022-10-24,3797.3401,0.08789210,0,0
2022-10-25,3859.1101,0.07556588,0,0
2022-10-26,3830.6001,0.06921376,0,0
2022-10-27,3807.3000,0.07237235,0,0
2022-10-28,3901.0601,0.06578487,0,0
2022-10-31,3871.9800,0.06089729,0,0
2022-11-01,3856.1001,0.06102791,1,0
2022-11-02,3759.6899,0.05756825,0,0
2022-11-03,3719.8899,0.05798484,0,0
2022-11-04,3770.5500,0.05267804,0,0
2022-11-07,3806.8000,0.05287871,0,0
2022-11-08,3828.1101,0.05551211,1,0
2022-11-09,3748.5701,0.05316637,0,0
2022-11-10,3956.3701,0.04493421,0,0
2022-11-11,3992.9299,0.04083836,0,0
2022-11-14,3957.2500,0.04517822,0,0
2022-11-15,3991.7300,0.04451479,0,0
2022-11-16,3958.7900,0.04430273,0,0
2022-11-17,3946.5601,0.04449970,0,0
2022-11-18,3965.3401,0.04128975,0,0
2022-11-21,3949.9399,0.04143063,0,0
2022-11-22,4003.5801,0.03578676,0,0
2022-11-23,4027.2600,0.03242859,0,0
2022-11-25,4026.1201,0.02429207,0,0
2022-11-28,3963.9399,0.03346679,0,0
2022-11-29,3957.6299,0.03216417,0,0
2022-11-30,4080.1101,0.02865495,0,0
2022-12-01,4076.5701,0.02748208,0,0
2022-12-02,4071.7000,0.02292343,0,0
2022-12-05,3998.8401,0.02732222,0,0
2022-12-06,3941.2600,0.03100438,0,0
2022-12-07,3933.9199,0.03490683,0,0
2022-12-08,3963.5100,0.03624900,0,0
2022-12-09,3934.3799,0.03648653,0,0
2022-12-12,3990.5601,0.03824557,0,0
2022-12-13,4019.6499,0.03079639,0,0
2022-12-14,3995.3201,0.02541699,1,0
2022-12-15,3895.7500,0.02865393,0,0
2022-12-16,3852.3601,0.02893901,0,0
2022-12-19,3817.6599,0.03263451,0,0
2022-12-20,3821.6201,0.03107677,0,0
2022-12-21,3878.4399,0.02699054,0,0
2022-12-22,3822.3899,0.03065934,0,0
2022-12-23,3844.8201,0.02811433,0,0
2022-12-27,3829.2500,0.03359922,0,0
2022-12-28,3783.2200,0.03546523,0,0
2022-12-29,3849.2800,0.03142120,0,0
2022-12-30,3839.5000,0.03068394,0,0
2023-01-03,3824.1399,0.03645156,0,0
2023-01-04,3852.9700,0.03625408,0,0
2023-01-05,3808.1001,0.03896032,0,0
2023-01-06,3895.0801,0.03219029,0,0
2023-01-09,3892.0901,0.03364192,0,0
2023-01-10,3919.2500,0.02924155,0,0
2023-01-11,3969.6101,0.02920168,0,0
2023-01-12,3983.1699,0.02087691,0,0
2023-01-13,3999.0901,0.01813141,0,0
2023-01-17,3990.9700,0.01997517,0,0
2023-01-18,3928.8601,0.01996014,0,0
2023-01-19,3898.8501,0.01920665,0,0
2023-01-20,3972.6101,0.01901083,0,0
2023-01-23,4019.8101,0.01944924,0,0
2023-01-24,4016.9500,0.01872410,0,0
2023-01-25,4016.2200,0.01787042,0,0
2023-01-26,4060.4299,0.01707796,0,0
2023-01-27,4070.5601,0.01808537,0,0
2023-01-30,4017.7700,0.02109940,0,0
2023-01-31,4076.6001,0.01879491,0,0
2023-02-01,4119.2100,0.01725382,0,0
2023-02-02,4179.7598,0.01799890,0,0
2023-02-03,4136.4800,0.01703934,0,0
2023-02-06,4111.0801,0.01952269,0,0
2023-02-07,4164.0000,0.01930270,0,0
2023-02-08,4117.8599,0.02164315,0,0
2023-02-09,4081.5000,0.02537507,0,0
2023-02-10,4090.4600,0.02427880,0,0
2023-02-13,4137.2900,0.02461341,0,0
2023-02-14,4136.1299,0.02254852,0,0
2023-02-15,4147.6001,0.02115489,0,0
2023-02-16,4090.4099,0.02343051,0,0
2023-02-17,4079.0901,0.02275715,1,0
2023-02-21,3997.3401,0.02794939,0,0
2023-02-22,3991.0500,0.02931736,0,0
2023-02-23,4012.3201,0.02896799,0,0
2023-02-24,3970.0400,0.02961634,0,0
2023-02-27,3982.2400,0.02920173,0,0
2023-02-28,3970.1499,0.02827917,0,0
2023-03-01,3951.3899,0.02844180,0,0
2023-03-02,3981.3501,0.02690422,0,0
2023-03-03,4045.6399,0.02536428,0,0
2023-03-06,4048.4199,0.02623228,0,0
2023-03-07,3986.3701,0.02798271,0,0
2023-03-08,3992.0100,0.02610586,0,0
2023-03-09,3918.3201,0.03229299,0,0
2023-03-10,3861.5901,0.02916969,0,0
2023-03-13,3855.7600,0.03160247,0,0
2023-03-14,3919.2900,0.02641965,0,0
2023-03-15,3891.9299,0.02841551,0,0
2023-03-16,3960.2800,0.02560371,0,0
2023-03-17,3916.6399,0.03175582,0,0
2023-03-20,3951.5701,0.02828493,0,0
2023-03-21,4002.8701,0.02421545,0,0
2023-03-22,3936.9700,0.03019736,0,0
2023-03-23,3948.7200,0.03010843,0,0
2023-03-24,3970.9900,0.02454893,0,0
2023-03-27,3977.5300,0.02498815,0,0
2023-03-28,3971.2700,0.02526208,0,0
2023-03-29,4027.8101,0.02334846,0,0
2023-03-30,4050.8301,0.02316708,0,0
2023-03-31,4109.3101,0.02234023,0,0
2023-04-03,4124.5098,0.02114872,0,0
2023-04-04,4100.6001,0.02156563,0,0
2023-04-05,4090.3799,0.02105492,0,0
2023-04-06,4105.0200,0.02297330,0,0
2023-04-10,4109.1099,0.02187504,0,0
2023-04-11,4108.9399,0.02287031,0,0
2023-04-12,4091.9500,0.02197411,0,0
2023-04-13,4146.2202,0.01854531,0,0
2023-04-14,4137.6401,0.01708435,0,0
2023-04-17,4151.3198,0.01717788,0,0
2023-04-18,4154.8701,0.01525713,0,0
2023-04-19,4154.5200,0.01434040,0,0
2023-04-20,4129.7900,0.01629577,0,0
2023-04-21,4133.5200,0.01550772,0,0
2023-04-24,4137.0400,0.01579096,0,0
2023-04-25,4071.6299,0.02018808,0,0
2023-04-26,4055.9900,0.02125801,0,0
2023-04-27,4135.3501,0.01646021,0,0
2023-04-28,4169.4800,0.01409119,0,0
2023-05-01,4167.8701,0.01600054,0,0
2023-05-02,4119.5801,0.02043164,0,0
2023-05-03,4090.7500,0.02066398,0,0
2023-05-04,4061.2200,0.02246207,0,0
2023-05-05,4136.2500,0.01695141,0,0
2023-05-08,4138.1201,0.01762393,0,0
2023-05-09,4119.1699,0.01806538,0,0
2023-05-10,4137.6401,0.01479703,0,0
2023-05-11,4130.6201,0.01446838,0,0
2023-05-12,4124.0801,0.01438044,0,0
2023-05-15,4136.2798,0.01585566,0,0
2023-05-16,4109.8999,0.01796617,0,0
2023-05-17,4158.7700,0.01595598,0,0
2023-05-18,4198.0498,0.01480929,0,0
2023-05-19,4191.9800,0.01670319,0,0
2023-05-22,4192.6299,0.01708186,0,0
2023-05-23,4145.5801,0.01734762,0,0
2023-05-24,4115.2402,0.01874082,0,0
2023-05-25,4151.2798,0.01748579,0,0
2023-05-26,4205.4502,0.01604949,0,0
2023-05-30,4205.5200,0.01335554,0,0
2023-05-31,4179.8301,0.00974859,0,0
2023-06-01,4221.0200,0.00926827,0,0
2023-06-02,4282.3701,0.01034939,0,0
2023-06-05,4273.7900,0.01085160,0,0
2023-06-06,4283.8501,0.00896592,0,0
2023-06-07,4267.5200,0.00756788,0,0
2023-06-08,4293.9302,0.00666582,0,0
2023-06-09,4298.8599,0.00792899,0,0
2023-06-12,4338.9302,0.00765611,0,0
2023-06-13,4369.0098,0.00762867,0,0
2023-06-14,4372.5898,0.00852974,0,0
2023-06-15,4425.8398,0.00955961,0,0
2023-06-16,4409.5898,0.00939038,0,0
2023-06-20,4388.7100,0.01055034,0,0
2023-06-21,4365.6899,0.01143503,0,0
2023-06-22,4381.8901,0.01070894,0,0
2023-06-23,4348.3301,0.01068768,0,0
2023-06-26,4328.8198,0.01066650,0,0
2023-06-27,4378.4102,0.00987870,0,0
2023-06-28,4376.8599,0.00996652,0,0
2023-06-29,4396.4399,0.00921311,0,0
2023-06-30,4450.3799,0.00786127,0,0
2023-07-03,4455.5898,0.00801077,0,0
2023-07-05,4446.8198,0.00957731,0,0
2023-07-06,4411.5898,0.01033846,0,0
2023-07-07,4398.9502,0.00945269,0,0
2023-07-10,4409.5298,0.01031757,0,0
2023-07-11,4439.2598,0.01000057,0,0
2023-07-12,4472.1602,0.00745366,0,0
2023-07-13,4510.0400,0.00785558,0,0
2023-07-14,4505.4199,0.00744437,0,0
2023-07-17,4522.7900,0.00858414,0,0
2023-07-18,4554.9800,0.00853257,0,0
2023-07-19,4565.7202,0.00880320,0,0
2023-07-20,4534.8701,0.00869751,0,0
2023-07-21,4536.3398,0.00841383,0,0
2023-07-24,4554.6401,0.00857861,0,0
2023-07-25,4567.4600,0.00846514,0,0
2023-07-26,4566.7500,0.00732702,0,0
2023-07-27,4537.4102,0.00730752,0,0
2023-07-28,4582.2300,0.00740720,0,0
2023-07-31,4588.9600,0.00740410,0,0
2023-08-01,4576.7300,0.00828004,0,0
2023-08-02,4513.3901,0.00894072,0,0
2023-08-03,4501.8901,0.00854498,0,0
2023-08-04,4478.0298,0.00828051,0,0
2023-08-07,4518.4399,0.00852986,0,0
2023-08-08,4499.3799,0.01019206,0,0
2023-08-09,4467.7100,0.01151343,0,0
2023-08-10,4468.8301,0.01182743,0,0
2023-08-11,4464.0498,0.01090724,0,0
2023-08-14,4489.7202,0.01087905,0,0
2023-08-15,4437.8599,0.01259278,0,0
2023-08-16,4404.3301,0.01444161,0,0
2023-08-17,4370.3599,0.01581510,0,0
2023-08-18,4369.7100,0.01481365,0,0
2023-08-21,4399.7700,0.01615321,0,0
2023-08-22,4387.5498,0.01471174,0,0
2023-08-23,4436.0098,0.01360901,0,0
2023-08-24,4376.3101,0.01502917,0,0
2023-08-25,4405.7100,0.01402802,0,0
2023-08-28,4433.3101,0.01362083,0,0
2023-08-29,4497.6299,0.01170528,0,0
2023-08-30,4514.8701,0.00923767,0,0
2023-08-31,4507.6602,0.00876303,0,0
2023-09-01,4515.7700,0.00886911,0,0
2023-09-05,4496.8301,0.01090080,0,0
2023-09-06,4465.4800,0.01112359,0,0
2023-09-07,4451.1401,0.01198906,0,0
2023-09-08,4457.4902,0.01063772,0,0
2023-09-11,4487.4600,0.01059828,0,0
2023-09-12,4461.8999,0.01183023,0,0
2023-09-13,4467.4399,0.01072308,0,0
2023-09-14,4505.1001,0.00869132,0,0
2023-09-15,4450.3198,0.00969360,0,0
2023-09-18,4453.5298,0.01126667,0,0
2023-09-19,4443.9502,0.01140089,0,0
2023-09-20,4402.2002,0.01335311,0,0
2023-09-21,4330.0000,0.01599975,0,0
2023-09-22,4320.0601,0.01474758,0,0
2023-09-25,4337.4399,0.01612897,0,0
2023-09-26,4273.5298,0.01699307,0,0
2023-09-27,4274.5098,0.01658699,0,0
2023-09-28,4299.7002,0.01541487,0,0
2023-09-29,4288.0498,0.01511698,0,0
2023-10-02,4288.3901,0.01638390,0,0
2023-10-03,4229.4502,0.02255397,0,0
2023-10-04,4263.7500,0.02039931,0,0
2023-10-05,4258.1899,0.02095974,0,0
2023-10-06,4308.5000,0.01941226,0,0
2023-10-09,4335.6602,0.01756756,0,0
2023-10-10,4358.2402,0.01600614,0,0
2023-10-11,4376.9502,0.01416969,0,0
2023-10-12,4349.6099,0.01622167,0,0
2023-10-13,4327.7798,0.01609359,0,0
2023-10-16,4373.6299,0.01559961,0,0
2023-10-17,4373.2002,0.01630241,0,0
2023-10-18,4314.6001,0.01927593,0,0
2023-10-19,4278.0000,0.02372356,0,0
2023-10-20,4224.1602,0.02390531,0,0
2023-10-23,4217.0400,0.02380609,0,0
2023-10-24,4247.6802,0.02297498,0,0
2023-10-25,4186.7700,0.02438251,0,0
2023-10-26,4137.2300,0.02438475,0,0
2023-10-27,4117.3701,0.02620043,0,0
2023-10-30,4166.8198,0.02633050,0,0
2023-10-31,4193.7998,0.02415824,0,0
2023-11-01,4237.8599,0.02038909,0,0
2023-11-02,4317.7798,0.01648670,0,0
2023-11-03,4358.3398,0.01512358,0,0
2023-11-06,4365.9800,0.01413383,0,0
2023-11-07,4378.3799,0.01305447,0,0
2023-11-08,4382.7798,0.01285414,0,0
2023-11-09,4347.3501,0.01389619,0,0
2023-11-10,4415.2402,0.01263297,0,0
2023-11-13,4411.5498,0.01549675,0,0
2023-11-14,4495.7002,0.01156980,0,0
2023-11-15,4502.8799,0.01052134,0,0
2023-11-16,4508.2402,0.00831059,0,0
2023-11-17,4514.0200,0.00927534,0,0
2023-11-20,4547.3799,0.00827508,0,0
2023-11-21,4538.1899,0.01000717,0,0
2023-11-22,4556.6201,0.00891304,0,0
2023-11-24,4559.3398,0.00830528,0,0
2023-11-27,4550.4302,0.00812454,0,0
2023-11-28,4554.8901,0.00803119,0,0
2023-11-29,4550.5801,0.00834176,0,0
2023-11-30,4567.7998,0.00755716,0,0
2023-12-01,4594.6299,0.00670508,0,0
2023-12-04,4569.7798,0.00665556,0,0
2023-12-05,4567.1802,0.00648187,0,0
2023-12-06,4549.3398,0.00655321,0,0
2023-12-07,4585.5898,0.00906235,0,0
2023-12-08,4604.3701,0.00790599,0,0
2023-12-11,4622.4399,0.00715873,0,0
2023-12-12,4643.7002,0.00526349,0,0
2023-12-13,4707.0898,0.00481589,0,0
2023-12-14,4719.5498,0.00355799,0,0
2023-12-15,4719.1899,0.00438103,0,0
2023-12-18,4740.5601,0.00661416,0,0
2023-12-19,4768.3701,0.00725392,0,0
2023-12-20,4698.3501,0.00766429,0,0
2023-12-21,4746.7500,0.00778748,0,0
2023-12-22,4754.6299,0.00762445,0,0
2023-12-26,4774.7500,0.00733348,0,0
2023-12-27,4781.5801,0.00638459,0,0
2023-12-28,4783.3501,0.00626896,0,0
2023-12-29,4769.8301,0.00615021,0,0
2024-01-02,4742.8301,0.00759237,0,0
2024-01-03,4704.8101,0.00889143,0,0
2024-01-04,4688.6802,0.00844736,0,0
2024-01-05,4697.2402,0.00906928,0,0
2024-01-08,4763.5400,0.00777799,0,0
2024-01-09,4756.5000,0.00668481,0,0
2024-01-10,4783.4502,0.00748728,0,0
2024-01-11,4780.2402,0.00674390,0,0
2024-01-12,4783.8301,0.00627990,0,0
2024-01-16,4765.9800,0.00755875,0,0
2024-01-17,4739.2100,0.00669976,0,0
2024-01-18,4780.9399,0.00639703,0,0
2024-01-19,4839.8101,0.00597607,0,0
2024-01-22,4850.4302,0.00594412,0,0
2024-01-23,4864.6001,0.00530690,0,0
2024-01-24,4868.5498,0.00567050,0,0
2024-01-25,4894.1602,0.00538302,0,0
2024-01-26,4890.9702,0.00535443,0,0
2024-01-29,4927.9302,0.00565436,0,0
2024-01-30,4924.9702,0.00554294,0,0
2024-01-31,4845.6499,0.00591507,0,0
2024-02-01,4906.1899,0.00470388,0,0
2024-02-02,4958.6099,0.00468091,0,0
2024-02-05,4942.8101,0.00547882,0,0
2024-02-06,4954.2300,0.00520453,0,0
2024-02-07,4995.0601,0.00541545,0,0
2024-02-08,4997.9102,0.00537384,0,0
2024-02-09,5026.6099,0.00471898,0,0
2024-02-12,5021.8398,0.00604885,0,0
2024-02-13,4953.1699,0.00529026,0,0
2024-02-14,5000.6201,0.00560648,0,0
2024-02-15,5029.7300,0.00691085,0,0
2024-02-16,5005.5698,0.00851535,0,0
2024-02-20,4975.5098,0.00964194,0,0
2024-02-21,4981.7998,0.00970797,0,0
2024-02-22,5087.0298,0.00890634,0,0
2024-02-23,5088.7998,0.00909942,0,0
2024-02-26,5069.5298,0.00887348,0,0
2024-02-27,5078.1802,0.00792920,0,0
2024-02-28,5069.7598,0.00809694,0,0
2024-02-29,5096.2700,0.00832771,0,0
2024-03-01,5137.0801,0.00771356,0,0
2024-03-04,5130.9502,0.00871406,0,0
2024-03-05,5078.6499,0.00958230,0,0
2024-03-06,5104.7598,0.01002005,0,0
2024-03-07,5157.3599,0.00991411,0,0
2024-03-08,5123.6899,0.01024693,0,0
2024-03-11,5117.9399,0.01094886,0,0
2024-03-12,5175.2700,0.01039983,0,0
2024-03-13,5165.3101,0.01042656,0,0
2024-03-14,5150.4800,0.01105766,0,0
2024-03-15,5117.0898,0.01146667,0,0
2024-03-18,5149.4199,0.01198894,0,0
2024-03-19,5178.5098,0.01105805,0,0
2024-03-20,5224.6201,0.01000039,0,0
2024-03-21,5241.5298,0.00725172,0,0
2024-03-22,5234.1802,0.00707279,0,0
2024-03-25,5218.1899,0.00805218,0,0
2024-03-26,5203.5801,0.00714661,0,0
2024-03-27,5248.4902,0.00650817,0,0
2024-03-28,5254.3501,0.00665526,0,0
2024-04-01,5243.7700,0.00860579,0,0
2024-04-02,5205.8101,0.01088323,0,0
2024-04-03,5211.4902,0.01112094,0,0
2024-04-04,5147.2100,0.01240417,0,0
2024-04-05,5204.3398,0.01221563,0,0
2024-04-08,5202.3901,0.01164833,0,0
2024-04-09,5209.9102,0.01154785,0,0
2024-04-10,5160.6401,0.01323500,0,0
2024-04-11,5199.0601,0.01287231,0,0
2024-04-12,5123.4102,0.01404148,0,0
2024-04-15,5061.8198,0.01906707,0,0
2024-04-16,5051.4102,0.01859624,0,0
2024-04-17,5022.2100,0.01974628,0,0
2024-04-18,5011.1201,0.02025782,0,0
2024-04-19,4967.2300,0.01978371,0,0
2024-04-22,5010.6001,0.01817918,0,0
2024-04-23,5070.5498,0.01478433,0,0
2024-04-24,5071.6299,0.01610834,0,0
2024-04-25,5048.4199,0.01524550,0,0
2024-04-26,5099.9600,0.01260124,0,0
2024-04-29,5116.1699,0.01271637,0,0
2024-04-30,5035.6899,0.01544524,0,0
2024-05-01,5018.3901,0.01440356,0,0
2024-05-02,5064.2002,0.01373098,0,0
2024-05-03,5127.7900,0.01064348,0,0
2024-05-06,5180.7402,0.01211157,0,0
2024-05-07,5187.7002,0.01102912,0,0
2024-05-08,5187.6699,0.01158236,0,0
2024-05-09,5214.0801,0.00938889,0,0
2024-05-10,5222.6802,0.00967361,0,0
2024-05-13,5221.4199,0.01086898,0,0
2024-05-14,5246.6802,0.01006660,0,0
2024-05-15,5308.1499,0.00885985,0,0
2024-05-16,5297.1001,0.00737401,0,0
2024-05-17,5303.2700,0.00740103,0,0
2024-05-20,5308.1299,0.00710648,0,0
2024-05-21,5321.4102,0.00625651,0,0
2024-05-22,5307.0098,0.00666921,0,0
2024-05-23,5267.8398,0.00644579,0,0
2024-05-24,5304.7202,0.00540025,0,0
2024-05-28,5306.0400,0.00668200,0,0
2024-05-29,5266.9502,0.00794912,0,0
2024-05-30,5235.4800,0.00774419,0,0
2024-05-31,5277.5098,0.00719539,0,0
2024-06-03,5283.3999,0.00937075,0,0
2024-06-04,5291.3398,0.01002242,0,0
2024-06-05,5354.0298,0.00860628,0,0
2024-06-06,5352.9600,0.00854880,0,0
2024-06-07,5346.9902,0.00882184,0,0
2024-06-10,5360.7900,0.00874259,0,0
2024-06-11,5375.3198,0.00866897,0,0
2024-06-12,5421.0298,0.00724000,0,0
2024-06-13,5433.7402,0.00719048,0,0
2024-06-14,5431.6001,0.00604434,0,0
2024-06-17,5473.2300,0.00687340,0,0
2024-06-18,5487.0298,0.00828835,0,0
2024-06-20,5473.1699,0.00815480,0,0
2024-06-21,5464.6201,0.00760202,0,0
2024-06-24,5447.8701,0.00874205,0,0
2024-06-25,5469.2998,0.00879085,0,0
2024-06-26,5477.8999,0.00891061,0,0
2024-06-27,5482.8701,0.00842945,0,0
2024-06-28,5460.4800,0.00874517,0,0
2024-07-01,5475.0898,0.00816100,0,0
2024-07-02,5509.0098,0.00748898,0,0
2024-07-03,5537.0200,0.00726794,0,0
2024-07-05,5567.1899,0.00754870,0,0
2024-07-08,5572.8501,0.00712223,0,0
2024-07-09,5576.9800,0.00684387,0,0
2024-07-10,5633.9102,0.00624604,0,0
2024-07-11,5584.5400,0.00610337,0,0
2024-07-12,5615.3501,0.00597282,0,0
2024-07-15,5631.2202,0.00675351,0,0
2024-07-16,5667.2002,0.00571799,0,0
2024-07-17,5588.2700,0.00732985,0,0
2024-07-18,5544.5898,0.00806937,0,0
2024-07-19,5505.0000,0.00942813,0,0
2024-07-22,5564.4102,0.00922895,0,0
2024-07-23,5555.7402,0.00983545,1,0
2024-07-24,5427.1299,0.01326153,0,0
2024-07-25,5399.2202,0.01448442,0,0
2024-07-26,5459.1001,0.01264844,0,0
2024-07-29,5463.5400,0.01437730,0,0
2024-07-30,5436.4399,0.01654452,0,0
2024-07-31,5522.2998,0.01223644,0,0
2024-08-01,5446.6802,0.01519551,0,0
2024-08-02,5346.5601,0.02034541,1,0
2024-08-05,5186.3301,0.05443522,0,0
2024-08-06,5240.0298,0.02690184,0,0
2024-08-07,5199.5000,0.02804837,0,0
2024-08-08,5319.3101,0.02061110,0,0
2024-08-09,5344.1602,0.01705230,0,0
2024-08-12,5344.3901,0.01952245,0,0
2024-08-13,5434.4302,0.01418209,0,0
2024-08-14,5455.2100,0.01280912,0,0
2024-08-15,5543.2202,0.01098310,0,0
2024-08-16,5554.2500,0.01075055,0,0
2024-08-19,5608.2500,0.01065403,0,0
2024-08-20,5597.1201,0.01076796,0,0
2024-08-21,5620.8501,0.01006003,0,0
2024-08-22,5570.6401,0.01011768,0,0
2024-08-23,5634.6099,0.00807345,0,0
2024-08-26,5616.8398,0.00915585,0,0
2024-08-27,5625.7998,0.00880017,0,0
2024-08-28,5592.1802,0.01031744,0,0
2024-08-29,5591.9600,0.00832941,0,0
2024-08-30,5648.3999,0.00680505,1,0
2024-09-03,5528.9302,0.00995381,0,0
2024-09-04,5520.0698,0.01031773,0,0
2024-09-05,5503.4102,0.01006177,0,0
2024-09-06,5408.4199,0.01454703,0,0
2024-09-09,5471.0498,0.01458731,0,0
2024-09-10,5495.5200,0.01400465,0,0
2024-09-11,5554.1299,0.01228195,0,0
2024-09-12,5595.7598,0.00939766,0,0
2024-09-13,5626.0200,0.00755475,0,0
2024-09-16,5633.0898,0.00723782,0,0
2024-09-17,5634.5801,0.00644431,0,0
2024-09-18,5618.2598,0.00559239,0,0
2024-09-19,5713.6401,0.00403097,0,0
2024-09-20,5702.5498,0.00465433,0,0
2024-09-23,5718.5698,0.00472320,0,0
2024-09-24,5732.9302,0.00449448,0,0
2024-09-25,5722.2598,0.00512459,0,0
2024-09-26,5745.3701,0.00551903,0,0
2024-09-27,5738.1699,0.00587776,0,0
2024-09-30,5762.4800,0.00674032,0,0
2024-10-01,5708.7500,0.00842688,0,0
2024-10-02,5709.5400,0.00667028,0,0
2024-10-03,5699.9399,0.00768853,0,0
2024-10-04,5751.0698,0.00907278,0,0
2024-10-07,5695.9399,0.01242384,0,0
2024-10-08,5751.1299,0.01175926,0,0
2024-10-09,5792.0400,0.01209289,0,0
2024-10-10,5780.0498,0.01327240,0,0
2024-10-11,5815.0298,0.01051129,0,0
2024-10-14,5859.8501,0.01175606,0,0
2024-10-15,5815.2598,0.01017658,0,0
2024-10-16,5842.4702,0.00869793,0,0
2024-10-17,5841.4702,0.00783263,0,0
2024-10-18,5864.6699,0.00981570,0,0
2024-10-21,5853.9800,0.01235307,0,0
2024-10-22,5851.2002,0.01319984,0,0
2024-10-23,5797.4199,0.01457465,0,0
2024-10-24,5809.8599,0.01513750,0,0
2024-10-25,5808.1201,0.01477374,0,0
2024-10-28,5823.5200,0.01413526,0,0
2024-10-29,5832.9199,0.01283611,0,0
2024-10-30,5813.6699,0.01260287,0,0
2024-10-31,5705.4502,0.01565649,0,0
2024-11-01,5728.7998,0.01658560,0,0
2024-11-04,5712.6899,0.01567260,0,0
2024-11-05,5782.7598,0.01220024,0,0
2024-11-06,5929.0400,0.00900986,0,0
2024-11-07,5973.1001,0.00744352,0,0
2024-11-08,5995.5400,0.00767291,0,0
2024-11-11,6001.3501,0.00959011,0,0
2024-11-12,5983.9902,0.00940847,0,0
2024-11-13,5985.3799,0.00847589,0,0
2024-11-14,5949.1699,0.00820882,0,0
2024-11-15,5870.6201,0.00944989,0,0
2024-11-18,5893.6201,0.01030241,0,0
2024-11-19,5916.9800,0.01065911,0,0
2024-11-20,5917.1099,0.01028450,0,0
2024-11-21,5948.7100,0.00898534,0,0
2024-11-22,5969.3398,0.00631149,0,0
2024-11-25,5987.3701,0.00483622,0,0
2024-11-26,6021.6299,0.00481162,0,0
2024-11-27,5998.7402,0.00455588,0,0
2024-11-29,6032.3799,0.00422162,0,0
2024-12-02,6047.1499,0.00371223,0,0
2024-12-03,6049.8799,0.00375121,0,0
2024-12-04,6086.4902,0.00364096,0,0
2024-12-05,6075.1099,0.00350720,0,0
2024-12-06,6090.2700,0.00345979,0,0
2024-12-09,6052.8501,0.00479246,0,0
2024-12-10,6034.9102,0.00470418,0,0
2024-12-11,6084.1899,0.00410641,0,0
2024-12-12,6051.2500,0.00447663,0,0
2024-12-13,6051.0898,0.00435597,0,0
2024-12-16,6074.0801,0.00513705,0,0
2024-12-17,6050.6099,0.00493131,1,0
2024-12-18,5872.1602,0.01674605,0,0
2024-12-19,5867.0801,0.01403280,0,0
2024-12-20,5930.8501,0.00924044,0,0
2024-12-23,5974.0698,0.00680472,0,0
2024-12-24,6040.0400,0.00418134,0,0
2024-12-26,6037.5898,0.00520508,0,0
2024-12-27,5970.8398,0.00680312,0,0
2024-12-30,5906.9399,0.00883319,0,0
2024-12-31,5881.6299,0.00722618,0,0
2025-01-02,5868.5498,0.01037257,0,0
2025-01-03,5942.4702,0.00866412,0,0
2025-01-06,5975.3799,0.00995795,0,0
2025-01-07,5909.0298,0.01089260,0,0
2025-01-08,5918.2500,0.01134822,0,0
2025-01-10,5827.0400,0.01424561,0,0
2025-01-13,5836.2202,0.00963645,0,0
2025-01-14,5842.9102,0.00994661,0,0
2025-01-15,5949.9102,0.00832214,0,0
2025-01-16,5937.3398,0.00772909,0,0
2025-01-17,5996.6602,0.00718488,0,0
2025-01-21,6049.2402,0.00529383,0,0
2025-01-22,6086.3701,0.00436209,0,0
2025-01-23,6118.7100,0.00444203,0,0
2025-01-24,6101.2402,0.00494825,0,0
2025-01-27,6012.2798,0.00747030,0,0
2025-01-28,6067.7002,0.00747126,0,0
2025-01-29,6039.3101,0.00882229,0,0
2025-01-30,6071.1699,0.00811164,0,0
2025-01-31,6040.5298,0.00809176,0,0
2025-02-03,5994.5698,0.01126420,0,0
2025-02-04,6037.8799,0.00927736,0,0
2025-02-05,6061.4800,0.00747285,0,0
2025-02-06,6083.5698,0.00737601,0,0
2025-02-07,6025.9902,0.00758385,0,0
2025-02-10,6066.4399,0.00732107,0,0
2025-02-11,6068.5000,0.00676884,0,0
2025-02-12,6051.9702,0.00692306,0,0
2025-02-13,6115.0698,0.00662364,0,0
2025-02-14,6114.6299,0.00554417,0,0
2025-02-18,6129.5801,0.00414398,0,0
2025-02-19,6144.1499,0.00491052,0,0
2025-02-20,6117.5200,0.00476321,0,0
2025-02-21,6013.1299,0.00872628,0,0
2025-02-24,5983.2500,0.01213599,0,0
2025-02-25,5955.2500,0.01306677,0,0
2025-02-26,5956.0601,0.01346124,0,0
2025-02-27,5861.5698,0.01771021,0,0
2025-02-28,5954.5000,0.01342373,0,0
2025-03-03,5849.7202,0.01939241,0,0
2025-03-04,5778.1499,0.02159172,0,0
2025-03-05,5842.6299,0.02586299,0,0
2025-03-06,5738.5200,0.03255877,0,0
2025-03-07,5770.2002,0.02888059,1,0
2025-03-10,5614.5601,0.03450627,0,0
2025-03-11,5572.0698,0.04432841,0,0
2025-03-12,5599.2998,0.04003058,0,0
2025-03-13,5521.5200,0.03889083,0,0
2025-03-14,5638.9399,0.02969352,0,0
2025-03-17,5675.1201,0.02492291,0,0
2025-03-18,5614.6602,0.02487986,0,0
2025-03-19,5675.2900,0.02017770,0,0
2025-03-20,5662.8901,0.01834987,0,0
2025-03-21,5667.5601,0.01690273,0,0
2025-03-24,5767.5698,0.01371372,0,0
2025-03-25,5776.6499,0.01191643,0,0
2025-03-26,5712.2002,0.01478498,0,0
2025-03-27,5693.3101,0.01685872,0,0
2025-03-28,5580.9399,0.02209615,0,0
2025-03-31,5611.8501,0.01982699,0,0
2025-04-01,5633.0698,0.02129061,0,0
2025-04-02,5670.9702,0.01932601,1,0
2025-04-03,5396.5200,0.03874471,1,0
2025-04-04,5074.0801,0.11750049,0,0
2025-04-07,5062.2500,0.15955756,0,0
2025-04-08,4982.7700,0.21252536,0,0
2025-04-09,5456.8999,0.05822571,1,0
2025-04-10,5268.0498,0.15649959,0,0
2025-04-11,5363.3599,0.13496115,0,0
2025-04-14,5405.9702,0.07482075,0,0
2025-04-15,5396.6299,0.06881189,1,0
2025-04-16,5275.7002,0.08947345,0,0
2025-04-17,5282.7002,0.07302633,1,0
2025-04-21,5158.2002,0.10985694,0,0
2025-04-22,5287.7598,0.08993967,0,0
2025-04-23,5375.8599,0.08140615,0,0
2025-04-24,5484.7700,0.06553981,0,0
2025-04-25,5525.2100,0.05392282,0,0
2025-04-28,5528.7500,0.05648247,0,0
2025-04-29,5560.8301,0.04865660,0,0
2025-04-30,5569.0601,0.05264128,0,0
2025-05-01,5604.1401,0.05231258,0,0
2025-05-02,5686.6699,0.04523958,0,0
2025-05-05,5650.3799,0.04678956,0,0
2025-05-06,5606.9102,0.04728964,0,0
2025-05-07,5631.2798,0.04343912,0,0
2025-05-08,5663.9399,0.03904175,0,0
2025-05-09,5659.9102,0.03186063,0,0
2025-05-12,5844.1899,0.01921521,0,0
2025-05-13,5886.5498,0.01840766,0,0
2025-05-14,5892.5801,0.02025249,0,0
2025-05-15,5916.9302,0.01682556,0,0
2025-05-16,5958.3799,0.01679887,0,0
2025-05-19,5963.6001,0.01800547,0,0
2025-05-20,5940.4600,0.01641614,0,0
2025-05-21,5844.6099,0.02195869,0,0
2025-05-22,5842.0098,0.01992681,0,0
2025-05-23,5802.8198,0.02261829,0,0
2025-05-27,5921.5400,0.01592721,0,0
2025-05-28,5888.5498,0.01841002,0,0
2025-05-29,5912.1699,0.01843996,0,0
2025-05-30,5911.6899,0.01656503,0,0
2025-06-02,5935.9399,0.01555275,0,0
2025-06-03,5970.3701,0.01358324,0,0
2025-06-04,5970.8101,0.01528660,0,0
2025-06-05,5939.2998,0.01569849,0,0
2025-06-06,6000.3599,0.01347248,0,0
2025-06-09,6005.8799,0.01416476,0,0
2025-06-10,6038.8101,0.01310604,0,0
2025-06-11,6022.2402,0.01240595,0,0
2025-06-12,6045.2598,0.01268658,0,0
2025-06-13,5976.9702,0.01535789,0,0
2025-06-16,6033.1099,0.01121299,0,0
2025-06-17,5982.7202,0.01458404,0,0
2025-06-18,5980.8701,0.01453216,0,0
2025-06-20,5967.8398,0.01472049,0,0
2025-06-23,6025.1699,0.01179111,0,0
2025-06-24,6092.1802,0.00950692,0,0
2025-06-25,6092.1602,0.01007615,0,0
2025-06-26,6141.0200,0.01003897,0,0
2025-06-27,6173.0698,0.01044929,0,0
2025-06-30,6204.9502,0.01253107,0,0
2025-07-01,6198.0098,0.01222966,0,0
2025-07-02,6227.4199,0.01301650,0,0
2025-07-03,6279.3501,0.01119024,0,0
2025-07-07,6229.9800,0.01316553,0,0
2025-07-08,6225.5200,0.01035263,0,0
2025-07-09,6263.2598,0.00887690,0,0
2025-07-10,6280.4600,0.00789049,0,0
2025-07-11,6259.7500,0.00852873,0,0
2025-07-14,6268.5601,0.00897090,0,0
2025-07-15,6243.7598,0.01082391,0,0
2025-07-16,6263.7002,0.00937260,0,0
2025-07-17,6297.3599,0.00753095,0,0
2025-07-18,6296.7900,0.00747702,0,0
2025-07-21,6305.6001,0.00690972,0,0
2025-07-22,6309.6201,0.00692550,0,0
2025-07-23,6358.9102,0.00537292,0,0
2025-07-24,6363.3501,0.00562640,0,0
2025-07-25,6388.6401,0.00722263,0,0
2025-07-28,6389.7700,0.00697444,0,0
2025-07-29,6370.8599,0.00717193,0,0
2025-07-30,6362.8999,0.00624983,0,0
2025-07-31,6339.3901,0.00752380,0,0
2025-08-01,6238.0098,0.00964127,0,0
2025-08-04,6329.9399,0.00682744,0,0
2025-08-05,6299.1899,0.00872605,0,0
2025-08-06,6345.0601,0.00784518,0,0
2025-08-07,6340.0000,0.00791773,0,0
2025-08-08,6389.4502,0.00683745,0,0
2025-08-11,6373.4502,0.00720410,0,0
2025-08-12,6445.7598,0.00563573,0,0
2025-08-13,6466.5801,0.00501198,0,0
2025-08-14,6468.5400,0.00570013,0,0
2025-08-15,6449.7998,0.00551822,0,0
2025-08-18,6449.1499,0.00519931,0,0
2025-08-19,6411.3701,0.00575340,0,0
2025-08-20,6395.7798,0.00723940,0,0
2025-08-21,6370.1699,0.00820337,0,0
2025-08-22,6466.9102,0.00562813,0,0
2025-08-25,6439.3198,0.00577904,0,0
2025-08-26,6465.9399,0.00486642,0,0
2025-08-27,6481.3999,0.00565835,0,0
2025-08-28,6501.8599,0.00538082,0,0
2025-08-29,6460.2598,0.00600031,0,0
2025-09-02,6415.5400,0.00721453,0,0
2025-09-03,6448.2598,0.00675786,0,0
2025-09-04,6502.0801,0.00550129,0,0
2025-09-05,6481.5000,0.00591782,0,0
2025-09-08,6495.1499,0.00595308,0,0
2025-09-09,6512.6099,0.00564104,0,0
2025-09-10,6532.0400,0.00555739,0,0
2025-09-11,6587.4702,0.00548874,0,0
2025-09-12,6584.2900,0.00546398,0,0
2025-09-15,6615.2798,0.00572406,0,0
2025-09-16,6606.7598,0.00673955,0,0
2025-09-17,6600.3501,0.00665077,0,0
2025-09-18,6631.9600,0.00605866,0,0
2025-09-19,6664.3599,0.00599275,0,0
2025-09-22,6693.7500,0.00683566,0,0
2025-09-23,6656.9199,0.00668608,0,0
2025-09-24,6637.9702,0.00669005,0,0
2025-09-25,6604.7202,0.00751350,0,0
2025-09-26,6643.7002,0.00740576,0,0
2025-09-29,6661.2100,0.00785556,0,0
2025-09-30,6688.4600,0.00770786,0,0
2025-10-01,6711.2002,0.00754450,0,0
2025-10-02,6715.3501,0.00739673,0,0
2025-10-03,6715.7900,0.00745979,0,0
2025-10-06,6740.2798,0.00728843,0,0
2025-10-07,6714.5898,0.00760801,0,0
2025-10-08,6753.7202,0.00650316,0,0
2025-10-09,6735.1099,0.00678550,1,0
2025-10-10,6552.5098,0.01300670,0,0
2025-10-13,6654.7202,0.01009252,0,0
2025-10-14,6644.3101,0.01000182,0,0
2025-10-15,6671.0601,0.01036812,0,0
2025-10-16,6629.0698,0.01493461,0,0
2025-10-17,6664.0098,0.01038911,0,0
2025-10-20,6735.1299,0.00746806,0,0
2025-10-21,6735.3501,0.00762721,0,0
2025-10-22,6699.3999,0.00782715,0,0
2025-10-23,6738.4399,0.00645767,0,0
2025-10-24,6791.6899,0.00579662,0,0
2025-10-27,6875.1602,0.00654788,0,0
2025-10-28,6890.8901,0.00868398,0,0
2025-10-29,6890.5898,0.00993196,0,0
2025-10-30,6822.3398,0.00948782,0,0
2025-10-31,6840.2002,0.00975454,0,0
2025-11-03,6851.9702,0.00939361,0,0
2025-11-04,6771.5498,0.01115668,0,0
2025-11-05,6796.2900,0.01076302,0,0
2025-11-06,6720.3198,0.01315117,0,0
2025-11-07,6728.7998,0.01311584,0,0
2025-11-10,6832.4302,0.01071680,0,0
2025-11-11,6846.6099,0.01033989,0,0
2025-11-12,6850.9199,0.01158447,0,0
2025-11-13,6737.4902,0.01380229,0,0
2025-11-14,6734.1099,0.01569861,0,0
2025-11-17,6672.4102,0.01970897,0,0
2025-11-18,6617.3198,0.02159676,0,0
2025-11-19,6642.1602,0.02003913,0,0
2025-11-20,6538.7598,0.02419430,0,0
2025-11-21,6602.9902,0.01662063,0,0
2025-11-24,6705.1201,0.01293575,0,0
2025-11-25,6765.8799,0.00975064,0,0
2025-11-26,6812.6099,0.00971436,0,0
2025-11-28,6849.0898,0.00972739,0,0
2025-12-01,6812.6299,0.01081814,0,0
2025-12-02,6829.3701,0.01027657,0,0
2025-12-03,6849.7202,0.00812633,0,0
2025-12-04,6857.1201,0.00773490,0,0
2025-12-05,6870.3999,0.00778616,0,0
2025-12-08,6846.5098,0.00811016,0,0
2025-12-09,6840.5098,0.00836922,0,0
2025-12-10,6886.6802,0.00750322,0,0
2025-12-11,6901.0000,0.00649747,0,0
2025-12-12,6827.4102,0.00701680,0,0
2025-12-15,6816.5098,0.00600492,0,0
2025-12-16,6800.2598,0.00666753,0,0
2025-12-17,6721.4302,0.00832511,0,0
2025-12-18,6774.7598,0.00716248,0,0
2025-12-19,6834.5000,0.00585704,0,0
2025-12-22,6878.4902,0.00473082,0,0
2025-12-23,6909.7900,0.00467487,0,0
2025-12-24,6932.0498,0.00419062,0,0
2025-12-26,6929.9399,0.00538203,0,0
2025-12-29,6905.7402,0.00623664,0,0
2025-12-30,6896.2402,0.00705826,0,0
2025-12-31,6845.5000,0.00748871,0,0
2026-01-02,6858.4702,0.00815271,0,0
2026-01-05,6902.0498,0.00823510,0,0
2026-01-06,6944.8198,0.00723967,0,0
2026-01-07,6920.9302,0.00843984,0,0
2026-01-08,6921.4600,0.00805238,0,0
2026-01-09,6966.2798,0.00773605,0,0
2026-01-12,6977.2700,0.00756625,0,0
2026-01-13,6963.7402,0.00766154,0,0
2026-01-14,6926.6001,0.00715316,0,0
2026-01-15,6944.4702,0.00682432,0,0
2026-01-16,6940.0098,0.00647223,1,0
2026-01-20,6796.8599,0.00911730,0,0
2026-01-21,6875.6201,0.00877078,0,0
2026-01-22,6913.3501,0.00827264,0,0
2026-01-23,6915.6099,0.00818267,0,0
2026-01-26,6950.2300,0.00757149,0,0
2026-01-27,6978.6001,0.00758970,0,0
2026-01-28,6978.0298,0.00792422,0,0
2026-01-29,6969.0098,0.00829177,0,0
2026-01-30,6939.0298,0.00891595,0,0
2026-02-02,6976.4399,0.00730385,0,0
2026-02-03,6917.8101,0.00913737,0,0
2026-02-04,6882.7202,0.01009528,0,0
2026-02-05,6798.3999,0.01516799,0,0
2026-02-06,6932.2998,0.01253567,0,0
2026-02-09,6964.8198,0.00816778,0,0
2026-02-10,6941.8101,0.00830457,0,0
2026-02-11,6941.4702,0.00838223,0,0
2026-02-12,6832.7598,0.01167480,0,0
2026-02-13,6836.1699,0.01160032,0,0
2026-02-17,6843.2202,0.01159067,0,0
2026-02-18,6881.3101,0.01115655,0,0
2026-02-19,6861.8901,0.01068472,0,0
2026-02-20,6909.5098,0.00938954,0,0
2026-02-23,6837.7500,0.01261487,0,0
2026-02-24,6890.0698,0.01122542,0,0
2026-02-25,6946.1299,0.00913839,0,0
2026-02-26,6908.8599,0.00932118,0,0
2026-02-27,6878.8799,0.01063942,0,0
2026-03-02,6881.6201,0.01043378,0,0
2026-03-03,6816.6299,0.01306143,0,0
2026-03-04,6869.5000,0.01068931,0,0
2026-03-05,6830.7100,0.01330326,0,0
2026-03-06,6740.0200,0.02263162,0,0
2026-03-09,6795.9902,0.01422795,0,0
2026-03-10,6781.4800,0.01491748,0,0
2026-03-11,6775.7998,0.01553773,0,0
2026-03-12,6672.6201,0.02631683,0,0
2026-03-13,6632.1899,0.02721050,0,0
2026-03-16,6699.3799,0.01819056,0,0
2026-03-17,6716.0898,0.01490287,0,0
2026-03-18,6624.7002,0.02267402,0,0
2026-03-19,6606.4902,0.01955343,0,0
2026-03-20,6506.4800,0.02468389,0,0
2026-03-23,6581.0000,0.02155284,0,0
2026-03-24,6556.3701,0.02207377,0,0
2026-03-25,6591.8999,0.01986110,0,0
2026-03-26,6477.1602,0.02171572,0,0
2026-03-27,6368.8501,0.03176403,0,0
2026-03-30,6343.7202,0.02869022,0,0
2026-03-31,6528.5200,0.01764106,0,0
2026-04-01,6575.3198,0.01898909,0,0
2026-04-02,6582.6899,0.01653331,0,0
2026-04-06,6611.8301,0.01714690,0,0
2026-04-07,6616.8501,0.01913444,0,0
2026-04-08,6782.8101,0.01237221,0,0
2026-04-09,6824.6602,0.01313357,0,0
2026-04-10,6816.8901,0.01264794,0,0
2026-04-13,6886.2402,0.00964516,0,0
2026-04-14,6967.3799,0.01062394,0,0
2026-04-15,7022.9502,0.01328215,0,0
2026-04-16,7041.2798,0.01296868,0,0
2026-04-17,7126.0601,0.01207897,0,0
2026-04-20,7109.1401,0.01361495,0,0
2026-04-21,7064.0098,0.01414797,0,0
2026-04-22,7137.8999,0.01306383,0,0
2026-04-23,7108.3999,0.01410576,0,0
2026-04-24,7165.0801,0.01348697,0,0
2026-04-27,7173.9102,0.01251532,0,0
2026-04-28,7138.7998,0.01223605,0,0
2026-04-29,7135.9502,0.01264082,0,0
2026-04-30,7209.0098,0.00982205,0,0
2026-05-01,7230.1201,0.01019375,0,0
2026-05-04,7200.7500,0.01156345,0,0
2026-05-05,7259.2202,0.01106610,0,0
2026-05-06,7365.1201,0.01202345,0,0
2026-05-07,7337.1099,0.01158929,0,0
2026-05-08,7398.9302,0.01106990,0,0
2026-05-11,7412.8398,0.01170376,0,0
2026-05-12,7400.9600,0.01231382,0,0
2026-05-13,7444.2500,0.01154577,0,0
2026-05-14,7501.2402,0.01136901,0,0
2026-05-15,7408.5000,0.01152996,0,0
2026-05-18,7403.0498,0.01328772,0,0
2026-05-19,7353.6099,0.01486256,0,0
2026-05-20,7432.9702,0.01454696,0,0
2026-05-21,7445.7202,0.01185423,0,0
2026-05-22,7473.4702,0.01171522,0,0
2026-05-26,7519.1201,0.01091740,0,0
2026-05-27,7520.3599,0.01043273,0,0
2026-05-28,7563.6299,0.00948640,0,0
2026-05-29,7580.0601,0.00838158,0,0
2026-06-01,7599.9600,0.00901620,0,0
2026-06-02,7609.7798,0.00826858,0,0
2026-06-03,7553.6802,0.00997934,0,0
2026-06-04,7584.3101,0.00786291,1,0
2026-06-05,7383.7402,0.01171768,0,0
2026-06-08,7405.7300,0.01105760,0,0
2026-06-09,7386.6499,0.01257126,0,0
2026-06-10,7266.9902,0.01476789,0,0
2026-06-11,7394.2998,0.01140905,0,0
2026-06-12,7431.4600,0.00961529,0,0
2026-06-15,7554.2900,0.00850122,0,0
2026-06-16,7511.3501,0.00896986,0,0
2026-06-17,7420.1001,0.01134856,0,0
2026-06-18,7500.5801,0.00860054,0,0
2026-06-22,7472.7900,0.01043233,0,0
2026-06-23,7365.4600,0.01208196,0,0
2026-06-24,7358.2202,0.01059081,0,0
2026-06-25,7357.4902,0.01195570,0,0
2026-06-26,7354.0200,0.01151327,0,0
2026-06-29,7440.4302,0.00987643,0,0
2026-06-30,7499.3599,0.00815704,0,0
2026-07-01,7483.2300,0.00718228,0,0
2026-07-02,7483.2402,0.00783147,0,0
2026-07-06,7537.4302,0.00830558,0,0
2026-07-07,7503.8501,0.00921378,0,0
2026-07-08,7482.7100,0.00895780,0,0
2026-07-09,7543.6401,0.00905350,0,0
2026-07-10,7575.3901,0.00873026,0,0
2026-07-13,7515.3398,0.01058379,0,0
2026-07-14,7543.5898,0.00963535,0,0
2026-07-15,7572.3999,0.00818139,0,0
2026-07-16,7533.7700,0.00980638,0,0
2026-07-17,7457.6899,0.01121729,0,0
2026-07-20,7443.2798,0.01162699,0,0
2026-07-21,7509.2002,0.00811084,0,0
2026-07-22,7498.9600,0.00799003,0,0
2026-07-23,7408.2998,0.01109527,0,0
2026-07-24,7411.9800,0.01082361,0,0
2026-07-27,7413.1802,0.01059607,0,0
2026-07-28,7428.7798,0.01112083,0,0
2026-07-29,7316.1499,0.01609749,0,0
2026-07-30,7437.6299,0.01052853,0,0
2026-07-31,7489.7202,0.00950853,0,0
2026-08-03,7600.5000,0.00959178,0,0
2026-08-04,7736.5200,0.01390028,0,0
2026-08-05,7723.5498,0.01104305,0,0
2026-08-06,7709.9600,0.01001378,0,0
2026-08-07,7757.6401,0.00973075,0,0
2026-08-10,7753.1099,0.00979029,0,0
2026-08-11,7728.2002,0.00962940,0,0
2026-08-12,7748.5000,0.00810061,0,0
