date,close,probability,label,trained_on
2006-01-03,1268.8000,,0,1
2006-01-04,1273.4600,,0,1
2006-01-05,1273.4800,,0,1
2006-01-06,1285.4500,,0,1
2006-01-09,1290.1500,,0,1
2006-01-10,1289.6899,,0,1
2006-01-11,1294.1801,,0,1
2006-01-12,1286.0601,,0,1
2006-01-13,1287.6100,,0,1
2006-01-17,1282.9301,,0,1
2006-01-18,1277.9301,,0,1
2006-01-19,1285.0400,,0,1
2006-01-20,1261.4900,,0,1
2006-01-23,1263.8199,,0,1
2006-01-24,1266.8600,,0,1
2006-01-25,1264.6801,,0,1
2006-01-26,1273.8300,,0,1
2006-01-27,1283.7200,,0,1
2006-01-30,1285.1899,,0,1
2006-01-31,1280.0800,,0,1
2006-02-01,1282.4600,,0,1
2006-02-02,1270.8400,,0,1
2006-02-03,1264.0300,,0,1
2006-02-06,1265.0200,,0,1
2006-02-07,1254.7800,,0,1
2006-02-08,1265.6500,,0,1
2006-02-09,1263.7800,,0,1
2006-02-10,1266.9900,,0,1
2006-02-13,1262.8600,,0,1
2006-02-14,1275.5300,,0,1
2006-02-15,1280.0000,,0,1
2006-02-16,1289.3800,,0,1
2006-02-17,1287.2400,,0,1
2006-02-21,1283.0300,,0,1
2006-02-22,1292.6700,,0,1
2006-02-23,1287.7900,,0,1
2006-02-24,1289.4301,,0,1
2006-02-27,1294.1200,,0,1
2006-02-28,1280.6600,,0,1
2006-03-01,1291.2400,,0,1
2006-03-02,1289.1400,,0,1
2006-03-03,1287.2300,,0,1
2006-03-06,1278.2600,,0,1
2006-03-07,1275.8800,,0,1
2006-03-08,1278.4700,,0,1
2006-03-09,1272.2300,,0,1
2006-03-10,1281.4200,,0,1
2006-03-13,1284.1300,,0,1
2006-03-14,1297.4800,,0,1
2006-03-15,1303.0200,,0,1
2006-03-16,1305.3300,,0,1
2006-03-17,1307.2500,,0,1
2006-03-20,1305.0800,,0,1
2006-03-21,1297.2300,,0,1
2006-03-22,1305.0400,,0,1
2006-03-23,1301.6700,,0,1
2006-03-24,1302.9500,,0,1
2006-03-27,1301.6100,,0,1
2006-03-28,1293.2300,,0,1
2006-03-29,1302.8900,,0,1
2006-03-30,1300.2500,,0,1
2006-03-31,1294.8700,,0,1
2006-04-03,1297.8101,,0,1
2006-04-04,1305.9301,,0,1
2006-04-05,1311.5601,,0,1
2006-04-06,1309.0400,,0,1
2006-04-07,1295.5000,,0,1
2006-04-10,1296.6200,,0,1
2006-04-11,1286.5699,,0,1
2006-04-12,1288.1200,,0,1
2006-04-13,1289.1200,,0,1
2006-04-17,1285.3300,,0,1
2006-04-18,1307.2800,,0,1
2006-04-19,1309.9301,,0,1
2006-04-20,1311.4600,,0,1
2006-04-21,1311.2800,,0,1
2006-04-24,1308.1100,,0,1
2006-04-25,1301.7400,,0,1
2006-04-26,1305.4100,,0,1
2006-04-27,1309.7200,,0,1
2006-04-28,1310.6100,,0,1
2006-05-01,1305.1899,,0,1
2006-05-02,1313.2100,,0,1
2006-05-03,1308.1200,,0,1
2006-05-04,1312.2500,,0,1
2006-05-05,1325.7600,,0,1
2006-05-08,1324.6600,,0,1
2006-05-09,1325.1400,,0,1
2006-05-10,1322.8500,,0,1
2006-05-11,1305.9200,,0,1
2006-05-12,1291.2400,,0,1
2006-05-15,1294.5000,,0,1
2006-05-16,1292.0800,,0,1
2006-05-17,1270.3199,,0,1
2006-05-18,1261.8101,,0,1
2006-05-19,1267.0300,,0,1
2006-05-22,1262.0699,,0,1
2006-05-23,1256.5800,,0,1
2006-05-24,1258.5699,,0,1
2006-05-25,1272.8800,,0,1
2006-05-26,1280.1600,,0,1
2006-05-30,1259.8700,,0,1
2006-05-31,1270.0900,,0,1
2006-06-01,1285.7100,,0,1
2006-06-02,1288.2200,,0,1
2006-06-05,1265.2900,,0,1
2006-06-06,1263.8500,,0,1
2006-06-07,1256.1500,,0,1
2006-06-08,1257.9301,,0,1
2006-06-09,1252.3000,,0,1
2006-06-12,1237.4399,,0,1
2006-06-13,1223.6899,,0,1
2006-06-14,1230.0400,,0,1
2006-06-15,1256.1600,,0,1
2006-06-16,1251.5400,,0,1
2006-06-19,1240.1300,,0,1
2006-06-20,1240.1200,,0,1
2006-06-21,1252.2000,,0,1
2006-06-22,1245.6000,,0,1
2006-06-23,1244.5000,,0,1
2006-06-26,1250.5601,,0,1
2006-06-27,1239.2000,,0,1
2006-06-28,1246.0000,,0,1
2006-06-29,1272.8700,,0,1
2006-06-30,1270.2000,,0,1
2006-07-03,1280.1899,,0,1
2006-07-05,1270.9100,,0,1
2006-07-06,1274.0800,,0,1
2006-07-07,1265.4800,,0,1
2006-07-10,1267.3400,,0,1
2006-07-11,1272.4301,,0,1
2006-07-12,1258.6000,,0,1
2006-07-13,1242.2800,,0,1
2006-07-14,1236.2000,,0,1
2006-07-17,1234.4900,,0,1
2006-07-18,1236.8600,,0,1
2006-07-19,1259.8101,,0,1
2006-07-20,1249.1300,,0,1
2006-07-21,1240.2900,,0,1
2006-07-24,1260.9100,,0,1
2006-07-25,1268.8800,,0,1
2006-07-26,1268.4000,,0,1
2006-07-27,1263.2000,,0,1
2006-07-28,1278.5500,,0,1
2006-07-31,1276.6600,,0,1
2006-08-01,1270.9200,,0,1
2006-08-02,1277.4100,,0,1
2006-08-03,1280.2700,,0,1
2006-08-04,1279.3600,,0,1
2006-08-07,1275.7700,,0,1
2006-08-08,1271.4800,,0,1
2006-08-09,1265.9500,,0,1
2006-08-10,1271.8101,,0,1
2006-08-11,1266.7400,,0,1
2006-08-14,1268.2100,,0,1
2006-08-15,1285.5800,,0,1
2006-08-16,1295.4301,,0,1
2006-08-17,1297.4800,,0,1
2006-08-18,1302.3000,,0,1
2006-08-21,1297.5200,,0,1
2006-08-22,1298.8199,,0,1
2006-08-23,1292.9900,,0,1
2006-08-24,1296.0601,,0,1
2006-08-25,1295.0900,,0,1
2006-08-28,1301.7800,,0,1
2006-08-29,1304.2800,,0,1
2006-08-30,1305.3700,,0,1
2006-08-31,1303.8199,,0,1
2006-09-01,1311.0100,,0,1
2006-09-05,1313.2500,,0,1
2006-09-06,1300.2600,,0,1
2006-09-07,1294.0200,,0,1
2006-09-08,1298.9200,,0,1
2006-09-11,1299.5400,,0,1
2006-09-12,1313.0000,,0,1
2006-09-13,1318.0699,,0,1
2006-09-14,1316.2800,,0,1
2006-09-15,1319.6600,,0,1
2006-09-18,1321.1801,,0,1
2006-09-19,1317.6400,,0,1
2006-09-20,1325.1801,,0,1
2006-09-21,1318.0300,,0,1
2006-09-22,1314.7800,,0,1
2006-09-25,1326.3700,,0,1
2006-09-26,1336.3500,,0,1
2006-09-27,1336.5900,,0,1
2006-09-28,1338.8800,,0,1
2006-09-29,1335.8500,,0,1
2006-10-02,1331.3199,,0,1
2006-10-03,1334.1100,,0,1
2006-10-04,1350.2000,,0,1
2006-10-05,1353.2200,,0,1
2006-10-06,1349.5900,,0,1
2006-10-09,1350.6600,,0,1
2006-10-10,1353.4200,,0,1
2006-10-11,1349.9500,,0,1
2006-10-12,1362.8300,,0,1
2006-10-13,1365.6200,,0,1
2006-10-16,1369.0601,,0,1
2006-10-17,1364.0500,,0,1
2006-10-18,1365.8000,,0,1
2006-10-19,1366.9600,,0,1
2006-10-20,1368.6000,,0,1
2006-10-23,1377.0200,,0,1
2006-10-24,1377.3800,,0,1
2006-10-25,1382.2200,,0,1
2006-10-26,1389.0800,,0,1
2006-10-27,1377.3400,,0,1
2006-10-30,1377.9301,,0,1
2006-10-31,1377.9399,,0,1
2006-11-01,1367.8101,,0,1
2006-11-02,1367.3400,,0,1
2006-11-03,1364.3000,,0,1
2006-11-06,1379.7800,,0,1
2006-11-07,1382.8400,,0,1
2006-11-08,1385.7200,,0,1
2006-11-09,1378.3300,,0,1
2006-11-10,1380.9000,,0,1
2006-11-13,1384.4200,,0,1
2006-11-14,1393.2200,,0,1
2006-11-15,1396.5699,,0,1
2006-11-16,1399.7600,,0,1
2006-11-17,1401.2000,,0,1
2006-11-20,1400.5000,,0,1
2006-11-21,1402.8101,,0,1
2006-11-22,1406.0900,,0,1
2006-11-24,1400.9500,,0,1
2006-11-27,1381.9600,,0,1
2006-11-28,1386.7200,,0,1
2006-11-29,1399.4800,,0,1
2006-11-30,1400.6300,,0,1
2006-12-01,1396.7100,,0,1
2006-12-04,1409.1200,,0,1
2006-12-05,1414.7600,,0,1
2006-12-06,1412.9000,,0,1
2006-12-07,1407.2900,,0,1
2006-12-08,1409.8400,,0,1
2006-12-11,1413.0400,,0,1
2006-12-12,1411.5601,,0,1
2006-12-13,1413.2100,,0,1
2006-12-14,1425.4900,,0,1
2006-12-15,1427.0900,,0,1
2006-12-18,1422.4800,,0,1
2006-12-19,1425.5500,,0,1
2006-12-20,1423.5300,,0,1
2006-12-21,1418.3000,,0,1
2006-12-22,1410.7600,,0,1
2006-12-26,1416.9000,,0,1
2006-12-27,1426.8400,,0,1
2006-12-28,1424.7300,,0,1
2006-12-29,1418.3000,,0,1
2007-01-03,1416.6000,,0,1
2007-01-04,1418.3400,,0,1
2007-01-05,1409.7100,,0,1
2007-01-08,1412.8400,,0,1
2007-01-09,1412.1100,,0,1
2007-01-10,1414.8500,,0,1
2007-01-11,1423.8199,,0,1
2007-01-12,1430.7300,,0,1
2007-01-16,1431.9000,,0,1
2007-01-17,1430.6200,,0,1
2007-01-18,1426.3700,,0,1
2007-01-19,1430.5000,,0,1
2007-01-22,1422.9500,,0,1
2007-01-23,1427.9900,,0,1
2007-01-24,1440.1300,,0,1
2007-01-25,1423.9000,,0,1
2007-01-26,1422.1801,,0,1
2007-01-29,1420.6200,,0,1
2007-01-30,1428.8199,,0,1
2007-01-31,1438.2400,,0,1
2007-02-01,1445.9399,,0,1
2007-02-02,1448.3900,,0,1
2007-02-05,1446.9900,,0,1
2007-02-06,1448.0000,,0,1
2007-02-07,1450.0200,,0,1
2007-02-08,1448.3101,,0,1
2007-02-09,1438.0601,,0,1
2007-02-12,1433.3700,,0,1
2007-02-13,1444.2600,,0,1
2007-02-14,1455.3000,,0,1
2007-02-15,1456.8101,,0,1
2007-02-16,1455.5400,,0,1
2007-02-20,1459.6801,,0,1
2007-02-21,1457.6300,,0,1
2007-02-22,1456.3800,,0,1
2007-02-23,1451.1899,,0,1
2007-02-26,1449.3700,,1,1
2007-02-27,1399.0400,,0,1
2007-02-28,1406.8199,,0,1
2007-03-01,1403.1700,,0,1
2007-03-02,1387.1700,,0,1
2007-03-05,1374.1200,,0,1
2007-03-06,1395.4100,,0,1
2007-03-07,1391.9700,,0,1
2007-03-08,1401.8900,,0,1
2007-03-09,1402.8400,,0,1
2007-03-12,1406.6000,,1,1
2007-03-13,1377.9500,,0,1
2007-03-14,1387.1700,,0,1
2007-03-15,1392.2800,,0,1
2007-03-16,1386.9500,,0,1
2007-03-19,1402.0601,,0,1
2007-03-20,1410.9399,,0,1
2007-03-21,1435.0400,,0,1
2007-03-22,1434.5400,,0,1
2007-03-23,1436.1100,,0,1
2007-03-26,1437.5000,,0,1
2007-03-27,1428.6100,,0,1
2007-03-28,1417.2300,,0,1
2007-03-29,1422.5300,,0,1
2007-03-30,1420.8600,,0,1
2007-04-02,1424.5500,,0,1
2007-04-03,1437.7700,,0,1
2007-04-04,1439.3700,,0,1
2007-04-05,1443.7600,,0,1
2007-04-09,1444.6100,,0,1
2007-04-10,1448.3900,,0,1
2007-04-11,1438.8700,,0,1
2007-04-12,1447.8000,,0,1
2007-04-13,1452.8500,,0,1
2007-04-16,1468.3300,,0,1
2007-04-17,1471.4800,,0,1
2007-04-18,1472.5000,,0,1
2007-04-19,1470.7300,,0,1
2007-04-20,1484.3500,,0,1
2007-04-23,1480.9301,,0,1
2007-04-24,1480.4100,,0,1
2007-04-25,1495.4200,,0,1
2007-04-26,1494.2500,,0,1
2007-04-27,1494.0699,,0,1
2007-04-30,1482.3700,,0,1
2007-05-01,1486.3000,,0,1
2007-05-02,1495.9200,,0,1
2007-05-03,1502.3900,,0,1
2007-05-04,1505.6200,,0,1
2007-05-07,1509.4800,,0,1
2007-05-08,1507.7200,,0,1
2007-05-09,1512.5800,,0,1
2007-05-10,1491.4700,,0,1
2007-05-11,1505.8500,,0,1
2007-05-14,1503.1500,,0,1
2007-05-15,1501.1899,,0,1
2007-05-16,1514.1400,,0,1
2007-05-17,1512.7500,,0,1
2007-05-18,1522.7500,,0,1
2007-05-21,1525.1000,,0,1
2007-05-22,1524.1200,,0,1
2007-05-23,1522.2800,,0,1
2007-05-24,1507.5100,,0,1
2007-05-25,1515.7300,,0,1
2007-05-29,1518.1100,,0,1
2007-05-30,1530.2300,,0,1
2007-05-31,1530.6200,,0,1
2007-06-01,1536.3400,,0,1
2007-06-04,1539.1801,,0,1
2007-06-05,1530.9500,,0,1
2007-06-06,1517.3800,,0,1
2007-06-07,1490.7200,,0,1
2007-06-08,1507.6700,,0,1
2007-06-11,1509.1200,,0,1
2007-06-12,1493.0000,,0,1
2007-06-13,1515.6700,,0,1
2007-06-14,1522.9700,,0,1
2007-06-15,1532.9100,,0,1
2007-06-18,1531.0500,,0,1
2007-06-19,1533.7000,,0,1
2007-06-20,1512.8400,,0,1
2007-06-21,1522.1899,,0,1
2007-06-22,1502.5601,,0,1
2007-06-25,1497.7400,,0,1
2007-06-26,1492.8900,,0,1
2007-06-27,1506.3400,,0,1
2007-06-28,1505.7100,,0,1
2007-06-29,1503.3500,,0,1
2007-07-02,1519.4301,,0,1
2007-07-03,1524.8700,,0,1
2007-07-05,1525.4000,,0,1
2007-07-06,1530.4399,,0,1
2007-07-09,1531.8500,,0,1
2007-07-10,1510.1200,,0,1
2007-07-11,1518.7600,,0,1
2007-07-12,1547.7000,,0,1
2007-07-13,1552.5000,,0,1
2007-07-16,1549.5200,,0,1
2007-07-17,1549.3700,,0,1
2007-07-18,1546.1700,,0,1
2007-07-19,1553.0800,,0,1
2007-07-20,1534.1000,,0,1
2007-07-23,1541.5699,,0,1
2007-07-24,1511.0400,,0,1
2007-07-25,1518.0900,,1,1
2007-07-26,1482.6600,,0,1
2007-07-27,1458.9500,,0,1
2007-07-30,1473.9100,,0,1
2007-07-31,1455.2700,,0,1
2007-08-01,1465.8101,,0,1
2007-08-02,1472.2000,,1,1
2007-08-03,1433.0601,,0,1
2007-08-06,1467.6700,,0,1
2007-08-07,1476.7100,,0,1
2007-08-08,1497.4900,,1,1
2007-08-09,1453.0900,,0,1
2007-08-10,1453.6400,,0,1
2007-08-13,1452.9200,,0,1
2007-08-14,1426.5400,,0,1
2007-08-15,1406.7000,,0,1
2007-08-16,1411.2700,,0,1
2007-08-17,1445.9399,,0,1
2007-08-20,1445.5500,,0,1
2007-08-21,1447.1200,,0,1
2007-08-22,1464.0699,,0,1
2007-08-23,1462.5000,,0,1
2007-08-24,1479.3700,,0,1
2007-08-27,1466.7900,,1,1
2007-08-28,1432.3600,,0,1
2007-08-29,1463.7600,,0,1
2007-08-30,1457.6400,,0,1
2007-08-31,1473.9900,,0,1
2007-09-04,1489.4200,,0,1
2007-09-05,1472.2900,,0,1
2007-09-06,1478.5500,,0,1
2007-09-07,1453.5500,,0,1
2007-09-10,1451.7000,,0,1
2007-09-11,1471.4900,,0,1
2007-09-12,1471.5601,,0,1
2007-09-13,1483.9500,,0,1
2007-09-14,1484.2500,,0,1
2007-09-17,1476.6500,,0,1
2007-09-18,1519.7800,,0,1
2007-09-19,1529.0300,,0,1
2007-09-20,1518.7500,,0,1
2007-09-21,1525.7500,,0,1
2007-09-24,1517.7300,,0,1
2007-09-25,1517.2100,,0,1
2007-09-26,1525.4200,,0,1
2007-09-27,1531.3800,,0,1
2007-09-28,1526.7500,,0,1
2007-10-01,1547.0400,,0,1
2007-10-02,1546.6300,,0,1
2007-10-03,1539.5900,,0,1
2007-10-04,1542.8400,,0,1
2007-10-05,1557.5900,,0,1
2007-10-08,1552.5800,,0,1
2007-10-09,1565.1500,,0,1
2007-10-10,1562.4700,,0,1
2007-10-11,1554.4100,,0,1
2007-10-12,1561.8000,,0,1
2007-10-15,1548.7100,,0,1
2007-10-16,1538.5300,,0,1
2007-10-17,1541.2400,,0,1
2007-10-18,1540.0800,,1,1
2007-10-19,1500.6300,,0,1
2007-10-22,1506.3300,,0,1
2007-10-23,1519.5900,,0,1
2007-10-24,1515.8800,,0,1
2007-10-25,1514.4000,,0,1
2007-10-26,1535.2800,,0,1
2007-10-29,1540.9800,,0,1
2007-10-30,1531.0200,,0,1
2007-10-31,1549.3800,,1,1
2007-11-01,1508.4399,,0,1
2007-11-02,1509.6500,,0,1
2007-11-05,1502.1700,,0,1
2007-11-06,1520.2700,,1,1
2007-11-07,1475.6200,,0,1
2007-11-08,1474.7700,,0,1
2007-11-09,1453.7000,,0,1
2007-11-12,1439.1801,,0,1
2007-11-13,1481.0500,,0,1
2007-11-14,1470.5800,,0,1
2007-11-15,1451.1500,,0,1
2007-11-16,1458.7400,,0,1
2007-11-19,1433.2700,,0,1
2007-11-20,1439.7000,,0,1
2007-11-21,1416.7700,,0,1
2007-11-23,1440.7000,,1,1
2007-11-26,1407.2200,,0,1
2007-11-27,1428.2300,,0,1
2007-11-28,1469.0200,,0,1
2007-11-29,1469.7200,,0,1
2007-11-30,1481.1400,,0,1
2007-12-03,1472.4200,,0,1
2007-12-04,1462.7900,,0,1
2007-12-05,1485.0100,,0,1
2007-12-06,1507.3400,,0,1
2007-12-07,1504.6600,,0,1
2007-12-10,1515.9600,,1,1
2007-12-11,1477.6500,,0,1
2007-12-12,1486.5900,,0,1
2007-12-13,1488.4100,,0,1
2007-12-14,1467.9500,,0,1
2007-12-17,1445.9000,,0,1
2007-12-18,1454.9800,,0,1
2007-12-19,1453.0000,,0,1
2007-12-20,1460.1200,,0,1
2007-12-21,1484.4600,,0,1
2007-12-24,1496.4500,,0,1
2007-12-26,1497.6600,,0,1
2007-12-27,1476.2700,,0,1
2007-12-28,1478.4900,,0,1
2007-12-31,1468.3600,,0,1
2008-01-02,1447.1600,,0,1
2008-01-03,1447.1600,,1,1
2008-01-04,1411.6300,,0,1
2008-01-07,1416.1801,0.09630658,0,1
2008-01-08,1390.1899,0.07748443,0,1
2008-01-09,1409.1300,0.07359622,0,1
2008-01-10,1420.3300,0.06791474,0,1
2008-01-11,1401.0200,0.06546505,0,1
2008-01-14,1416.2500,0.06584840,1,1
2008-01-15,1380.9500,0.06496396,0,1
2008-01-16,1373.2000,0.08255451,1,1
2008-01-17,1333.2500,0.12934236,0,1
2008-01-18,1325.1899,0.11476246,0,1
2008-01-22,1310.5000,0.15754798,0,1
2008-01-23,1338.6000,0.13730282,0,1
2008-01-24,1352.0699,0.11276975,0,1
2008-01-25,1330.6100,0.11875687,0,1
2008-01-28,1353.9600,0.10790470,0,1
2008-01-29,1362.3000,0.10787441,0,1
2008-01-30,1355.8101,0.09833490,0,1
2008-01-31,1378.5500,0.09087978,0,1
2008-02-01,1395.4200,0.06195337,0,1
2008-02-04,1380.8199,0.07393783,1,1
2008-02-05,1336.6400,0.08371165,0,1
2008-02-06,1326.4500,0.08793679,0,1
2008-02-07,1336.9100,0.07817975,0,1
2008-02-08,1331.2900,0.08069727,0,1
2008-02-11,1339.1300,0.08096666,0,1
2008-02-12,1348.8600,0.06784747,0,1
2008-02-13,1367.2100,0.05359101,0,1
2008-02-14,1348.8600,0.06069020,0,1
2008-02-15,1349.9900,0.05569153,0,1
2008-02-19,1348.7800,0.05883568,0,1
2008-02-20,1360.0300,0.05542207,0,1
2008-02-21,1342.5300,0.06297120,0,1
2008-02-22,1353.1100,0.05645931,0,1
2008-02-25,1371.8000,0.04490544,0,1
2008-02-26,1381.2900,0.04222063,0,1
2008-02-27,1380.0200,0.04272696,0,1
2008-02-28,1367.6801,0.05037232,1,1
2008-02-29,1330.6300,0.06187055,0,1
2008-03-03,1331.3400,0.06482782,0,1
2008-03-04,1326.7500,0.06151914,0,1
2008-03-05,1333.7000,0.06291514,1,1
2008-03-06,1304.3400,0.07855364,0,1
2008-03-07,1293.3700,0.07947126,0,1
2008-03-10,1273.3700,0.08912686,0,1
2008-03-11,1320.6500,0.07597578,0,1
2008-03-12,1308.7700,0.07019799,0,1
2008-03-13,1315.4800,0.06884785,1,1
2008-03-14,1288.1400,0.09384829,0,1
2008-03-17,1276.6000,0.11295156,0,1
2008-03-18,1330.7400,0.07079415,1,1
2008-03-19,1298.4200,0.09314048,0,1
2008-03-20,1329.5100,0.06973335,0,1
2008-03-24,1349.8800,0.07091824,0,1
2008-03-25,1352.9900,0.06798385,0,1
2008-03-26,1341.1300,0.06561770,0,1
2008-03-27,1325.7600,0.06624787,0,1
2008-03-28,1315.2200,0.06809271,0,1
2008-03-31,1322.7000,0.08054883,0,1
2008-04-01,1370.1801,0.05609705,0,1
2008-04-02,1367.5300,0.05521236,0,1
2008-04-03,1369.3101,0.05387703,0,1
2008-04-04,1370.4000,0.05114231,0,1
2008-04-07,1372.5400,0.05413518,0,1
2008-04-08,1365.5400,0.05869845,0,1
2008-04-09,1354.4900,0.06156943,0,1
2008-04-10,1360.5500,0.05147029,1,1
2008-04-11,1332.8300,0.06193635,0,1
2008-04-14,1328.3199,0.06755291,0,1
2008-04-15,1334.4301,0.05864215,0,1
2008-04-16,1364.7100,0.04811726,0,1
2008-04-17,1365.5601,0.04458274,0,1
2008-04-18,1390.3300,0.04530723,0,1
2008-04-21,1388.1700,0.05149306,0,1
2008-04-22,1375.9399,0.05680117,0,1
2008-04-23,1379.9301,0.04986906,0,1
2008-04-24,1388.8199,0.05114666,0,1
2008-04-25,1397.8400,0.05181928,0,1
2008-04-28,1396.3700,0.05473609,0,1
2008-04-29,1390.9399,0.06150990,0,1
2008-04-30,1385.5900,0.06592975,0,1
2008-05-01,1409.3400,0.05270183,0,1
2008-05-02,1413.9000,0.04161098,0,1
2008-05-05,1407.4900,0.05056779,0,1
2008-05-06,1418.2600,0.03869666,0,1
2008-05-07,1392.5699,0.04489115,0,1
2008-05-08,1397.6801,0.04351905,0,1
2008-05-09,1388.2800,0.04551647,0,1
2008-05-12,1403.5800,0.02764688,0,1
2008-05-13,1403.0400,0.02931275,0,1
2008-05-14,1408.6600,0.02859432,0,1
2008-05-15,1423.5699,0.01877217,0,1
2008-05-16,1425.3500,0.01696050,0,1
2008-05-19,1426.6300,0.01969990,0,1
2008-05-20,1413.4000,0.01763892,0,1
2008-05-21,1390.7100,0.01792805,0,1
2008-05-22,1394.3500,0.01774129,0,1
2008-05-23,1375.9301,0.02303886,0,1
2008-05-27,1385.3500,0.02608421,0,1
2008-05-28,1390.8400,0.02363993,0,1
2008-05-29,1398.2600,0.02163592,0,1
2008-05-30,1400.3800,0.02214814,0,1
2008-06-02,1385.6700,0.03003039,0,1
2008-06-03,1377.6500,0.03037870,0,1
2008-06-04,1377.2000,0.02723421,0,1
2008-06-05,1404.0500,0.01923938,1,1
2008-06-06,1360.6801,0.03768875,0,1
2008-06-09,1361.7600,0.03960654,0,1
2008-06-10,1358.4399,0.03870321,0,1
2008-06-11,1335.4900,0.04400144,0,1
2008-06-12,1339.8700,0.04321226,0,1
2008-06-13,1360.0300,0.02889358,0,1
2008-06-16,1360.1400,0.02675287,0,1
2008-06-17,1350.9301,0.03202217,0,1
2008-06-18,1337.8101,0.03343078,0,1
2008-06-19,1342.8300,0.03380124,0,1
2008-06-20,1317.9301,0.04326315,0,1
2008-06-23,1318.0000,0.04493201,0,1
2008-06-24,1314.2900,0.04709719,0,1
2008-06-25,1321.9700,0.04426129,1,1
2008-06-26,1283.1500,0.05894699,0,1
2008-06-27,1278.3800,0.06099171,0,1
2008-06-30,1280.0000,0.07744435,0,1
2008-07-01,1284.9100,0.07401555,0,1
2008-07-02,1261.5200,0.10017893,0,1
2008-07-03,1262.9000,0.08648990,0,1
2008-07-07,1252.3101,0.15511619,0,1
2008-07-08,1273.7000,0.11738486,1,1
2008-07-09,1244.6899,0.13783290,0,1
2008-07-10,1253.3900,0.15801101,0,1
2008-07-11,1239.4900,0.16843202,0,1
2008-07-14,1228.3000,0.19959612,0,1
2008-07-15,1214.9100,0.17881821,0,1
2008-07-16,1245.3600,0.11160660,0,1
2008-07-17,1260.3199,0.10774903,0,1
2008-07-18,1260.6801,0.10141871,0,1
2008-07-21,1260.0000,0.09369496,0,1
2008-07-22,1277.0000,0.07032911,0,1
2008-07-23,1282.1899,0.06904129,1,1
2008-07-24,1252.5400,0.08268956,0,1
2008-07-25,1257.7600,0.07848954,0,1
2008-07-28,1234.3700,0.09941771,0,1
2008-07-29,1263.2000,0.09031577,0,1
2008-07-30,1284.2600,0.09134608,0,1
2008-07-31,1267.3800,0.10418376,0,1
2008-08-01,1260.3101,0.09344580,0,1
2008-08-04,1249.0100,0.11060270,0,1
2008-08-05,1284.8800,0.10320397,0,1
2008-08-06,1289.1899,0.08584914,0,1
2008-08-07,1266.0699,0.10191239,0,1
2008-08-08,1296.3199,0.08453464,0,1
2008-08-11,1305.3199,0.06760140,0,1
2008-08-12,1289.5900,0.07723581,0,1
2008-08-13,1285.8300,0.07578085,0,1
2008-08-14,1292.9301,0.06791721,0,1
2008-08-15,1298.2000,0.05819886,0,1
2008-08-18,1278.6000,0.07986588,0,1
2008-08-19,1266.6899,0.08304664,0,1
2008-08-20,1274.5400,0.06206666,0,1
2008-08-21,1277.7200,0.06133584,0,1
2008-08-22,1292.2000,0.04935953,0,1
2008-08-25,1266.8400,0.07462599,0,1
2008-08-26,1271.5100,0.06970642,0,1
2008-08-27,1281.6600,0.06405785,0,1
2008-08-28,1300.6801,0.06404279,0,1
2008-08-29,1282.8300,0.07102433,0,1
2008-09-02,1277.5800,0.09067978,0,1
2008-09-03,1274.9800,0.08201447,1,1
2008-09-04,1236.8300,0.11435094,0,1
2008-09-05,1242.3101,0.11280402,0,1
2008-09-08,1267.7900,0.11962703,1,1
2008-09-09,1224.5100,0.14465718,0,1
2008-09-10,1232.0400,0.13513169,0,1
2008-09-11,1249.0500,0.14152243,0,1
2008-09-12,1251.7000,0.15214833,1,1
2008-09-15,1192.7000,0.27044759,0,1
2008-09-16,1213.6000,0.29268774,1,1
2008-09-17,1156.3900,0.35805047,0,1
2008-09-18,1206.5100,0.26840753,0,1
2008-09-19,1255.0800,0.22096208,1,1
2008-09-22,1207.0900,0.22724477,0,1
2008-09-23,1188.2200,0.22900913,0,1
2008-09-24,1185.8700,0.25605510,0,1
2008-09-25,1209.1801,0.26351299,0,1
2008-09-26,1213.2700,0.30450314,1,1
2008-09-29,1106.4200,0.40991211,0,1
2008-09-30,1166.3600,0.31202083,0,1
2008-10-01,1161.0601,0.34179037,1,1
2008-10-02,1114.2800,0.38896374,0,1
2008-10-03,1099.2300,0.37463164,1,1
2008-10-06,1056.8900,0.51280297,1,1
2008-10-07,996.2300,0.52025978,0,1
2008-10-08,984.9400,0.53215014,1,1
2008-10-09,909.9200,0.48056244,0,1
2008-10-10,899.2200,0.43387434,0,1
2008-10-13,1003.3500,0.42472485,0,1
2008-10-14,998.0100,0.54977544,1,1
2008-10-15,907.8400,0.56139045,0,1
2008-10-16,946.4300,0.55156029,0,1
2008-10-17,940.5500,0.53061277,0,1
2008-10-20,985.4000,0.57469529,1,1
2008-10-21,955.0500,0.60604668,1,1
2008-10-22,896.7800,0.62216741,0,1
2008-10-23,908.1100,0.64224116,1,1
2008-10-24,876.7700,0.56887118,1,1
2008-10-27,848.9200,0.41222447,0,1
2008-10-28,940.5100,0.50292881,0,1
2008-10-29,930.0900,0.41728268,0,1
2008-10-30,954.0900,0.42592692,0,1
2008-10-31,968.7500,0.35023759,0,1
2008-11-03,966.3000,0.34127733,0,1
2008-11-04,1005.7500,0.42042837,1,1
2008-11-05,952.7700,0.42221799,1,1
2008-11-06,904.8800,0.36700181,0,1
2008-11-07,930.9900,0.35113308,0,1
2008-11-10,919.2100,0.35791233,1,1
2008-11-11,898.9500,0.21774605,1,1
2008-11-12,852.3000,0.30933892,0,1
2008-11-13,911.2900,0.30281176,1,1
2008-11-14,873.2900,0.28531590,1,1
2008-11-17,850.7500,0.24398605,0,1
2008-11-18,859.1200,0.26340191,1,1
2008-11-19,806.5800,0.24560436,1,1
2008-11-20,752.4400,0.28951014,0,1
2008-11-21,800.0300,0.30781562,0,1
2008-11-24,851.8100,0.33354526,0,1
2008-11-25,857.3900,0.33440975,0,1
2008-11-26,887.6800,0.32645801,0,1
2008-11-28,896.2400,0.32079684,1,1
2008-12-01,816.2100,0.32620978,0,1
2008-12-02,848.8100,0.30690194,0,1
2008-12-03,870.7400,0.29677319,1,1
2008-12-04,845.2200,0.27766750,0,1
2008-12-05,876.0700,0.26594077,0,1
2008-12-08,909.7000,0.25083841,1,1
2008-12-09,888.6700,0.23309224,0,1
2008-12-10,899.2400,0.19073502,1,1
2008-12-11,873.5900,0.19592212,0,1
2008-12-12,879.7300,0.20863625,0,1
2008-12-15,868.5700,0.25460496,0,1
2008-12-16,913.1800,0.24674273,0,1
2008-12-17,904.4200,0.24498035,1,1
2008-12-18,885.2800,0.24346304,0,1
2008-12-19,887.8800,0.43967059,0,1
2008-12-22,871.6300,0.40033193,0,1
2008-12-23,863.1600,0.33003249,0,1
2008-12-24,868.1500,0.37522725,0,1
2008-12-26,872.8000,0.24669656,0,1
2008-12-29,869.4200,0.23135736,0,1
2008-12-30,890.6400,0.23272155,0,1
2008-12-31,903.2500,0.18579521,0,1
2009-01-02,931.8000,0.23728402,0,1
2009-01-05,927.4500,0.20986393,0,1
2009-01-06,934.7000,0.19020521,1,1
2009-01-07,906.6500,0.20849516,0,1
2009-01-08,909.7300,0.23627641,1,1
2009-01-09,890.3500,0.18187955,1,1
2009-01-12,870.2600,0.18605875,0,1
2009-01-13,871.7900,0.15172431,1,1
2009-01-14,842.6200,0.18045174,0,1
2009-01-15,843.7400,0.18200285,0,1
2009-01-16,850.1200,0.15544815,1,1
2009-01-20,805.2200,0.20896693,0,1
2009-01-21,840.2400,0.13098562,0,1
2009-01-22,827.5000,0.15484407,0,1
2009-01-23,831.9500,0.15452171,0,1
2009-01-26,836.5700,0.16132336,0,1
2009-01-27,845.7100,0.17474805,0,1
2009-01-28,874.0900,0.19087900,1,1
2009-01-29,845.1400,0.26224472,1,1
2009-01-30,825.8800,0.29467832,0,1
2009-02-02,825.4400,0.29934990,0,1
2009-02-03,838.5100,0.28314654,0,1
2009-02-04,832.2300,0.31617858,0,1
2009-02-05,845.8500,0.29663161,0,1
2009-02-06,868.6000,0.21572584,0,1
2009-02-09,869.8900,0.21683587,1,1
2009-02-10,827.1600,0.21153332,0,1
2009-02-11,833.7400,0.21299484,0,1
2009-02-12,835.1900,0.18786581,0,1
2009-02-13,826.8400,0.21707852,1,1
2009-02-17,789.1700,0.22796922,0,1
2009-02-18,788.4200,0.15367825,0,1
2009-02-19,778.9400,0.13452324,0,1
2009-02-20,770.0500,0.14362964,1,1
2009-02-23,743.3300,0.13964958,0,1
2009-02-24,773.1400,0.15261410,0,1
2009-02-25,764.9000,0.17693437,0,1
2009-02-26,752.8300,0.18174140,1,1
2009-02-27,735.0900,0.14633602,1,1
2009-03-02,700.8200,0.17841489,0,1
2009-03-03,696.3300,0.17575481,0,1
2009-03-04,712.8700,0.20149912,1,1
2009-03-05,682.5500,0.25440840,0,1
2009-03-06,683.3800,0.24599021,0,1
2009-03-09,676.5300,0.26618404,0,1
2009-03-10,719.6000,0.25603002,0,1
2009-03-11,721.3600,0.23760630,0,1
2009-03-12,750.7400,0.24148233,0,1
2009-03-13,756.5500,0.19756845,0,1
2009-03-16,753.8900,0.21119212,0,1
2009-03-17,778.1200,0.20491509,0,1
2009-03-18,794.3500,0.20155026,0,1
2009-03-19,784.0400,0.17339633,0,1
2009-03-20,768.5400,0.15393993,0,1
2009-03-23,822.9200,0.18340806,1,1
2009-03-24,806.1200,0.17959157,0,1
2009-03-25,813.8800,0.20688333,0,1
2009-03-26,832.8600,0.18830988,1,1
2009-03-27,815.9400,0.18247697,1,1
2009-03-30,787.5300,0.21860515,0,1
2009-03-31,797.8700,0.20184706,0,1
2009-04-01,811.0800,0.23549206,0,1
2009-04-02,834.3800,0.24123568,0,1
2009-04-03,842.5000,0.19699971,0,1
2009-04-06,835.4800,0.22976816,1,1
2009-04-07,815.5500,0.21762549,0,1
2009-04-08,825.1600,0.20197638,0,1
2009-04-09,856.5600,0.17703193,0,1
2009-04-13,858.7300,0.19089838,1,1
2009-04-14,841.5000,0.20213222,0,1
2009-04-15,852.0600,0.18627061,0,1
2009-04-16,865.3000,0.16392119,0,1
2009-04-17,869.6000,0.13934347,1,1
2009-04-20,832.3900,0.20357055,0,1
2009-04-21,850.0800,0.18366417,0,1
2009-04-22,843.5500,0.17696863,0,1
2009-04-23,851.9200,0.16881172,0,1
2009-04-24,866.2300,0.17125577,0,1
2009-04-27,857.5100,0.18954066,0,1
2009-04-28,855.1600,0.18116024,0,1
2009-04-29,873.6400,0.16559865,0,1
2009-04-30,872.8100,0.17534693,0,1
2009-05-01,877.5200,0.16814564,0,1
2009-05-04,907.2400,0.16488574,0,1
2009-05-05,903.8000,0.17292579,0,1
2009-05-06,919.5300,0.16997652,0,1
2009-05-07,907.3900,0.16447002,0,1
2009-05-08,929.2300,0.14238925,1,1
2009-05-11,909.2400,0.16335793,0,1
2009-05-12,908.3500,0.17368527,1,1
2009-05-13,883.9200,0.20088987,0,1
2009-05-14,893.0700,0.18862760,0,1
2009-05-15,882.8800,0.20843469,0,1
2009-05-18,909.7100,0.16378827,0,1
2009-05-19,908.1300,0.13068241,0,1
2009-05-20,903.4700,0.13254020,0,1
2009-05-21,888.3300,0.12686146,0,1
2009-05-22,887.0000,0.12985490,0,1
2009-05-26,910.3300,0.10754748,0,1
2009-05-27,893.0600,0.10330817,0,1
2009-05-28,906.8300,0.10021172,0,1
2009-05-29,919.1400,0.08722900,0,1
2009-06-01,942.8700,0.06252671,0,1
2009-06-02,944.7400,0.05599745,0,1
2009-06-03,931.7600,0.04306171,0,1
2009-06-04,942.4600,0.04559279,0,1
2009-06-05,940.0900,0.03669805,0,1
2009-06-08,939.1400,0.03931582,0,1
2009-06-09,942.4300,0.03726318,0,1
2009-06-10,939.1500,0.03668604,0,1
2009-06-11,944.8900,0.04660537,0,1
2009-06-12,946.2100,0.04954901,1,1
2009-06-15,923.7200,0.06222564,0,1
2009-06-16,911.9700,0.06029853,0,1
2009-06-17,910.7100,0.04997564,0,1
2009-06-18,918.3700,0.04399487,0,1
2009-06-19,921.2300,0.03827327,1,1
2009-06-22,893.0400,0.05291594,0,1
2009-06-23,895.1000,0.05435028,0,1
2009-06-24,900.9400,0.04711565,0,1
2009-06-25,920.2600,0.03724823,0,1
2009-06-26,918.9000,0.03303627,0,1
2009-06-29,927.2300,0.04666895,0,1
2009-06-30,919.3200,0.05615534,0,1
2009-07-01,923.3300,0.04661258,1,1
2009-07-02,896.4200,0.04908219,0,1
2009-07-06,898.7200,0.06229247,0,1
2009-07-07,881.0300,0.08750704,0,1
2009-07-08,879.5600,0.09397147,0,1
2009-07-09,882.6800,0.07490917,0,1
2009-07-10,879.1300,0.06614661,0,1
2009-07-13,901.0500,0.05305002,0,1
2009-07-14,905.8400,0.04049733,0,1
2009-07-15,932.6800,0.04376000,0,1
2009-07-16,940.7400,0.04817342,0,1
2009-07-17,940.3800,0.03332036,0,1
2009-07-20,951.1300,0.04509619,0,1
2009-07-21,954.5800,0.04414552,0,1
2009-07-22,954.0700,0.03875705,0,1
2009-07-23,976.2900,0.03789887,0,1
2009-07-24,979.2600,0.04497708,0,1
2009-07-27,982.1800,0.04950734,0,1
2009-07-28,979.6200,0.04483756,0,1
2009-07-29,975.1500,0.04580007,0,1
2009-07-30,986.7500,0.04577142,0,1
2009-07-31,987.4800,0.05329003,0,1
2009-08-03,1002.6300,0.05083924,0,1
2009-08-04,1005.6500,0.04924346,0,1
2009-08-05,1002.7200,0.04588534,0,1
2009-08-06,997.0800,0.04605629,0,1
2009-08-07,1010.4800,0.03656710,0,1
2009-08-10,1007.1000,0.03902710,0,1
2009-08-11,994.3500,0.04015507,0,1
2009-08-12,1005.8100,0.03954017,0,1
2009-08-13,1012.7300,0.03769520,0,1
2009-08-14,1004.0900,0.03810118,1,1
2009-08-17,979.7300,0.05647646,0,1
2009-08-18,989.6700,0.04599367,0,1
2009-08-19,996.4600,0.05790796,0,1
2009-08-20,1007.3700,0.04449783,0,1
2009-08-21,1026.1300,0.04060445,0,1
2009-08-24,1025.5699,0.03940279,0,1
2009-08-25,1028.0000,0.04379473,0,1
2009-08-26,1028.1200,0.04214815,0,1
2009-08-27,1030.9800,0.03848119,0,1
2009-08-28,1028.9301,0.04156402,0,1
2009-08-31,1020.6200,0.05032694,1,1
2009-09-01,998.0400,0.07255454,0,1
2009-09-02,994.7500,0.07041716,0,1
2009-09-03,1003.2400,0.06590902,0,1
2009-09-04,1016.4000,0.04800270,0,1
2009-09-08,1025.3900,0.05394824,0,1
2009-09-09,1033.3700,0.04474902,0,1
2009-09-10,1044.1400,0.04130972,0,1
2009-09-11,1042.7300,0.05093272,0,1
2009-09-14,1049.3400,0.04648087,0,1
2009-09-15,1052.6300,0.03945351,0,1
2009-09-16,1068.7600,0.04600158,0,1
2009-09-17,1065.4900,0.04029470,0,1
2009-09-18,1068.3000,0.03648107,0,1
2009-09-21,1064.6600,0.04151500,0,1
2009-09-22,1071.6600,0.03606631,0,1
2009-09-23,1060.8700,0.03597294,0,1
2009-09-24,1050.7800,0.04425910,0,1
2009-09-25,1044.3800,0.05627747,0,1
2009-09-28,1062.9800,0.05582587,0,1
2009-09-29,1060.6100,0.05529542,0,1
2009-09-30,1057.0800,0.05707676,1,1
2009-10-01,1029.8500,0.07726066,0,1
2009-10-02,1025.2100,0.07730418,0,1
2009-10-05,1040.4600,0.06676572,0,1
2009-10-06,1054.7200,0.06172004,0,1
2009-10-07,1057.5800,0.06103804,0,1
2009-10-08,1065.4800,0.06161209,0,1
2009-10-09,1071.4900,0.05024453,0,1
2009-10-12,1076.1899,0.04984651,0,1
2009-10-13,1073.1899,0.05066587,0,1
2009-10-14,1092.0200,0.05069585,0,1
2009-10-15,1096.5601,0.04120077,0,1
2009-10-16,1087.6801,0.03990626,0,1
2009-10-19,1097.9100,0.04560668,0,1
2009-10-20,1091.0601,0.04682462,0,1
2009-10-21,1081.4000,0.05547977,0,1
2009-10-22,1092.9100,0.04658110,0,1
2009-10-23,1079.6000,0.06065446,0,1
2009-10-26,1066.9500,0.07483435,0,1
2009-10-27,1063.4100,0.09221616,0,1
2009-10-28,1042.6300,0.12777439,0,1
2009-10-29,1066.1100,0.09253002,1,1
2009-10-30,1036.1899,0.13355141,0,1
2009-11-02,1042.8800,0.13036458,0,1
2009-11-03,1045.4100,0.10215436,0,1
2009-11-04,1046.5000,0.09425449,0,1
2009-11-05,1066.6300,0.07866603,0,1
2009-11-06,1069.3000,0.06859286,0,1
2009-11-09,1093.0800,0.07981559,0,1
2009-11-10,1093.0100,0.05789269,0,1
2009-11-11,1098.5100,0.06000527,0,1
2009-11-12,1087.2400,0.06011417,0,1
2009-11-13,1093.4800,0.05049210,0,1
2009-11-16,1109.3000,0.05566790,0,1
2009-11-17,1110.3199,0.04509286,0,1
2009-11-18,1109.8000,0.03964339,0,1
2009-11-19,1094.9000,0.05060700,0,1
2009-11-20,1091.3800,0.05100090,0,1
2009-11-23,1106.2400,0.03981147,0,1
2009-11-24,1105.6500,0.03539559,0,1
2009-11-25,1110.6300,0.03656235,0,1
2009-11-27,1091.4900,0.06744438,0,1
2009-11-30,1095.6300,0.06017440,0,1
2009-12-01,1108.8600,0.03954215,0,1
2009-12-02,1109.2400,0.03158222,0,1
2009-12-03,1099.9200,0.04233491,0,1
2009-12-04,1105.9800,0.03092754,0,1
2009-12-07,1103.2500,0.03543343,0,1
2009-12-08,1091.9399,0.04677322,0,1
2009-12-09,1095.9500,0.03788126,0,1
2009-12-10,1102.3500,0.03884018,0,1
2009-12-11,1106.4100,0.03071528,0,1
2009-12-14,1114.1100,0.02910070,0,1
2009-12-15,1107.9301,0.03198998,0,1
2009-12-16,1109.1801,0.02740244,0,1
2009-12-17,1096.0800,0.04865105,0,1
2009-12-18,1102.4700,0.03677144,0,1
2009-12-21,1114.0500,0.02968194,0,1
2009-12-22,1118.0200,0.02574217,0,1
2009-12-23,1120.5900,0.02703617,0,1
2009-12-24,1126.4800,0.02501409,0,1
2009-12-28,1127.7800,0.02739927,0,1
2009-12-29,1126.2000,0.02684369,0,1
2009-12-30,1126.4200,0.02751615,0,1
2009-12-31,1115.1000,0.03485874,0,1
2010-01-04,1132.9900,0.02619775,0,1
2010-01-05,1136.5200,0.02479481,0,1
2010-01-06,1137.1400,0.03119765,0,1
2010-01-07,1141.6899,0.03172782,0,1
2010-01-08,1144.9800,0.02565477,0,1
2010-01-11,1146.9800,0.01733823,0,1
2010-01-12,1136.2200,0.02078847,0,1
2010-01-13,1145.6801,0.01844654,0,1
2010-01-14,1148.4600,0.02270974,0,1
2010-01-15,1136.0300,0.01893366,0,1
2010-01-19,1150.2300,0.01942264,0,1
2010-01-20,1138.0400,0.02894239,0,1
2010-01-21,1116.4800,0.06101691,1,1
2010-01-22,1091.7600,0.09112094,0,1
2010-01-25,1096.7800,0.07637079,0,1
2010-01-26,1092.1700,0.06021782,0,1
2010-01-27,1097.5000,0.05702989,0,1
2010-01-28,1084.5300,0.05829631,0,1
2010-01-29,1073.8700,0.06167105,0,1
2010-02-01,1089.1899,0.06158407,0,1
2010-02-02,1103.3199,0.05235105,0,1
2010-02-03,1097.2800,0.05480820,1,1
2010-02-04,1063.1100,0.08859390,0,1
2010-02-05,1066.1899,0.08805701,0,1
2010-02-08,1056.7400,0.08860050,0,1
2010-02-09,1070.5200,0.08153729,0,1
2010-02-10,1068.1300,0.07339237,0,1
2010-02-11,1078.4700,0.07053169,0,1
2010-02-12,1075.5100,0.05407675,0,1
2010-02-16,1094.8700,0.05572591,0,1
2010-02-17,1099.5100,0.05017816,0,1
2010-02-18,1106.7500,0.03644776,0,1
2010-02-19,1109.1700,0.03598765,0,1
2010-02-22,1108.0100,0.04266658,0,1
2010-02-23,1094.6000,0.05377314,0,1
2010-02-24,1105.2400,0.04275202,0,1
2010-02-25,1102.9399,0.03789137,0,1
2010-02-26,1104.4900,0.03776140,0,1
2010-03-01,1115.7100,0.03577555,0,1
2010-03-02,1118.3101,0.03671442,0,1
2010-03-03,1118.7900,0.03547043,0,1
2010-03-04,1122.9700,0.03544870,0,1
2010-03-05,1138.7000,0.02599498,0,1
2010-03-08,1138.5000,0.02964234,0,1
2010-03-09,1140.4500,0.03208963,0,1
2010-03-10,1145.6100,0.03442255,0,1
2010-03-11,1150.2400,0.02506740,0,1
2010-03-12,1149.9900,0.02553185,0,1
2010-03-15,1150.5100,0.02511408,0,1
2010-03-16,1159.4600,0.02802611,0,1
2010-03-17,1166.2100,0.02292680,0,1
2010-03-18,1165.8300,0.02253941,0,1
2010-03-19,1159.9000,0.02355694,0,1
2010-03-22,1165.8101,0.02003286,0,1
2010-03-23,1174.1700,0.01910935,0,1
2010-03-24,1167.7200,0.02950805,0,1
2010-03-25,1165.7300,0.03515651,0,1
2010-03-26,1166.5900,0.03272020,0,1
2010-03-29,1173.2200,0.03190608,0,1
2010-03-30,1173.2700,0.02904183,0,1
2010-03-31,1169.4301,0.03387679,0,1
2010-04-01,1178.1000,0.03055205,0,1
2010-04-05,1187.4399,0.03000546,0,1
2010-04-06,1189.4399,0.02532760,0,1
2010-04-07,1182.4500,0.02741263,0,1
2010-04-08,1186.4399,0.02737429,0,1
2010-04-09,1194.3700,0.02651941,0,1
2010-04-12,1196.4800,0.01662365,0,1
2010-04-13,1197.3000,0.02202944,0,1
2010-04-14,1210.6500,0.01497074,0,1
2010-04-15,1211.6700,0.01687411,0,1
2010-04-16,1192.1300,0.02893049,0,1
2010-04-19,1197.5200,0.02234799,0,1
2010-04-20,1207.1700,0.01272121,0,1
2010-04-21,1205.9399,0.01571082,0,1
2010-04-22,1208.6700,0.01395794,0,1
2010-04-23,1217.2800,0.01629952,0,1
2010-04-26,1212.0500,0.01994018,1,1
2010-04-27,1183.7100,0.05129574,0,1
2010-04-28,1191.3600,0.03189648,0,1
2010-04-29,1206.7800,0.01751486,0,1
2010-04-30,1186.6899,0.02898468,0,1
2010-05-03,1202.2600,0.01907234,1,1
2010-05-04,1173.6000,0.03108966,0,1
2010-05-05,1165.8700,0.03063900,1,1
2010-05-06,1128.1500,0.20149192,0,1
2010-05-07,1110.8800,0.06516035,0,1
2010-05-10,1159.7300,0.04465347,0,1
2010-05-11,1155.7900,0.04349648,0,1
2010-05-12,1171.6700,0.03948722,0,1
2010-05-13,1157.4399,0.04330877,0,1
2010-05-14,1135.6801,0.05540862,0,1
2010-05-17,1136.9399,0.05515544,0,1
2010-05-18,1120.8000,0.06183038,0,1
2010-05-19,1115.0500,0.06028748,1,1
2010-05-20,1071.5900,0.07700390,0,1
2010-05-21,1087.6899,0.07679082,0,1
2010-05-24,1073.6500,0.06990151,0,1
2010-05-25,1074.0300,0.06801786,0,1
2010-05-26,1067.9500,0.09500447,0,1
2010-05-27,1103.0601,0.06691346,0,1
2010-05-28,1089.4100,0.08227723,0,1
2010-06-01,1070.7100,0.11658219,0,1
2010-06-02,1098.3800,0.08915409,0,1
2010-06-03,1102.8300,0.08045376,1,1
2010-06-04,1064.8800,0.11416822,0,1
2010-06-07,1050.4700,0.12430892,0,1
2010-06-08,1062.0000,0.11252977,0,1
2010-06-09,1055.6899,0.10629896,0,1
2010-06-10,1086.8400,0.08871462,0,1
2010-06-11,1091.6000,0.06826564,0,1
2010-06-14,1089.6300,0.06732570,0,1
2010-06-15,1115.2300,0.05453627,0,1
2010-06-16,1114.6100,0.05469769,0,1
2010-06-17,1116.0400,0.05164372,0,1
2010-06-18,1117.5100,0.03894159,0,1
2010-06-21,1113.2000,0.06143874,0,1
2010-06-22,1095.3101,0.07412365,0,1
2010-06-23,1092.0400,0.06672135,0,1
2010-06-24,1073.6899,0.07649311,0,1
2010-06-25,1076.7600,0.06387957,0,1
2010-06-28,1074.5699,0.06755488,1,1
2010-06-29,1041.2400,0.09752240,0,1
2010-06-30,1030.7100,0.09263074,0,1
2010-07-01,1027.3700,0.08081057,0,1
2010-07-02,1022.5800,0.06071871,0,1
2010-07-06,1028.0601,0.07806906,0,1
2010-07-07,1060.2700,0.06535362,0,1
2010-07-08,1070.2500,0.06133152,0,1
2010-07-09,1077.9600,0.06028945,0,1
2010-07-12,1078.7500,0.04769640,0,1
2010-07-13,1095.3400,0.04431346,0,1
2010-07-14,1095.1700,0.04158820,0,1
2010-07-15,1096.4800,0.04289488,1,1
2010-07-16,1064.8800,0.04517193,0,1
2010-07-19,1071.2500,0.05005103,0,1
2010-07-20,1083.4800,0.04617515,0,1
2010-07-21,1069.5900,0.06779060,0,1
2010-07-22,1093.6700,0.05953836,0,1
2010-07-23,1102.6600,0.05023996,0,1
2010-07-26,1115.0100,0.04382623,0,1
2010-07-27,1113.8400,0.04766979,0,1
2010-07-28,1106.1300,0.06518165,0,1
2010-07-29,1101.5300,0.05006577,0,1
2010-07-30,1101.6000,0.03870833,0,1
2010-08-02,1125.8600,0.03162574,0,1
2010-08-03,1120.4600,0.03339270,0,1
2010-08-04,1127.2400,0.03161627,0,1
2010-08-05,1125.8101,0.03052097,0,1
2010-08-06,1121.6400,0.03037256,0,1
2010-08-09,1127.7900,0.03332367,0,1
2010-08-10,1121.0601,0.03331517,1,1
2010-08-11,1089.4700,0.05116822,0,1
2010-08-12,1083.6100,0.04861861,0,1
2010-08-13,1079.2500,0.04679318,0,1
2010-08-16,1079.3800,0.03961304,0,1
2010-08-17,1092.5400,0.03060089,0,1
2010-08-18,1094.1600,0.03387582,0,1
2010-08-19,1075.6300,0.04775860,0,1
2010-08-20,1071.6899,0.03758440,0,1
2010-08-23,1067.3600,0.05063295,0,1
2010-08-24,1051.8700,0.06639116,0,1
2010-08-25,1055.3300,0.05568682,0,1
2010-08-26,1047.2200,0.06374479,0,1
2010-08-27,1064.5900,0.04530520,0,1
2010-08-30,1048.9200,0.06183730,0,1
2010-08-31,1049.3300,0.05882775,0,1
2010-09-01,1080.2900,0.04428012,0,1
2010-09-02,1090.1000,0.04334214,0,1
2010-09-03,1104.5100,0.03366420,0,1
2010-09-07,1091.8400,0.05440448,0,1
2010-09-08,1098.8700,0.05247169,0,1
2010-09-09,1104.1801,0.04775887,0,1
2010-09-10,1109.5500,0.03911085,0,1
2010-09-13,1121.9000,0.03681889,0,1
2010-09-14,1121.1000,0.04457406,0,1
2010-09-15,1125.0699,0.04854239,0,1
2010-09-16,1124.6600,0.03757286,0,1
2010-09-17,1125.5900,0.03818365,0,1
2010-09-20,1142.7100,0.03579405,0,1
2010-09-21,1139.7800,0.04687473,0,1
2010-09-22,1134.2800,0.04853089,0,1
2010-09-23,1124.8300,0.05140203,0,1
2010-09-24,1148.6700,0.03406107,0,1
2010-09-27,1142.1600,0.04141657,0,1
2010-09-28,1147.7000,0.03854499,0,1
2010-09-29,1144.7300,0.03585828,0,1
2010-09-30,1141.2000,0.03589646,0,1
2010-10-01,1146.2400,0.03084004,0,1
2010-10-04,1137.0300,0.03943939,0,1
2010-10-05,1160.7500,0.02888362,0,1
2010-10-06,1159.9700,0.03203763,0,1
2010-10-07,1158.0601,0.03149550,0,1
2010-10-08,1165.1500,0.02770816,0,1
2010-10-11,1165.3199,0.01335655,0,1
2010-10-12,1169.7700,0.01570613,0,1
2010-10-13,1178.1000,0.01919591,0,1
2010-10-14,1173.8101,0.01957874,0,1
2010-10-15,1176.1899,0.01646967,0,1
2010-10-18,1184.7100,0.02240896,0,1
2010-10-19,1165.9000,0.03616226,0,1
2010-10-20,1178.1700,0.03731394,0,1
2010-10-21,1180.2600,0.03534109,0,1
2010-10-22,1183.0800,0.03707163,0,1
2010-10-25,1185.6200,0.04890202,0,1
2010-10-26,1185.6400,0.04969580,0,1
2010-10-27,1182.4500,0.04928454,0,1
2010-10-28,1183.7800,0.05134270,0,1
2010-10-29,1183.2600,0.05273976,0,1
2010-11-01,1184.3800,0.05645855,0,1
2010-11-02,1193.5699,0.05743250,0,1
2010-11-03,1197.9600,0.03948748,0,1
2010-11-04,1221.0601,0.03414937,0,1
2010-11-05,1225.8500,0.02673550,0,1
2010-11-08,1223.2500,0.02470359,0,1
2010-11-09,1213.4000,0.02297861,0,1
2010-11-10,1218.7100,0.01929737,0,1
2010-11-11,1213.5400,0.01931392,0,1
2010-11-12,1199.2100,0.02325084,0,1
2010-11-15,1197.7500,0.02034195,0,1
2010-11-16,1178.3400,0.03384941,0,1
2010-11-17,1178.5900,0.02579935,0,1
2010-11-18,1196.6899,0.01250795,0,1
2010-11-19,1199.7300,0.01407823,0,1
2010-11-22,1197.8400,0.01867955,0,1
2010-11-23,1180.7300,0.02843271,0,1
2010-11-24,1198.3500,0.02114523,0,1
2010-11-26,1189.4000,0.06842130,0,1
2010-11-29,1187.7600,0.03144197,0,1
2010-11-30,1180.5500,0.03486151,0,1
2010-12-01,1206.0699,0.01993664,0,1
2010-12-02,1221.5300,0.02001700,0,1
2010-12-03,1224.7100,0.01672989,0,1
2010-12-06,1223.1200,0.01649973,0,1
2010-12-07,1223.7500,0.01667071,0,1
2010-12-08,1228.2800,0.01864001,0,1
2010-12-09,1233.0000,0.01770615,0,1
2010-12-10,1240.4000,0.02189044,0,1
2010-12-13,1240.4600,0.01669692,0,1
2010-12-14,1241.5900,0.01729885,0,1
2010-12-15,1235.2300,0.01621661,0,1
2010-12-16,1242.8700,0.01030166,0,1
2010-12-17,1243.9100,0.00637572,0,1
2010-12-20,1247.0800,0.00906051,0,1
2010-12-21,1254.6000,0.00992319,0,1
2010-12-22,1258.8400,0.00615313,0,1
2010-12-23,1256.7700,0.00710416,0,1
2010-12-27,1257.5400,0.01066435,0,1
2010-12-28,1258.5100,0.00886813,0,1
2010-12-29,1259.7800,0.00929832,0,1
2010-12-30,1257.8800,0.01015262,0,1
2010-12-31,1257.6400,0.01237923,0,1
2011-01-03,1271.8700,0.01209751,0,1
2011-01-04,1270.2000,0.01189047,0,1
2011-01-05,1276.5601,0.01166455,0,1
2011-01-06,1273.8500,0.01281341,0,1
2011-01-07,1271.5000,0.01226031,0,1
2011-01-10,1269.7500,0.01452399,0,1
2011-01-11,1274.4800,0.01178460,0,1
2011-01-12,1285.9600,0.01255577,0,1
2011-01-13,1283.7600,0.01353604,0,1
2011-01-14,1293.2400,0.01133734,0,1
2011-01-18,1295.0200,0.01341127,0,1
2011-01-19,1281.9200,0.01785583,0,1
2011-01-20,1280.2600,0.02181828,0,1
2011-01-21,1283.3500,0.02614184,0,1
2011-01-24,1290.8400,0.02205786,0,1
2011-01-25,1291.1801,0.02305019,0,1
2011-01-26,1296.6300,0.01718534,0,1
2011-01-27,1299.5400,0.01578545,0,1
2011-01-28,1276.3400,0.03852582,0,1
2011-01-31,1286.1200,0.03888394,0,1
2011-02-01,1307.5900,0.02872994,0,1
2011-02-02,1304.0300,0.02518113,0,1
2011-02-03,1307.1000,0.01913783,0,1
2011-02-04,1310.8700,0.01707737,0,1
2011-02-07,1319.0500,0.02064118,0,1
2011-02-08,1324.5699,0.01811915,0,1
2011-02-09,1320.8800,0.01868077,0,1
2011-02-10,1321.8700,0.01807500,0,1
2011-02-11,1329.1500,0.01431558,0,1
2011-02-14,1332.3199,0.01647438,0,1
2011-02-15,1328.0100,0.01668050,0,1
2011-02-16,1336.3199,0.01870500,0,1
2011-02-17,1340.4301,0.01453366,0,1
2011-02-18,1343.0100,0.01023368,1,1
2011-02-22,1315.4399,0.02989745,0,1
2011-02-23,1307.4000,0.03111826,0,1
2011-02-24,1306.1000,0.02526607,0,1
2011-02-25,1319.8800,0.01999839,0,1
2011-02-28,1327.2200,0.01914893,0,1
2011-03-01,1306.3300,0.02810475,0,1
2011-03-02,1308.4399,0.02689871,0,1
2011-03-03,1330.9700,0.01707569,0,1
2011-03-04,1321.1500,0.01982738,0,1
2011-03-07,1310.1300,0.02560795,0,1
2011-03-08,1321.8199,0.01997004,0,1
2011-03-09,1320.0200,0.02148399,0,1
2011-03-10,1295.1100,0.03115924,0,1
2011-03-11,1304.2800,0.02358637,0,1
2011-03-14,1296.3900,0.02778686,0,1
2011-03-15,1281.8700,0.04746848,0,1
2011-03-16,1256.8800,0.06441365,0,1
2011-03-17,1273.7200,0.04907947,0,1
2011-03-18,1279.2100,0.04070015,0,1
2011-03-21,1298.3800,0.02738595,0,1
2011-03-22,1293.7700,0.02845196,0,1
2011-03-23,1297.5400,0.02536545,0,1
2011-03-24,1309.6600,0.02225688,0,1
2011-03-25,1313.8000,0.02010903,0,1
2011-03-28,1310.1899,0.02692147,0,1
2011-03-29,1319.4399,0.02069781,0,1
2011-03-30,1328.2600,0.01916822,0,1
2011-03-31,1325.8300,0.01733570,0,1
2011-04-01,1332.4100,0.01701522,0,1
2011-04-04,1332.8700,0.01911071,0,1
2011-04-05,1332.6300,0.01591606,0,1
2011-04-06,1335.5400,0.01329858,0,1
2011-04-07,1333.5100,0.01445741,0,1
2011-04-08,1328.1700,0.01642946,0,1
2011-04-11,1324.4600,0.00894904,0,1
2011-04-12,1314.1600,0.01103211,0,1
2011-04-13,1314.4100,0.01187535,0,1
2011-04-14,1314.5200,0.00746391,0,1
2011-04-15,1319.6801,0.00590500,0,1
2011-04-18,1305.1400,0.01051434,0,1
2011-04-19,1312.6200,0.00831456,0,1
2011-04-20,1330.3600,0.00670118,0,1
2011-04-21,1337.3800,0.00583868,0,1
2011-04-25,1335.2500,0.01059114,0,1
2011-04-26,1347.2400,0.01118430,0,1
2011-04-27,1355.6600,0.01137178,0,1
2011-04-28,1360.4800,0.00968390,0,1
2011-04-29,1363.6100,0.01019592,0,1
2011-05-02,1361.2200,0.01442694,0,1
2011-05-03,1356.6200,0.01511438,0,1
2011-05-04,1347.3199,0.01713313,0,1
2011-05-05,1335.1000,0.02636922,0,1
2011-05-06,1340.2000,0.02699633,0,1
2011-05-09,1346.2900,0.02120328,0,1
2011-05-10,1357.1600,0.01536939,0,1
2011-05-11,1342.0800,0.02057586,0,1
2011-05-12,1348.6500,0.01705062,0,1
2011-05-13,1337.7700,0.02336079,0,1
2011-05-16,1329.4700,0.02914216,0,1
2011-05-17,1328.9800,0.02788546,0,1
2011-05-18,1340.6801,0.01950601,0,1
2011-05-19,1343.6000,0.01349220,0,1
2011-05-20,1333.2700,0.02343483,0,1
2011-05-23,1317.3700,0.02854847,0,1
2011-05-24,1316.2800,0.03254537,0,1
2011-05-25,1320.4700,0.02449426,0,1
2011-05-26,1325.6899,0.02051559,0,1
2011-05-27,1331.1000,0.01995204,0,1
2011-05-31,1345.2000,0.01944246,1,1
2011-06-01,1314.5500,0.03800933,0,1
2011-06-02,1312.9399,0.03561459,0,1
2011-06-03,1300.1600,0.03320621,0,1
2011-06-06,1286.1700,0.03306999,0,1
2011-06-07,1284.9399,0.03401548,0,1
2011-06-08,1279.5601,0.03933397,0,1
2011-06-09,1289.0000,0.03381221,0,1
2011-06-10,1270.9800,0.03822589,0,1
2011-06-13,1271.8300,0.04647621,0,1
2011-06-14,1287.8700,0.03769485,0,1
2011-06-15,1265.4200,0.06126547,0,1
2011-06-16,1267.6400,0.06264129,0,1
2011-06-17,1271.5000,0.04988915,0,1
2011-06-20,1278.3600,0.04346932,0,1
2011-06-21,1295.5200,0.03558342,0,1
2011-06-22,1287.1400,0.02926634,0,1
2011-06-23,1283.5000,0.03731479,0,1
2011-06-24,1268.4500,0.05045832,0,1
2011-06-27,1280.1000,0.04584786,0,1
2011-06-28,1296.6700,0.03690791,0,1
2011-06-29,1307.4100,0.02377735,0,1
2011-06-30,1320.6400,0.02225277,0,1
2011-07-01,1339.6700,0.02662859,0,1
2011-07-05,1337.8800,0.02532662,0,1
2011-07-06,1339.2200,0.02474333,0,1
2011-07-07,1353.2200,0.02599463,0,1
2011-07-08,1343.8000,0.02404176,0,1
2011-07-11,1319.4900,0.03137486,0,1
2011-07-12,1313.6400,0.04095990,0,1
2011-07-13,1317.7200,0.03898252,0,1
2011-07-14,1308.8700,0.03893812,0,1
2011-07-15,1316.1400,0.02911200,0,1
2011-07-18,1305.4399,0.03941454,0,1
2011-07-19,1326.7300,0.03454251,0,1
2011-07-20,1325.8400,0.03499274,0,1
2011-07-21,1343.8000,0.02860974,0,1
2011-07-22,1345.0200,0.02944662,0,1
2011-07-25,1337.4301,0.04053721,0,1
2011-07-26,1331.9399,0.04455995,1,1
2011-07-27,1304.8900,0.05908471,0,1
2011-07-28,1300.6700,0.06364507,0,1
2011-07-29,1292.2800,0.09598235,0,1
2011-08-01,1286.9399,0.08230262,1,1
2011-08-02,1254.0500,0.08864123,0,1
2011-08-03,1260.3400,0.07422355,1,1
2011-08-04,1200.0699,0.12757813,0,1
2011-08-05,1199.3800,0.10044255,1,1
2011-08-08,1119.4600,0.15722731,0,1
2011-08-09,1172.5300,0.14123531,1,1
2011-08-10,1120.7600,0.15848295,0,1
2011-08-11,1172.6400,0.15452458,0,1
2011-08-12,1178.8101,0.16400835,0,1
2011-08-15,1204.4900,0.14617116,0,1
2011-08-16,1192.7600,0.17956223,0,1
2011-08-17,1193.8900,0.15609299,1,1
2011-08-18,1140.6500,0.20701987,0,1
2011-08-19,1123.5300,0.20101176,0,1
2011-08-22,1123.8199,0.19951510,0,1
2011-08-23,1162.3500,0.16263013,0,1
2011-08-24,1177.6000,0.14921246,0,1
2011-08-25,1159.2700,0.18554098,0,1
2011-08-26,1176.8000,0.16594108,0,1
2011-08-29,1210.0800,0.14163942,0,1
2011-08-30,1212.9200,0.14982507,0,1
2011-08-31,1218.8900,0.14195847,0,1
2011-09-01,1204.4200,0.14790506,1,1
2011-09-02,1173.9700,0.16772042,0,1
2011-09-06,1165.2400,0.19021178,0,1
2011-09-07,1198.6200,0.16203340,0,1
2011-09-08,1185.9000,0.17872877,1,1
2011-09-09,1154.2300,0.18845129,0,1
2011-09-12,1162.2700,0.16954311,0,1
2011-09-13,1172.8700,0.15143434,0,1
2011-09-14,1188.6801,0.13370945,0,1
2011-09-15,1209.1100,0.10762017,0,1
2011-09-16,1216.0100,0.09818168,0,1
2011-09-19,1204.0900,0.12346478,0,1
2011-09-20,1202.0900,0.14255649,1,1
2011-09-21,1166.7600,0.18808580,1,1
2011-09-22,1129.5601,0.21042203,0,1
2011-09-23,1136.4301,0.18740328,0,1
2011-09-26,1162.9500,0.17015100,0,1
2011-09-27,1175.3800,0.15629555,1,1
2011-09-28,1151.0601,0.17531209,0,1
2011-09-29,1160.4000,0.16308545,1,1
2011-09-30,1131.4200,0.17871794,1,1
2011-10-03,1099.2300,0.19509394,0,1
2011-10-04,1123.9500,0.15800385,0,1
2011-10-05,1144.0300,0.15169549,0,1
2011-10-06,1164.9700,0.14233917,0,1
2011-10-07,1155.4600,0.13968507,0,1
2011-10-10,1194.8900,0.11529169,0,1
2011-10-11,1195.5400,0.13516262,0,1
2011-10-12,1207.2500,0.11416144,0,1
2011-10-13,1203.6600,0.11181089,0,1
2011-10-14,1224.5800,0.10836503,0,1
2011-10-17,1200.8600,0.15258462,0,1
2011-10-18,1225.3800,0.14178027,0,1
2011-10-19,1209.8800,0.14400347,0,1
2011-10-20,1215.3900,0.14656642,0,1
2011-10-21,1238.2500,0.11498456,0,1
2011-10-24,1254.1899,0.09917718,1,1
2011-10-25,1229.0500,0.12570346,0,1
2011-10-26,1242.0000,0.09338896,0,1
2011-10-27,1284.5900,0.07558806,0,1
2011-10-28,1285.0900,0.06131306,1,1
2011-10-31,1253.3000,0.08681414,1,1
2011-11-01,1218.2800,0.07787776,0,1
2011-11-02,1237.9000,0.06762824,0,1
2011-11-03,1261.1500,0.04672925,0,1
2011-11-04,1253.2300,0.05525241,0,1
2011-11-07,1261.1200,0.04865758,0,1
2011-11-08,1275.9200,0.04562388,1,1
2011-11-09,1229.1000,0.06801802,0,1
2011-11-10,1239.7000,0.05189318,0,1
2011-11-11,1263.8500,0.04140483,0,1
2011-11-14,1251.7800,0.04174726,0,1
2011-11-15,1257.8101,0.04198625,0,1
2011-11-16,1236.9100,0.04890191,0,1
2011-11-17,1216.1300,0.05528880,0,1
2011-11-18,1215.6500,0.04229744,0,1
2011-11-21,1192.9800,0.05260851,0,1
2011-11-22,1188.0400,0.05981301,1,1
2011-11-23,1161.7900,0.06648889,0,1
2011-11-25,1158.6700,0.06724102,0,1
2011-11-28,1192.5500,0.05811097,0,1
2011-11-29,1195.1899,0.04653306,0,1
2011-11-30,1246.9600,0.03759594,0,1
2011-12-01,1244.5800,0.04560123,0,1
2011-12-02,1244.2800,0.04729498,0,1
2011-12-05,1257.0800,0.04389989,0,1
2011-12-06,1258.4700,0.04262154,0,1
2011-12-07,1261.0100,0.04556813,1,1
2011-12-08,1234.3500,0.05527642,0,1
2011-12-09,1255.1899,0.03441014,0,1
2011-12-12,1236.4700,0.02239139,0,1
2011-12-13,1225.7300,0.02107209,0,1
2011-12-14,1211.8199,0.02442279,0,1
2011-12-15,1215.7500,0.02058480,0,1
2011-12-16,1219.6600,0.01652099,0,1
2011-12-19,1205.3500,0.02751542,0,1
2011-12-20,1241.3000,0.02401474,0,1
2011-12-21,1243.7200,0.02230195,0,1
2011-12-22,1254.0000,0.02000041,0,1
2011-12-23,1265.3300,0.01588237,0,1
2011-12-27,1265.4301,0.02064039,0,1
2011-12-28,1249.6400,0.02223186,0,1
2011-12-29,1263.0200,0.02236955,0,1
2011-12-30,1257.6000,0.02408359,0,1
2012-01-03,1277.0601,0.02775134,0,1
2012-01-04,1277.3000,0.02664452,0,1
2012-01-05,1281.0601,0.02784840,0,1
2012-01-06,1277.8101,0.02706258,0,1
2012-01-09,1280.7000,0.03407205,0,1
2012-01-10,1292.0800,0.03193193,0,1
2012-01-11,1292.4800,0.03343521,0,1
2012-01-12,1295.5000,0.02321427,0,1
2012-01-13,1289.0900,0.02353970,0,1
2012-01-17,1293.6700,0.03277355,0,1
2012-01-18,1308.0400,0.02482112,0,1
2012-01-19,1314.5000,0.02009727,0,1
2012-01-20,1315.3800,0.01472417,0,1
2012-01-23,1316.0000,0.02060581,0,1
2012-01-24,1314.6500,0.02776883,0,1
2012-01-25,1326.0601,0.03321688,0,1
2012-01-26,1318.4301,0.03244683,0,1
2012-01-27,1316.3300,0.03248790,0,1
2012-01-30,1313.0100,0.03523339,0,1
2012-01-31,1312.4100,0.03725656,0,1
2012-02-01,1324.0900,0.03041895,0,1
2012-02-02,1325.5400,0.02849811,0,1
2012-02-03,1344.9000,0.02368592,0,1
2012-02-06,1344.3300,0.02955956,0,1
2012-02-07,1347.0500,0.02667844,0,1
2012-02-08,1349.9600,0.02626253,0,1
2012-02-09,1351.9500,0.02490513,0,1
2012-02-10,1342.6400,0.02634252,0,1
2012-02-13,1351.7700,0.02042488,0,1
2012-02-14,1350.5000,0.01787195,0,1
2012-02-15,1343.2300,0.02010734,0,1
2012-02-16,1358.0400,0.01150212,0,1
2012-02-17,1361.2300,0.00752877,0,1
2012-02-21,1362.2100,0.00877720,0,1
2012-02-22,1357.6600,0.00939478,0,1
2012-02-23,1363.4600,0.00776251,0,1
2012-02-24,1365.7400,0.00919370,0,1
2012-02-27,1367.5900,0.01077248,0,1
2012-02-28,1372.1801,0.01231908,0,1
2012-02-29,1365.6801,0.01477390,0,1
2012-03-01,1374.0900,0.01059213,0,1
2012-03-02,1369.6300,0.01120015,0,1
2012-03-05,1364.3300,0.01154706,0,1
2012-03-06,1343.3600,0.01978455,0,1
2012-03-07,1352.6300,0.01292050,0,1
2012-03-08,1365.9100,0.01141152,0,1
2012-03-09,1370.8700,0.00897260,0,1
2012-03-12,1371.0900,0.00352190,0,1
2012-03-13,1395.9500,0.00385262,0,1
2012-03-14,1394.2800,0.00296110,0,1
2012-03-15,1402.6000,0.00288723,0,1
2012-03-16,1404.1700,0.00144377,0,1
2012-03-19,1409.7500,0.00337872,0,1
2012-03-20,1405.5200,0.00533397,0,1
2012-03-21,1402.8900,0.00638241,0,1
2012-03-22,1392.7800,0.00798820,0,1
2012-03-23,1397.1100,0.00814323,0,1
2012-03-26,1416.5100,0.01005206,0,1
2012-03-27,1412.5200,0.01185980,0,1
2012-03-28,1405.5400,0.00979041,0,1
2012-03-29,1403.2800,0.01048430,0,1
2012-03-30,1408.4700,0.01141355,0,1
2012-04-02,1419.0400,0.01316677,0,1
2012-04-03,1413.3800,0.01030046,0,1
2012-04-04,1398.9600,0.01318686,0,1
2012-04-05,1398.0800,0.01355263,0,1
2012-04-09,1382.2000,0.02197190,0,1
2012-04-10,1358.5900,0.02677109,0,1
2012-04-11,1368.7100,0.02183868,0,1
2012-04-12,1387.5699,0.01459490,0,1
2012-04-13,1370.2600,0.02364112,0,1
2012-04-16,1369.5699,0.02464554,0,1
2012-04-17,1390.7800,0.02366946,0,1
2012-04-18,1385.1400,0.02466962,0,1
2012-04-19,1376.9200,0.02185381,0,1
2012-04-20,1378.5300,0.01999666,0,1
2012-04-23,1366.9399,0.02919037,0,1
2012-04-24,1371.9700,0.02823404,0,1
2012-04-25,1390.6899,0.02063401,0,1
2012-04-26,1399.9800,0.02377188,0,1
2012-04-27,1403.3600,0.02412208,0,1
2012-04-30,1397.9100,0.02926607,0,1
2012-05-01,1405.8199,0.02612851,0,1
2012-05-02,1402.3101,0.03119915,0,1
2012-05-03,1391.5699,0.03773237,0,1
2012-05-04,1369.1000,0.04769774,0,1
2012-05-07,1369.5800,0.04831113,0,1
2012-05-08,1363.7200,0.04059488,0,1
2012-05-09,1354.5800,0.04902393,0,1
2012-05-10,1357.9900,0.03741739,0,1
2012-05-11,1353.3900,0.04415591,0,1
2012-05-14,1338.3500,0.05574967,0,1
2012-05-15,1330.6600,0.04036434,0,1
2012-05-16,1324.8000,0.03271572,0,1
2012-05-17,1304.8600,0.04483815,0,1
2012-05-18,1295.2200,0.03846826,0,1
2012-05-21,1315.9900,0.03609442,0,1
2012-05-22,1316.6300,0.03446113,0,1
2012-05-23,1318.8600,0.03362252,0,1
2012-05-24,1320.6801,0.02685824,0,1
2012-05-25,1317.8199,0.02798203,0,1
2012-05-29,1332.4200,0.02686221,0,1
2012-05-30,1313.3199,0.04087535,0,1
2012-05-31,1310.3300,0.03795785,1,1
2012-06-01,1278.0400,0.04722249,0,1
2012-06-04,1278.1801,0.04829655,0,1
2012-06-05,1285.5000,0.04562580,0,1
2012-06-06,1315.1300,0.03624013,0,1
2012-06-07,1314.9900,0.03706244,0,1
2012-06-08,1325.6600,0.04067302,0,1
2012-06-11,1308.9301,0.05066381,0,1
2012-06-12,1324.1801,0.03349081,0,1
2012-06-13,1314.8800,0.04510667,0,1
2012-06-14,1329.1000,0.03136939,0,1
2012-06-15,1342.8400,0.03613877,0,1
2012-06-18,1344.7800,0.02155386,0,1
2012-06-19,1357.9800,0.02173555,0,1
2012-06-20,1355.6899,0.02193103,1,1
2012-06-21,1325.5100,0.03316959,0,1
2012-06-22,1335.0200,0.02697839,0,1
2012-06-25,1313.7200,0.04114459,0,1
2012-06-26,1319.9900,0.04079051,0,1
2012-06-27,1331.8500,0.03603220,0,1
2012-06-28,1329.0400,0.04236005,0,1
2012-06-29,1362.1600,0.02379862,0,1
2012-07-02,1365.5100,0.02576241,0,1
2012-07-03,1374.0200,0.02640890,0,1
2012-07-05,1367.5800,0.02631424,0,1
2012-07-06,1354.6801,0.02453963,0,1
2012-07-09,1352.4600,0.03462907,0,1
2012-07-10,1341.4700,0.03902308,0,1
2012-07-11,1341.4500,0.03801364,0,1
2012-07-12,1334.7600,0.03822611,0,1
2012-07-13,1356.7800,0.02949132,0,1
2012-07-16,1353.6400,0.03399386,0,1
2012-07-17,1363.6700,0.03313919,0,1
2012-07-18,1372.7800,0.02601479,0,1
2012-07-19,1376.5100,0.02172506,0,1
2012-07-20,1362.6600,0.02176788,0,1
2012-07-23,1350.5200,0.03531228,0,1
2012-07-24,1338.3101,0.05212827,0,1
2012-07-25,1337.8900,0.03763211,0,1
2012-07-26,1360.0200,0.03287268,0,1
2012-07-27,1385.9700,0.02615349,0,1
2012-07-30,1385.3000,0.04023119,0,1
2012-07-31,1379.3199,0.04357629,0,1
2012-08-01,1375.3199,0.04882965,0,1
2012-08-02,1365.0000,0.03268948,0,1
2012-08-03,1390.9900,0.02113214,0,1
2012-08-06,1394.2300,0.02581865,0,1
2012-08-07,1401.3500,0.02407083,0,1
2012-08-08,1402.2200,0.01682013,0,1
2012-08-09,1402.8000,0.01868058,0,1
2012-08-10,1405.8700,0.01421874,0,1
2012-08-13,1404.1100,0.00595889,0,1
2012-08-14,1403.9301,0.01009975,0,1
2012-08-15,1405.5300,0.00714146,0,1
2012-08-16,1415.5100,0.00630382,0,1
2012-08-17,1418.1600,0.00360012,0,1
2012-08-20,1418.1300,0.00490759,0,1
2012-08-21,1413.1700,0.00852401,0,1
2012-08-22,1413.4900,0.00729646,0,1
2012-08-23,1402.0800,0.00845463,0,1
2012-08-24,1411.1300,0.00773765,0,1
2012-08-27,1410.4399,0.01032783,0,1
2012-08-28,1409.3000,0.01201129,0,1
2012-08-29,1410.4900,0.01264240,0,1
2012-08-30,1399.4800,0.01716526,0,1
2012-08-31,1406.5800,0.01647534,0,1
2012-09-04,1404.9399,0.02054147,0,1
2012-09-05,1403.4399,0.02353509,0,1
2012-09-06,1432.1200,0.01425783,0,1
2012-09-07,1437.9200,0.01096068,0,1
2012-09-10,1429.0800,0.02381969,0,1
2012-09-11,1433.5601,0.02488002,0,1
2012-09-12,1436.5601,0.02384730,0,1
2012-09-13,1459.9900,0.01752806,0,1
2012-09-14,1465.7700,0.01557647,0,1
2012-09-17,1461.1899,0.01364504,0,1
2012-09-18,1459.3199,0.01445674,0,1
2012-09-19,1461.0500,0.01335977,0,1
2012-09-20,1460.2600,0.01268899,0,1
2012-09-21,1460.1500,0.01139676,0,1
2012-09-24,1456.8900,0.01505695,0,1
2012-09-25,1441.5900,0.02234466,0,1
2012-09-26,1433.3199,0.03171727,0,1
2012-09-27,1447.1500,0.02209679,0,1
2012-09-28,1440.6700,0.02791454,0,1
2012-10-01,1444.4900,0.03025684,0,1
2012-10-02,1445.7500,0.02312292,0,1
2012-10-03,1450.9900,0.02123706,0,1
2012-10-04,1461.4000,0.01622133,0,1
2012-10-05,1460.9301,0.01376881,0,1
2012-10-08,1455.8800,0.01853369,0,1
2012-10-09,1441.4800,0.02599144,0,1
2012-10-10,1432.5601,0.02490923,0,1
2012-10-11,1432.8400,0.02280382,0,1
2012-10-12,1428.5900,0.02844065,0,1
2012-10-15,1440.1300,0.02239050,0,1
2012-10-16,1454.9200,0.02051894,0,1
2012-10-17,1460.9100,0.02017375,0,1
2012-10-18,1457.3400,0.02011204,0,1
2012-10-19,1433.1899,0.02868640,0,1
2012-10-22,1433.8199,0.02906503,0,1
2012-10-23,1413.1100,0.03904416,0,1
2012-10-24,1408.7500,0.03420136,0,1
2012-10-25,1412.9700,0.03151802,0,1
2012-10-26,1411.9399,0.03078825,0,1
2012-10-31,1412.1600,0.04168796,0,1
2012-11-01,1427.5900,0.03608217,0,1
2012-11-02,1414.2000,0.04111666,0,1
2012-11-05,1417.2600,0.04782923,0,1
2012-11-06,1428.3900,0.04492247,1,1
2012-11-07,1394.5300,0.04588202,0,1
2012-11-08,1377.5100,0.03920119,0,1
2012-11-09,1379.8500,0.03919093,0,1
2012-11-12,1380.0300,0.02859862,0,1
2012-11-13,1374.5300,0.03059509,0,1
2012-11-14,1355.4900,0.04016675,0,1
2012-11-15,1353.3300,0.04320122,0,1
2012-11-16,1359.8800,0.02855636,0,1
2012-11-19,1386.8900,0.02671513,0,1
2012-11-20,1387.8101,0.02686331,0,1
2012-11-21,1391.0300,0.02529511,0,1
2012-11-23,1409.1500,0.02160391,0,1
2012-11-26,1406.2900,0.03129884,0,1
2012-11-27,1398.9399,0.03379386,0,1
2012-11-28,1409.9301,0.03173896,0,1
2012-11-29,1415.9500,0.02789563,0,1
2012-11-30,1416.1801,0.03484490,0,1
2012-12-03,1409.4600,0.03929750,0,1
2012-12-04,1407.0500,0.04264911,0,1
2012-12-05,1409.2800,0.03797312,0,1
2012-12-06,1413.9399,0.03861592,0,1
2012-12-07,1418.0699,0.03585870,0,1
2012-12-10,1418.5500,0.03878495,0,1
2012-12-11,1427.8400,0.03443303,0,1
2012-12-12,1428.4800,0.03524140,0,1
2012-12-13,1419.4500,0.03750721,0,1
2012-12-14,1413.5800,0.04137921,0,1
2012-12-17,1430.3600,0.03529730,0,1
2012-12-18,1446.7900,0.03095353,0,1
2012-12-19,1435.8101,0.04124331,0,1
2012-12-20,1443.6899,0.03773956,0,1
2012-12-21,1430.1500,0.02768089,0,1
2012-12-24,1426.6600,0.02798684,0,1
2012-12-26,1419.8300,0.03684350,0,1
2012-12-27,1418.1000,0.03785378,0,1
2012-12-28,1402.4301,0.05324853,0,1
2012-12-31,1426.1899,0.03308405,0,1
2013-01-02,1462.4200,0.01472343,0,1
2013-01-03,1459.3700,0.01433069,0,1
2013-01-04,1466.4700,0.01185130,0,1
2013-01-07,1461.8900,0.01038017,0,1
2013-01-08,1457.1500,0.00926690,0,1
2013-01-09,1461.0200,0.01001745,0,1
2013-01-10,1472.1200,0.00991760,0,1
2013-01-11,1472.0500,0.00962490,0,1
2013-01-14,1470.6801,0.00930711,0,1
2013-01-15,1472.3400,0.00915542,0,1
2013-01-16,1472.6300,0.00953097,0,1
2013-01-17,1480.9399,0.01091015,0,1
2013-01-18,1485.9800,0.00736055,0,1
2013-01-22,1492.5601,0.01042255,0,1
2013-01-23,1494.8101,0.01231683,0,1
2013-01-24,1494.8199,0.01301969,0,1
2013-01-25,1502.9600,0.01461397,0,1
2013-01-28,1500.1801,0.01670883,0,1
2013-01-29,1507.8400,0.01684751,0,1
2013-01-30,1501.9600,0.02232623,0,1
2013-01-31,1498.1100,0.01939843,0,1
2013-02-01,1513.1700,0.01154302,0,1
2013-02-04,1495.7100,0.02118038,0,1
2013-02-05,1511.2900,0.01421548,0,1
2013-02-06,1512.1200,0.01234223,0,1
2013-02-07,1509.3900,0.01227749,0,1
2013-02-08,1517.9301,0.01108943,0,1
2013-02-11,1517.0100,0.01124384,0,1
2013-02-12,1519.4301,0.00944100,0,1
2013-02-13,1520.3300,0.01051621,0,1
2013-02-14,1521.3800,0.00997093,0,1
2013-02-15,1519.7900,0.00958860,0,1
2013-02-19,1530.9399,0.01014853,0,1
2013-02-20,1511.9500,0.02144956,0,1
2013-02-21,1502.4200,0.02621076,0,1
2013-02-22,1515.6000,0.02105386,0,1
2013-02-25,1487.8500,0.04825205,0,1
2013-02-26,1496.9399,0.02757317,0,1
2013-02-27,1515.9900,0.02133207,0,1
2013-02-28,1514.6801,0.02349173,0,1
2013-03-01,1518.2000,0.02022268,0,1
2013-03-04,1525.2000,0.01487938,0,1
2013-03-05,1539.7900,0.01348682,0,1
2013-03-06,1541.4600,0.01283620,0,1
2013-03-07,1544.2600,0.01111907,0,1
2013-03-08,1551.1801,0.00862823,0,1
2013-03-11,1556.2200,0.00451032,0,1
2013-03-12,1552.4800,0.00654976,0,1
2013-03-13,1554.5200,0.00471210,0,1
2013-03-14,1563.2300,0.00367782,0,1
2013-03-15,1560.7000,0.00345586,0,1
2013-03-18,1552.1000,0.00892317,0,1
2013-03-19,1548.3400,0.01482816,0,1
2013-03-20,1558.7100,0.00754335,0,1
2013-03-21,1545.8000,0.01349690,0,1
2013-03-22,1556.8900,0.01212815,0,1
2013-03-25,1551.6899,0.01300279,0,1
2013-03-26,1563.7700,0.00928233,0,1
2013-03-27,1562.8500,0.01102664,0,1
2013-03-28,1569.1899,0.01018610,0,1
2013-04-01,1562.1700,0.01437080,0,1
2013-04-02,1570.2500,0.01227710,0,1
2013-04-03,1553.6899,0.02084592,0,1
2013-04-04,1559.9800,0.01936309,0,1
2013-04-05,1553.2800,0.01971842,0,1
2013-04-08,1563.0699,0.01803565,0,1
2013-04-09,1568.6100,0.01690886,0,1
2013-04-10,1587.7300,0.01393606,0,1
2013-04-11,1593.3700,0.01244495,0,1
2013-04-12,1588.8500,0.01247574,1,1
2013-04-15,1552.3600,0.04738008,0,1
2013-04-16,1574.5699,0.02409969,0,1
2013-04-17,1552.0100,0.03650519,0,1
2013-04-18,1541.6100,0.04398378,0,1
2013-04-19,1555.2500,0.02347938,0,1
2013-04-22,1562.5000,0.02328926,0,1
2013-04-23,1578.7800,0.02121556,0,1
2013-04-24,1578.7900,0.02161081,0,1
2013-04-25,1585.1600,0.02092605,0,1
2013-04-26,1582.2400,0.02207622,0,1
2013-04-29,1593.6100,0.02251266,0,1
2013-04-30,1597.5699,0.02225713,0,1
2013-05-01,1582.7000,0.02607901,0,1
2013-05-02,1597.5900,0.02262470,0,1
2013-05-03,1614.4200,0.01690641,0,1
2013-05-06,1617.5000,0.01626683,0,1
2013-05-07,1625.9600,0.01692416,0,1
2013-05-08,1632.6899,0.01477916,0,1
2013-05-09,1626.6700,0.01568185,0,1
2013-05-10,1633.7000,0.01146873,0,1
2013-05-13,1633.7700,0.00825858,0,1
2013-05-14,1650.3400,0.01018834,0,1
2013-05-15,1658.7800,0.00995433,0,1
2013-05-16,1650.4700,0.00890333,0,1
2013-05-17,1667.4700,0.00570912,0,1
2013-05-20,1666.2900,0.00899791,0,1
2013-05-21,1669.1600,0.00804005,0,1
2013-05-22,1655.3500,0.01103361,0,1
2013-05-23,1650.5100,0.01171229,0,1
2013-05-24,1649.6000,0.01176109,0,1
2013-05-28,1660.0601,0.01567284,0,1
2013-05-29,1648.3600,0.01677405,0,1
2013-05-30,1654.4100,0.01480379,0,1
2013-05-31,1630.7400,0.02212933,0,1
2013-06-03,1640.4200,0.02179424,0,1
2013-06-04,1631.3800,0.02302087,0,1
2013-06-05,1608.9000,0.03113309,0,1
2013-06-06,1622.5601,0.02409445,0,1
2013-06-07,1643.3800,0.01627953,0,1
2013-06-10,1642.8101,0.01926468,0,1
2013-06-11,1626.1300,0.02497696,0,1
2013-06-12,1612.5200,0.02787928,0,1
2013-06-13,1636.3600,0.01731919,0,1
2013-06-14,1626.7300,0.02135599,0,1
2013-06-17,1639.0400,0.01966675,0,1
2013-06-18,1651.8101,0.01867420,0,1
2013-06-19,1628.9301,0.02057002,1,1
2013-06-20,1588.1899,0.03327893,0,1
2013-06-21,1592.4301,0.02619100,0,1
2013-06-24,1573.0900,0.02742501,0,1
2013-06-25,1588.0300,0.02030965,0,1
2013-06-26,1603.2600,0.01625545,0,1
2013-06-27,1613.2000,0.01450796,0,1
2013-06-28,1606.2800,0.01646488,0,1
2013-07-01,1614.9600,0.01505066,0,1
2013-07-02,1614.0800,0.01505557,0,1
2013-07-03,1615.4100,0.01488393,0,1
2013-07-05,1631.8900,0.01084834,0,1
2013-07-08,1640.4600,0.01325785,0,1
2013-07-09,1652.3199,0.01289278,0,1
2013-07-10,1652.6200,0.01109796,0,1
2013-07-11,1675.0200,0.01156579,0,1
2013-07-12,1680.1899,0.00915070,0,1
2013-07-15,1682.5000,0.00897480,0,1
2013-07-16,1676.2600,0.01086699,0,1
2013-07-17,1680.9100,0.00926425,0,1
2013-07-18,1689.3700,0.00894314,0,1
2013-07-19,1692.0900,0.00561674,0,1
2013-07-22,1695.5300,0.00586395,0,1
2013-07-23,1692.3900,0.00648162,0,1
2013-07-24,1685.9399,0.00736556,0,1
2013-07-25,1690.2500,0.00723889,0,1
2013-07-26,1691.6500,0.00657068,0,1
2013-07-29,1685.3300,0.00895856,0,1
2013-07-30,1685.9600,0.01037670,0,1
2013-07-31,1685.7300,0.01181054,0,1
2013-08-01,1706.8700,0.01054094,0,1
2013-08-02,1709.6700,0.00743800,0,1
2013-08-05,1707.1400,0.00746737,0,1
2013-08-06,1697.3700,0.00924277,0,1
2013-08-07,1690.9100,0.01011403,0,1
2013-08-08,1697.4800,0.00951658,0,1
2013-08-09,1691.4200,0.01074179,0,1
2013-08-12,1689.4700,0.00686327,0,1
2013-08-13,1694.1600,0.00590828,0,1
2013-08-14,1685.3900,0.00791562,0,1
2013-08-15,1661.3199,0.01359826,0,1
2013-08-16,1655.8300,0.01363967,0,1
2013-08-19,1646.0601,0.01636678,0,1
2013-08-20,1652.3500,0.01475034,0,1
2013-08-21,1642.8000,0.02183188,0,1
2013-08-22,1656.9600,0.01626365,0,1
2013-08-23,1663.5000,0.01367527,0,1
2013-08-26,1656.7800,0.01703436,0,1
2013-08-27,1630.4800,0.02166432,0,1
2013-08-28,1634.9600,0.01900111,0,1
2013-08-29,1638.1700,0.01799205,0,1
2013-08-30,1632.9700,0.01974242,0,1
2013-09-03,1639.7700,0.01972211,0,1
2013-09-04,1653.0800,0.01597943,0,1
2013-09-05,1655.0800,0.01504908,0,1
2013-09-06,1655.1700,0.01573251,0,1
2013-09-09,1671.7100,0.01573293,0,1
2013-09-10,1683.9900,0.01205589,0,1
2013-09-11,1689.1300,0.01065459,0,1
2013-09-12,1683.4200,0.01266626,0,1
2013-09-13,1687.9900,0.01280188,0,1
2013-09-16,1697.6000,0.01517719,0,1
2013-09-17,1704.7600,0.01537875,0,1
2013-09-18,1725.5200,0.01193407,0,1
2013-09-19,1722.3400,0.01027538,0,1
2013-09-20,1709.9100,0.00809789,0,1
2013-09-23,1701.8400,0.01220252,0,1
2013-09-24,1697.4200,0.01229940,0,1
2013-09-25,1692.7700,0.01327307,0,1
2013-09-26,1698.6700,0.01360283,0,1
2013-09-27,1691.7500,0.02079248,0,1
2013-09-30,1681.5500,0.02683426,0,1
2013-10-01,1695.0000,0.02172527,0,1
2013-10-02,1693.8700,0.02533449,0,1
2013-10-03,1678.6600,0.02814955,0,1
2013-10-04,1690.5000,0.02272481,0,1
2013-10-07,1676.1200,0.02979946,0,1
2013-10-08,1655.4500,0.03322663,0,1
2013-10-09,1656.4000,0.03107325,0,1
2013-10-10,1692.5601,0.02149860,0,1
2013-10-11,1703.2000,0.01794021,0,1
2013-10-14,1710.1400,0.01915470,0,1
2013-10-15,1698.0601,0.02480993,0,1
2013-10-16,1721.5400,0.01193589,0,1
2013-10-17,1733.1500,0.00887944,0,1
2013-10-18,1744.5000,0.00881110,0,1
2013-10-21,1744.6600,0.00806619,0,1
2013-10-22,1754.6700,0.01039838,0,1
2013-10-23,1746.3800,0.01009337,0,1
2013-10-24,1752.0699,0.00960486,0,1
2013-10-25,1759.7700,0.00965492,0,1
2013-10-28,1762.1100,0.01185170,0,1
2013-10-29,1771.9500,0.01179614,0,1
2013-10-30,1763.3101,0.01312814,0,1
2013-10-31,1756.5400,0.01225873,0,1
2013-11-01,1761.6400,0.01032866,0,1
2013-11-04,1767.9301,0.01056936,0,1
2013-11-05,1762.9700,0.01194508,0,1
2013-11-06,1770.4900,0.00990770,0,1
2013-11-07,1747.1500,0.01467892,0,1
2013-11-08,1770.6100,0.01045641,0,1
2013-11-11,1771.8900,0.00865163,0,1
2013-11-12,1767.6899,0.00789035,0,1
2013-11-13,1782.0000,0.00655353,0,1
2013-11-14,1790.6200,0.00569333,0,1
2013-11-15,1798.1801,0.00528731,0,1
2013-11-18,1791.5300,0.00938504,0,1
2013-11-19,1787.8700,0.00970369,0,1
2013-11-20,1781.3700,0.01065997,0,1
2013-11-21,1795.8500,0.00915989,0,1
2013-11-22,1804.7600,0.00813761,0,1
2013-11-25,1802.4800,0.00949255,0,1
2013-11-26,1802.7500,0.00903371,0,1
2013-11-27,1807.2300,0.00957257,0,1
2013-11-29,1805.8101,0.01215658,0,1
2013-12-02,1800.9000,0.01555082,0,1
2013-12-03,1795.1500,0.01608039,0,1
2013-12-04,1792.8101,0.01701633,0,1
2013-12-05,1785.0300,0.01879592,0,1
2013-12-06,1805.0900,0.01410385,0,1
2013-12-09,1808.3700,0.01194286,0,1
2013-12-10,1802.6200,0.01356867,0,1
2013-12-11,1782.2200,0.02138407,0,1
2013-12-12,1775.5000,0.02144141,0,1
2013-12-13,1775.3199,0.02160064,0,1
2013-12-16,1786.5400,0.02170958,0,1
2013-12-17,1781.0000,0.02185641,0,1
2013-12-18,1810.6500,0.01228129,0,1
2013-12-19,1809.6000,0.01278211,0,1
2013-12-20,1818.3199,0.01147259,0,1
2013-12-23,1827.9900,0.00981949,0,1
2013-12-24,1833.3199,0.00787379,0,1
2013-12-26,1842.0200,0.00836989,0,1
2013-12-27,1841.4000,0.00945568,0,1
2013-12-30,1841.0699,0.01185613,0,1
2013-12-31,1848.3600,0.01311523,0,1
2014-01-02,1831.9800,0.01400108,0,1
2014-01-03,1831.3700,0.01095519,0,1
2014-01-06,1826.7700,0.01200542,0,1
2014-01-07,1837.8800,0.01035062,0,1
2014-01-08,1837.4900,0.01107060,0,1
2014-01-09,1838.1300,0.01114420,0,1
2014-01-10,1842.3700,0.00857702,0,1
2014-01-13,1819.2000,0.00938701,0,1
2014-01-14,1838.8800,0.00581774,0,1
2014-01-15,1848.3800,0.00584883,0,1
2014-01-16,1845.8900,0.00580262,0,1
2014-01-17,1838.7000,0.00544089,0,1
2014-01-21,1843.8000,0.00734392,0,1
2014-01-22,1844.8600,0.00795502,0,1
2014-01-23,1828.4600,0.01126590,1,1
2014-01-24,1790.2900,0.03072182,0,1
2014-01-27,1781.5601,0.02844271,0,1
2014-01-28,1792.5000,0.02054829,0,1
2014-01-29,1774.2000,0.02683589,0,1
2014-01-30,1794.1899,0.02308706,0,1
2014-01-31,1782.5900,0.02857207,1,1
2014-02-03,1741.8900,0.04249654,0,1
2014-02-04,1755.2000,0.02766566,0,1
2014-02-05,1751.6400,0.02900357,0,1
2014-02-06,1773.4301,0.02512666,0,1
2014-02-07,1797.0200,0.01920875,0,1
2014-02-10,1799.8400,0.01982827,0,1
2014-02-11,1819.7500,0.01709306,0,1
2014-02-12,1819.2600,0.01498940,0,1
2014-02-13,1829.8300,0.01409609,0,1
2014-02-14,1838.6300,0.01146752,0,1
2014-02-18,1840.7600,0.01372389,0,1
2014-02-19,1828.7500,0.01837822,0,1
2014-02-20,1839.7800,0.01576230,0,1
2014-02-21,1836.2500,0.01450719,0,1
2014-02-24,1847.6100,0.01228130,0,1
2014-02-25,1845.1200,0.01014086,0,1
2014-02-26,1845.1600,0.01070265,0,1
2014-02-27,1854.2900,0.00993350,0,1
2014-02-28,1859.4500,0.00880650,0,1
2014-03-03,1845.7300,0.01598723,0,1
2014-03-04,1873.9100,0.00988900,0,1
2014-03-05,1873.8101,0.00869973,0,1
2014-03-06,1877.0300,0.00921329,0,1
2014-03-07,1878.0400,0.00855818,0,1
2014-03-10,1877.1700,0.00823283,0,1
2014-03-11,1867.6300,0.00985706,0,1
2014-03-12,1868.2000,0.00966797,0,1
2014-03-13,1846.3400,0.01599063,0,1
2014-03-14,1841.1300,0.02731746,0,1
2014-03-17,1858.8300,0.01278882,0,1
2014-03-18,1872.2500,0.01026986,0,1
2014-03-19,1860.7700,0.01322201,0,1
2014-03-20,1872.0100,0.01147466,0,1
2014-03-21,1866.5200,0.01382205,0,1
2014-03-24,1857.4399,0.01660846,0,1
2014-03-25,1865.6200,0.01369323,0,1
2014-03-26,1852.5601,0.01915962,0,1
2014-03-27,1849.0400,0.01884940,0,1
2014-03-28,1857.6200,0.01977904,0,1
2014-03-31,1872.3400,0.01714055,0,1
2014-04-01,1885.5200,0.01514712,0,1
2014-04-02,1890.9000,0.01387065,0,1
2014-04-03,1888.7700,0.01671075,0,1
2014-04-04,1865.0900,0.02011118,0,1
2014-04-07,1845.0400,0.03048005,0,1
2014-04-08,1851.9600,0.02546280,0,1
2014-04-09,1872.1801,0.01784790,1,1
2014-04-10,1833.0800,0.03240465,0,1
2014-04-11,1815.6899,0.04215299,0,1
2014-04-14,1830.6100,0.03389829,0,1
2014-04-15,1842.9800,0.02968713,0,1
2014-04-16,1862.3101,0.02149571,0,1
2014-04-17,1864.8500,0.01560345,0,1
2014-04-21,1871.8900,0.01613399,0,1
2014-04-22,1879.5500,0.01444516,0,1
2014-04-23,1875.3900,0.01342670,0,1
2014-04-24,1878.6100,0.01495498,0,1
2014-04-25,1863.4000,0.01984615,0,1
2014-04-28,1869.4301,0.02237814,0,1
2014-04-29,1878.3300,0.01989584,0,1
2014-04-30,1883.9500,0.01663828,0,1
2014-05-01,1883.6801,0.01620335,0,1
2014-05-02,1881.1400,0.01301921,0,1
2014-05-05,1884.6600,0.01644824,0,1
2014-05-06,1867.7200,0.01990534,0,1
2014-05-07,1878.2100,0.02056563,0,1
2014-05-08,1875.6300,0.02243936,0,1
2014-05-09,1878.4800,0.01776608,0,1
2014-05-12,1896.6500,0.01452947,0,1
2014-05-13,1897.4500,0.01259416,0,1
2014-05-14,1888.5300,0.01349315,0,1
2014-05-15,1870.8500,0.01887133,0,1
2014-05-16,1877.8600,0.01547793,0,1
2014-05-19,1885.0800,0.01669123,0,1
2014-05-20,1872.8300,0.02170881,0,1
2014-05-21,1888.0300,0.01471409,0,1
2014-05-22,1892.4900,0.01615608,0,1
2014-05-23,1900.5300,0.01050905,0,1
2014-05-27,1911.9100,0.01121361,0,1
2014-05-28,1909.7800,0.01205203,0,1
2014-05-29,1920.0300,0.01197574,0,1
2014-05-30,1923.5699,0.01039509,0,1
2014-06-02,1924.9700,0.01141960,0,1
2014-06-03,1924.2400,0.01515113,0,1
2014-06-04,1927.8800,0.01832797,0,1
2014-06-05,1940.4600,0.01419685,0,1
2014-06-06,1949.4399,0.01097768,0,1
2014-06-09,1951.2700,0.01260928,0,1
2014-06-10,1950.7900,0.01112656,0,1
2014-06-11,1943.8900,0.01513632,0,1
2014-06-12,1930.1100,0.01851739,0,1
2014-06-13,1936.1600,0.01760091,0,1
2014-06-16,1937.7800,0.02149422,0,1
2014-06-17,1941.9900,0.01569637,0,1
2014-06-18,1956.9800,0.01000981,0,1
2014-06-19,1959.4800,0.00816744,0,1
2014-06-20,1962.8700,0.00802603,0,1
2014-06-23,1962.6100,0.00888283,0,1
2014-06-24,1949.9800,0.01727554,0,1
2014-06-25,1959.5300,0.01447545,0,1
2014-06-26,1957.2200,0.01619366,0,1
2014-06-27,1960.9600,0.01403460,0,1
2014-06-30,1960.2300,0.01423757,0,1
2014-07-01,1973.3199,0.01154050,0,1
2014-07-02,1974.6200,0.01008350,0,1
2014-07-03,1985.4399,0.00749572,0,1
2014-07-07,1977.6500,0.01274589,0,1
2014-07-08,1963.7100,0.01721918,0,1
2014-07-09,1972.8300,0.01477389,0,1
2014-07-10,1964.6801,0.01927158,0,1
2014-07-11,1967.5699,0.01666417,0,1
2014-07-14,1977.1000,0.01725947,0,1
2014-07-15,1973.2800,0.01768992,0,1
2014-07-16,1981.5699,0.01324465,0,1
2014-07-17,1958.1200,0.03445227,0,1
2014-07-18,1978.2200,0.01689054,0,1
2014-07-21,1973.6300,0.02211494,0,1
2014-07-22,1983.5300,0.01777253,0,1
2014-07-23,1987.0100,0.01135209,0,1
2014-07-24,1987.9800,0.01364150,0,1
2014-07-25,1978.3400,0.01796832,0,1
2014-07-28,1978.9100,0.01755378,0,1
2014-07-29,1969.9500,0.02423520,0,1
2014-07-30,1970.0699,0.02382353,0,1
2014-07-31,1930.6700,0.04891546,0,1
2014-08-01,1925.1500,0.04248091,0,1
2014-08-04,1938.9900,0.02731793,0,1
2014-08-05,1920.2100,0.03404441,0,1
2014-08-06,1920.2400,0.03210689,0,1
2014-08-07,1909.5699,0.03111443,0,1
2014-08-08,1931.5900,0.02554200,0,1
2014-08-11,1936.9200,0.01693703,0,1
2014-08-12,1933.7500,0.01716546,0,1
2014-08-13,1946.7200,0.01333458,0,1
2014-08-14,1955.1801,0.01165410,0,1
2014-08-15,1955.0601,0.01990835,0,1
2014-08-18,1971.7400,0.01477544,0,1
2014-08-19,1981.6000,0.01463465,0,1
2014-08-20,1986.5100,0.01165564,0,1
2014-08-21,1992.3700,0.01332516,0,1
2014-08-22,1988.4000,0.01108028,0,1
2014-08-25,1997.9200,0.01254246,0,1
2014-08-26,2000.0200,0.01032080,0,1
2014-08-27,2000.1200,0.01034289,0,1
2014-08-28,1996.7400,0.01111086,0,1
2014-08-29,2003.3700,0.01209848,0,1
2014-09-02,2002.2800,0.01107589,0,1
2014-09-03,2000.7200,0.01354954,0,1
2014-09-04,1997.6500,0.01514435,0,1
2014-09-05,2007.7100,0.01248142,0,1
2014-09-08,2001.5400,0.01606623,0,1
2014-09-09,1988.4399,0.02115893,0,1
2014-09-10,1995.6899,0.01681840,0,1
2014-09-11,1997.4500,0.01509333,0,1
2014-09-12,1985.5400,0.01817563,0,1
2014-09-15,1984.1300,0.02338123,0,1
2014-09-16,1998.9800,0.01442432,0,1
2014-09-17,2001.5699,0.01407358,0,1
2014-09-18,2011.3600,0.01056062,0,1
2014-09-19,2010.4000,0.01045981,0,1
2014-09-22,1994.2900,0.02024483,0,1
2014-09-23,1982.7700,0.03080511,0,1
2014-09-24,1998.3000,0.01930401,0,1
2014-09-25,1965.9900,0.03768640,0,1
2014-09-26,1982.8500,0.03431563,0,1
2014-09-29,1977.8000,0.04094948,0,1
2014-09-30,1972.2900,0.04260725,0,1
2014-10-01,1946.1600,0.04409127,0,1
2014-10-02,1946.1700,0.03762268,0,1
2014-10-03,1967.9000,0.03015202,0,1
2014-10-06,1964.8199,0.03604069,0,1
2014-10-07,1935.1000,0.05469117,0,1
2014-10-08,1968.8900,0.03408655,1,1
2014-10-09,1928.2100,0.07974661,0,1
2014-10-10,1906.1300,0.08220670,0,1
2014-10-13,1874.7400,0.11431951,0,1
2014-10-14,1877.7000,0.08057814,0,1
2014-10-15,1862.4900,0.11092839,0,1
2014-10-16,1862.7600,0.08603424,0,1
2014-10-17,1886.7600,0.06182556,0,1
2014-10-20,1904.0100,0.03687165,0,1
2014-10-21,1941.2800,0.02265269,0,1
2014-10-22,1927.1100,0.03344092,0,1
2014-10-23,1950.8199,0.02551630,0,1
2014-10-24,1964.5800,0.02436446,0,1
2014-10-27,1961.6300,0.02469211,0,1
2014-10-28,1985.0500,0.01852348,0,1
2014-10-29,1982.3000,0.02440418,0,1
2014-10-30,1994.6500,0.01885369,0,1
2014-10-31,2018.0500,0.01408084,0,1
2014-11-03,2017.8101,0.01868951,0,1
2014-11-04,2012.1000,0.02020462,0,1
2014-11-05,2023.5699,0.01550906,0,1
2014-11-06,2031.2100,0.01311318,0,1
2014-11-07,2031.9200,0.01110067,0,1
2014-11-10,2038.2600,0.01239450,0,1
2014-11-11,2039.6801,0.01454153,0,1
2014-11-12,2038.2500,0.01047457,0,1
2014-11-13,2039.3300,0.01580702,0,1
2014-11-14,2039.8199,0.01091396,0,1
2014-11-17,2041.3199,0.01924201,0,1
2014-11-18,2051.8000,0.01829361,0,1
2014-11-19,2048.7200,0.01898265,0,1
2014-11-20,2052.7500,0.01180301,0,1
2014-11-21,2063.5000,0.00798012,0,1
2014-11-24,2069.4099,0.00729564,0,1
2014-11-25,2067.0300,0.00756229,0,1
2014-11-26,2072.8301,0.00568796,0,1
2014-11-28,2067.5601,0.01220012,0,1
2014-12-01,2053.4399,0.01531542,0,1
2014-12-02,2066.5500,0.00958428,0,1
2014-12-03,2074.3301,0.00811385,0,1
2014-12-04,2071.9199,0.00772188,0,1
2014-12-05,2075.3701,0.00628788,0,1
2014-12-08,2060.3101,0.01410563,0,1
2014-12-09,2059.8201,0.02063737,0,1
2014-12-10,2026.1400,0.04308760,0,1
2014-12-11,2035.3300,0.04032222,0,1
2014-12-12,2002.3300,0.05589529,0,1
2014-12-15,1989.6300,0.04074637,0,1
2014-12-16,1972.7400,0.05498719,0,1
2014-12-17,2012.8900,0.03560762,0,1
2014-12-18,2061.2300,0.02517475,0,1
2014-12-19,2070.6499,0.01853909,0,1
2014-12-22,2078.5400,0.01515490,0,1
2014-12-23,2082.1699,0.00868745,0,1
2014-12-24,2081.8799,0.00970874,0,1
2014-12-26,2088.7700,0.01085419,0,1
2014-12-29,2090.5701,0.01674216,0,1
2014-12-30,2080.3501,0.01633991,0,1
2014-12-31,2058.8999,0.03362702,0,1
2015-01-02,2058.2000,0.02258366,0,1
2015-01-05,2020.5800,0.03411341,0,1
2015-01-06,2002.6100,0.04578225,0,1
2015-01-07,2025.9000,0.03871643,0,1
2015-01-08,2062.1399,0.02551111,0,1
2015-01-09,2044.8101,0.02713029,0,1
2015-01-12,2028.2600,0.04163061,0,1
2015-01-13,2023.0300,0.04431889,0,1
2015-01-14,2011.2700,0.06188267,0,1
2015-01-15,1992.6700,0.06541876,0,1
2015-01-16,2019.4200,0.04976576,0,1
2015-01-20,2022.5500,0.04186555,0,1
2015-01-21,2032.1200,0.03524960,0,1
2015-01-22,2063.1499,0.01897423,0,1
2015-01-23,2051.8201,0.01998225,0,1
2015-01-26,2057.0901,0.01793707,0,1
2015-01-27,2029.5500,0.02722720,0,1
2015-01-28,2002.1600,0.04264057,0,1
2015-01-29,2021.2500,0.03669834,0,1
2015-01-30,1994.9900,0.04651158,0,1
2015-02-02,2020.8500,0.03365793,0,1
2015-02-03,2050.0300,0.02219918,0,1
2015-02-04,2041.5100,0.02391461,0,1
2015-02-05,2062.5200,0.01838575,0,1
2015-02-06,2055.4700,0.01693349,0,1
2015-02-09,2046.7400,0.02019889,0,1
2015-02-10,2068.5901,0.01634537,0,1
2015-02-11,2068.5300,0.01337273,0,1
2015-02-12,2088.4800,0.00987831,0,1
2015-02-13,2096.9900,0.00711966,0,1
2015-02-17,2100.3401,0.01145151,0,1
2015-02-18,2099.6799,0.00748551,0,1
2015-02-19,2097.4500,0.00947330,0,1
2015-02-20,2110.3000,0.00809362,0,1
2015-02-23,2109.6599,0.00777717,0,1
2015-02-24,2115.4800,0.00715484,0,1
2015-02-25,2113.8601,0.00721278,0,1
2015-02-26,2110.7400,0.00766239,0,1
2015-02-27,2104.5000,0.00491556,0,1
2015-03-02,2117.3899,0.00517390,0,1
2015-03-03,2107.7800,0.00815326,0,1
2015-03-04,2098.5300,0.00901221,0,1
2015-03-05,2101.0400,0.00968560,0,1
2015-03-06,2071.2600,0.01204350,0,1
2015-03-09,2079.4299,0.01343730,0,1
2015-03-10,2044.1600,0.02046962,0,1
2015-03-11,2040.2400,0.01918117,0,1
2015-03-12,2065.9500,0.01508762,0,1
2015-03-13,2053.3999,0.01620757,0,1
2015-03-16,2081.1899,0.01636976,0,1
2015-03-17,2074.2800,0.01721108,0,1
2015-03-18,2099.5000,0.01115386,0,1
2015-03-19,2089.2700,0.00820372,0,1
2015-03-20,2108.1001,0.00417769,0,1
2015-03-23,2104.4199,0.00698543,0,1
2015-03-24,2091.5000,0.00798526,0,1
2015-03-25,2061.0500,0.01636650,0,1
2015-03-26,2056.1499,0.01929333,0,1
2015-03-27,2061.0200,0.01400653,0,1
2015-03-30,2086.2400,0.01218686,0,1
2015-03-31,2067.8899,0.01355582,0,1
2015-04-01,2059.6899,0.01381791,0,1
2015-04-02,2066.9600,0.00989452,0,1
2015-04-06,2080.6201,0.01287585,0,1
2015-04-07,2076.3301,0.01394248,0,1
2015-04-08,2081.8999,0.00965861,0,1
2015-04-09,2091.1799,0.00625771,0,1
2015-04-10,2102.0601,0.00605228,0,1
2015-04-13,2092.4299,0.01022129,0,1
2015-04-14,2095.8401,0.01015265,0,1
2015-04-15,2106.6299,0.00635352,0,1
2015-04-16,2104.9900,0.00630880,0,1
2015-04-17,2081.1799,0.01016289,0,1
2015-04-20,2100.3999,0.00918423,0,1
2015-04-21,2097.2900,0.00914388,0,1
2015-04-22,2107.9600,0.00621112,0,1
2015-04-23,2112.9299,0.00647407,0,1
2015-04-24,2117.6899,0.00516201,0,1
2015-04-27,2108.9199,0.00648034,0,1
2015-04-28,2114.7600,0.00498937,0,1
2015-04-29,2106.8501,0.00676820,0,1
2015-04-30,2085.5100,0.01368173,0,1
2015-05-01,2108.2900,0.00686856,0,1
2015-05-04,2114.4900,0.00759308,0,1
2015-05-05,2089.4600,0.01287286,0,1
2015-05-06,2080.1499,0.01642447,0,1
2015-05-07,2088.0000,0.01660221,0,1
2015-05-08,2116.1001,0.00718832,0,1
2015-05-11,2105.3301,0.01088294,0,1
2015-05-12,2099.1201,0.00868976,0,1
2015-05-13,2098.4800,0.00874915,0,1
2015-05-14,2121.1001,0.00496690,0,1
2015-05-15,2122.7300,0.00508172,0,1
2015-05-18,2129.2000,0.00790994,0,1
2015-05-19,2127.8301,0.00805544,0,1
2015-05-20,2125.8501,0.00873564,0,1
2015-05-21,2130.8201,0.00768589,0,1
2015-05-22,2126.0601,0.00878726,0,1
2015-05-26,2104.2000,0.01877771,0,1
2015-05-27,2123.4800,0.01542563,0,1
2015-05-28,2120.7900,0.01555959,0,1
2015-05-29,2107.3899,0.01834555,0,1
2015-06-01,2111.7300,0.01920625,0,1
2015-06-02,2109.6001,0.01900586,0,1
2015-06-03,2114.0701,0.01429477,0,1
2015-06-04,2095.8401,0.01660873,0,1
2015-06-05,2092.8301,0.01477988,0,1
2015-06-08,2079.2800,0.02007827,0,1
2015-06-09,2080.1499,0.01524304,0,1
2015-06-10,2105.2000,0.01046756,0,1
2015-06-11,2108.8601,0.00919401,0,1
2015-06-12,2094.1101,0.01315770,0,1
2015-06-15,2084.4299,0.01912703,0,1
2015-06-16,2096.2900,0.01707942,0,1
2015-06-17,2100.4399,0.01400669,0,1
2015-06-18,2121.2400,0.00888681,0,1
2015-06-19,2109.9900,0.01131917,0,1
2015-06-22,2122.8501,0.00843363,0,1
2015-06-23,2124.2000,0.00670181,0,1
2015-06-24,2108.5801,0.01146207,0,1
2015-06-25,2102.3101,0.01503515,0,1
2015-06-26,2101.4900,0.01530536,1,1
2015-06-29,2057.6399,0.03468085,0,1
2015-06-30,2063.1101,0.03035926,0,1
2015-07-01,2077.4199,0.02689481,0,1
2015-07-02,2076.7800,0.02418749,0,1
2015-07-06,2068.7600,0.02383356,0,1
2015-07-07,2081.3401,0.02732649,0,1
2015-07-08,2046.6801,0.04730574,0,1
2015-07-09,2051.3101,0.03837151,0,1
2015-07-10,2076.6201,0.02630249,0,1
2015-07-13,2099.6001,0.01353878,0,1
2015-07-14,2108.9500,0.01188803,0,1
2015-07-15,2107.3999,0.01073337,0,1
2015-07-16,2124.2900,0.00827070,0,1
2015-07-17,2126.6399,0.00815596,0,1
2015-07-20,2128.2800,0.00924097,0,1
2015-07-21,2119.2100,0.00972550,0,1
2015-07-22,2114.1499,0.00801412,0,1
2015-07-23,2102.1499,0.01355789,0,1
2015-07-24,2079.6499,0.01870821,0,1
2015-07-27,2067.6399,0.02916903,0,1
2015-07-28,2093.2500,0.01808491,0,1
2015-07-29,2108.5701,0.01311427,0,1
2015-07-30,2108.6299,0.01130838,0,1
2015-07-31,2103.8401,0.00996432,0,1
2015-08-03,2098.0400,0.01587963,0,1
2015-08-04,2093.3201,0.01770575,0,1
2015-08-05,2099.8401,0.01549316,0,1
2015-08-06,2083.5601,0.02352385,0,1
2015-08-07,2077.5701,0.02419884,0,1
2015-08-10,2104.1799,0.01220580,0,1
2015-08-11,2084.0701,0.01949229,0,1
2015-08-12,2086.0500,0.02139067,0,1
2015-08-13,2083.3899,0.02209059,0,1
2015-08-14,2091.5400,0.01633751,0,1
2015-08-17,2102.4399,0.02140879,0,1
2015-08-18,2096.9199,0.02723202,0,1
2015-08-19,2079.6101,0.04077296,1,1
2015-08-20,2035.7300,0.08675436,1,1
2015-08-21,1970.8900,0.17387230,1,1
2015-08-24,1893.2100,0.15168599,0,1
2015-08-25,1867.6100,0.14027204,0,1
2015-08-26,1940.5100,0.15301792,0,1
2015-08-27,1987.6600,0.08527165,0,1
2015-08-28,1988.8700,0.06821086,0,1
2015-08-31,1972.1801,0.08880052,1,1
2015-09-01,1913.8500,0.08299432,0,1
2015-09-02,1948.8600,0.06541947,0,1
2015-09-03,1951.1300,0.05631201,0,1
2015-09-04,1921.2200,0.05144019,0,1
2015-09-08,1969.4100,0.05246900,0,1
2015-09-09,1942.0400,0.06190796,0,1
2015-09-10,1952.2900,0.04778706,0,1
2015-09-11,1961.0500,0.05651392,0,1
2015-09-14,1953.0300,0.08824246,0,1
2015-09-15,1978.0900,0.06573902,0,1
2015-09-16,1995.3101,0.05705479,0,1
2015-09-17,1990.2000,0.09279594,0,1
2015-09-18,1958.0300,0.07975009,0,1
2015-09-21,1966.9700,0.05911570,0,1
2015-09-22,1942.7400,0.07419095,0,1
2015-09-23,1938.7600,0.07264085,0,1
2015-09-24,1932.2400,0.09517147,0,1
2015-09-25,1931.3400,0.07263764,1,1
2015-09-28,1881.7700,0.12027583,0,1
2015-09-29,1884.0900,0.11136524,0,1
2015-09-30,1920.0300,0.10614457,0,1
2015-10-01,1923.8199,0.07391989,0,1
2015-10-02,1951.3600,0.07391522,0,1
2015-10-05,1987.0500,0.05554570,0,1
2015-10-06,1979.9200,0.05014202,0,1
2015-10-07,1995.8300,0.04177033,0,1
2015-10-08,2013.4301,0.03009514,0,1
2015-10-09,2014.8900,0.02860273,0,1
2015-10-12,2017.4600,0.01868317,0,1
2015-10-13,2003.6899,0.02869914,0,1
2015-10-14,1994.2400,0.02961143,0,1
2015-10-15,2023.8600,0.01555150,0,1
2015-10-16,2033.1100,0.01451215,0,1
2015-10-19,2033.6600,0.01979482,0,1
2015-10-20,2030.7700,0.01982153,0,1
2015-10-21,2018.9399,0.02522312,0,1
2015-10-22,2052.5100,0.02668444,0,1
2015-10-23,2075.1499,0.01752676,0,1
2015-10-26,2071.1799,0.02421031,0,1
2015-10-27,2065.8899,0.02427612,0,1
2015-10-28,2090.3501,0.01564022,0,1
2015-10-29,2089.4099,0.01560066,0,1
2015-10-30,2079.3601,0.01638054,0,1
2015-11-02,2104.0500,0.01209978,0,1
2015-11-03,2109.7900,0.01508887,0,1
2015-11-04,2102.3101,0.01705546,0,1
2015-11-05,2099.9299,0.01713043,0,1
2015-11-06,2099.2000,0.01224758,0,1
2015-11-09,2078.5801,0.02218853,0,1
2015-11-10,2081.7200,0.01783491,0,1
2015-11-11,2075.0000,0.02104649,0,1
2015-11-12,2045.9700,0.02992452,0,1
2015-11-13,2023.0400,0.03111602,0,1
2015-11-16,2053.1899,0.03105431,0,1
2015-11-17,2050.4399,0.03182291,0,1
2015-11-18,2083.5801,0.02189754,0,1
2015-11-19,2081.2400,0.01943482,0,1
2015-11-20,2089.1699,0.01278663,0,1
2015-11-23,2086.5901,0.01471965,0,1
2015-11-24,2089.1399,0.01721656,0,1
2015-11-25,2088.8701,0.01410876,0,1
2015-11-27,2090.1101,0.02230052,0,1
2015-11-30,2080.4099,0.02380245,0,1
2015-12-01,2102.6299,0.01511242,0,1
2015-12-02,2079.5100,0.02338288,0,1
2015-12-03,2049.6201,0.02840653,0,1
2015-12-04,2091.6899,0.01244234,0,1
2015-12-07,2077.0701,0.01930663,0,1
2015-12-08,2063.5901,0.02643837,0,1
2015-12-09,2047.6200,0.04185130,0,1
2015-12-10,2052.2300,0.04326151,0,1
2015-12-11,2012.3700,0.05855327,0,1
2015-12-14,2021.9399,0.05469869,0,1
2015-12-15,2043.4100,0.04851115,0,1
2015-12-16,2073.0701,0.03713860,0,1
2015-12-17,2041.8900,0.04686699,0,1
2015-12-18,2005.5500,0.06732710,0,1
2015-12-21,2021.1500,0.03300563,0,1
2015-12-22,2038.9700,0.01707700,0,1
2015-12-23,2064.2900,0.01081575,0,1
2015-12-24,2060.9900,0.01055691,0,1
2015-12-28,2056.5000,0.01952370,0,1
2015-12-29,2078.3601,0.01470525,0,1
2015-12-30,2063.3601,0.02332553,0,1
2015-12-31,2043.9399,0.04134573,0,1
2016-01-04,2012.6600,0.04298686,0,0
2016-01-05,2016.7100,0.05110946,0,0
2016-01-06,1990.2600,0.06454606,1,0
2016-01-07,1943.0900,0.07742056,0,0
2016-01-08,1922.0300,0.07800808,0,0
2016-01-11,1923.6700,0.05821650,0,0
2016-01-12,1938.6801,0.08338676,1,0
2016-01-13,1890.2800,0.08267866,0,0
2016-01-14,1921.8400,0.09654981,1,0
2016-01-15,1880.3300,0.07444882,0,0
2016-01-19,1881.3300,0.07228942,0,0
2016-01-20,1859.3300,0.07020709,0,0
2016-01-21,1868.9900,0.08213183,0,0
2016-01-22,1906.9000,0.04702692,0,0
2016-01-25,1877.0800,0.06373202,0,0
2016-01-26,1903.6300,0.07822096,0,0
2016-01-27,1882.9500,0.06466191,0,0
2016-01-28,1893.3600,0.05979630,0,0
2016-01-29,1940.2400,0.04534930,0,0
2016-02-01,1939.3800,0.05467020,0,0
2016-02-02,1903.0300,0.07839559,0,0
2016-02-03,1912.5300,0.07299822,0,0
2016-02-04,1915.4500,0.06930954,0,0
2016-02-05,1880.0500,0.09759461,0,0
2016-02-08,1853.4399,0.13236140,0,0
2016-02-09,1852.2100,0.11771349,0,0
2016-02-10,1851.8600,0.11230828,0,0
2016-02-11,1829.0800,0.13250334,0,0
2016-02-12,1864.7800,0.10049733,0,0
2016-02-16,1895.5800,0.08702332,0,0
2016-02-17,1926.8199,0.07838129,0,0
2016-02-18,1917.8300,0.07147621,0,0
2016-02-19,1917.7800,0.05665035,0,0
2016-02-22,1945.5000,0.06015022,0,0
2016-02-23,1921.2700,0.08233144,0,0
2016-02-24,1929.8000,0.07653383,0,0
2016-02-25,1951.7000,0.06116472,0,0
2016-02-26,1948.0500,0.06138725,0,0
2016-02-29,1932.2300,0.06607628,0,0
2016-03-01,1978.3500,0.04205938,0,0
2016-03-02,1986.4500,0.03648332,0,0
2016-03-03,1993.4000,0.03217115,0,0
2016-03-04,1999.9900,0.02945082,0,0
2016-03-07,2001.7600,0.03180340,0,0
2016-03-08,1979.2600,0.03770396,0,0
2016-03-09,1989.2600,0.03563442,0,0
2016-03-10,1989.5699,0.02750197,0,0
2016-03-11,2022.1899,0.02023559,0,0
2016-03-14,2019.6400,0.02613646,0,0
2016-03-15,2015.9301,0.02861391,0,0
2016-03-16,2027.2200,0.01570804,0,0
2016-03-17,2040.5900,0.01214427,0,0
2016-03-18,2049.5801,0.00979816,0,0
2016-03-21,2051.6001,0.01005510,0,0
2016-03-22,2049.8000,0.01230180,0,0
2016-03-23,2036.7100,0.01641900,0,0
2016-03-24,2035.9399,0.01611899,0,0
2016-03-28,2037.0500,0.02077893,0,0
2016-03-29,2055.0100,0.01325745,0,0
2016-03-30,2063.9500,0.01326949,0,0
2016-03-31,2059.7400,0.01598112,0,0
2016-04-01,2072.7800,0.01213964,0,0
2016-04-04,2066.1299,0.01574778,0,0
2016-04-05,2045.1700,0.02079057,0,0
2016-04-06,2066.6599,0.01452713,0,0
2016-04-07,2041.9100,0.02306233,0,0
2016-04-08,2047.6000,0.02043642,0,0
2016-04-11,2041.9900,0.02252268,0,0
2016-04-12,2061.7200,0.01411974,0,0
2016-04-13,2082.4199,0.00955203,0,0
2016-04-14,2082.7800,0.00836732,0,0
2016-04-15,2080.7300,0.00865648,0,0
2016-04-18,2094.3401,0.01046620,0,0
2016-04-19,2100.8000,0.00963797,0,0
2016-04-20,2102.3999,0.00823449,0,0
2016-04-21,2091.4800,0.00975538,0,0
2016-04-22,2091.5801,0.00754591,0,0
2016-04-25,2087.7900,0.00928947,0,0
2016-04-26,2091.7000,0.00972267,0,0
2016-04-27,2095.1499,0.00924208,0,0
2016-04-28,2075.8101,0.01263197,0,0
2016-04-29,2065.3000,0.01173864,0,0
2016-05-02,2081.4299,0.00830157,0,0
2016-05-03,2063.3701,0.00994628,0,0
2016-05-04,2051.1201,0.01049244,0,0
2016-05-05,2050.6299,0.00961362,0,0
2016-05-06,2057.1399,0.00635266,0,0
2016-05-09,2058.6899,0.00627305,0,0
2016-05-10,2084.3899,0.00546076,0,0
2016-05-11,2064.4600,0.00787282,0,0
2016-05-12,2064.1101,0.00775139,0,0
2016-05-13,2046.6100,0.00931509,0,0
2016-05-16,2066.6599,0.00930664,0,0
2016-05-17,2047.2100,0.01152621,0,0
2016-05-18,2047.6300,0.01293876,0,0
2016-05-19,2040.0400,0.01493013,0,0
2016-05-20,2052.3201,0.01055658,0,0
2016-05-23,2048.0400,0.01569517,0,0
2016-05-24,2076.0601,0.01140256,0,0
2016-05-25,2090.5400,0.00958194,0,0
2016-05-26,2090.1001,0.00785887,0,0
2016-05-27,2099.0601,0.00716160,0,0
2016-05-31,2096.9500,0.01304943,0,0
2016-06-01,2099.3301,0.01219191,0,0
2016-06-02,2105.2600,0.00914049,0,0
2016-06-03,2099.1299,0.00895627,0,0
2016-06-06,2109.4099,0.00975751,0,0
2016-06-07,2112.1299,0.01160882,0,0
2016-06-08,2119.1201,0.01022651,0,0
2016-06-09,2115.4800,0.01039912,0,0
2016-06-10,2096.0701,0.01683098,0,0
2016-06-13,2079.0601,0.02481531,0,0
2016-06-14,2075.3201,0.02100561,0,0
2016-06-15,2071.5000,0.01883757,0,0
2016-06-16,2077.9900,0.01772747,0,0
2016-06-17,2071.2200,0.01658961,0,0
2016-06-20,2083.2500,0.01981895,0,0
2016-06-21,2088.8999,0.02174811,0,0
2016-06-22,2085.4500,0.03497980,0,0
2016-06-23,2113.3201,0.01975039,1,0
2016-06-24,2037.4100,0.04900946,0,0
2016-06-27,2000.5400,0.04389910,0,0
2016-06-28,2036.0900,0.02192833,0,0
2016-06-29,2070.7700,0.01838023,0,0
2016-06-30,2098.8601,0.01385580,0,0
2016-07-01,2102.9500,0.01180274,0,0
2016-07-05,2088.5500,0.01619215,0,0
2016-07-06,2099.7300,0.01489738,0,0
2016-07-07,2097.8999,0.01294810,0,0
2016-07-08,2129.8999,0.00894517,0,0
2016-07-11,2137.1599,0.01136580,0,0
2016-07-12,2152.1399,0.01289883,0,0
2016-07-13,2152.4299,0.01066347,0,0
2016-07-14,2163.7500,0.00947701,0,0
2016-07-15,2161.7400,0.00756225,0,0
2016-07-18,2166.8899,0.00775998,0,0
2016-07-19,2163.7800,0.00542913,0,0
2016-07-20,2173.0200,0.00547643,0,0
2016-07-21,2165.1699,0.00841247,0,0
2016-07-22,2175.0300,0.00544721,0,0
2016-07-25,2168.4800,0.00790381,0,0
2016-07-26,2169.1799,0.00822295,0,0
2016-07-27,2166.5801,0.00867960,0,0
2016-07-28,2170.0601,0.00771911,0,0
2016-07-29,2173.6001,0.00552864,0,0
2016-08-01,2170.8401,0.00699337,0,0
2016-08-02,2157.0300,0.00947163,0,0
2016-08-03,2163.7900,0.00731282,0,0
2016-08-04,2164.2500,0.00689920,0,0
2016-08-05,2182.8701,0.00373031,0,0
2016-08-08,2180.8899,0.00391349,0,0
2016-08-09,2181.7400,0.00451893,0,0
2016-08-10,2175.4900,0.00568400,0,0
2016-08-11,2185.7900,0.00428764,0,0
2016-08-12,2184.0500,0.00409024,0,0
2016-08-15,2190.1499,0.00424328,0,0
2016-08-16,2178.1499,0.00605855,0,0
2016-08-17,2182.2200,0.00578599,0,0
2016-08-18,2187.0200,0.00392244,0,0
2016-08-19,2183.8701,0.00362965,0,0
2016-08-22,2182.6399,0.00648701,0,0
2016-08-23,2186.8999,0.00777724,0,0
2016-08-24,2175.4399,0.01257653,0,0
2016-08-25,2172.4700,0.01293453,0,0
2016-08-26,2169.0400,0.01204601,0,0
2016-08-29,2180.3799,0.00856346,0,0
2016-08-30,2176.1201,0.00895023,0,0
2016-08-31,2170.9500,0.01154445,0,0
2016-09-01,2170.8601,0.01076333,0,0
2016-09-02,2179.9800,0.00464040,0,0
2016-09-06,2186.4800,0.00478760,0,0
2016-09-07,2186.1599,0.00438132,0,0
2016-09-08,2181.3000,0.00560045,1,0
2016-09-09,2127.8101,0.02410629,0,0
2016-09-12,2159.0400,0.01392607,0,0
2016-09-13,2127.0200,0.02380675,0,0
2016-09-14,2125.7700,0.02573697,0,0
2016-09-15,2147.2600,0.01694738,0,0
2016-09-16,2139.1599,0.01202534,0,0
2016-09-19,2139.1201,0.01493976,0,0
2016-09-20,2139.7600,0.01495718,0,0
2016-09-21,2163.1201,0.00519515,0,0
2016-09-22,2177.1799,0.00276988,0,0
2016-09-23,2164.6899,0.00346752,0,0
2016-09-26,2146.1001,0.00932904,0,0
2016-09-27,2159.9299,0.00561317,0,0
2016-09-28,2171.3701,0.00372152,0,0
2016-09-29,2151.1299,0.00834000,0,0
2016-09-30,2168.2700,0.00636268,0,0
2016-10-03,2161.2000,0.00830283,0,0
2016-10-04,2150.4900,0.00901797,0,0
2016-10-05,2159.7300,0.00665882,0,0
2016-10-06,2160.7700,0.00622999,0,0
2016-10-07,2153.7400,0.00850048,0,0
2016-10-10,2163.6599,0.01138001,0,0
2016-10-11,2136.7300,0.02145125,0,0
2016-10-12,2139.1799,0.02642094,0,0
2016-10-13,2132.5500,0.03023871,0,0
2016-10-14,2132.9800,0.02452689,0,0
2016-10-17,2126.5000,0.02506915,0,0
2016-10-18,2139.6001,0.02059974,0,0
2016-10-19,2144.2900,0.01597987,0,0
2016-10-20,2141.3401,0.01162487,0,0
2016-10-21,2141.1599,0.00980867,0,0
2016-10-24,2151.3301,0.00958231,0,0
2016-10-25,2143.1599,0.01249657,0,0
2016-10-26,2139.4299,0.01603080,0,0
2016-10-27,2133.0400,0.02180624,0,0
2016-10-28,2126.4099,0.02513415,0,0
2016-10-31,2126.1499,0.03164989,0,0
2016-11-01,2111.7200,0.04209123,0,0
2016-11-02,2097.9399,0.04732075,0,0
2016-11-03,2088.6599,0.05232678,0,0
2016-11-04,2085.1799,0.05614153,0,0
2016-11-07,2131.5200,0.04673185,0,0
2016-11-08,2139.5601,0.05044974,0,0
2016-11-09,2163.2600,0.01324988,0,0
2016-11-10,2167.4800,0.01201151,0,0
2016-11-11,2164.4500,0.01105615,0,0
2016-11-14,2164.2000,0.00975282,0,0
2016-11-15,2180.3899,0.00858883,0,0
2016-11-16,2176.9399,0.00894137,0,0
2016-11-17,2187.1201,0.00847864,0,0
2016-11-18,2181.8999,0.00617170,0,0
2016-11-21,2198.1799,0.00516457,0,0
2016-11-22,2202.9399,0.00442475,0,0
2016-11-23,2204.7200,0.00437370,0,0
2016-11-25,2213.3501,0.00369547,0,0
2016-11-28,2201.7200,0.00526569,0,0
2016-11-29,2204.6599,0.00486695,0,0
2016-11-30,2198.8101,0.00565993,0,0
2016-12-01,2191.0801,0.00648565,0,0
2016-12-02,2191.9500,0.00637658,0,0
2016-12-05,2204.7100,0.00253189,0,0
2016-12-06,2212.2300,0.00208770,0,0
2016-12-07,2241.3501,0.00334118,0,0
2016-12-08,2246.1899,0.00386228,0,0
2016-12-09,2259.5300,0.00257647,0,0
2016-12-12,2256.9600,0.00376197,0,0
2016-12-13,2271.7200,0.00449282,0,0
2016-12-14,2253.2800,0.00535343,0,0
2016-12-15,2262.0300,0.00405437,0,0
2016-12-16,2258.0701,0.00275405,0,0
2016-12-19,2262.5300,0.00220217,0,0
2016-12-20,2270.7600,0.00196369,0,0
2016-12-21,2265.1799,0.00166872,0,0
2016-12-22,2260.9600,0.00168320,0,0
2016-12-23,2263.7900,0.00178285,0,0
2016-12-27,2268.8799,0.00266631,0,0
2016-12-28,2249.9199,0.00424913,0,0
2016-12-29,2249.2600,0.00497661,0,0
2016-12-30,2238.8301,0.00622080,0,0
2017-01-03,2257.8301,0.00529192,0,0
2017-01-04,2270.7500,0.00367755,0,0
2017-01-05,2269.0000,0.00379421,0,0
2017-01-06,2276.9800,0.00309370,0,0
2017-01-09,2268.8999,0.00383520,0,0
2017-01-10,2268.8999,0.00335757,0,0
2017-01-11,2275.3201,0.00317284,0,0
2017-01-12,2270.4399,0.00364614,0,0
2017-01-13,2274.6399,0.00247652,0,0
2017-01-17,2267.8899,0.00371692,0,0
2017-01-18,2271.8899,0.00484148,0,0
2017-01-19,2263.6899,0.00598788,0,0
2017-01-20,2271.3101,0.00295617,0,0
2017-01-23,2265.2000,0.00391676,0,0
2017-01-24,2280.0701,0.00320341,0,0
2017-01-25,2298.3701,0.00318547,0,0
2017-01-26,2296.6799,0.00265186,0,0
2017-01-27,2294.6899,0.00244711,0,0
2017-01-30,2280.8999,0.00443156,0,0
2017-01-31,2278.8701,0.00410680,0,0
2017-02-01,2279.5500,0.00427408,0,0
2017-02-02,2280.8501,0.00366596,0,0
2017-02-03,2297.4199,0.00236454,0,0
2017-02-06,2292.5601,0.00317924,0,0
2017-02-07,2293.0801,0.00337902,0,0
2017-02-08,2294.6699,0.00361426,0,0
2017-02-09,2307.8701,0.00311242,0,0
2017-02-10,2316.1001,0.00381209,0,0
2017-02-13,2328.2500,0.00557928,0,0
2017-02-14,2337.5801,0.00561253,0,0
2017-02-15,2349.2500,0.01306477,0,0
2017-02-16,2347.2200,0.00929191,0,0
2017-02-17,2351.1599,0.00696018,0,0
2017-02-21,2365.3799,0.00615470,0,0
2017-02-22,2362.8201,0.00553755,0,0
2017-02-23,2363.8101,0.00419690,0,0
2017-02-24,2367.3401,0.00323308,0,0
2017-02-27,2369.7500,0.00493052,0,0
2017-02-28,2363.6399,0.00831673,0,0
2017-03-01,2395.9600,0.00776280,0,0
2017-03-02,2381.9199,0.00465564,0,0
2017-03-03,2383.1201,0.00323837,0,0
2017-03-06,2375.3101,0.00393614,0,0
2017-03-07,2368.3899,0.00457776,0,0
2017-03-08,2362.9800,0.00638210,0,0
2017-03-09,2364.8701,0.00789534,0,0
2017-03-10,2372.6001,0.00592061,0,0
2017-03-13,2373.4700,0.00401754,0,0
2017-03-14,2365.4500,0.00744742,0,0
2017-03-15,2385.2600,0.00550394,0,0
2017-03-16,2381.3799,0.00504724,0,0
2017-03-17,2378.2500,0.00450545,0,0
2017-03-20,2373.4700,0.00518430,0,0
2017-03-21,2344.0200,0.00985692,0,0
2017-03-22,2348.4500,0.01275616,0,0
2017-03-23,2345.9600,0.01416753,0,0
2017-03-24,2343.9800,0.01593614,0,0
2017-03-27,2341.5901,0.01463893,0,0
2017-03-28,2358.5701,0.00972977,0,0
2017-03-29,2361.1299,0.01120128,0,0
2017-03-30,2368.0601,0.01111249,0,0
2017-03-31,2362.7200,0.01830382,0,0
2017-04-03,2358.8401,0.01797703,0,0
2017-04-04,2360.1599,0.01425108,0,0
2017-04-05,2352.9500,0.01924941,0,0
2017-04-06,2357.4900,0.01841696,0,0
2017-04-07,2355.5400,0.01901833,0,0
2017-04-10,2357.1599,0.02864950,0,0
2017-04-11,2353.7800,0.03367633,0,0
2017-04-12,2344.9299,0.04706320,0,0
2017-04-13,2328.9500,0.04065624,0,0
2017-04-17,2349.0100,0.03177059,0,0
2017-04-18,2342.1899,0.03184321,0,0
2017-04-19,2338.1699,0.03181137,0,0
2017-04-20,2355.8401,0.02647776,0,0
2017-04-21,2348.6899,0.03150517,0,0
2017-04-24,2374.1499,0.00809477,0,0
2017-04-25,2388.6101,0.00762402,0,0
2017-04-26,2387.4500,0.00693579,0,0
2017-04-27,2388.7700,0.00512177,0,0
2017-04-28,2384.2000,0.00722273,0,0
2017-05-01,2388.3301,0.00548908,0,0
2017-05-02,2391.1699,0.00789868,0,0
2017-05-03,2388.1299,0.00662134,0,0
2017-05-04,2389.5200,0.00632035,0,0
2017-05-05,2399.2900,0.00637124,0,0
2017-05-08,2399.3799,0.00382075,0,0
2017-05-09,2396.9199,0.00427295,0,0
2017-05-10,2399.6299,0.00446883,0,0
2017-05-11,2394.4399,0.00632753,0,0
2017-05-12,2390.8999,0.00558965,0,0
2017-05-15,2402.3201,0.00638954,0,0
2017-05-16,2400.6699,0.00852309,0,0
2017-05-17,2357.0300,0.03574332,0,0
2017-05-18,2365.7200,0.03067012,0,0
2017-05-19,2381.7300,0.01598796,0,0
2017-05-22,2394.0200,0.00963760,0,0
2017-05-23,2398.4199,0.00891051,0,0
2017-05-24,2404.3899,0.00569909,0,0
2017-05-25,2415.0701,0.00636971,0,0
2017-05-26,2415.8201,0.00555097,0,0
2017-05-30,2412.9099,0.00798992,0,0
2017-05-31,2411.8000,0.00920159,0,0
2017-06-01,2430.0601,0.00619967,0,0
2017-06-02,2439.0701,0.00522125,0,0
2017-06-05,2436.1001,0.00520174,0,0
2017-06-06,2429.3301,0.00634269,0,0
2017-06-07,2433.1399,0.00594418,0,0
2017-06-08,2433.7900,0.00583327,0,0
2017-06-09,2431.7700,0.00798003,0,0
2017-06-12,2429.3899,0.01141328,0,0
2017-06-13,2440.3501,0.00703238,0,0
2017-06-14,2437.9199,0.00882166,0,0
2017-06-15,2432.4600,0.00964699,0,0
2017-06-16,2433.1499,0.00690638,0,0
2017-06-19,2453.4600,0.00876742,0,0
2017-06-20,2437.0300,0.01237582,0,0
2017-06-21,2435.6101,0.01127141,0,0
2017-06-22,2434.5000,0.00988245,0,0
2017-06-23,2438.3000,0.00746973,0,0
2017-06-26,2439.0701,0.00789904,0,0
2017-06-27,2419.3799,0.01404011,0,0
2017-06-28,2440.6899,0.00740743,0,0
2017-06-29,2419.7000,0.01436395,0,0
2017-06-30,2423.4099,0.01116166,0,0
2017-07-03,2429.0100,0.01076129,0,0
2017-07-05,2432.5400,0.00901711,0,0
2017-07-06,2409.7500,0.01714517,0,0
2017-07-07,2425.1799,0.00828722,0,0
2017-07-10,2427.4299,0.00857886,0,0
2017-07-11,2425.5300,0.00812296,0,0
2017-07-12,2443.2500,0.00614165,0,0
2017-07-13,2447.8301,0.00460707,0,0
2017-07-14,2459.2700,0.00420829,0,0
2017-07-17,2459.1399,0.00571857,0,0
2017-07-18,2460.6101,0.00667343,0,0
2017-07-19,2473.8301,0.00759489,0,0
2017-07-20,2473.4500,0.00658143,0,0
2017-07-21,2472.5400,0.00496996,0,0
2017-07-24,2469.9099,0.00557514,0,0
2017-07-25,2477.1299,0.00478178,0,0
2017-07-26,2477.8301,0.00578435,0,0
2017-07-27,2475.4199,0.00690695,0,0
2017-07-28,2472.1001,0.00726189,0,0
2017-07-31,2470.3000,0.00792568,0,0
2017-08-01,2476.3501,0.00728572,0,0
2017-08-02,2477.5701,0.00773472,0,0
2017-08-03,2472.1599,0.00853010,0,0
2017-08-04,2476.8301,0.00538401,0,0
2017-08-07,2480.9099,0.00519917,0,0
2017-08-08,2474.9199,0.00893371,0,0
2017-08-09,2474.0200,0.00868996,0,0
2017-08-10,2438.2100,0.04276115,0,0
2017-08-11,2441.3201,0.02876672,0,0
2017-08-14,2465.8401,0.01676711,0,0
2017-08-15,2464.6101,0.01378450,0,0
2017-08-16,2468.1101,0.01414860,0,0
2017-08-17,2430.0100,0.03492509,0,0
2017-08-18,2425.5500,0.02677850,0,0
2017-08-21,2428.3701,0.02012420,0,0
2017-08-22,2452.5100,0.01166093,0,0
2017-08-23,2444.0400,0.01538336,0,0
2017-08-24,2438.9700,0.01427899,0,0
2017-08-25,2443.0500,0.00905171,0,0
2017-08-28,2444.2400,0.00934318,0,0
2017-08-29,2446.3000,0.01137614,0,0
2017-08-30,2457.5901,0.00720385,0,0
2017-08-31,2471.6499,0.00482886,0,0
2017-09-01,2476.5500,0.00357397,0,0
2017-09-05,2457.8501,0.01303604,0,0
2017-09-06,2465.5400,0.00860857,0,0
2017-09-07,2465.1001,0.00885671,0,0
2017-09-08,2461.4299,0.01103824,0,0
2017-09-11,2488.1101,0.00515060,0,0
2017-09-12,2496.4800,0.00539188,0,0
2017-09-13,2498.3701,0.00618015,0,0
2017-09-14,2495.6201,0.00600172,0,0
2017-09-15,2500.2300,0.00517973,0,0
2017-09-18,2503.8701,0.00625009,0,0
2017-09-19,2506.6499,0.00639222,0,0
2017-09-20,2508.2400,0.00460831,0,0
2017-09-21,2500.6001,0.00422608,0,0
2017-09-22,2502.2200,0.00331548,0,0
2017-09-25,2496.6599,0.00580700,0,0
2017-09-26,2496.8401,0.00569767,0,0
2017-09-27,2507.0400,0.00443930,0,0
2017-09-28,2510.0601,0.00325798,0,0
2017-09-29,2519.3601,0.00380592,0,0
2017-10-02,2529.1201,0.00395706,0,0
2017-10-03,2534.5801,0.00437713,0,0
2017-10-04,2537.7400,0.00445647,0,0
2017-10-05,2552.0701,0.00334120,0,0
2017-10-06,2549.3301,0.00446629,0,0
2017-10-09,2544.7300,0.00712703,0,0
2017-10-10,2550.6399,0.00688516,0,0
2017-10-11,2555.2400,0.00663770,0,0
2017-10-12,2550.9299,0.00736317,0,0
2017-10-13,2553.1699,0.00675289,0,0
2017-10-16,2557.6399,0.00848517,0,0
2017-10-17,2559.3601,0.01139733,0,0
2017-10-18,2561.2600,0.01057902,0,0
2017-10-19,2562.1001,0.01012353,0,0
2017-10-20,2575.2100,0.00967495,0,0
2017-10-23,2564.9800,0.01600295,0,0
2017-10-24,2569.1299,0.01516302,0,0
2017-10-25,2557.1499,0.01339813,0,0
2017-10-26,2560.3999,0.01403190,0,0
2017-10-27,2581.0701,0.00586709,0,0
2017-10-30,2572.8301,0.01001097,0,0
2017-10-31,2575.2600,0.00846799,0,0
2017-11-01,2579.3601,0.00770761,0,0
2017-11-02,2579.8501,0.00500544,0,0
2017-11-03,2587.8401,0.00239533,0,0
2017-11-06,2591.1299,0.00286506,0,0
2017-11-07,2590.6399,0.00469757,0,0
2017-11-08,2594.3799,0.00347288,0,0
2017-11-09,2584.6201,0.00608332,0,0
2017-11-10,2582.3000,0.00959128,0,0
2017-11-13,2584.8401,0.00856651,0,0
2017-11-14,2578.8701,0.00820623,0,0
2017-11-15,2564.6201,0.01574468,0,0
2017-11-16,2585.6399,0.00814754,0,0
2017-11-17,2578.8501,0.00703993,0,0
2017-11-20,2582.1399,0.00516011,0,0
2017-11-21,2599.0300,0.00377452,0,0
2017-11-22,2597.0801,0.00498441,0,0
2017-11-24,2602.4199,0.00413115,0,0
2017-11-27,2601.4199,0.00461851,0,0
2017-11-28,2627.0400,0.00757484,0,0
2017-11-29,2626.0701,0.00804810,0,0
2017-11-30,2647.5801,0.01109777,0,0
2017-12-01,2642.2200,0.01078992,0,0
2017-12-04,2639.4399,0.01057743,0,0
2017-12-05,2629.5701,0.00854621,0,0
2017-12-06,2629.2700,0.00737457,0,0
2017-12-07,2636.9800,0.00482212,0,0
2017-12-08,2651.5000,0.00382216,0,0
2017-12-11,2659.9900,0.00343607,0,0
2017-12-12,2664.1101,0.00582918,0,0
2017-12-13,2662.8501,0.00726699,0,0
2017-12-14,2652.0100,0.00802458,0,0
2017-12-15,2675.8101,0.00473467,0,0
2017-12-18,2690.1599,0.00537140,0,0
2017-12-19,2681.4700,0.00627666,0,0
2017-12-20,2679.2500,0.00492166,0,0
2017-12-21,2684.5701,0.00492763,0,0
2017-12-22,2683.3401,0.00583131,0,0
2017-12-26,2680.5000,0.00744763,0,0
2017-12-27,2682.6201,0.00929485,0,0
2017-12-28,2687.5400,0.00628736,0,0
2017-12-29,2673.6101,0.01105800,0,0
2018-01-02,2695.8101,0.00457305,0,0
2018-01-03,2713.0601,0.00304329,0,0
2018-01-04,2723.9900,0.00361650,0,0
2018-01-05,2743.1499,0.00448370,0,0
2018-01-08,2747.7100,0.00555402,0,0
2018-01-09,2751.2900,0.00778494,0,0
2018-01-10,2748.2300,0.00579972,0,0
2018-01-11,2767.5601,0.00729146,0,0
2018-01-12,2786.2400,0.00950257,0,0
2018-01-16,2776.4199,0.01572575,0,0
2018-01-17,2802.5601,0.01680136,0,0
2018-01-18,2798.0300,0.01787259,0,0
2018-01-19,2810.3000,0.01163609,0,0
2018-01-22,2832.9700,0.01065077,0,0
2018-01-23,2839.1299,0.00974541,0,0
2018-01-24,2837.5400,0.01093946,0,0
2018-01-25,2839.2500,0.01037068,0,0
2018-01-26,2872.8701,0.00817079,0,0
2018-01-29,2853.5300,0.02197452,0,0
2018-01-30,2822.4299,0.02174029,0,0
2018-01-31,2823.8101,0.01903516,0,0
2018-02-01,2821.9800,0.01954575,1,0
2018-02-02,2762.1299,0.03790156,1,0
2018-02-05,2648.9399,0.08037856,0,0
2018-02-06,2695.1399,0.09041289,0,0
2018-02-07,2681.6599,0.07336716,1,0
2018-02-08,2581.0000,0.07231167,0,0
2018-02-09,2619.5500,0.06939693,0,0
2018-02-12,2656.0000,0.05041520,0,0
2018-02-13,2662.9399,0.04864146,0,0
2018-02-14,2698.6299,0.03601017,0,0
2018-02-15,2731.2000,0.03544418,0,0
2018-02-16,2732.2200,0.03951939,0,0
2018-02-20,2716.2600,0.04300442,0,0
2018-02-21,2701.3301,0.03448534,0,0
2018-02-22,2703.9600,0.03121844,0,0
2018-02-23,2747.3000,0.02202089,0,0
2018-02-26,2779.6001,0.02288990,0,0
2018-02-27,2744.2800,0.03126369,0,0
2018-02-28,2713.8301,0.03425507,0,0
2018-03-01,2677.6699,0.04473287,0,0
2018-03-02,2691.2500,0.03223870,0,0
2018-03-05,2720.9399,0.02789354,0,0
2018-03-06,2728.1201,0.02277244,0,0
2018-03-07,2726.8000,0.02087839,0,0
2018-03-08,2738.9700,0.01582478,0,0
2018-03-09,2786.5701,0.00969289,0,0
2018-03-12,2783.0200,0.00992638,0,0
2018-03-13,2765.3101,0.01232325,0,0
2018-03-14,2749.4800,0.01286082,0,0
2018-03-15,2747.3301,0.01218346,0,0
2018-03-16,2752.0100,0.01030936,0,0
2018-03-19,2712.9199,0.02256349,0,0
2018-03-20,2716.9399,0.02184687,0,0
2018-03-21,2711.9299,0.01993859,1,0
2018-03-22,2643.6899,0.04735043,1,0
2018-03-23,2588.2600,0.05263939,0,0
2018-03-26,2658.5500,0.03346701,0,0
2018-03-27,2612.6201,0.03688856,0,0
2018-03-28,2605.0000,0.03559020,0,0
2018-03-29,2640.8701,0.02948465,1,0
2018-04-02,2581.8799,0.04652568,0,0
2018-04-03,2614.4500,0.03635240,0,0
2018-04-04,2644.6899,0.02947050,0,0
2018-04-05,2662.8401,0.02522653,1,0
2018-04-06,2604.4700,0.03620289,0,0
2018-04-09,2613.1599,0.04076629,0,0
2018-04-10,2656.8701,0.03439950,0,0
2018-04-11,2642.1899,0.03148994,0,0
2018-04-12,2663.9900,0.02374786,0,0
2018-04-13,2656.3000,0.02052892,0,0
2018-04-16,2677.8401,0.01825500,0,0
2018-04-17,2706.3899,0.01631362,0,0
2018-04-18,2708.6399,0.01584433,0,0
2018-04-19,2693.1299,0.01750765,0,0
2018-04-20,2670.1399,0.02165346,0,0
2018-04-23,2670.2900,0.02105863,0,0
2018-04-24,2634.5601,0.02859086,0,0
2018-04-25,2639.3999,0.02694293,0,0
2018-04-26,2666.9399,0.01977183,0,0
2018-04-27,2669.9099,0.01395784,0,0
2018-04-30,2648.0500,0.01668854,0,0
2018-05-01,2654.8000,0.01692164,0,0
2018-05-02,2635.6699,0.01844554,0,0
2018-05-03,2629.7300,0.01982954,0,0
2018-05-04,2663.4199,0.01299083,0,0
2018-05-07,2672.6299,0.01326605,0,0
2018-05-08,2671.9199,0.01381762,0,0
2018-05-09,2697.7900,0.00858066,0,0
2018-05-10,2723.0701,0.01005083,0,0
2018-05-11,2727.7200,0.00916560,0,0
2018-05-14,2730.1299,0.01303700,0,0
2018-05-15,2711.4500,0.01643276,0,0
2018-05-16,2722.4600,0.01126653,0,0
2018-05-17,2720.1299,0.01258670,0,0
2018-05-18,2712.9700,0.01140742,0,0
2018-05-21,2733.0100,0.01196250,0,0
2018-05-22,2724.4399,0.01171388,0,0
2018-05-23,2733.2900,0.00952351,0,0
2018-05-24,2727.7600,0.00903121,0,0
2018-05-25,2721.3301,0.01147401,0,0
2018-05-29,2689.8601,0.02791163,0,0
2018-05-30,2724.0100,0.01659751,0,0
2018-05-31,2705.2700,0.01916329,0,0
2018-06-01,2734.6201,0.01244655,0,0
2018-06-04,2746.8701,0.00902278,0,0
2018-06-05,2748.8000,0.00781952,0,0
2018-06-06,2772.3501,0.00561731,0,0
2018-06-07,2770.3701,0.00748482,0,0
2018-06-08,2779.0300,0.00659750,0,0
2018-06-11,2782.0000,0.00715231,0,0
2018-06-12,2786.8501,0.00651760,0,0
2018-06-13,2775.6299,0.00835308,0,0
2018-06-14,2782.4900,0.00635174,0,0
2018-06-15,2779.6599,0.00576829,0,0
2018-06-18,2773.7500,0.00684946,0,0
2018-06-19,2762.5901,0.00909797,0,0
2018-06-20,2767.3201,0.00723936,0,0
2018-06-21,2749.7600,0.01229902,0,0
2018-06-22,2754.8799,0.00898934,0,0
2018-06-25,2717.0701,0.02177858,0,0
2018-06-26,2723.0601,0.01500038,0,0
2018-06-27,2699.6299,0.02318874,0,0
2018-06-28,2716.3101,0.01781949,0,0
2018-06-29,2718.3701,0.01440820,0,0
2018-07-02,2726.7100,0.01184919,0,0
2018-07-03,2713.2200,0.01309754,0,0
2018-07-05,2736.6101,0.01002118,0,0
2018-07-06,2759.8201,0.00584918,0,0
2018-07-09,2784.1699,0.00638128,0,0
2018-07-10,2793.8401,0.00686980,0,0
2018-07-11,2774.0200,0.00946990,0,0
2018-07-12,2798.2900,0.00651350,0,0
2018-07-13,2801.3101,0.00549421,0,0
2018-07-16,2798.4299,0.00697045,0,0
2018-07-17,2809.5500,0.00520492,0,0
2018-07-18,2815.6201,0.00505685,0,0
2018-07-19,2804.4900,0.00647206,0,0
2018-07-20,2801.8301,0.00576641,0,0
2018-07-23,2806.9800,0.00518208,0,0
2018-07-24,2820.3999,0.00552572,0,0
2018-07-25,2846.0701,0.00541922,0,0
2018-07-26,2837.4399,0.00554702,0,0
2018-07-27,2818.8201,0.00765895,0,0
2018-07-30,2802.6001,0.01174351,0,0
2018-07-31,2816.2900,0.00707564,0,0
2018-08-01,2813.3601,0.00736164,0,0
2018-08-02,2827.2200,0.00482516,0,0
2018-08-03,2840.3501,0.00367980,0,0
2018-08-06,2850.3999,0.00324077,0,0
2018-08-07,2858.4500,0.00301267,0,0
2018-08-08,2857.7000,0.00264495,0,0
2018-08-09,2853.5801,0.00368578,0,0
2018-08-10,2833.2800,0.00728792,0,0
2018-08-13,2821.9299,0.01042361,0,0
2018-08-14,2839.9600,0.00722384,0,0
2018-08-15,2818.3701,0.01127494,0,0
2018-08-16,2840.6899,0.00764695,0,0
2018-08-17,2850.1299,0.00538288,0,0
2018-08-20,2857.0500,0.00541344,0,0
2018-08-21,2862.9600,0.00600401,0,0
2018-08-22,2861.8201,0.00400561,0,0
2018-08-23,2856.9800,0.00461928,0,0
2018-08-24,2874.6899,0.00379798,0,0
2018-08-27,2896.7400,0.00469212,0,0
2018-08-28,2897.5200,0.00516379,0,0
2018-08-29,2914.0400,0.00495586,0,0
2018-08-30,2901.1299,0.00864189,0,0
2018-08-31,2901.5200,0.00624572,0,0
2018-09-04,2896.7200,0.00680469,0,0
2018-09-05,2888.6001,0.00854254,0,0
2018-09-06,2878.0500,0.01112093,0,0
2018-09-07,2871.6799,0.01030713,0,0
2018-09-10,2877.1299,0.00876719,0,0
2018-09-11,2887.8899,0.00652831,0,0
2018-09-12,2888.9199,0.00732507,0,0
2018-09-13,2904.1799,0.00581640,0,0
2018-09-14,2904.9800,0.00610487,0,0
2018-09-17,2888.8000,0.01064666,0,0
2018-09-18,2904.3101,0.00626852,0,0
2018-09-19,2907.9500,0.00377562,0,0
2018-09-20,2930.7500,0.00443579,0,0
2018-09-21,2929.6699,0.00373994,0,0
2018-09-24,2919.3701,0.00515910,0,0
2018-09-25,2915.5601,0.00553460,0,0
2018-09-26,2905.9700,0.00693732,0,0
2018-09-27,2914.0000,0.00589760,0,0
2018-09-28,2913.9800,0.00492451,0,0
2018-10-01,2924.5901,0.00490046,0,0
2018-10-02,2923.4299,0.00533203,0,0
2018-10-03,2925.5100,0.00381252,0,0
2018-10-04,2901.6101,0.01252119,0,0
2018-10-05,2885.5701,0.01537725,0,0
2018-10-08,2884.4299,0.02129600,0,0
2018-10-09,2880.3401,0.02403794,1,0
2018-10-10,2785.6799,0.05898816,1,0
2018-10-11,2728.3701,0.08098415,0,0
2018-10-12,2767.1299,0.06268626,0,0
2018-10-15,2750.7900,0.05489191,0,0
2018-10-16,2809.9199,0.03690900,0,0
2018-10-17,2809.2100,0.03203216,0,0
2018-10-18,2768.7800,0.04719773,0,0
2018-10-19,2767.7800,0.04958360,0,0
2018-10-22,2755.8799,0.04523436,0,0
2018-10-23,2740.6899,0.05854132,1,0
2018-10-24,2656.1001,0.10114075,0,0
2018-10-25,2705.5701,0.08535150,0,0
2018-10-26,2658.6899,0.09687763,0,0
2018-10-29,2641.2500,0.09320746,0,0
2018-10-30,2682.6299,0.08556504,0,0
2018-10-31,2711.7400,0.07035374,0,0
2018-11-01,2740.3701,0.05194620,0,0
2018-11-02,2723.0601,0.05124578,0,0
2018-11-05,2738.3101,0.06196756,0,0
2018-11-06,2755.4500,0.07744825,0,0
2018-11-07,2813.8899,0.04255037,0,0
2018-11-08,2806.8301,0.04868826,0,0
2018-11-09,2781.0100,0.04999798,0,0
2018-11-12,2726.2200,0.09110993,0,0
2018-11-13,2722.1799,0.07031551,0,0
2018-11-14,2701.5801,0.08008114,0,0
2018-11-15,2730.2000,0.07141655,0,0
2018-11-16,2736.2700,0.05370761,0,0
2018-11-19,2690.7300,0.07489877,0,0
2018-11-20,2641.8899,0.08983352,0,0
2018-11-21,2649.9299,0.07388056,0,0
2018-11-23,2632.5601,0.08016388,0,0
2018-11-26,2673.4500,0.05698040,0,0
2018-11-27,2682.1699,0.06903214,0,0
2018-11-28,2743.7900,0.06567812,0,0
2018-11-29,2737.8000,0.06734592,0,0
2018-11-30,2760.1699,0.06684947,0,0
2018-12-03,2790.3701,0.04752273,1,0
2018-12-04,2700.0601,0.09370294,0,0
2018-12-06,2695.9500,0.09994031,1,0
2018-12-07,2633.0801,0.12022596,0,0
2018-12-10,2637.7200,0.11140215,0,0
2018-12-11,2636.7800,0.09918702,0,0
2018-12-12,2651.0701,0.08916733,0,0
2018-12-13,2650.5400,0.07801004,0,0
2018-12-14,2599.9500,0.08900074,1,0
2018-12-17,2545.9399,0.12567253,0,0
2018-12-18,2546.1599,0.13877050,0,0
2018-12-19,2506.9600,0.14799511,0,0
2018-12-20,2467.4199,0.19394190,1,0
2018-12-21,2416.6201,0.21607163,1,0
2018-12-24,2351.1001,0.28291908,0,0
2018-12-26,2467.7000,0.25149709,0,0
2018-12-27,2488.8301,0.22614492,0,0
2018-12-28,2485.7400,0.19453991,0,0
2018-12-31,2506.8501,0.17900848,0,0
2019-01-02,2510.0300,0.14482204,1,0
2019-01-03,2447.8899,0.18202386,0,0
2019-01-04,2531.9399,0.11512882,0,0
2019-01-07,2549.6899,0.11580046,0,0
2019-01-08,2574.4099,0.09605097,0,0
2019-01-09,2584.9600,0.09079493,0,0
2019-01-10,2596.6399,0.07677914,0,0
2019-01-11,2596.2600,0.06520681,0,0
2019-01-14,2582.6101,0.08555907,0,0
2019-01-15,2610.3000,0.09075445,0,0
2019-01-16,2616.1001,0.08640641,0,0
2019-01-17,2635.9600,0.06294218,0,0
2019-01-18,2670.7100,0.06327605,0,0
2019-01-22,2632.8999,0.10300605,0,0
2019-01-23,2638.7000,0.08150702,0,0
2019-01-24,2642.3301,0.07117812,0,0
2019-01-25,2664.7600,0.05530068,0,0
2019-01-28,2643.8501,0.07318834,0,0
2019-01-29,2640.0000,0.08491983,0,0
2019-01-30,2681.0500,0.06439149,0,0
2019-01-31,2704.1001,0.05756780,0,0
2019-02-01,2706.5300,0.05626055,0,0
2019-02-04,2724.8701,0.04982730,0,0
2019-02-05,2737.7000,0.05028593,0,0
2019-02-06,2731.6101,0.05093069,0,0
2019-02-07,2706.0500,0.06410612,0,0
2019-02-08,2707.8799,0.04861146,0,0
2019-02-11,2709.8000,0.05367888,0,0
2019-02-12,2744.7300,0.04754493,0,0
2019-02-13,2753.0300,0.04996690,0,0
2019-02-14,2745.7300,0.05612258,0,0
2019-02-15,2775.6001,0.04030850,0,0
2019-02-19,2779.7600,0.04174209,0,0
2019-02-20,2784.7000,0.03473801,0,0
2019-02-21,2774.8799,0.03870103,0,0
2019-02-22,2792.6699,0.03286982,0,0
2019-02-25,2796.1101,0.04976874,0,0
2019-02-26,2793.8999,0.05067958,0,0
2019-02-27,2792.3799,0.04585762,0,0
2019-02-28,2784.4900,0.04443407,0,0
2019-03-01,2803.6899,0.02984432,0,0
2019-03-04,2792.8101,0.04069878,0,0
2019-03-05,2789.6499,0.03714749,0,0
2019-03-06,2771.4500,0.04965262,0,0
2019-03-07,2748.9299,0.05994364,0,0
2019-03-08,2743.0701,0.04915145,0,0
2019-03-11,2783.3000,0.03003301,0,0
2019-03-12,2791.5200,0.02744204,0,0
2019-03-13,2810.9199,0.02489443,0,0
2019-03-14,2808.4800,0.02702072,0,0
2019-03-15,2822.4800,0.02130067,0,0
2019-03-18,2832.9399,0.02016898,0,0
2019-03-19,2832.5701,0.02164650,0,0
2019-03-20,2824.2300,0.02457794,0,0
2019-03-21,2854.8799,0.02248093,0,0
2019-03-22,2800.7100,0.04644903,0,0
2019-03-25,2798.3601,0.04175717,0,0
2019-03-26,2818.4600,0.02767372,0,0
2019-03-27,2805.3701,0.03087177,0,0
2019-03-28,2815.4399,0.02531041,0,0
2019-03-29,2834.3999,0.02090991,0,0
2019-04-01,2867.1899,0.01771895,0,0
2019-04-02,2867.2400,0.01721717,0,0
2019-04-03,2873.3999,0.02088170,0,0
2019-04-04,2879.3899,0.02124879,0,0
2019-04-05,2892.7400,0.01590332,0,0
2019-04-08,2895.7700,0.01786697,0,0
2019-04-09,2878.2000,0.02457477,0,0
2019-04-10,2888.2100,0.01783865,0,0
2019-04-11,2888.3201,0.01601759,0,0
2019-04-12,2907.4099,0.01272840,0,0
2019-04-15,2905.5801,0.01548524,0,0
2019-04-16,2907.0601,0.01443339,0,0
2019-04-17,2900.4500,0.01562685,0,0
2019-04-18,2905.0300,0.01299050,0,0
2019-04-22,2907.9700,0.01480351,0,0
2019-04-23,2933.6799,0.01433853,0,0
2019-04-24,2927.2500,0.01979150,0,0
2019-04-25,2926.1699,0.01922960,0,0
2019-04-26,2939.8799,0.01548606,0,0
2019-04-29,2943.0300,0.01579071,0,0
2019-04-30,2945.8301,0.01637024,0,0
2019-05-01,2923.7300,0.02858612,0,0
2019-05-02,2917.5200,0.02426905,0,0
2019-05-03,2945.6399,0.01528498,0,0
2019-05-06,2932.4700,0.03246174,0,0
2019-05-07,2884.0500,0.06341192,0,0
2019-05-08,2879.4199,0.07006899,0,0
2019-05-09,2870.7200,0.07396827,0,0
2019-05-10,2881.3999,0.04219741,1,0
2019-05-13,2811.8701,0.07739635,0,0
2019-05-14,2834.4099,0.05875567,0,0
2019-05-15,2850.9600,0.04190934,0,0
2019-05-16,2876.3201,0.03424983,0,0
2019-05-17,2859.5300,0.04518504,0,0
2019-05-20,2840.2300,0.05104671,0,0
2019-05-21,2864.3601,0.03766723,0,0
2019-05-22,2856.2700,0.03493942,0,0
2019-05-23,2822.2400,0.06228495,0,0
2019-05-24,2826.0601,0.05069109,0,0
2019-05-28,2802.3899,0.07934910,0,0
2019-05-29,2783.0200,0.08149845,0,0
2019-05-30,2788.8601,0.07231804,0,0
2019-05-31,2752.0601,0.08894867,0,0
2019-06-03,2744.4500,0.09607182,0,0
2019-06-04,2803.2700,0.06780032,0,0
2019-06-05,2826.1499,0.05770670,0,0
2019-06-06,2843.4900,0.05831710,0,0
2019-06-07,2873.3401,0.06043009,0,0
2019-06-10,2886.7300,0.05730824,0,0
2019-06-11,2885.7200,0.05521045,0,0
2019-06-12,2879.8401,0.05027059,0,0
2019-06-13,2891.6399,0.05174281,0,0
2019-06-14,2886.9800,0.04493548,0,0
2019-06-17,2889.6699,0.04543020,0,0
2019-06-18,2917.7500,0.03689652,0,0
2019-06-19,2926.4600,0.02832042,0,0
2019-06-20,2954.1799,0.03400727,0,0
2019-06-21,2950.4600,0.03560409,0,0
2019-06-24,2945.3501,0.03971478,0,0
2019-06-25,2917.3799,0.04793109,0,0
2019-06-26,2913.7800,0.04928354,0,0
2019-06-27,2924.9199,0.04340719,0,0
2019-06-28,2941.7600,0.04164177,0,0
2019-07-01,2964.3301,0.03239152,0,0
2019-07-02,2973.0100,0.02393761,0,0
2019-07-03,2995.8201,0.02064966,0,0
2019-07-05,2990.4099,0.02253912,0,0
2019-07-08,2975.9500,0.02926520,0,0
2019-07-09,2979.6299,0.03006349,0,0
2019-07-10,2993.0701,0.01869054,0,0
2019-07-11,2999.9099,0.01945081,0,0
2019-07-12,3013.7700,0.01477934,0,0
2019-07-15,3014.3000,0.01502281,0,0
2019-07-16,3004.0400,0.01486214,0,0
2019-07-17,2984.4199,0.02313833,0,0
2019-07-18,2995.1101,0.02059567,0,0
2019-07-19,2976.6101,0.02918597,0,0
2019-07-22,2985.0300,0.02116918,0,0
2019-07-23,3005.4700,0.01561963,0,0
2019-07-24,3019.5601,0.01258101,0,0
2019-07-25,3003.6699,0.01546679,0,0
2019-07-26,3025.8601,0.01203967,0,0
2019-07-29,3020.9700,0.01686386,0,0
2019-07-30,3013.1799,0.02333093,0,0
2019-07-31,2980.3799,0.04160950,0,0
2019-08-01,2953.5601,0.05638555,0,0
2019-08-02,2932.0500,0.05850343,1,0
2019-08-05,2844.7400,0.11986559,0,0
2019-08-06,2881.7700,0.08212111,0,0
2019-08-07,2883.9800,0.06735652,0,0
2019-08-08,2938.0901,0.04827797,0,0
2019-08-09,2918.6499,0.05529395,0,0
2019-08-12,2882.7000,0.08436729,0,0
2019-08-13,2926.3201,0.04957299,1,0
2019-08-14,2840.6001,0.09337962,0,0
2019-08-15,2847.6001,0.08818206,0,0
2019-08-16,2888.6799,0.05237641,0,0
2019-08-19,2923.6499,0.04298086,0,0
2019-08-20,2900.5100,0.04879026,0,0
2019-08-21,2924.4299,0.03621934,0,0
2019-08-22,2922.9500,0.04350165,1,0
2019-08-23,2847.1101,0.07167153,0,0
2019-08-26,2878.3799,0.07025739,0,0
2019-08-27,2869.1599,0.07970798,0,0
2019-08-28,2887.9399,0.07385081,0,0
2019-08-29,2924.5801,0.05993200,0,0
2019-08-30,2926.4600,0.07268986,0,0
2019-09-03,2906.2700,0.07641460,0,0
2019-09-04,2937.7800,0.05133066,0,0
2019-09-05,2976.0000,0.03952080,0,0
2019-09-06,2978.7100,0.02727082,0,0
2019-09-09,2978.4299,0.02819614,0,0
2019-09-10,2979.3899,0.02621129,0,0
2019-09-11,3000.9299,0.02030985,0,0
2019-09-12,3009.5701,0.01845606,0,0
2019-09-13,3007.3899,0.01381850,0,0
2019-09-16,2997.9600,0.01844465,0,0
2019-09-17,3005.7000,0.01608021,0,0
2019-09-18,3006.7300,0.01405313,0,0
2019-09-19,3006.7900,0.01567865,0,0
2019-09-20,2992.0701,0.02099503,0,0
2019-09-23,2991.7800,0.01548710,0,0
2019-09-24,2966.6001,0.03817441,0,0
2019-09-25,2984.8701,0.02683724,0,0
2019-09-26,2977.6201,0.02702255,0,0
2019-09-27,2961.7900,0.03589826,0,0
2019-09-30,2976.7400,0.03359940,0,0
2019-10-01,2940.2500,0.05279979,0,0
2019-10-02,2887.6101,0.06622843,0,0
2019-10-03,2910.6299,0.06237892,0,0
2019-10-04,2952.0100,0.04209837,0,0
2019-10-07,2938.7900,0.05336652,0,0
2019-10-08,2893.0601,0.07060861,0,0
2019-10-09,2919.3999,0.05563224,0,0
2019-10-10,2938.1299,0.04537036,0,0
2019-10-11,2970.2700,0.02878528,0,0
2019-10-14,2966.1499,0.02283065,0,0
2019-10-15,2995.6799,0.01356429,0,0
2019-10-16,2989.6899,0.01490163,0,0
2019-10-17,2997.9500,0.01612339,0,0
2019-10-18,2986.2000,0.01924011,0,0
2019-10-21,3006.7200,0.01953714,0,0
2019-10-22,2995.9900,0.02243396,0,0
2019-10-23,3004.5200,0.02021821,0,0
2019-10-24,3010.2900,0.01639846,0,0
2019-10-25,3022.5500,0.00952631,0,0
2019-10-28,3039.4199,0.01034217,0,0
2019-10-29,3036.8899,0.00960319,0,0
2019-10-30,3046.7700,0.00625960,0,0
2019-10-31,3037.5601,0.00984336,0,0
2019-11-01,3066.9099,0.00696026,0,0
2019-11-04,3078.2700,0.00869489,0,0
2019-11-05,3074.6201,0.00799170,0,0
2019-11-06,3076.7800,0.00597173,0,0
2019-11-07,3085.1799,0.00603547,0,0
2019-11-08,3093.0801,0.00389363,0,0
2019-11-11,3087.0100,0.00761242,0,0
2019-11-12,3091.8401,0.00754782,0,0
2019-11-13,3094.0400,0.00891615,0,0
2019-11-14,3096.6299,0.00986242,0,0
2019-11-15,3120.4600,0.00681963,0,0
2019-11-18,3122.0300,0.00793168,0,0
2019-11-19,3120.1799,0.00878811,0,0
2019-11-20,3108.4600,0.00718672,0,0
2019-11-21,3103.5400,0.00869033,0,0
2019-11-22,3110.2900,0.00635723,0,0
2019-11-25,3133.6399,0.00532188,0,0
2019-11-26,3140.5200,0.00414378,0,0
2019-11-27,3153.6299,0.00439815,0,0
2019-11-29,3140.9800,0.00654757,0,0
2019-12-02,3113.8701,0.01315761,0,0
2019-12-03,3093.2000,0.01798483,0,0
2019-12-04,3112.7600,0.01401033,0,0
2019-12-05,3117.4299,0.01359353,0,0
2019-12-06,3145.9099,0.00912399,0,0
2019-12-09,3135.9600,0.01904435,0,0
2019-12-10,3132.5200,0.01895936,0,0
2019-12-11,3141.6299,0.01420152,0,0
2019-12-12,3168.5701,0.01109473,0,0
2019-12-13,3168.8000,0.00642488,0,0
2019-12-16,3191.4500,0.00517437,0,0
2019-12-17,3192.5200,0.00539650,0,0
2019-12-18,3191.1399,0.00538547,0,0
2019-12-19,3205.3701,0.00516830,0,0
2019-12-20,3221.2200,0.00452111,0,0
2019-12-23,3224.0100,0.00427726,0,0
2019-12-24,3223.3799,0.00427094,0,0
2019-12-26,3239.9099,0.00405403,0,0
2019-12-27,3240.0200,0.00558140,0,0
2019-12-30,3221.2900,0.00858085,0,0
2019-12-31,3230.7800,0.00701047,0,0
2020-01-02,3257.8501,0.00468253,0,0
2020-01-03,3234.8501,0.00885197,0,0
2020-01-06,3246.2800,0.00822759,0,0
2020-01-07,3237.1799,0.00870653,0,0
2020-01-08,3253.0500,0.00869506,0,0
2020-01-09,3274.7000,0.00618607,0,0
2020-01-10,3265.3501,0.00712578,0,0
2020-01-13,3288.1299,0.00711557,0,0
2020-01-14,3283.1499,0.00771408,0,0
2020-01-15,3289.2900,0.00792720,0,0
2020-01-16,3316.8101,0.00806398,0,0
2020-01-17,3329.6201,0.00668937,0,0
2020-01-21,3320.7900,0.00904009,0,0
2020-01-22,3321.7500,0.00907169,0,0
2020-01-23,3325.5400,0.00966950,0,0
2020-01-24,3295.4700,0.01605471,0,0
2020-01-27,3243.6299,0.03520494,0,0
2020-01-28,3276.2400,0.02292465,0,0
2020-01-29,3273.3999,0.02524774,0,0
2020-01-30,3283.6599,0.02116765,0,0
2020-01-31,3225.5200,0.03522848,0,0
2020-02-03,3248.9199,0.03620538,0,0
2020-02-04,3297.5901,0.02631773,0,0
2020-02-05,3334.6899,0.02124614,0,0
2020-02-06,3345.7800,0.02283715,0,0
2020-02-07,3327.7100,0.02459678,0,0
2020-02-10,3352.0901,0.02099231,0,0
2020-02-11,3357.7500,0.02101874,0,0
2020-02-12,3379.4500,0.01374073,0,0
2020-02-13,3373.9399,0.01450812,0,0
2020-02-14,3380.1599,0.01197114,0,0
2020-02-18,3370.2900,0.01600985,0,0
2020-02-19,3386.1499,0.01292242,0,0
2020-02-20,3373.2300,0.01676401,0,0
2020-02-21,3337.7500,0.02214397,1,0
2020-02-24,3225.8899,0.06205242,1,0
2020-02-25,3128.2100,0.07548917,0,0
2020-02-26,3116.3899,0.08083683,1,0
2020-02-27,2978.7600,0.10154496,0,0
2020-02-28,2954.2200,0.12734787,0,0
2020-03-02,3090.2300,0.09297342,1,0
2020-03-03,3003.3701,0.09655956,0,0
2020-03-04,3130.1201,0.08247092,1,0
2020-03-05,3023.9399,0.09192905,0,0
2020-03-06,2972.3701,0.08061989,1,0
2020-03-09,2746.5601,0.10140122,0,0
2020-03-10,2882.2300,0.10040306,1,0
2020-03-11,2741.3799,0.10235682,1,0
2020-03-12,2480.6399,0.07872054,0,0
2020-03-13,2711.0200,0.10573291,1,0
2020-03-16,2386.1299,0.05316735,0,0
2020-03-17,2529.1899,0.05282353,1,0
2020-03-18,2398.1001,0.03313784,0,0
2020-03-19,2409.3899,0.05164040,1,0
2020-03-20,2304.9199,0.07236528,1,0
2020-03-23,2237.3999,0.20776606,0,0
2020-03-24,2447.3301,0.28013659,0,0
2020-03-25,2475.5601,0.25312047,0,0
2020-03-26,2630.0701,0.32629771,1,0
2020-03-27,2541.4700,0.25413756,0,0
2020-03-30,2626.6499,0.26707029,0,0
2020-03-31,2584.5901,0.30855369,1,0
2020-04-01,2470.5000,0.35662254,0,0
2020-04-02,2526.8999,0.38960073,0,0
2020-04-03,2488.6499,0.42163948,0,0
2020-04-06,2663.6799,0.39669603,0,0
2020-04-07,2659.4099,0.42084680,0,0
2020-04-08,2749.9800,0.35882377,0,0
2020-04-09,2789.8201,0.28796535,0,0
2020-04-13,2761.6299,0.30723698,0,0
2020-04-14,2846.0601,0.34705951,1,0
2020-04-15,2783.3601,0.30263237,0,0
2020-04-16,2799.5500,0.28001577,0,0
2020-04-17,2874.5601,0.24492023,0,0
2020-04-20,2823.1599,0.25138763,1,0
2020-04-21,2736.5601,0.21303666,0,0
2020-04-22,2799.3101,0.19606966,0,0
2020-04-23,2797.8000,0.17518817,0,0
2020-04-24,2836.7400,0.13256468,0,0
2020-04-27,2878.4800,0.11328220,0,0
2020-04-28,2863.3899,0.10968138,0,0
2020-04-29,2939.5100,0.08875104,0,0
2020-04-30,2912.4299,0.11816905,1,0
2020-05-01,2830.7100,0.12013001,0,0
2020-05-04,2842.7400,0.11978545,0,0
2020-05-05,2868.4399,0.10088752,0,0
2020-05-06,2848.4199,0.10293506,0,0
2020-05-07,2881.1899,0.09407227,0,0
2020-05-08,2929.8000,0.07090324,0,0
2020-05-11,2930.1899,0.09399383,1,0
2020-05-12,2870.1201,0.13509714,0,0
2020-05-13,2820.0000,0.14380477,0,0
2020-05-14,2852.5000,0.13008995,0,0
2020-05-15,2863.7000,0.12193764,0,0
2020-05-18,2953.9099,0.10457462,0,0
2020-05-19,2922.9399,0.11098269,0,0
2020-05-20,2971.6101,0.08370895,0,0
2020-05-21,2948.5100,0.08558210,0,0
2020-05-22,2955.4500,0.07519080,0,0
2020-05-26,2991.7700,0.06796984,0,0
2020-05-27,3036.1299,0.06231458,0,0
2020-05-28,3029.7300,0.06182630,0,0
2020-05-29,3044.3101,0.05925977,0,0
2020-06-01,3055.7300,0.05052054,0,0
2020-06-02,3080.8201,0.03583972,0,0
2020-06-03,3122.8701,0.02275909,0,0
2020-06-04,3112.3501,0.02430576,0,0
2020-06-05,3193.9299,0.02026010,0,0
2020-06-08,3232.3899,0.01687373,0,0
2020-06-09,3207.1799,0.01899771,0,0
2020-06-10,3190.1399,0.01491878,1,0
2020-06-11,3002.1001,0.01933137,0,0
2020-06-12,3041.3101,0.01216775,0,0
2020-06-15,3066.5901,0.00998321,0,0
2020-06-16,3124.7400,0.00714313,0,0
2020-06-17,3113.4900,0.00766962,0,0
2020-06-18,3115.3401,0.00932304,0,0
2020-06-19,3097.7400,0.01101795,0,0
2020-06-22,3117.8601,0.01163420,0,0
2020-06-23,3131.2900,0.01070907,1,0
2020-06-24,3050.3301,0.01169028,0,0
2020-06-25,3083.7600,0.01216484,1,0
2020-06-26,3009.0500,0.01140814,0,0
2020-06-29,3053.2400,0.00851353,0,0
2020-06-30,3100.2900,0.00653356,0,0
2020-07-01,3115.8601,0.00611194,0,0
2020-07-02,3130.0100,0.00563855,0,0
2020-07-06,3179.7200,0.00682665,0,0
2020-07-07,3145.3201,0.01102605,0,0
2020-07-08,3169.9399,0.00907258,0,0
2020-07-09,3152.0500,0.01022969,0,0
2020-07-10,3185.0400,0.00677522,0,0
2020-07-13,3155.2200,0.00785325,0,0
2020-07-14,3197.5200,0.00812533,0,0
2020-07-15,3226.5601,0.00457102,0,0
2020-07-16,3215.5701,0.00502874,0,0
2020-07-17,3224.7300,0.00360065,0,0
2020-07-20,3251.8401,0.00364902,0,0
2020-07-21,3257.3000,0.00382562,0,0
2020-07-22,3276.0200,0.00396918,0,0
2020-07-23,3235.6599,0.00523996,0,0
2020-07-24,3215.6299,0.00537501,0,0
2020-07-27,3239.4099,0.00393809,0,0
2020-07-28,3218.4399,0.00466060,0,0
2020-07-29,3258.4399,0.00350579,0,0
2020-07-30,3246.2200,0.00409554,0,0
2020-07-31,3271.1201,0.00394413,0,0
2020-08-03,3294.6101,0.00325871,0,0
2020-08-04,3306.5100,0.00364282,0,0
2020-08-05,3327.7700,0.00302490,0,0
2020-08-06,3349.1599,0.00288099,0,0
2020-08-07,3351.2800,0.00202313,0,0
2020-08-10,3360.4700,0.00196128,0,0
2020-08-11,3333.6899,0.00302439,0,0
2020-08-12,3380.3501,0.00261148,0,0
2020-08-13,3373.4299,0.00229871,0,0
2020-08-14,3372.8501,0.00221361,0,0
2020-08-17,3381.9900,0.00235053,0,0
2020-08-18,3389.7800,0.00275428,0,0
2020-08-19,3374.8501,0.00353382,0,0
2020-08-20,3385.5100,0.00418673,0,0
2020-08-21,3397.1599,0.00352431,0,0
2020-08-24,3431.2800,0.00308421,0,0
2020-08-25,3443.6201,0.00294226,0,0
2020-08-26,3478.7300,0.00385649,0,0
2020-08-27,3484.5500,0.00425934,0,0
2020-08-28,3508.0100,0.00257745,0,0
2020-08-31,3500.3101,0.00467651,0,0
2020-09-01,3526.6499,0.00397398,0,0
2020-09-02,3580.8401,0.00372546,1,0
2020-09-03,3455.0601,0.00595194,0,0
2020-09-04,3426.9600,0.00554936,1,0
2020-09-08,3331.8401,0.00987441,0,0
2020-09-09,3398.9600,0.00946381,0,0
2020-09-10,3339.1899,0.01085557,0,0
2020-09-11,3340.9700,0.00827334,0,0
2020-09-14,3383.5400,0.00625916,0,0
2020-09-15,3401.2000,0.00564593,0,0
2020-09-16,3385.4900,0.00553838,0,0
2020-09-17,3357.0100,0.00588840,0,0
2020-09-18,3319.4700,0.00463824,0,0
2020-09-21,3281.0601,0.00718373,0,0
2020-09-22,3315.5701,0.00493612,1,0
2020-09-23,3236.9199,0.00622094,0,0
2020-09-24,3246.5901,0.00686634,0,0
2020-09-25,3298.4600,0.00457968,0,0
2020-09-28,3351.6001,0.00420074,0,0
2020-09-29,3335.4700,0.00580641,0,0
2020-09-30,3363.0000,0.00443426,0,0
2020-10-01,3380.8000,0.00478364,0,0
2020-10-02,3348.4199,0.00469049,0,0
2020-10-05,3408.6001,0.00602904,0,0
2020-10-06,3360.9700,0.00759166,0,0
2020-10-07,3419.4399,0.00682592,0,0
2020-10-08,3446.8301,0.00660906,0,0
2020-10-09,3477.1399,0.00607714,0,0
2020-10-12,3534.2200,0.00682307,0,0
2020-10-13,3511.9299,0.00790659,0,0
2020-10-14,3488.6699,0.01001477,0,0
2020-10-15,3483.3401,0.00952458,0,0
2020-10-16,3483.8101,0.00906676,0,0
2020-10-19,3426.9199,0.00977758,0,0
2020-10-20,3443.1201,0.01058588,0,0
2020-10-21,3435.5601,0.01009657,0,0
2020-10-22,3453.4900,0.00888791,0,0
2020-10-23,3465.3899,0.00786787,0,0
2020-10-26,3400.9700,0.01054013,0,0
2020-10-27,3390.6799,0.01145328,1,0
2020-10-28,3271.0300,0.01184983,0,0
2020-10-29,3310.1101,0.01220719,0,0
2020-10-30,3269.9600,0.01187047,0,0
2020-11-02,3310.2400,0.01354593,0,0
2020-11-03,3369.1599,0.01274529,0,0
2020-11-04,3443.4399,0.01016828,0,0
2020-11-05,3510.4500,0.00739706,0,0
2020-11-06,3509.4399,0.00623427,0,0
2020-11-09,3550.5000,0.00826425,0,0
2020-11-10,3545.5300,0.00624081,0,0
2020-11-11,3572.6599,0.00559071,0,0
2020-11-12,3537.0100,0.00571502,0,0
2020-11-13,3585.1499,0.00405441,0,0
2020-11-16,3626.9099,0.00332616,0,0
2020-11-17,3609.5300,0.00359452,0,0
2020-11-18,3567.7900,0.00399295,0,0
2020-11-19,3581.8701,0.00328569,0,0
2020-11-20,3557.5400,0.00392767,0,0
2020-11-23,3577.5901,0.00321704,0,0
2020-11-24,3635.4099,0.00231834,0,0
2020-11-25,3629.6499,0.00236127,0,0
2020-11-27,3638.3501,0.00185775,0,0
2020-11-30,3621.6299,0.00184747,0,0
2020-12-01,3662.4500,0.00184458,0,0
2020-12-02,3669.0100,0.00214291,0,0
2020-12-03,3666.7200,0.00215514,0,0
2020-12-04,3699.1201,0.00180914,0,0
2020-12-07,3691.9600,0.00198583,0,0
2020-12-08,3702.2500,0.00210020,0,0
2020-12-09,3672.8201,0.00281185,0,0
2020-12-10,3668.1001,0.00278547,0,0
2020-12-11,3663.4600,0.00259730,0,0
2020-12-14,3647.4900,0.00280987,0,0
2020-12-15,3694.6201,0.00184928,0,0
2020-12-16,3701.1699,0.00192163,0,0
2020-12-17,3722.4800,0.00148294,0,0
2020-12-18,3709.4099,0.00120075,0,0
2020-12-21,3694.9199,0.00183295,0,0
2020-12-22,3687.2600,0.00158574,0,0
2020-12-23,3690.0100,0.00156221,0,0
2020-12-24,3703.0601,0.00111155,0,0
2020-12-28,3735.3601,0.00140214,0,0
2020-12-29,3727.0400,0.00187611,0,0
2020-12-30,3732.0400,0.00250818,0,0
2020-12-31,3756.0701,0.00277521,0,0
2021-01-04,3700.6499,0.00383590,0,0
2021-01-05,3726.8601,0.00337723,0,0
2021-01-06,3748.1399,0.00290928,0,0
2021-01-07,3803.7900,0.00195187,0,0
2021-01-08,3824.6799,0.00149115,0,0
2021-01-11,3799.6101,0.00199133,0,0
2021-01-12,3801.1899,0.00188224,0,0
2021-01-13,3809.8401,0.00154960,0,0
2021-01-14,3795.5400,0.00151214,0,0
2021-01-15,3768.2500,0.00176091,0,0
2021-01-19,3798.9099,0.00138438,0,0
2021-01-20,3851.8501,0.00108837,0,0
2021-01-21,3853.0701,0.00091349,0,0
2021-01-22,3841.4700,0.00097052,0,0
2021-01-25,3855.3601,0.00109341,0,0
2021-01-26,3849.6201,0.00105636,1,0
2021-01-27,3750.7700,0.00280142,0,0
2021-01-28,3787.3799,0.00218658,0,0
2021-01-29,3714.2400,0.00221811,0,0
2021-02-01,3773.8601,0.00188573,0,0
2021-02-02,3826.3101,0.00102567,0,0
2021-02-03,3830.1699,0.00075632,0,0
2021-02-04,3871.7400,0.00063504,0,0
2021-02-05,3886.8301,0.00053057,0,0
2021-02-08,3915.5901,0.00061353,0,0
2021-02-09,3911.2300,0.00056656,0,0
2021-02-10,3909.8799,0.00053090,0,0
2021-02-11,3916.3799,0.00044567,0,0
2021-02-12,3934.8301,0.00034543,0,0
2021-02-16,3932.5901,0.00046484,0,0
2021-02-17,3931.3301,0.00048336,0,0
2021-02-18,3913.9700,0.00065813,0,0
2021-02-19,3906.7100,0.00067391,0,0
2021-02-22,3876.5000,0.00099442,0,0
2021-02-23,3881.3701,0.00124126,0,0
2021-02-24,3925.4299,0.00089078,1,0
2021-02-25,3829.3401,0.00261047,0,0
2021-02-26,3811.1499,0.00251331,0,0
2021-03-01,3901.8201,0.00143765,0,0
2021-03-02,3870.2900,0.00168174,0,0
2021-03-03,3819.7200,0.00218670,0,0
2021-03-04,3768.4700,0.00304276,0,0
2021-03-05,3841.9399,0.00191105,0,0
2021-03-08,3821.3501,0.00234944,0,0
2021-03-09,3875.4399,0.00184150,0,0
2021-03-10,3898.8101,0.00130053,0,0
2021-03-11,3939.3401,0.00104138,0,0
2021-03-12,3943.3401,0.00067284,0,0
2021-03-15,3968.9399,0.00077616,0,0
2021-03-16,3962.7100,0.00076698,0,0
2021-03-17,3974.1201,0.00081607,0,0
2021-03-18,3915.4600,0.00144298,0,0
2021-03-19,3913.1001,0.00115621,0,0
2021-03-22,3940.5901,0.00129460,0,0
2021-03-23,3910.5200,0.00203089,0,0
2021-03-24,3889.1399,0.00258214,0,0
2021-03-25,3909.5200,0.00185130,0,0
2021-03-26,3974.5400,0.00165264,0,0
2021-03-29,3971.0901,0.00277385,0,0
2021-03-30,3958.5500,0.00235230,0,0
2021-03-31,3972.8899,0.00214158,0,0
2021-04-01,4019.8701,0.00149850,0,0
2021-04-05,4077.9099,0.00261986,0,0
2021-04-06,4073.9399,0.00268080,0,0
2021-04-07,4079.9500,0.00205074,0,0
2021-04-08,4097.1699,0.00196644,0,0
2021-04-09,4128.7998,0.00176052,0,0
2021-04-12,4127.9902,0.00199670,0,0
2021-04-13,4141.5898,0.00199092,0,0
2021-04-14,4124.6602,0.00194244,0,0
2021-04-15,4170.4199,0.00183223,0,0
2021-04-16,4185.4702,0.00161457,0,0
2021-04-19,4163.2598,0.00197367,0,0
2021-04-20,4134.9399,0.00295590,0,0
2021-04-21,4173.4199,0.00217617,0,0
2021-04-22,4134.9800,0.00240632,0,0
2021-04-23,4180.1699,0.00173112,0,0
2021-04-26,4187.6201,0.00192717,0,0
2021-04-27,4186.7202,0.00208435,0,0
2021-04-28,4183.1802,0.00203183,0,0
2021-04-29,4211.4702,0.00232624,0,0
2021-04-30,4181.1699,0.00291234,0,0
2021-05-03,4192.6602,0.00277292,0,0
2021-05-04,4164.6602,0.00366928,0,0
2021-05-05,4167.5898,0.00431231,0,0
2021-05-06,4201.6201,0.00344139,0,0
2021-05-07,4232.6001,0.00211035,0,0
2021-05-10,4188.4302,0.00471361,0,0
2021-05-11,4152.1001,0.00566466,1,0
2021-05-12,4063.0400,0.00961681,0,0
2021-05-13,4112.5000,0.00621398,0,0
2021-05-14,4173.8501,0.00347919,0,0
2021-05-17,4163.2900,0.00394555,0,0
2021-05-18,4127.8301,0.00519931,0,0
2021-05-19,4115.6802,0.00465644,0,0
2021-05-20,4159.1201,0.00456390,0,0
2021-05-21,4155.8599,0.00404741,0,0
2021-05-24,4197.0498,0.00277929,0,0
2021-05-25,4188.1299,0.00370306,0,0
2021-05-26,4195.9902,0.00261109,0,0
2021-05-27,4200.8799,0.00282637,0,0
2021-05-28,4204.1099,0.00248440,0,0
2021-06-01,4202.0400,0.00266037,0,0
2021-06-02,4208.1201,0.00222617,0,0
2021-06-03,4192.8501,0.00254738,0,0
2021-06-04,4229.8901,0.00208170,0,0
2021-06-07,4226.5200,0.00211572,0,0
2021-06-08,4227.2598,0.00262484,0,0
2021-06-09,4219.5498,0.00337758,0,0
2021-06-10,4239.1802,0.00225992,0,0
2021-06-11,4247.4399,0.00204841,0,0
2021-06-14,4255.1499,0.00224138,0,0
2021-06-15,4246.5898,0.00242594,0,0
2021-06-16,4223.7002,0.00315778,0,0
2021-06-17,4221.8599,0.00297709,0,0
2021-06-18,4166.4502,0.00474269,0,0
2021-06-21,4224.7900,0.00305259,0,0
2021-06-22,4246.4399,0.00264038,0,0
2021-06-23,4241.8398,0.00257806,0,0
2021-06-24,4266.4902,0.00251186,0,0
2021-06-25,4280.7002,0.00219864,0,0
2021-06-28,4290.6099,0.00271193,0,0
2021-06-29,4291.7998,0.00236309,0,0
2021-06-30,4297.5000,0.00213812,0,0
2021-07-01,4319.9399,0.00180389,0,0
2021-07-02,4352.3398,0.00154986,0,0
2021-07-06,4343.5400,0.00238541,0,0
2021-07-07,4358.1299,0.00200157,0,0
2021-07-08,4320.8198,0.00421052,0,0
2021-07-09,4369.5498,0.00183054,0,0
2021-07-12,4384.6299,0.00167425,0,0
2021-07-13,4369.2100,0.00227456,0,0
2021-07-14,4374.2998,0.00195749,0,0
2021-07-15,4360.0298,0.00228637,0,0
2021-07-16,4327.1602,0.00345465,0,0
2021-07-19,4258.4902,0.00624695,0,0
2021-07-20,4323.0601,0.00376102,0,0
2021-07-21,4358.6899,0.00264953,0,0
2021-07-22,4367.4800,0.00265643,0,0
2021-07-23,4411.7900,0.00202872,0,0
2021-07-26,4422.2998,0.00250107,0,0
2021-07-27,4401.4600,0.00363694,0,0
2021-07-28,4400.6401,0.00279434,0,0
2021-07-29,4419.1499,0.00241814,0,0
2021-07-30,4395.2598,0.00270047,0,0
2021-08-02,4387.1602,0.00332833,0,0
2021-08-03,4423.1499,0.00250119,0,0
2021-08-04,4402.6602,0.00248643,0,0
2021-08-05,4429.1001,0.00235639,0,0
2021-08-06,4436.5200,0.00156400,0,0
2021-08-09,4432.3501,0.00188840,0,0
2021-08-10,4436.7500,0.00206012,0,0
2021-08-11,4442.4102,0.00160654,0,0
2021-08-12,4460.8301,0.00149142,0,0
2021-08-13,4468.0000,0.00137845,0,0
2021-08-16,4479.7100,0.00192330,0,0
2021-08-17,4448.0801,0.00341286,0,0
2021-08-18,4400.2700,0.00726119,0,0
2021-08-19,4405.7998,0.00632306,0,0
2021-08-20,4441.6699,0.00341314,0,0
2021-08-23,4479.5298,0.00264306,0,0
2021-08-24,4486.2300,0.00265869,0,0
2021-08-25,4496.1899,0.00256361,0,0
2021-08-26,4470.0000,0.00477648,0,0
2021-08-27,4509.3701,0.00204084,0,0
2021-08-30,4528.7900,0.00212791,0,0
2021-08-31,4522.6802,0.00266648,0,0
2021-09-01,4524.0898,0.00259206,0,0
2021-09-02,4536.9502,0.00283392,0,0
2021-09-03,4535.4302,0.00228530,0,0
2021-09-07,4520.0298,0.00337574,0,0
2021-09-08,4514.0698,0.00348966,0,0
2021-09-09,4493.2798,0.00453405,0,0
2021-09-10,4458.5801,0.00687750,0,0
2021-09-13,4468.7300,0.00482767,0,0
2021-09-14,4443.0498,0.00497636,0,0
2021-09-15,4480.7002,0.00360668,0,0
2021-09-16,4473.7500,0.00456878,0,0
2021-09-17,4432.9902,0.00647337,0,0
2021-09-20,4357.7300,0.01303076,0,0
2021-09-21,4354.1899,0.01254052,0,0
2021-09-22,4395.6401,0.00809908,0,0
2021-09-23,4448.9800,0.00547050,0,0
2021-09-24,4455.4800,0.00455345,0,0
2021-09-27,4443.1099,0.00543464,1,0
2021-09-28,4352.6299,0.01080512,0,0
2021-09-29,4359.4600,0.00945220,0,0
2021-09-30,4307.5400,0.01096619,0,0
2021-10-01,4357.0400,0.00727995,0,0
2021-10-04,4300.4600,0.01054261,0,0
2021-10-05,4345.7202,0.00823020,0,0
2021-10-06,4363.5498,0.00827178,0,0
2021-10-07,4399.7598,0.00516850,0,0
2021-10-08,4391.3398,0.00399067,0,0
2021-10-11,4361.1899,0.00667956,0,0
2021-10-12,4350.6499,0.00514976,0,0
2021-10-13,4363.7998,0.00464759,0,0
2021-10-14,4438.2598,0.00302966,0,0
2021-10-15,4471.3701,0.00199623,0,0
2021-10-18,4486.4600,0.00214770,0,0
2021-10-19,4519.6299,0.00170113,0,0
2021-10-20,4536.1899,0.00143570,0,0
2021-10-21,4549.7798,0.00137666,0,0
2021-10-22,4544.8999,0.00145625,0,0
2021-10-25,4566.4800,0.00155176,0,0
2021-10-26,4574.7900,0.00185073,0,0
2021-10-27,4551.6802,0.00243688,0,0
2021-10-28,4596.4199,0.00200801,0,0
2021-10-29,4605.3799,0.00186175,0,0
2021-11-01,4613.6699,0.00196551,0,0
2021-11-02,4630.6499,0.00175208,0,0
2021-11-03,4660.5698,0.00122254,0,0
2021-11-04,4680.0601,0.00142524,0,0
2021-11-05,4697.5298,0.00178527,0,0
2021-11-08,4701.7002,0.00194736,0,0
2021-11-09,4685.2500,0.00224763,0,0
2021-11-10,4646.7100,0.00272765,0,0
2021-11-11,4649.2700,0.00209920,0,0
2021-11-12,4682.8501,0.00122801,0,0
2021-11-15,4682.7998,0.00133538,0,0
2021-11-16,4700.8999,0.00129115,0,0
2021-11-17,4688.6699,0.00156076,0,0
2021-11-18,4704.5400,0.00174781,0,0
2021-11-19,4697.9600,0.00205699,0,0
2021-11-22,4682.9399,0.00302630,0,0
2021-11-23,4690.7002,0.00345278,0,0
2021-11-24,4701.4600,0.00321962,1,0
2021-11-26,4594.6201,0.00851741,0,0
2021-11-29,4655.2700,0.00649808,0,0
2021-11-30,4567.0000,0.00911808,0,0
2021-12-01,4513.0400,0.01094822,0,0
2021-12-02,4577.1001,0.00761604,0,0
2021-12-03,4538.4302,0.00752731,0,0
2021-12-06,4591.6699,0.00676628,0,0
2021-12-07,4686.7500,0.00433489,0,0
2021-12-08,4701.2100,0.00296037,0,0
2021-12-09,4667.4502,0.00446019,0,0
2021-12-10,4712.0200,0.00238241,0,0
2021-12-13,4668.9702,0.00364197,0,0
2021-12-14,4634.0898,0.00506212,0,0
2021-12-15,4709.8501,0.00337126,0,0
2021-12-16,4668.6699,0.00425464,0,0
2021-12-17,4620.6401,0.00497343,0,0
2021-12-20,4568.0200,0.00632195,0,0
2021-12-21,4649.2300,0.00456419,0,0
2021-12-22,4696.5601,0.00271786,0,0
2021-12-23,4725.7900,0.00176808,0,0
2021-12-27,4791.1899,0.00194036,0,0
2021-12-28,4786.3501,0.00223792,0,0
2021-12-29,4793.0601,0.00200395,0,0
2021-12-30,4778.7300,0.00247108,0,0
2021-12-31,4766.1802,0.00277278,0,0
2022-01-03,4796.5601,0.00183540,0,0
2022-01-04,4793.5400,0.00211399,0,0
2022-01-05,4700.5801,0.00474477,0,0
2022-01-06,4696.0498,0.00453384,0,0
2022-01-07,4677.0298,0.00409158,0,0
2022-01-10,4670.2900,0.00611707,0,0
2022-01-11,4713.0698,0.00504900,0,0
2022-01-12,4726.3501,0.00406513,0,0
2022-01-13,4659.0298,0.00717384,0,0
2022-01-14,4662.8501,0.00545859,0,0
2022-01-18,4577.1099,0.01050763,0,0
2022-01-19,4532.7598,0.01154768,0,0
2022-01-20,4482.7300,0.01414207,0,0
2022-01-21,4397.9399,0.01349866,0,0
2022-01-24,4410.1299,0.01121901,0,0
2022-01-25,4356.4502,0.01289048,0,0
2022-01-26,4349.9302,0.01425286,0,0
2022-01-27,4326.5098,0.01809505,0,0
2022-01-28,4431.8501,0.01527197,0,0
2022-01-31,4515.5498,0.01294770,0,0
2022-02-01,4546.5400,0.00953718,0,0
2022-02-02,4589.3799,0.00887067,1,0
2022-02-03,4477.4399,0.01211809,0,0
2022-02-04,4500.5298,0.00892087,0,0
2022-02-07,4483.8701,0.00973868,0,0
2022-02-08,4521.5400,0.00902856,0,0
2022-02-09,4587.1802,0.00683542,0,0
2022-02-10,4504.0801,0.01219587,0,0
2022-02-11,4418.6401,0.01469533,0,0
2022-02-14,4401.6699,0.01479076,0,0
2022-02-15,4471.0698,0.01239520,0,0
2022-02-16,4475.0098,0.01058802,1,0
2022-02-17,4380.2598,0.01333149,0,0
2022-02-18,4348.8701,0.01413838,0,0
2022-02-22,4304.7598,0.01933249,0,0
2022-02-23,4225.5000,0.01803182,0,0
2022-02-24,4288.7002,0.01744850,0,0
2022-02-25,4384.6499,0.01415421,0,0
2022-02-28,4373.9399,0.01541755,0,0
2022-03-01,4306.2598,0.01496064,0,0
2022-03-02,4386.5400,0.01079513,0,0
2022-03-03,4363.4902,0.01280089,0,0
2022-03-04,4328.8701,0.01355372,1,0
2022-03-07,4201.0898,0.01464767,0,0
2022-03-08,4170.7002,0.01292269,0,0
2022-03-09,4277.8799,0.01109557,0,0
2022-03-10,4259.5200,0.01037207,0,0
2022-03-11,4204.3101,0.01002678,0,0
2022-03-14,4173.1099,0.01035200,0,0
2022-03-15,4262.4502,0.00857033,0,0
2022-03-16,4357.8599,0.00856134,0,0
2022-03-17,4411.6699,0.00716873,0,0
2022-03-18,4463.1201,0.00783235,0,0
2022-03-21,4461.1802,0.00716763,0,0
2022-03-22,4511.6099,0.00641244,0,0
2022-03-23,4456.2402,0.00740808,0,0
2022-03-24,4520.1602,0.00504468,0,0
2022-03-25,4543.0601,0.00440188,0,0
2022-03-28,4575.5200,0.00321876,0,0
2022-03-29,4631.6001,0.00303096,0,0
2022-03-30,4602.4502,0.00378099,0,0
2022-03-31,4530.4102,0.00474036,0,0
2022-04-01,4545.8599,0.00298916,0,0
2022-04-04,4582.6401,0.00288932,0,0
2022-04-05,4525.1201,0.00433968,0,0
2022-04-06,4481.1499,0.00466859,0,0
2022-04-07,4500.2100,0.00498567,0,0
2022-04-08,4488.2798,0.00428512,0,0
2022-04-11,4412.5298,0.00734736,0,0
2022-04-12,4397.4502,0.00686477,0,0
2022-04-13,4446.5898,0.00448449,0,0
2022-04-14,4392.5898,0.00534534,0,0
2022-04-18,4391.6899,0.00508030,0,0
2022-04-19,4462.2100,0.00437285,0,0
2022-04-20,4459.4502,0.00450500,0,0
2022-04-21,4393.6602,0.00600804,1,0
2022-04-22,4271.7798,0.00958722,0,0
2022-04-25,4296.1201,0.00824964,1,0
2022-04-26,4175.2002,0.01337901,0,0
2022-04-27,4183.9600,0.01198124,0,0
2022-04-28,4287.5000,0.01113427,1,0
2022-04-29,4131.9302,0.01377278,0,0
2022-05-02,4155.3799,0.01173509,0,0
2022-05-03,4175.4800,0.01118482,0,0
2022-05-04,4300.1699,0.00881020,1,0
2022-05-05,4146.8701,0.01139249,0,0
2022-05-06,4123.3398,0.01143335,1,0
2022-05-09,3991.2400,0.01804624,0,0
2022-05-10,4001.0500,0.01782668,0,0
2022-05-11,3935.1799,0.02200178,0,0
2022-05-12,3930.0801,0.02382437,0,0
2022-05-13,4023.8899,0.02057525,0,0
2022-05-16,4008.0100,0.02206858,0,0
2022-05-17,4088.8501,0.01865487,1,0
2022-05-18,3923.6799,0.01978772,0,0
2022-05-19,3900.7900,0.02575048,0,0
2022-05-20,3901.3601,0.02681018,0,0
2022-05-23,3973.7500,0.02626841,0,0
2022-05-24,3941.4800,0.03054502,0,0
2022-05-25,3978.7300,0.02955597,0,0
2022-05-26,4057.8401,0.02622038,0,0
2022-05-27,4158.2402,0.02087761,0,0
2022-05-31,4132.1499,0.02222832,0,0
2022-06-01,4101.2300,0.02180342,0,0
2022-06-02,4176.8198,0.01922713,0,0
2022-06-03,4108.5400,0.01950752,0,0
2022-06-06,4121.4302,0.02117661,0,0
2022-06-07,4160.6802,0.01841654,0,0
2022-06-08,4115.7700,0.01859323,1,0
2022-06-09,4017.8201,0.02425855,1,0
2022-06-10,3900.8601,0.02580564,1,0
2022-06-13,3749.6299,0.03566479,0,0
2022-06-14,3735.4800,0.03348675,0,0
2022-06-15,3789.9900,0.03694622,1,0
2022-06-16,3666.7700,0.04224343,0,0
2022-06-17,3674.8401,0.03629759,0,0
2022-06-21,3764.7900,0.03710689,0,0
2022-06-22,3759.8899,0.04136890,0,0
2022-06-23,3795.7300,0.03896036,0,0
2022-06-24,3911.7400,0.03298576,0,0
2022-06-27,3900.1101,0.03681496,1,0
2022-06-28,3821.5500,0.04201646,0,0
2022-06-29,3818.8301,0.04609252,0,0
2022-06-30,3785.3799,0.04505836,0,0
2022-07-01,3825.3301,0.03690674,0,0
2022-07-05,3831.3899,0.04098828,0,0
2022-07-06,3845.0801,0.03711841,0,0
2022-07-07,3902.6201,0.03037364,0,0
2022-07-08,3899.3799,0.02665314,0,0
2022-07-11,3854.4299,0.03587644,0,0
2022-07-12,3818.8000,0.04134961,0,0
2022-07-13,3801.7800,0.04279955,0,0
2022-07-14,3790.3799,0.03657171,0,0
2022-07-15,3863.1599,0.02996126,0,0
2022-07-18,3830.8501,0.03330949,0,0
2022-07-19,3936.6899,0.02535268,0,0
2022-07-20,3959.8999,0.02630354,0,0
2022-07-21,3998.9500,0.02364444,0,0
2022-07-22,3961.6299,0.02628453,0,0
2022-07-25,3966.8401,0.03065230,0,0
2022-07-26,3921.0500,0.03669351,0,0
2022-07-27,4023.6101,0.03201369,0,0
2022-07-28,4072.4299,0.03448199,0,0
2022-07-29,4130.2900,0.02860578,0,0
2022-08-01,4118.6299,0.03477458,0,0
2022-08-02,4091.1899,0.03656213,0,0
2022-08-03,4155.1699,0.02826476,0,0
2022-08-04,4151.9399,0.02215089,0,0
2022-08-05,4145.1899,0.01905837,0,0
2022-08-08,4140.0601,0.01620571,0,0
2022-08-09,4122.4702,0.02035765,0,0
2022-08-10,4210.2402,0.01306513,0,0
2022-08-11,4207.2700,0.01334617,0,0
2022-08-12,4280.1499,0.01114068,0,0
2022-08-15,4297.1401,0.01311954,0,0
2022-08-16,4305.2002,0.01236106,0,0
2022-08-17,4274.0400,0.01263727,0,0
2022-08-18,4283.7402,0.01165018,0,0
2022-08-19,4228.4800,0.01270206,1,0
2022-08-22,4137.9902,0.02593001,0,0
2022-08-23,4128.7300,0.02990721,0,0
2022-08-24,4140.7700,0.02806812,0,0
2022-08-25,4199.1201,0.02490444,1,0
2022-08-26,4057.6599,0.04036064,0,0
2022-08-29,4030.6101,0.04906763,0,0
2022-08-30,3986.1599,0.05139506,0,0
2022-08-31,3955.0000,0.05495354,0,0
2022-09-01,3966.8501,0.05357586,0,0
2022-09-02,3924.2600,0.05305384,0,0
2022-09-06,3908.1899,0.05216850,0,0
2022-09-07,3979.8701,0.04235485,0,0
2022-09-08,4006.1799,0.03461614,0,0
2022-09-09,4067.3601,0.02823097,0,0
2022-09-12,4110.4102,0.03469693,1,0
2022-09-13,3932.6899,0.03960513,0,0
2022-09-14,3946.0100,0.03753357,0,0
2022-09-15,3901.3501,0.03898266,0,0
2022-09-16,3873.3301,0.03860030,0,0
2022-09-19,3899.8899,0.04120816,0,0
2022-09-20,3855.9299,0.05011553,0,0
2022-09-21,3789.9299,0.05357466,0,0
2022-09-22,3757.9900,0.05542689,0,0
2022-09-23,3693.2300,0.05497279,0,0
2022-09-26,3655.0400,0.06103117,0,0
2022-09-27,3647.2900,0.05547225,0,0
2022-09-28,3719.0400,0.04904213,1,0
2022-09-29,3640.4700,0.05449934,0,0
2022-09-30,3585.6201,0.05445473,0,0
2022-10-03,3678.4299,0.05139059,0,0
2022-10-04,3790.9299,0.04264605,0,0
2022-10-05,3783.2800,0.04260229,0,0
2022-10-06,3744.5200,0.04504998,1,0
2022-10-07,3639.6599,0.04173272,0,0
2022-10-10,3612.3899,0.04652729,0,0
2022-10-11,3588.8401,0.05093719,0,0
2022-10-12,3577.0300,0.05665331,0,0
2022-10-13,3669.9099,0.05731387,1,0
2022-10-14,3583.0701,0.05177155,0,0
2022-10-17,3677.9500,0.04625459,0,0
2022-10-18,3719.9800,0.04637023,0,0
2022-10-19,3695.1599,0.04582288,0,0
2022-10-20,3665.7800,0.04711855,0,0
2022-10-21,3752.7500,0.04312157,0,0
2022-10-24,3797.3401,0.04494312,0,0
2022-10-25,3859.1101,0.03945757,0,0
2022-10-26,3830.6001,0.04132057,0,0
2022-10-27,3807.3000,0.04490629,0,0
2022-10-28,3901.0601,0.04106939,0,0
2022-10-31,3871.9800,0.04565505,0,0
2022-11-01,3856.1001,0.04809505,1,0
2022-11-02,3759.6899,0.04318747,0,0
2022-11-03,3719.8899,0.04892343,0,0
2022-11-04,3770.5500,0.04075834,0,0
2022-11-07,3806.8000,0.03815686,0,0
2022-11-08,3828.1101,0.04067355,1,0
2022-11-09,3748.5701,0.03884040,0,0
2022-11-10,3956.3701,0.02675086,0,0
2022-11-11,3992.9299,0.02160864,0,0
2022-11-14,3957.2500,0.02899285,0,0
2022-11-15,3991.7300,0.02946315,0,0
2022-11-16,3958.7900,0.03656208,0,0
2022-11-17,3946.5601,0.03915087,0,0
2022-11-18,3965.3401,0.03394462,0,0
2022-11-21,3949.9399,0.03213975,0,0
2022-11-22,4003.5801,0.02920520,0,0
2022-11-23,4027.2600,0.02334247,0,0
2022-11-25,4026.1201,0.02014287,0,0
2022-11-28,3963.9399,0.02852610,0,0
2022-11-29,3957.6299,0.02600049,0,0
2022-11-30,4080.1101,0.02278764,0,0
2022-12-01,4076.5701,0.02028665,0,0
2022-12-02,4071.7000,0.01687276,0,0
2022-12-05,3998.8401,0.02649570,0,0
2022-12-06,3941.2600,0.03740651,0,0
2022-12-07,3933.9199,0.03838596,0,0
2022-12-08,3963.5100,0.03939558,0,0
2022-12-09,3934.3799,0.03734276,0,0
2022-12-12,3990.5601,0.05612866,0,0
2022-12-13,4019.6499,0.04257762,0,0
2022-12-14,3995.3201,0.03622784,1,0
2022-12-15,3895.7500,0.03825410,0,0
2022-12-16,3852.3601,0.03663148,0,0
2022-12-19,3817.6599,0.03564131,0,0
2022-12-20,3821.6201,0.03180151,0,0
2022-12-21,3878.4399,0.02786859,0,0
2022-12-22,3822.3899,0.03494679,0,0
2022-12-23,3844.8201,0.02747832,0,0
2022-12-27,3829.2500,0.03589744,0,0
2022-12-28,3783.2200,0.04376022,0,0
2022-12-29,3849.2800,0.04222351,0,0
2022-12-30,3839.5000,0.03875065,0,0
2023-01-03,3824.1399,0.05851341,0,0
2023-01-04,3852.9700,0.05735608,0,0
2023-01-05,3808.1001,0.06505382,0,0
2023-01-06,3895.0801,0.05319861,0,0
2023-01-09,3892.0901,0.05687540,0,0
2023-01-10,3919.2500,0.04746964,0,0
2023-01-11,3969.6101,0.05587031,0,0
2023-01-12,3983.1699,0.03589124,0,0
2023-01-13,3999.0901,0.03223904,0,0
2023-01-17,3990.9700,0.04370854,0,0
2023-01-18,3928.8601,0.04988202,0,0
2023-01-19,3898.8501,0.05308992,0,0
2023-01-20,3972.6101,0.05069208,0,0
2023-01-23,4019.8101,0.04907543,0,0
2023-01-24,4016.9500,0.05312833,0,0
2023-01-25,4016.2200,0.04950603,0,0
2023-01-26,4060.4299,0.04633677,0,0
2023-01-27,4070.5601,0.04663840,0,0
2023-01-30,4017.7700,0.06017362,0,0
2023-01-31,4076.6001,0.05302289,0,0
2023-02-01,4119.2100,0.03906352,0,0
2023-02-02,4179.7598,0.03666930,0,0
2023-02-03,4136.4800,0.03213032,0,0
2023-02-06,4111.0801,0.03858974,0,0
2023-02-07,4164.0000,0.03292186,0,0
2023-02-08,4117.8599,0.03397747,0,0
2023-02-09,4081.5000,0.04176883,0,0
2023-02-10,4090.4600,0.03634548,0,0
2023-02-13,4137.2900,0.04188727,0,0
2023-02-14,4136.1299,0.03100401,0,0
2023-02-15,4147.6001,0.02693700,0,0
2023-02-16,4090.4099,0.03705172,0,0
2023-02-17,4079.0901,0.03578302,1,0
2023-02-21,3997.3401,0.05354062,0,0
2023-02-22,3991.0500,0.05702824,0,0
2023-02-23,4012.3201,0.05612622,0,0
2023-02-24,3970.0400,0.04910903,0,0
2023-02-27,3982.2400,0.05538949,0,0
2023-02-28,3970.1499,0.05710042,0,0
2023-03-01,3951.3899,0.04886605,0,0
2023-03-02,3981.3501,0.04339767,0,0
2023-03-03,4045.6399,0.03510597,0,0
2023-03-06,4048.4199,0.03478532,0,0
2023-03-07,3986.3701,0.03997593,0,0
2023-03-08,3992.0100,0.03956407,0,0
2023-03-09,3918.3201,0.05236372,0,0
2023-03-10,3861.5901,0.04377021,0,0
2023-03-13,3855.7600,0.04865428,0,0
2023-03-14,3919.2900,0.03547141,0,0
2023-03-15,3891.9299,0.03471681,0,0
2023-03-16,3960.2800,0.03320412,0,0
2023-03-17,3916.6399,0.03120165,0,0
2023-03-20,3951.5701,0.03579386,0,0
2023-03-21,4002.8701,0.03019317,0,0
2023-03-22,3936.9700,0.03562637,0,0
2023-03-23,3948.7200,0.04024936,0,0
2023-03-24,3970.9900,0.03569483,0,0
2023-03-27,3977.5300,0.03342152,0,0
2023-03-28,3971.2700,0.03378175,0,0
2023-03-29,4027.8101,0.03210709,0,0
2023-03-30,4050.8301,0.02906046,0,0
2023-03-31,4109.3101,0.02653144,0,0
2023-04-03,4124.5098,0.02864960,0,0
2023-04-04,4100.6001,0.02697319,0,0
2023-04-05,4090.3799,0.02811788,0,0
2023-04-06,4105.0200,0.02821249,0,0
2023-04-10,4109.1099,0.03081532,0,0
2023-04-11,4108.9399,0.03283307,0,0
2023-04-12,4091.9500,0.03234772,0,0
2023-04-13,4146.2202,0.02332599,0,0
2023-04-14,4137.6401,0.01697823,0,0
2023-04-17,4151.3198,0.01814172,0,0
2023-04-18,4154.8701,0.01592160,0,0
2023-04-19,4154.5200,0.01181020,0,0
2023-04-20,4129.7900,0.01386277,0,0
2023-04-21,4133.5200,0.01182658,0,0
2023-04-24,4137.0400,0.01317358,0,0
2023-04-25,4071.6299,0.02189309,0,0
2023-04-26,4055.9900,0.02466427,0,0
2023-04-27,4135.3501,0.01600846,0,0
2023-04-28,4169.4800,0.01203139,0,0
2023-05-01,4167.8701,0.01338682,0,0
2023-05-02,4119.5801,0.02395521,0,0
2023-05-03,4090.7500,0.02473497,0,0
2023-05-04,4061.2200,0.02907985,0,0
2023-05-05,4136.2500,0.01613990,0,0
2023-05-08,4138.1201,0.01527821,0,0
2023-05-09,4119.1699,0.01810878,0,0
2023-05-10,4137.6401,0.01439493,0,0
2023-05-11,4130.6201,0.01602217,0,0
2023-05-12,4124.0801,0.01737937,0,0
2023-05-15,4136.2798,0.02211365,0,0
2023-05-16,4109.8999,0.02790133,0,0
2023-05-17,4158.7700,0.02174026,0,0
2023-05-18,4198.0498,0.01936908,0,0
2023-05-19,4191.9800,0.02132057,0,0
2023-05-22,4192.6299,0.02189025,0,0
2023-05-23,4145.5801,0.03041663,0,0
2023-05-24,4115.2402,0.03770596,0,0
2023-05-25,4151.2798,0.03579181,0,0
2023-05-26,4205.4502,0.03166114,0,0
2023-05-30,4205.5200,0.02686751,0,0
2023-05-31,4179.8301,0.02894500,0,0
2023-06-01,4221.0200,0.01825262,0,0
2023-06-02,4282.3701,0.01407230,0,0
2023-06-05,4273.7900,0.01527349,0,0
2023-06-06,4283.8501,0.01207809,0,0
2023-06-07,4267.5200,0.00914612,0,0
2023-06-08,4293.9302,0.00915040,0,0
2023-06-09,4298.8599,0.00955149,0,0
2023-06-12,4338.9302,0.01622649,0,0
2023-06-13,4369.0098,0.01114344,0,0
2023-06-14,4372.5898,0.00996838,0,0
2023-06-15,4425.8398,0.01336087,0,0
2023-06-16,4409.5898,0.00905282,0,0
2023-06-20,4388.7100,0.00857324,0,0
2023-06-21,4365.6899,0.00724458,0,0
2023-06-22,4381.8901,0.00740027,0,0
2023-06-23,4348.3301,0.00950609,0,0
2023-06-26,4328.8198,0.01501949,0,0
2023-06-27,4378.4102,0.01413327,0,0
2023-06-28,4376.8599,0.01598475,0,0
2023-06-29,4396.4399,0.01309421,0,0
2023-06-30,4450.3799,0.01245306,0,0
2023-07-03,4455.5898,0.01118503,0,0
2023-07-05,4446.8198,0.01364184,0,0
2023-07-06,4411.5898,0.01685816,0,0
2023-07-07,4398.9502,0.01363227,0,0
2023-07-10,4409.5298,0.01519884,0,0
2023-07-11,4439.2598,0.01549932,0,0
2023-07-12,4472.1602,0.01004815,0,0
2023-07-13,4510.0400,0.01108812,0,0
2023-07-14,4505.4199,0.00953596,0,0
2023-07-17,4522.7900,0.00935629,0,0
2023-07-18,4554.9800,0.00849253,0,0
2023-07-19,4565.7202,0.00923679,0,0
2023-07-20,4534.8701,0.01009646,0,0
2023-07-21,4536.3398,0.00862382,0,0
2023-07-24,4554.6401,0.01159452,0,0
2023-07-25,4567.4600,0.01182582,0,0
2023-07-26,4566.7500,0.00894957,0,0
2023-07-27,4537.4102,0.01238052,0,0
2023-07-28,4582.2300,0.00867300,0,0
2023-07-31,4588.9600,0.00966379,0,0
2023-08-01,4576.7300,0.00979707,0,0
2023-08-02,4513.3901,0.01435234,0,0
2023-08-03,4501.8901,0.01427849,0,0
2023-08-04,4478.0298,0.01635157,0,0
2023-08-07,4518.4399,0.01334014,0,0
2023-08-08,4499.3799,0.01301999,0,0
2023-08-09,4467.7100,0.01512905,0,0
2023-08-10,4468.8301,0.01387074,0,0
2023-08-11,4464.0498,0.01038805,0,0
2023-08-14,4489.7202,0.01165697,0,0
2023-08-15,4437.8599,0.01631256,0,0
2023-08-16,4404.3301,0.01739971,0,0
2023-08-17,4370.3599,0.02149346,0,0
2023-08-18,4369.7100,0.02118397,0,0
2023-08-21,4399.7700,0.02439093,0,0
2023-08-22,4387.5498,0.02240297,0,0
2023-08-23,4436.0098,0.02041523,0,0
2023-08-24,4376.3101,0.02566608,0,0
2023-08-25,4405.7100,0.01923406,0,0
2023-08-28,4433.3101,0.01911357,0,0
2023-08-29,4497.6299,0.01834969,0,0
2023-08-30,4514.8701,0.01415874,0,0
2023-08-31,4507.6602,0.01437662,0,0
2023-09-01,4515.7700,0.01180057,0,0
2023-09-05,4496.8301,0.01723092,0,0
2023-09-06,4465.4800,0.01838411,0,0
2023-09-07,4451.1401,0.01887056,0,0
2023-09-08,4457.4902,0.01764675,0,0
2023-09-11,4487.4600,0.01693809,0,0
2023-09-12,4461.8999,0.01993685,0,0
2023-09-13,4467.4399,0.01479871,0,0
2023-09-14,4505.1001,0.01127211,0,0
2023-09-15,4450.3198,0.01493191,0,0
2023-09-18,4453.5298,0.01730192,0,0
2023-09-19,4443.9502,0.01766440,0,0
2023-09-20,4402.2002,0.02377769,0,0
2023-09-21,4330.0000,0.03718303,0,0
2023-09-22,4320.0601,0.03590257,0,0
2023-09-25,4337.4399,0.03341364,0,0
2023-09-26,4273.5298,0.03483886,0,0
2023-09-27,4274.5098,0.03398275,0,0
2023-09-28,4299.7002,0.03169230,0,0
2023-09-29,4288.0498,0.03216912,0,0
2023-10-02,4288.3901,0.03474798,0,0
2023-10-03,4229.4502,0.04287939,0,0
2023-10-04,4263.7500,0.04024698,0,0
2023-10-05,4258.1899,0.03908385,0,0
2023-10-06,4308.5000,0.03292365,0,0
2023-10-09,4335.6602,0.03603571,0,0
2023-10-10,4358.2402,0.03101129,0,0
2023-10-11,4376.9502,0.02826746,0,0
2023-10-12,4349.6099,0.03029401,0,0
2023-10-13,4327.7798,0.03018275,0,0
2023-10-16,4373.6299,0.02648779,0,0
2023-10-17,4373.2002,0.02735848,0,0
2023-10-18,4314.6001,0.03006592,0,0
2023-10-19,4278.0000,0.03402254,0,0
2023-10-20,4224.1602,0.03679942,0,0
2023-10-23,4217.0400,0.03949809,0,0
2023-10-24,4247.6802,0.03861719,0,0
2023-10-25,4186.7700,0.03959739,0,0
2023-10-26,4137.2300,0.04431906,0,0
2023-10-27,4117.3701,0.04540222,0,0
2023-10-30,4166.8198,0.04696209,0,0
2023-10-31,4193.7998,0.04290625,0,0
2023-11-01,4237.8599,0.03585397,0,0
2023-11-02,4317.7798,0.02491447,0,0
2023-11-03,4358.3398,0.02087585,0,0
2023-11-06,4365.9800,0.02256018,0,0
2023-11-07,4378.3799,0.02289033,0,0
2023-11-08,4382.7798,0.02343386,0,0
2023-11-09,4347.3501,0.02649081,0,0
2023-11-10,4415.2402,0.01993997,0,0
2023-11-13,4411.5498,0.02867360,0,0
2023-11-14,4495.7002,0.02002138,0,0
2023-11-15,4502.8799,0.01832106,0,0
2023-11-16,4508.2402,0.01954273,0,0
2023-11-17,4514.0200,0.01759245,0,0
2023-11-20,4547.3799,0.01436216,0,0
2023-11-21,4538.1899,0.01762334,0,0
2023-11-22,4556.6201,0.01173633,0,0
2023-11-24,4559.3398,0.01032797,0,0
2023-11-27,4550.4302,0.01069033,0,0
2023-11-28,4554.8901,0.01210890,0,0
2023-11-29,4550.5801,0.01206972,0,0
2023-11-30,4567.7998,0.01082126,0,0
2023-12-01,4594.6299,0.00820862,0,0
2023-12-04,4569.7798,0.00853678,0,0
2023-12-05,4567.1802,0.00842513,0,0
2023-12-06,4549.3398,0.00850921,0,0
2023-12-07,4585.5898,0.01045845,0,0
2023-12-08,4604.3701,0.00817403,0,0
2023-12-11,4622.4399,0.00915964,0,0
2023-12-12,4643.7002,0.00656806,0,0
2023-12-13,4707.0898,0.00715352,0,0
2023-12-14,4719.5498,0.00676633,0,0
2023-12-15,4719.1899,0.00548969,0,0
2023-12-18,4740.5601,0.00623049,0,0
2023-12-19,4768.3701,0.00572193,0,0
2023-12-20,4698.3501,0.00775409,0,0
2023-12-21,4746.7500,0.00854920,0,0
2023-12-22,4754.6299,0.00658168,0,0
2023-12-26,4774.7500,0.00645333,0,0
2023-12-27,4781.5801,0.00617858,0,0
2023-12-28,4783.3501,0.00655112,0,0
2023-12-29,4769.8301,0.00614936,0,0
2024-01-02,4742.8301,0.00991255,0,0
2024-01-03,4704.8101,0.01419791,0,0
2024-01-04,4688.6802,0.01377832,0,0
2024-01-05,4697.2402,0.01225062,0,0
2024-01-08,4763.5400,0.01090412,0,0
2024-01-09,4756.5000,0.00985187,0,0
2024-01-10,4783.4502,0.01022155,0,0
2024-01-11,4780.2402,0.00993836,0,0
2024-01-12,4783.8301,0.00921418,0,0
2024-01-16,4765.9800,0.01257559,0,0
2024-01-17,4739.2100,0.01450636,0,0
2024-01-18,4780.9399,0.01248799,0,0
2024-01-19,4839.8101,0.00974538,0,0
2024-01-22,4850.4302,0.01026525,0,0
2024-01-23,4864.6001,0.00870542,0,0
2024-01-24,4868.5498,0.00978080,0,0
2024-01-25,4894.1602,0.01034271,0,0
2024-01-26,4890.9702,0.00941910,0,0
2024-01-29,4927.9302,0.01064581,0,0
2024-01-30,4924.9702,0.00943722,0,0
2024-01-31,4845.6499,0.01215468,0,0
2024-02-01,4906.1899,0.01145233,0,0
2024-02-02,4958.6099,0.01003127,0,0
2024-02-05,4942.8101,0.01069101,0,0
2024-02-06,4954.2300,0.00822305,0,0
2024-02-07,4995.0601,0.00803862,0,0
2024-02-08,4997.9102,0.00686816,0,0
2024-02-09,5026.6099,0.00615611,0,0
2024-02-12,5021.8398,0.00895981,0,0
2024-02-13,4953.1699,0.01315797,0,0
2024-02-14,5000.6201,0.00916768,0,0
2024-02-15,5029.7300,0.00861186,0,0
2024-02-16,5005.5698,0.01015055,0,0
2024-02-20,4975.5098,0.01447260,0,0
2024-02-21,4981.7998,0.01513433,0,0
2024-02-22,5087.0298,0.01284820,0,0
2024-02-23,5088.7998,0.01106566,0,0
2024-02-26,5069.5298,0.01084449,0,0
2024-02-27,5078.1802,0.00985328,0,0
2024-02-28,5069.7598,0.01083125,0,0
2024-02-29,5096.2700,0.01019624,0,0
2024-03-01,5137.0801,0.00860326,0,0
2024-03-04,5130.9502,0.00868272,0,0
2024-03-05,5078.6499,0.01079139,0,0
2024-03-06,5104.7598,0.01093639,0,0
2024-03-07,5157.3599,0.01096474,0,0
2024-03-08,5123.6899,0.01043789,0,0
2024-03-11,5117.9399,0.01246139,0,0
2024-03-12,5175.2700,0.00906811,0,0
2024-03-13,5165.3101,0.00870775,0,0
2024-03-14,5150.4800,0.00930128,0,0
2024-03-15,5117.0898,0.00820002,0,0
2024-03-18,5149.4199,0.00898911,0,0
2024-03-19,5178.5098,0.00784947,0,0
2024-03-20,5224.6201,0.00626089,0,0
2024-03-21,5241.5298,0.00527722,0,0
2024-03-22,5234.1802,0.00562844,0,0
2024-03-25,5218.1899,0.00587062,0,0
2024-03-26,5203.5801,0.00610041,0,0
2024-03-27,5248.4902,0.00478936,0,0
2024-03-28,5254.3501,0.00498239,0,0
2024-04-01,5243.7700,0.00632973,0,0
2024-04-02,5205.8101,0.00931682,0,0
2024-04-03,5211.4902,0.00886850,0,0
2024-04-04,5147.2100,0.01349316,0,0
2024-04-05,5204.3398,0.01072752,0,0
2024-04-08,5202.3901,0.00960284,0,0
2024-04-09,5209.9102,0.00906376,0,0
2024-04-10,5160.6401,0.01071202,0,0
2024-04-11,5199.0601,0.00894972,0,0
2024-04-12,5123.4102,0.01254141,0,0
2024-04-15,5061.8198,0.01665794,0,0
2024-04-16,5051.4102,0.01672887,0,0
2024-04-17,5022.2100,0.01808506,0,0
2024-04-18,5011.1201,0.01762341,0,0
2024-04-19,4967.2300,0.01751022,0,0
2024-04-22,5010.6001,0.01734867,0,0
2024-04-23,5070.5498,0.01387156,0,0
2024-04-24,5071.6299,0.01486449,0,0
2024-04-25,5048.4199,0.01353033,0,0
2024-04-26,5099.9600,0.01007226,0,0
2024-04-29,5116.1699,0.00932348,0,0
2024-04-30,5035.6899,0.01289087,0,0
2024-05-01,5018.3901,0.01140770,0,0
2024-05-02,5064.2002,0.00975837,0,0
2024-05-03,5127.7900,0.00683692,0,0
2024-05-06,5180.7402,0.00863738,0,0
2024-05-07,5187.7002,0.00772812,0,0
2024-05-08,5187.6699,0.00734393,0,0
2024-05-09,5214.0801,0.00577267,0,0
2024-05-10,5222.6802,0.00568165,0,0
2024-05-13,5221.4199,0.01044566,0,0
2024-05-14,5246.6802,0.00990252,0,0
2024-05-15,5308.1499,0.00754777,0,0
2024-05-16,5297.1001,0.00627449,0,0
2024-05-17,5303.2700,0.00525179,0,0
2024-05-20,5308.1299,0.00510380,0,0
2024-05-21,5321.4102,0.00454835,0,0
2024-05-22,5307.0098,0.00534294,0,0
2024-05-23,5267.8398,0.00579552,0,0
2024-05-24,5304.7202,0.00399242,0,0
2024-05-28,5306.0400,0.00583773,0,0
2024-05-29,5266.9502,0.00928939,0,0
2024-05-30,5235.4800,0.00900514,0,0
2024-05-31,5277.5098,0.00613110,0,0
2024-06-03,5283.3999,0.00751736,0,0
2024-06-04,5291.3398,0.00816258,0,0
2024-06-05,5354.0298,0.00655536,0,0
2024-06-06,5352.9600,0.00640351,0,0
2024-06-07,5346.9902,0.00563208,0,0
2024-06-10,5360.7900,0.00679095,0,0
2024-06-11,5375.3198,0.00821966,0,0
2024-06-12,5421.0298,0.00560824,0,0
2024-06-13,5433.7402,0.00535778,0,0
2024-06-14,5431.6001,0.00572812,0,0
2024-06-17,5473.2300,0.00655036,0,0
2024-06-18,5487.0298,0.00539392,0,0
2024-06-20,5473.1699,0.00654899,0,0
2024-06-21,5464.6201,0.00691820,0,0
2024-06-24,5447.8701,0.00803167,0,0
2024-06-25,5469.2998,0.00743016,0,0
2024-06-26,5477.8999,0.00676647,0,0
2024-06-27,5482.8701,0.00625099,0,0
2024-06-28,5460.4800,0.00674837,0,0
2024-07-01,5475.0898,0.00669442,0,0
2024-07-02,5509.0098,0.00654716,0,0
2024-07-03,5537.0200,0.00704006,0,0
2024-07-05,5567.1899,0.00762896,0,0
2024-07-08,5572.8501,0.00707805,0,0
2024-07-09,5576.9800,0.00721494,0,0
2024-07-10,5633.9102,0.00782614,0,0
2024-07-11,5584.5400,0.00710586,0,0
2024-07-12,5615.3501,0.00612485,0,0
2024-07-15,5631.2202,0.00636116,0,0
2024-07-16,5667.2002,0.00582001,0,0
2024-07-17,5588.2700,0.00866486,0,0
2024-07-18,5544.5898,0.01287471,0,0
2024-07-19,5505.0000,0.01353154,0,0
2024-07-22,5564.4102,0.01035668,0,0
2024-07-23,5555.7402,0.00991159,1,0
2024-07-24,5427.1299,0.01509962,0,0
2024-07-25,5399.2202,0.01625837,0,0
2024-07-26,5459.1001,0.01288320,0,0
2024-07-29,5463.5400,0.01655530,0,0
2024-07-30,5436.4399,0.01875810,0,0
2024-07-31,5522.2998,0.01525821,0,0
2024-08-01,5446.6802,0.01638620,0,0
2024-08-02,5346.5601,0.01843062,1,0
2024-08-05,5186.3301,0.02128590,0,0
2024-08-06,5240.0298,0.01872599,0,0
2024-08-07,5199.5000,0.01846313,0,0
2024-08-08,5319.3101,0.01490702,0,0
2024-08-09,5344.1602,0.01610465,0,0
2024-08-12,5344.3901,0.01626156,0,0
2024-08-13,5434.4302,0.01116410,0,0
2024-08-14,5455.2100,0.00942762,0,0
2024-08-15,5543.2202,0.00661727,0,0
2024-08-16,5554.2500,0.00522293,0,0
2024-08-19,5608.2500,0.00512436,0,0
2024-08-20,5597.1201,0.00725631,0,0
2024-08-21,5620.8501,0.00712989,0,0
2024-08-22,5570.6401,0.00905287,0,0
2024-08-23,5634.6099,0.00614874,0,0
2024-08-26,5616.8398,0.00751822,0,0
2024-08-27,5625.7998,0.00676924,0,0
2024-08-28,5592.1802,0.00872185,0,0
2024-08-29,5591.9600,0.00565129,0,0
2024-08-30,5648.3999,0.00466125,1,0
2024-09-03,5528.9302,0.00953921,0,0
2024-09-04,5520.0698,0.01052676,0,0
2024-09-05,5503.4102,0.01085608,0,0
2024-09-06,5408.4199,0.01399541,0,0
2024-09-09,5471.0498,0.01142853,0,0
2024-09-10,5495.5200,0.01083401,0,0
2024-09-11,5554.1299,0.00816819,0,0
2024-09-12,5595.7598,0.00558394,0,0
2024-09-13,5626.0200,0.00397334,0,0
2024-09-16,5633.0898,0.00400043,0,0
2024-09-17,5634.5801,0.00390184,0,0
2024-09-18,5618.2598,0.00413519,0,0
2024-09-19,5713.6401,0.00259042,0,0
2024-09-20,5702.5498,0.00280659,0,0
2024-09-23,5718.5698,0.00287102,0,0
2024-09-24,5732.9302,0.00257490,0,0
2024-09-25,5722.2598,0.00268421,0,0
2024-09-26,5745.3701,0.00281177,0,0
2024-09-27,5738.1699,0.00353913,0,0
2024-09-30,5762.4800,0.00382254,0,0
2024-10-01,5708.7500,0.00623326,0,0
2024-10-02,5709.5400,0.00550557,0,0
2024-10-03,5699.9399,0.00664422,0,0
2024-10-04,5751.0698,0.00711373,0,0
2024-10-07,5695.9399,0.01158675,0,0
2024-10-08,5751.1299,0.01270971,0,0
2024-10-09,5792.0400,0.01423224,0,0
2024-10-10,5780.0498,0.01466010,0,0
2024-10-11,5815.0298,0.01181493,0,0
2024-10-14,5859.8501,0.01561797,0,0
2024-10-15,5815.2598,0.01350883,0,0
2024-10-16,5842.4702,0.01070204,0,0
2024-10-17,5841.4702,0.01061627,0,0
2024-10-18,5864.6699,0.01047843,0,0
2024-10-21,5853.9800,0.01296008,0,0
2024-10-22,5851.2002,0.01255451,0,0
2024-10-23,5797.4199,0.01375976,0,0
2024-10-24,5809.8599,0.01380408,0,0
2024-10-25,5808.1201,0.01207023,0,0
2024-10-28,5823.5200,0.01122753,0,0
2024-10-29,5832.9199,0.00965712,0,0
2024-10-30,5813.6699,0.01044899,0,0
2024-10-31,5705.4502,0.01384686,0,0
2024-11-01,5728.7998,0.01291598,0,0
2024-11-04,5712.6899,0.01440242,0,0
2024-11-05,5782.7598,0.01315223,0,0
2024-11-06,5929.0400,0.00590593,0,0
2024-11-07,5973.1001,0.00472564,0,0
2024-11-08,5995.5400,0.00475098,0,0
2024-11-11,6001.3501,0.00630542,0,0
2024-11-12,5983.9902,0.00474596,0,0
2024-11-13,5985.3799,0.00320064,0,0
2024-11-14,5949.1699,0.00370728,0,0
2024-11-15,5870.6201,0.00598112,0,0
2024-11-18,5893.6201,0.00681000,0,0
2024-11-19,5916.9800,0.00760233,0,0
2024-11-20,5917.1099,0.00774015,0,0
2024-11-21,5948.7100,0.00635341,0,0
2024-11-22,5969.3398,0.00379051,0,0
2024-11-25,5987.3701,0.00309433,0,0
2024-11-26,6021.6299,0.00264933,0,0
2024-11-27,5998.7402,0.00242812,0,0
2024-11-29,6032.3799,0.00199670,0,0
2024-12-02,6047.1499,0.00161747,0,0
2024-12-03,6049.8799,0.00162800,0,0
2024-12-04,6086.4902,0.00159003,0,0
2024-12-05,6075.1099,0.00150836,0,0
2024-12-06,6090.2700,0.00105769,0,0
2024-12-09,6052.8501,0.00208071,0,0
2024-12-10,6034.9102,0.00215850,0,0
2024-12-11,6084.1899,0.00141446,0,0
2024-12-12,6051.2500,0.00148232,0,0
2024-12-13,6051.0898,0.00156299,0,0
2024-12-16,6074.0801,0.00222050,0,0
2024-12-17,6050.6099,0.00314263,1,0
2024-12-18,5872.1602,0.01840326,0,0
2024-12-19,5867.0801,0.00828507,0,0
2024-12-20,5930.8501,0.00535663,0,0
2024-12-23,5974.0698,0.00465832,0,0
2024-12-24,6040.0400,0.00209644,0,0
2024-12-26,6037.5898,0.00262828,0,0
2024-12-27,5970.8398,0.00409737,0,0
2024-12-30,5906.9399,0.00625661,0,0
2024-12-31,5881.6299,0.00561765,0,0
2025-01-02,5868.5498,0.00737770,0,0
2025-01-03,5942.4702,0.00499465,0,0
2025-01-06,5975.3799,0.00525122,0,0
2025-01-07,5909.0298,0.00693497,0,0
2025-01-08,5918.2500,0.00668609,0,0
2025-01-10,5827.0400,0.00782281,0,0
2025-01-13,5836.2202,0.00701795,0,0
2025-01-14,5842.9102,0.00715070,0,0
2025-01-15,5949.9102,0.00502093,0,0
2025-01-16,5937.3398,0.00572777,0,0
2025-01-17,5996.6602,0.00441886,0,0
2025-01-21,6049.2402,0.00329124,0,0
2025-01-22,6086.3701,0.00255517,0,0
2025-01-23,6118.7100,0.00281560,0,0
2025-01-24,6101.2402,0.00272313,0,0
2025-01-27,6012.2798,0.00779395,0,0
2025-01-28,6067.7002,0.00598547,0,0
2025-01-29,6039.3101,0.00688364,0,0
2025-01-30,6071.1699,0.00516761,0,0
2025-01-31,6040.5298,0.00555081,0,0
2025-02-03,5994.5698,0.01003426,0,0
2025-02-04,6037.8799,0.00769048,0,0
2025-02-05,6061.4800,0.00587497,0,0
2025-02-06,6083.5698,0.00484131,0,0
2025-02-07,6025.9902,0.00579139,0,0
2025-02-10,6066.4399,0.00491291,0,0
2025-02-11,6068.5000,0.00505971,0,0
2025-02-12,6051.9702,0.00465505,0,0
2025-02-13,6115.0698,0.00365635,0,0
2025-02-14,6114.6299,0.00286759,0,0
2025-02-18,6129.5801,0.00327158,0,0
2025-02-19,6144.1499,0.00319581,0,0
2025-02-20,6117.5200,0.00383815,0,0
2025-02-21,6013.1299,0.00915844,0,0
2025-02-24,5983.2500,0.01278955,0,0
2025-02-25,5955.2500,0.01471212,0,0
2025-02-26,5956.0601,0.01480156,0,0
2025-02-27,5861.5698,0.01860628,0,0
2025-02-28,5954.5000,0.01472137,0,0
2025-03-03,5849.7202,0.02231062,0,0
2025-03-04,5778.1499,0.02307817,0,0
2025-03-05,5842.6299,0.02253609,0,0
2025-03-06,5738.5200,0.02658807,0,0
2025-03-07,5770.2002,0.02542487,1,0
2025-03-10,5614.5601,0.02991564,0,0
2025-03-11,5572.0698,0.03227745,0,0
2025-03-12,5599.2998,0.02932681,0,0
2025-03-13,5521.5200,0.03150065,0,0
2025-03-14,5638.9399,0.02348656,0,0
2025-03-17,5675.1201,0.02010674,0,0
2025-03-18,5614.6602,0.02266864,0,0
2025-03-19,5675.2900,0.01714148,0,0
2025-03-20,5662.8901,0.01757836,0,0
2025-03-21,5667.5601,0.01685223,0,0
2025-03-24,5767.5698,0.01225313,0,0
2025-03-25,5776.6499,0.00992707,0,0
2025-03-26,5712.2002,0.01340493,0,0
2025-03-27,5693.3101,0.01659529,0,0
2025-03-28,5580.9399,0.02353231,0,0
2025-03-31,5611.8501,0.02864742,0,0
2025-04-01,5633.0698,0.02795411,0,0
2025-04-02,5670.9702,0.02762980,1,0
2025-04-03,5396.5200,0.04299517,1,0
2025-04-04,5074.0801,0.04994204,0,0
2025-04-07,5062.2500,0.05937224,0,0
2025-04-08,4982.7700,0.04029678,0,0
2025-04-09,5456.8999,0.04321090,1,0
2025-04-10,5268.0498,0.04555746,0,0
2025-04-11,5363.3599,0.04577094,0,0
2025-04-14,5405.9702,0.04261784,0,0
2025-04-15,5396.6299,0.04363008,1,0
2025-04-16,5275.7002,0.04828651,0,0
2025-04-17,5282.7002,0.03984609,1,0
2025-04-21,5158.2002,0.05293461,0,0
2025-04-22,5287.7598,0.05086102,0,0
2025-04-23,5375.8599,0.04730255,0,0
2025-04-24,5484.7700,0.04346897,0,0
2025-04-25,5525.2100,0.03990458,0,0
2025-04-28,5528.7500,0.04036647,0,0
2025-04-29,5560.8301,0.03484099,0,0
2025-04-30,5569.0601,0.03661658,0,0
2025-05-01,5604.1401,0.03584749,0,0
2025-05-02,5686.6699,0.02971857,0,0
2025-05-05,5650.3799,0.03241456,0,0
2025-05-06,5606.9102,0.03408790,0,0
2025-05-07,5631.2798,0.03074294,0,0
2025-05-08,5663.9399,0.02835985,0,0
2025-05-09,5659.9102,0.02587504,0,0
2025-05-12,5844.1899,0.01797369,0,0
2025-05-13,5886.5498,0.01667468,0,0
2025-05-14,5892.5801,0.01721631,0,0
2025-05-15,5916.9302,0.01331346,0,0
2025-05-16,5958.3799,0.01062456,0,0
2025-05-19,5963.6001,0.01170865,0,0
2025-05-20,5940.4600,0.01066918,0,0
2025-05-21,5844.6099,0.01562901,0,0
2025-05-22,5842.0098,0.01434352,0,0
2025-05-23,5802.8198,0.01731936,0,0
2025-05-27,5921.5400,0.01191269,0,0
2025-05-28,5888.5498,0.01201323,0,0
2025-05-29,5912.1699,0.01238261,0,0
2025-05-30,5911.6899,0.01067818,0,0
2025-06-02,5935.9399,0.01060552,0,0
2025-06-03,5970.3701,0.00843179,0,0
2025-06-04,5970.8101,0.00888725,0,0
2025-06-05,5939.2998,0.01122118,0,0
2025-06-06,6000.3599,0.00755113,0,0
2025-06-09,6005.8799,0.00860032,0,0
2025-06-10,6038.8101,0.00819963,0,0
2025-06-11,6022.2402,0.00807220,0,0
2025-06-12,6045.2598,0.00992172,0,0
2025-06-13,5976.9702,0.01436731,0,0
2025-06-16,6033.1099,0.01105449,0,0
2025-06-17,5982.7202,0.01567635,0,0
2025-06-18,5980.8701,0.01464176,0,0
2025-06-20,5967.8398,0.01349435,0,0
2025-06-23,6025.1699,0.01157328,0,0
2025-06-24,6092.1802,0.00849949,0,0
2025-06-25,6092.1602,0.00718236,0,0
2025-06-26,6141.0200,0.00654847,0,0
2025-06-27,6173.0698,0.00552901,0,0
2025-06-30,6204.9502,0.00761290,0,0
2025-07-01,6198.0098,0.00670288,0,0
2025-07-02,6227.4199,0.00592520,0,0
2025-07-03,6279.3501,0.00508778,0,0
2025-07-07,6229.9800,0.00652876,0,0
2025-07-08,6225.5200,0.00490391,0,0
2025-07-09,6263.2598,0.00367174,0,0
2025-07-10,6280.4600,0.00328954,0,0
2025-07-11,6259.7500,0.00374286,0,0
2025-07-14,6268.5601,0.00435548,0,0
2025-07-15,6243.7598,0.00487902,0,0
2025-07-16,6263.7002,0.00409897,0,0
2025-07-17,6297.3599,0.00334045,0,0
2025-07-18,6296.7900,0.00337750,0,0
2025-07-21,6305.6001,0.00390434,0,0
2025-07-22,6309.6201,0.00353644,0,0
2025-07-23,6358.9102,0.00264210,0,0
2025-07-24,6363.3501,0.00283146,0,0
2025-07-25,6388.6401,0.00284572,0,0
2025-07-28,6389.7700,0.00315583,0,0
2025-07-29,6370.8599,0.00421288,0,0
2025-07-30,6362.8999,0.00405629,0,0
2025-07-31,6339.3901,0.00573694,0,0
2025-08-01,6238.0098,0.01174527,0,0
2025-08-04,6329.9399,0.00633865,0,0
2025-08-05,6299.1899,0.00714165,0,0
2025-08-06,6345.0601,0.00529445,0,0
2025-08-07,6340.0000,0.00551336,0,0
2025-08-08,6389.4502,0.00327846,0,0
2025-08-11,6373.4502,0.00460740,0,0
2025-08-12,6445.7598,0.00263771,0,0
2025-08-13,6466.5801,0.00211042,0,0
2025-08-14,6468.5400,0.00255964,0,0
2025-08-15,6449.7998,0.00277259,0,0
2025-08-18,6449.1499,0.00277856,0,0
2025-08-19,6411.3701,0.00327559,0,0
2025-08-20,6395.7798,0.00360413,0,0
2025-08-21,6370.1699,0.00513141,0,0
2025-08-22,6466.9102,0.00248268,0,0
2025-08-25,6439.3198,0.00305939,0,0
2025-08-26,6465.9399,0.00260379,0,0
2025-08-27,6481.3999,0.00316658,0,0
2025-08-28,6501.8599,0.00288574,0,0
2025-08-29,6460.2598,0.00350934,0,0
2025-09-02,6415.5400,0.00571426,0,0
2025-09-03,6448.2598,0.00503445,0,0
2025-09-04,6502.0801,0.00343558,0,0
2025-09-05,6481.5000,0.00335600,0,0
2025-09-08,6495.1499,0.00348561,0,0
2025-09-09,6512.6099,0.00312903,0,0
2025-09-10,6532.0400,0.00348144,0,0
2025-09-11,6587.4702,0.00304279,0,0
2025-09-12,6584.2900,0.00298884,0,0
2025-09-15,6615.2798,0.00402753,0,0
2025-09-16,6606.7598,0.00511520,0,0
2025-09-17,6600.3501,0.00461243,0,0
2025-09-18,6631.9600,0.00375278,0,0
2025-09-19,6664.3599,0.00329683,0,0
2025-09-22,6693.7500,0.00379348,0,0
2025-09-23,6656.9199,0.00392296,0,0
2025-09-24,6637.9702,0.00358920,0,0
2025-09-25,6604.7202,0.00443378,0,0
2025-09-26,6643.7002,0.00357399,0,0
2025-09-29,6661.2100,0.00494723,0,0
2025-09-30,6688.4600,0.00511149,0,0
2025-10-01,6711.2002,0.00522606,0,0
2025-10-02,6715.3501,0.00561633,0,0
2025-10-03,6715.7900,0.00507202,0,0
2025-10-06,6740.2798,0.00419582,0,0
2025-10-07,6714.5898,0.00512386,0,0
2025-10-08,6753.7202,0.00358592,0,0
2025-10-09,6735.1099,0.00379773,1,0
2025-10-10,6552.5098,0.01074068,0,0
2025-10-13,6654.7202,0.00887859,0,0
2025-10-14,6644.3101,0.00794101,0,0
2025-10-15,6671.0601,0.00759022,0,0
2025-10-16,6629.0698,0.01255238,0,0
2025-10-17,6664.0098,0.00814002,0,0
2025-10-20,6735.1299,0.00539420,0,0
2025-10-21,6735.3501,0.00563223,0,0
2025-10-22,6699.3999,0.00660550,0,0
2025-10-23,6738.4399,0.00443262,0,0
2025-10-24,6791.6899,0.00323753,0,0
2025-10-27,6875.1602,0.00270311,0,0
2025-10-28,6890.8901,0.00335149,0,0
2025-10-29,6890.5898,0.00401702,0,0
2025-10-30,6822.3398,0.00360176,0,0
2025-10-31,6840.2002,0.00355186,0,0
2025-11-03,6851.9702,0.00326813,0,0
2025-11-04,6771.5498,0.00547913,0,0
2025-11-05,6796.2900,0.00486120,0,0
2025-11-06,6720.3198,0.00767333,0,0
2025-11-07,6728.7998,0.00674373,0,0
2025-11-10,6832.4302,0.00489711,0,0
2025-11-11,6846.6099,0.00530641,0,0
2025-11-12,6850.9199,0.00468873,0,0
2025-11-13,6737.4902,0.00766753,0,0
2025-11-14,6734.1099,0.00859327,0,0
2025-11-17,6672.4102,0.01309547,0,0
2025-11-18,6617.3198,0.01520260,0,0
2025-11-19,6642.1602,0.01392342,0,0
2025-11-20,6538.7598,0.01756328,0,0
2025-11-21,6602.9902,0.01192572,0,0
2025-11-24,6705.1201,0.00958630,0,0
2025-11-25,6765.8799,0.00624969,0,0
2025-11-26,6812.6099,0.00453301,0,0
2025-11-28,6849.0898,0.00348014,0,0
2025-12-01,6812.6299,0.00419466,0,0
2025-12-02,6829.3701,0.00344243,0,0
2025-12-03,6849.7202,0.00236980,0,0
2025-12-04,6857.1201,0.00205101,0,0
2025-12-05,6870.3999,0.00185806,0,0
2025-12-08,6846.5098,0.00260159,0,0
2025-12-09,6840.5098,0.00272114,0,0
2025-12-10,6886.6802,0.00198006,0,0
2025-12-11,6901.0000,0.00124151,0,0
2025-12-12,6827.4102,0.00216464,0,0
2025-12-15,6816.5098,0.00239815,0,0
2025-12-16,6800.2598,0.00263404,0,0
2025-12-17,6721.4302,0.00426280,0,0
2025-12-18,6774.7598,0.00345621,0,0
2025-12-19,6834.5000,0.00212108,0,0
2025-12-22,6878.4902,0.00145148,0,0
2025-12-23,6909.7900,0.00131763,0,0
2025-12-24,6932.0498,0.00091723,0,0
2025-12-26,6929.9399,0.00113825,0,0
2025-12-29,6905.7402,0.00186814,0,0
2025-12-30,6896.2402,0.00227062,0,0
2025-12-31,6845.5000,0.00284249,0,0
2026-01-02,6858.4702,0.00235532,0,0
2026-01-05,6902.0498,0.00244335,0,0
2026-01-06,6944.8198,0.00217773,0,0
2026-01-07,6920.9302,0.00253803,0,0
2026-01-08,6921.4600,0.00287673,0,0
2026-01-09,6966.2798,0.00221645,0,0
2026-01-12,6977.2700,0.00262390,0,0
2026-01-13,6963.7402,0.00283812,0,0
2026-01-14,6926.6001,0.00308482,0,0
2026-01-15,6944.4702,0.00239552,0,0
2026-01-16,6940.0098,0.00214061,1,0
2026-01-20,6796.8599,0.00524944,0,0
2026-01-21,6875.6201,0.00339145,0,0
2026-01-22,6913.3501,0.00239894,0,0
2026-01-23,6915.6099,0.00251636,0,0
2026-01-26,6950.2300,0.00253885,0,0
2026-01-27,6978.6001,0.00250449,0,0
2026-01-28,6978.0298,0.00253676,0,0
2026-01-29,6969.0098,0.00282126,0,0
2026-01-30,6939.0298,0.00313461,0,0
2026-02-02,6976.4399,0.00222638,0,0
2026-02-03,6917.8101,0.00356463,0,0
2026-02-04,6882.7202,0.00421089,0,0
2026-02-05,6798.3999,0.00791792,0,0
2026-02-06,6932.2998,0.00943240,0,0
2026-02-09,6964.8198,0.00262743,0,0
2026-02-10,6941.8101,0.00279946,0,0
2026-02-11,6941.4702,0.00266499,0,0
2026-02-12,6832.7598,0.00551102,0,0
2026-02-13,6836.1699,0.00483612,0,0
2026-02-17,6843.2202,0.00568465,0,0
2026-02-18,6881.3101,0.00466883,0,0
2026-02-19,6861.8901,0.00453314,0,0
2026-02-20,6909.5098,0.00404640,0,0
2026-02-23,6837.7500,0.00634415,0,0
2026-02-24,6890.0698,0.00506001,0,0
2026-02-25,6946.1299,0.00360098,0,0
2026-02-26,6908.8599,0.00404149,0,0
2026-02-27,6878.8799,0.00535290,0,0
2026-03-02,6881.6201,0.00598389,0,0
2026-03-03,6816.6299,0.00880921,0,0
2026-03-04,6869.5000,0.00630405,0,0
2026-03-05,6830.7100,0.00851465,0,0
2026-03-06,6740.0200,0.01213867,0,0
2026-03-09,6795.9902,0.00859664,0,0
2026-03-10,6781.4800,0.00722648,0,0
2026-03-11,6775.7998,0.00743769,0,0
2026-03-12,6672.6201,0.01118779,0,0
2026-03-13,6632.1899,0.00986048,0,0
2026-03-16,6699.3799,0.00706710,0,0
2026-03-17,6716.0898,0.00559850,0,0
2026-03-18,6624.7002,0.00698905,0,0
2026-03-19,6606.4902,0.00698217,0,0
2026-03-20,6506.4800,0.00878351,0,0
2026-03-23,6581.0000,0.00999962,0,0
2026-03-24,6556.3701,0.01008607,0,0
2026-03-25,6591.8999,0.00882058,0,0
2026-03-26,6477.1602,0.00927334,0,0
2026-03-27,6368.8501,0.01224106,0,0
2026-03-30,6343.7202,0.01250879,0,0
2026-03-31,6528.5200,0.00899543,0,0
2026-04-01,6575.3198,0.00982962,0,0
2026-04-02,6582.6899,0.00836835,0,0
2026-04-06,6611.8301,0.00878946,0,0
2026-04-07,6616.8501,0.01080216,0,0
2026-04-08,6782.8101,0.00609198,0,0
2026-04-09,6824.6602,0.00516269,0,0
2026-04-10,6816.8901,0.00454779,0,0
2026-04-13,6886.2402,0.00469841,0,0
2026-04-14,6967.3799,0.00444674,0,0
2026-04-15,7022.9502,0.00477520,0,0
2026-04-16,7041.2798,0.00447808,0,0
2026-04-17,7126.0601,0.00401540,0,0
2026-04-20,7109.1401,0.00549340,0,0
2026-04-21,7064.0098,0.00618810,0,0
2026-04-22,7137.8999,0.00511678,0,0
2026-04-23,7108.3999,0.00569475,0,0
2026-04-24,7165.0801,0.00467325,0,0
2026-04-27,7173.9102,0.00423932,0,0
2026-04-28,7138.7998,0.00456730,0,0
2026-04-29,7135.9502,0.00516617,0,0
2026-04-30,7209.0098,0.00315178,0,0
2026-05-01,7230.1201,0.00291878,0,0
2026-05-04,7200.7500,0.00392660,0,0
2026-05-05,7259.2202,0.00288954,0,0
2026-05-06,7365.1201,0.00345013,0,0
2026-05-07,7337.1099,0.00348757,0,0
2026-05-08,7398.9302,0.00344796,0,0
2026-05-11,7412.8398,0.00417321,0,0
2026-05-12,7400.9600,0.00424257,0,0
2026-05-13,7444.2500,0.00380470,0,0
2026-05-14,7501.2402,0.00363148,0,0
2026-05-15,7408.5000,0.00551986,0,0
2026-05-18,7403.0498,0.00570414,0,0
2026-05-19,7353.6099,0.00616148,0,0
2026-05-20,7432.9702,0.00537391,0,0
2026-05-21,7445.7202,0.00525223,0,0
2026-05-22,7473.4702,0.00516363,0,0
2026-05-26,7519.1201,0.00596773,0,0
2026-05-27,7520.3599,0.00568434,0,0
2026-05-28,7563.6299,0.00506246,0,0
2026-05-29,7580.0601,0.00530123,0,0
2026-06-01,7599.9600,0.00558342,0,0
2026-06-02,7609.7798,0.00435166,0,0
2026-06-03,7553.6802,0.00517720,0,0
2026-06-04,7584.3101,0.00430451,1,0
2026-06-05,7383.7402,0.02391200,0,0
2026-06-08,7405.7300,0.01408723,0,0
2026-06-09,7386.6499,0.01753547,0,0
2026-06-10,7266.9902,0.02199832,0,0
2026-06-11,7394.2998,0.01333736,0,0
2026-06-12,7431.4600,0.00876144,0,0
2026-06-15,7554.2900,0.00689476,0,0
2026-06-16,7511.3501,0.00763700,0,0
2026-06-17,7420.1001,0.01368691,0,0
2026-06-18,7500.5801,0.00756712,0,0
2026-06-22,7472.7900,0.01123062,0,0
2026-06-23,7365.4600,0.01747875,0,0
2026-06-24,7358.2202,0.01645288,0,0
2026-06-25,7357.4902,0.01822259,0,0
2026-06-26,7354.0200,0.01695540,0,0
2026-06-29,7440.4302,0.01521362,0,0
2026-06-30,7499.3599,0.00986497,0,0
2026-07-01,7483.2300,0.00927867,0,0
2026-07-02,7483.2402,0.00845011,0,0
2026-07-06,7537.4302,0.00731345,0,0
2026-07-07,7503.8501,0.00923492,0,0
2026-07-08,7482.7100,0.01078281,0,0
2026-07-09,7543.6401,0.00782741,0,0
2026-07-10,7575.3901,0.00612646,0,0
2026-07-13,7515.3398,0.01184846,0,0
2026-07-14,7543.5898,0.00982769,0,0
2026-07-15,7572.3999,0.00722254,0,0
2026-07-16,7533.7700,0.01025058,0,0
2026-07-17,7457.6899,0.01685559,0,0
2026-07-20,7443.2798,0.01617887,0,0
2026-07-21,7509.2002,0.00640188,0,0
2026-07-22,7498.9600,0.00522441,0,0
2026-07-23,7408.2998,0.01647217,0,0
2026-07-24,7411.9800,0.01522303,0,0
2026-07-27,7413.1802,0.01571417,0,0
2026-07-28,7428.7798,0.01383620,0,0
2026-07-29,7316.1499,0.04005061,0,0
2026-07-30,7437.6299,0.00787629,0,0
2026-07-31,7489.7202,0.00414194,0,0
2026-08-03,7600.5000,0.00357814,0,0
2026-08-04,7736.5200,0.00603863,0,0
2026-08-05,7723.5498,0.00370510,0,0
2026-08-06,7709.9600,0.00237394,0,0
2026-08-07,7757.6401,0.00192842,0,0
2026-08-10,7753.1099,0.00273762,0,0
2026-08-11,7728.2002,0.00241368,0,0
2026-08-12,7748.5000,0.00131532,0,0
