date,label,kronos_base,kronos_base_plus_chop,choppiness_fitted
2016-01-04,0.0,0.8425597481870815,0.8365121836738493,0.47912184850584777
2016-01-05,0.0,0.5936202800739323,0.5181799893589273,0.46522361124748673
2016-01-06,1.0,0.3290901994854831,0.308218697655431,0.468310228156801
2016-01-07,0.0,0.4562727165807066,0.5114601789188755,0.4810273060440249
2016-01-08,0.0,0.7015809590953911,0.7158514499059447,0.48211814803768216
2016-01-11,0.0,0.5875655659802288,0.6204570000767095,0.48175208967148614
2016-01-12,1.0,0.7408141465233213,0.7420230543558385,0.4765880680411695
2016-01-13,0.0,0.39849991368309373,0.42549896325431913,0.48909160942880364
2016-01-14,1.0,0.8161158617509391,0.8196688187047793,0.494460685724666
2016-01-15,0.0,0.38972339905004816,0.4088441445914978,0.493818131492308
2016-01-19,0.0,0.8541666704128316,0.8627482037854415,0.4914908910480588
2016-01-20,0.0,0.4092058983838854,0.385469846060209,0.4879498722823157
2016-01-21,0.0,0.8750687652177022,0.8690713706369877,0.4865164566682274
2016-01-22,0.0,0.5936047962445163,0.5878049169774968,0.49742151030879006
2016-01-25,0.0,0.6767817512460985,0.6818804516907753,0.49403242817414894
2016-01-26,0.0,0.7327590753586409,0.7397155047297168,0.5024318438246311
2016-01-27,0.0,0.7735405730879586,0.7667533238003313,0.5034700988665293
2016-01-28,0.0,0.775920533425092,0.7536005118238377,0.5003072476875717
2016-01-29,0.0,0.2276844275810017,0.22237603113520277,0.5192846044895529
2016-02-01,0.0,0.48947576041293706,0.46069104854437437,0.5184018797682328
2016-02-02,0.0,0.0968763870639592,0.10533126507375314,0.5206269956253493
2016-02-03,0.0,0.6285476580400012,0.6561748561235933,0.5214381232734633
2016-02-04,0.0,0.7431333087301566,0.7930572051742494,0.5190697033749182
2016-02-05,0.0,0.20754254985071272,0.26457281835407237,0.5144551442504782
2016-02-08,0.0,0.44283620769710896,0.5165584654528922,0.516109363912991
2016-02-09,0.0,0.5055379086219342,0.5868979800341535,0.5159813205878224
2016-02-10,0.0,0.7009627436186714,0.7357484907814298,0.5138501512104781
2016-02-11,0.0,0.6523203326513753,0.648398226464241,0.5037442468441744
2016-02-12,0.0,0.8054219128876579,0.8202755995866687,0.5064329499040727
2016-02-16,0.0,0.4336755742748119,0.4684634467413256,0.5025652095815668
2016-02-17,0.0,0.5290853327246028,0.5207610020426897,0.5084574625722178
2016-02-18,0.0,0.41839666933890185,0.39347927305179115,0.5051940077193158
2016-02-19,0.0,0.45281536300471403,0.4509154378319883,0.5049209928014032
2016-02-22,0.0,0.4271311372301174,0.4198671726055879,0.5002807830023683
2016-02-23,0.0,0.29981692803589133,0.26380503797216776,0.49784148501584885
2016-02-24,0.0,0.43745309629645884,0.4443578709334295,0.493710892088176
2016-02-25,0.0,0.21572307371602073,0.1953680197930553,0.4924651757453658
2016-02-26,0.0,0.08099773402529008,0.07447935618782155,0.49241011409484126
2016-02-29,0.0,0.38329236974987685,0.3628931217788256,0.47867320057523965
2016-03-01,0.0,0.07988375733305642,0.08229043895789724,0.49357160490281465
2016-03-02,0.0,0.24290099372936494,0.2234820222063113,0.4825451254808348
2016-03-03,0.0,0.1445777773053156,0.13778697746333046,0.48237297129971446
2016-03-04,0.0,0.11798510315551038,0.12168325354999715,0.4823958880184822
2016-03-07,0.0,0.11981266132612337,0.11591296425782059,0.46941780627359697
2016-03-08,0.0,0.12994201135976693,0.11517465502275293,0.46655871398737786
2016-03-09,0.0,0.3365314544857956,0.31096676994794786,0.4660994090175034
2016-03-10,0.0,0.538852218870823,0.506382666551317,0.46602092017284696
2016-03-11,0.0,0.19404801434824964,0.16762214784980764,0.4618149069699055
2016-03-14,0.0,0.1408361909222401,0.11403726119871162,0.45557916882594146
2016-03-15,0.0,0.1948094911194639,0.1466331811836926,0.4508551663805659
2016-03-16,0.0,0.07834855474454153,0.07335867380753107,0.4444741250447957
2016-03-17,0.0,0.17261048210819344,0.1448860267436052,0.44289162946928756
2016-03-18,0.0,0.0852736607948831,0.08805429134730265,0.44253921256961487
2016-03-21,0.0,0.14574556652561618,0.12250053163981305,0.43771630589795524
2016-03-22,0.0,0.13169934691388072,0.10005562385572696,0.42863798118393603
2016-03-23,0.0,0.5480676209652392,0.4428781850646,0.4322265519528868
2016-03-24,0.0,0.46983671101326646,0.3968541516509693,0.4292534917462229
2016-03-28,0.0,0.3500419641173175,0.297708851874697,0.42866765727612444
2016-03-29,0.0,0.15866482335902715,0.13126502720329178,0.4252471022595267
2016-03-30,0.0,0.051285634458551756,0.0463986360364264,0.4030324641009831
2016-03-31,0.0,0.17617667570530174,0.15562901204003848,0.40369641621154956
2016-04-01,0.0,0.04718641097273703,0.04054259358189497,0.40465411378311
2016-04-04,0.0,0.2647967035676755,0.22471155097178175,0.405920014023736
2016-04-05,0.0,0.5378574864375272,0.47328098224228077,0.4128581437553771
2016-04-06,0.0,0.08576936836974447,0.07781723583205166,0.40835805450390955
2016-04-07,0.0,0.360755833589177,0.2751831235298991,0.4172936501777757
2016-04-08,0.0,0.12012417144679167,0.08619857633777164,0.4173128459559943
2016-04-11,0.0,0.23758457774590566,0.17405647511683986,0.40589476242116107
2016-04-12,0.0,0.057086784205661587,0.0413287141853717,0.4098905957870906
2016-04-13,0.0,0.05684786459433889,0.05247250104570835,0.41323170063214376
2016-04-14,0.0,0.09217606189726117,0.08043378443070731,0.41247938882140545
2016-04-15,0.0,0.07768655394233907,0.06301058651029336,0.41122796187316535
2016-04-18,0.0,0.04891173926878323,0.040951500026381364,0.41219148350169216
2016-04-19,0.0,0.020658382210928278,0.016937673972148955,0.4123789610174693
2016-04-20,0.0,0.08954773987500116,0.09014542503556398,0.4121625458064544
2016-04-21,0.0,0.37797759729720354,0.3575640515565944,0.41129920467960834
2016-04-22,0.0,0.1470279973097632,0.1285917024169823,0.41123274670354715
2016-04-25,0.0,0.08748819662666772,0.07981571163514195,0.41170088768807533
2016-04-26,0.0,0.06489329914986701,0.054514637432539016,0.40862246203202823
2016-04-27,0.0,0.16114973940533636,0.1475142330290429,0.40800114231564794
2016-04-28,0.0,0.174534279268155,0.14846054445424586,0.4126405892581113
2016-04-29,0.0,0.2687897989928382,0.23743395681407692,0.4120523041406015
2016-05-02,0.0,0.06497920818067776,0.05929413772038143,0.41446353477486575
2016-05-03,0.0,0.018827426077008408,0.015107339064375232,0.4130267166725073
2016-05-04,0.0,0.3033490776903389,0.2390187140611475,0.409256995303418
2016-05-05,0.0,0.15402784268323427,0.12775119502727803,0.40142672354995856
2016-05-06,0.0,0.166614295227545,0.11647382358719105,0.40155056693637825
2016-05-09,0.0,0.07012069604705483,0.05448747845631779,0.40100952587621314
2016-05-10,0.0,0.018632723182705098,0.014731999121527088,0.4044240825974758
2016-05-11,0.0,0.23612403738769325,0.19439298191574775,0.40405819512532815
2016-05-12,0.0,0.23898742800350872,0.21380131063561536,0.4040417484214626
2016-05-13,0.0,0.3454905153960316,0.27308179187553594,0.4074249623175533
2016-05-16,0.0,0.0641225964143719,0.048860546540060695,0.4104787922830577
2016-05-17,0.0,0.23851376413972547,0.1736010497665234,0.4132812996581935
2016-05-18,0.0,0.16135127695817653,0.14972448442446035,0.41318280296852167
2016-05-19,0.0,0.3512205053248108,0.2843413504832086,0.41270643185759703
2016-05-20,0.0,0.0675975542778352,0.05190687884719497,0.4151430264682159
2016-05-23,0.0,0.023519448150076873,0.016543128972121818,0.4151702178641046
2016-05-24,0.0,0.020804740738941112,0.016007918664062586,0.4244160332598706
2016-05-25,0.0,0.011805434835735429,0.009777945467586764,0.4265284662629584
2016-05-26,0.0,0.02022877862680843,0.017524215055458408,0.42265097949942954
2016-05-27,0.0,0.01510760526602202,0.01326842540546741,0.42181262728797914
2016-05-31,0.0,0.21783270127796264,0.20531432075136188,0.41955016279882174
2016-06-01,0.0,0.12688317865918158,0.11696984010461509,0.41542350042346077
2016-06-02,0.0,0.05265695325978967,0.048622370026148186,0.4131180924880385
2016-06-03,0.0,0.07650025148274542,0.07014775369970583,0.4138735167667746
2016-06-06,0.0,0.11279891218709706,0.11315243982040159,0.41435196731195734
2016-06-07,0.0,0.0811897701261895,0.069756828348956,0.4143377824578152
2016-06-08,0.0,0.15471496054291028,0.13783039629811744,0.40791150520050046
2016-06-09,0.0,0.06389383414127732,0.06400080914533478,0.40210023134496076
2016-06-10,0.0,0.1256785297592747,0.0984122697760838,0.40778199435264456
2016-06-13,0.0,0.099793375864622,0.07678237850928396,0.4074279827324731
2016-06-14,0.0,0.07551058800352876,0.06121485854913442,0.4029573437961654
2016-06-15,0.0,0.11483779751652438,0.09673385177047636,0.3975445903021581
2016-06-16,0.0,0.08016266244589426,0.06269815442951661,0.3979016473078233
2016-06-17,0.0,0.10895901435631412,0.0950281796784682,0.39766805442925945
2016-06-20,0.0,0.039748667020798906,0.0356619232129712,0.3975342312260683
2016-06-21,0.0,0.010341088482927172,0.008742416924259769,0.39719798109449017
2016-06-22,0.0,0.032393114389174256,0.02739308326685375,0.38601165578102925
2016-06-23,1.0,0.011008930442133545,0.010232111839791138,0.3946365565104252
2016-06-24,0.0,0.7979788613843499,0.7829892197153038,0.45155022261970135
2016-06-27,0.0,0.11531550739177954,0.11905629599798596,0.45926243097550506
2016-06-28,0.0,0.19116105136252787,0.1672236745514141,0.47133148377057793
2016-06-29,0.0,0.08591086769754368,0.07964239492051192,0.48067107909650175
2016-06-30,0.0,0.03566177411363999,0.03037806842441397,0.4857639664635626
2016-07-01,0.0,0.09510688707921404,0.08530520687205323,0.48562510103547474
2016-07-05,0.0,0.3376938442790086,0.30876190384117047,0.4861662004495304
2016-07-06,0.0,0.10436105133108615,0.11922414791309557,0.4869708016731194
2016-07-07,0.0,0.241436171971788,0.23490746610268712,0.48662034489482797
2016-07-08,0.0,0.05184183036088161,0.05442699758344296,0.4927469358082706
2016-07-11,0.0,0.06355965631622308,0.07581345421604341,0.49034941319200614
2016-07-12,0.0,0.03562336163139558,0.04390843043863599,0.4887533354089944
2016-07-13,0.0,0.17875456743934717,0.20771592399126154,0.488474897787731
2016-07-14,0.0,0.06811533229122521,0.08742564819835973,0.488334311835708
2016-07-15,0.0,0.03837988991556584,0.04448883132409082,0.4885637469617944
2016-07-18,0.0,0.09870210936810164,0.1147549481383502,0.48776537755990745
2016-07-19,0.0,0.08023806614766814,0.092534759222009,0.4877523612748657
2016-07-20,0.0,0.06232665174437441,0.07078843621831842,0.48787671107174513
2016-07-21,0.0,0.10120979580030577,0.12646763846133977,0.4883656114402065
2016-07-22,0.0,0.011212812514191225,0.012439438449195752,0.4849072634584206
2016-07-25,0.0,0.052343509851888015,0.056116562029979854,0.43886173096377745
2016-07-26,0.0,0.05911158849945928,0.06300321784314857,0.41940312883376674
2016-07-27,0.0,0.04013179072568278,0.04631009805721193,0.41069740745939776
2016-07-28,0.0,0.05808840602140656,0.0612864519377094,0.3994557641310069
2016-07-29,0.0,0.011816473623021437,0.011724002930058859,0.3910273858716096
2016-08-01,0.0,0.1480310801897046,0.15974393106449936,0.3916136427652948
2016-08-02,0.0,0.11098460805222922,0.10893018000303971,0.3910717408438668
2016-08-03,0.0,0.11295235417663455,0.1203186588559365,0.39025710295310273
2016-08-04,0.0,0.1247252631824552,0.12823525179809112,0.3899761252628173
2016-08-05,0.0,0.050686678761256904,0.04890345732289752,0.37926667838000255
2016-08-08,0.0,0.10407078742853659,0.10200536406668112,0.3791760464362504
2016-08-09,0.0,0.09534579772837157,0.08686366979982396,0.37583910381968133
2016-08-10,0.0,0.24603964952349536,0.26114168086584444,0.37691803570976146
2016-08-11,0.0,0.15069792091778567,0.1538564885380354,0.37649483202251355
2016-08-12,0.0,0.057400791024719545,0.05187719189428225,0.3764616073675488
2016-08-15,0.0,0.06778974149610044,0.06270245895630856,0.3766146694479654
2016-08-16,0.0,0.05122431553205023,0.04751252187222313,0.3793756240692243
2016-08-17,0.0,0.22653580250785427,0.21924760892367362,0.378221054822045
2016-08-18,0.0,0.039540388950118424,0.036771085029499107,0.37712411274634966
2016-08-19,0.0,0.021924819388408696,0.01867523662517069,0.37582082130999317
2016-08-22,0.0,0.08229612812854938,0.07386935744035066,0.37488309273300213
2016-08-23,0.0,0.06702507815032129,0.05797636586584729,0.37511734499753063
2016-08-24,0.0,0.21087980488791844,0.20672998424075964,0.3777093384350009
2016-08-25,0.0,0.09253586190641624,0.09507572021181827,0.3777173824734783
2016-08-26,0.0,0.04879765556473295,0.03743270216252219,0.37769193401609014
2016-08-29,0.0,0.1465297075196834,0.13316813232889346,0.3798367955916676
2016-08-30,0.0,0.13050926563088405,0.11698358683563059,0.3763737493458115
2016-08-31,0.0,0.15439788554066886,0.15455030362145838,0.37630312361753143
2016-09-01,0.0,0.0777287623917399,0.06930643543938894,0.3763067725337053
2016-09-02,0.0,0.0791858683215837,0.06176784816336362,0.37086862152341254
2016-09-06,0.0,0.0984312309297711,0.09634705754372756,0.3716726691184687
2016-09-07,0.0,0.07847621332572374,0.06789140160055668,0.37167238015185045
2016-09-08,1.0,0.051030770412384636,0.04768718762989902,0.3713215644885265
2016-09-09,0.0,0.6959230423532334,0.6391980987856788,0.40906281818827717
2016-09-12,0.0,0.3459143252145452,0.3086805698432174,0.42101456410142213
2016-09-13,0.0,0.12615811902582597,0.1064796758081737,0.4288193611939325
2016-09-14,0.0,0.16151855019198033,0.13530071381414052,0.4281027231287119
2016-09-15,0.0,0.14359312652224412,0.1291251377336349,0.4328917808391996
2016-09-16,0.0,0.34177562331177336,0.2887395592471003,0.43282412569904966
2016-09-19,0.0,0.17818440461522428,0.16429686640139768,0.43286001556863024
2016-09-20,0.0,0.07279126909890596,0.06474693322311548,0.43291975110049513
2016-09-21,0.0,0.21074010644584162,0.22235354013270967,0.4380352974836112
2016-09-22,0.0,0.022750408903019513,0.024399532942100535,0.43880712368651653
2016-09-23,0.0,0.10256671881254474,0.08104760087230738,0.4399881830533496
2016-09-26,0.0,0.230495973549328,0.2104178415864249,0.44251261689188137
2016-09-27,0.0,0.22631015409269734,0.22040801496399007,0.44308415906242643
2016-09-28,0.0,0.0663307425751878,0.06975693347933208,0.444117474459345
2016-09-29,0.0,0.279364560064747,0.2778047980689469,0.4469550917245694
2016-09-30,0.0,0.28188481921689024,0.2660998620683811,0.449344557267666
2016-10-03,0.0,0.18269480813514175,0.18644889919875637,0.448988465507834
2016-10-04,0.0,0.14722551979553064,0.145584978826363,0.4492120171281539
2016-10-05,0.0,0.3251906182154484,0.3249805809906868,0.45007389607178633
2016-10-06,0.0,0.4010736224860592,0.4168816255397805,0.45000302225194677
2016-10-07,0.0,0.3368728897448444,0.2978927981781975,0.4269556993544711
2016-10-10,0.0,0.04371994922161544,0.04392662124959851,0.4185541654968884
2016-10-11,0.0,0.280138123532318,0.2218863987806742,0.41539246413188063
2016-10-12,0.0,0.15670694011499786,0.14139030584157317,0.4153903012102554
2016-10-13,0.0,0.5816481552688895,0.5112583890068293,0.41075396301121864
2016-10-14,0.0,0.07202627712461342,0.05200846183306051,0.4101122459152846
2016-10-17,0.0,0.08648359286079307,0.06354181133354649,0.41052751166671725
2016-10-18,0.0,0.017348081577807765,0.012680391092829665,0.41253950613996077
2016-10-19,0.0,0.2378746211608541,0.19845117564805012,0.4063619455131682
2016-10-20,0.0,0.46054375387504726,0.39993407557419336,0.4035837258278905
2016-10-21,0.0,0.3658218741928205,0.2877037462227778,0.40213986611379315
2016-10-24,0.0,0.10456295899909085,0.08909263782964484,0.39944341231977337
2016-10-25,0.0,0.3609985663090962,0.32985783801106555,0.3976493050004869
2016-10-26,0.0,0.16309690305049954,0.1458829957797222,0.3956018514640206
2016-10-27,0.0,0.35159915584785334,0.3081848434561648,0.3909495894747723
2016-10-28,0.0,0.19729773465446265,0.15677726586872748,0.38602659784770355
2016-10-31,0.0,0.12092591397973865,0.09135883743599281,0.38564920347897985
2016-11-01,0.0,0.2218707380569014,0.16834879738970707,0.3870102973636478
2016-11-02,0.0,0.7136291554999149,0.6126831336837459,0.38692092663776684
2016-11-03,0.0,0.3470703535652677,0.26562571866708606,0.38721269521169327
2016-11-04,0.0,0.6220520204522866,0.511011325081768,0.3870242575374178
2016-11-07,0.0,0.12239654929009695,0.09262705645362963,0.4167689346554526
2016-11-08,0.0,0.05343853740199985,0.0399222132492708,0.410269672986704
2016-11-09,0.0,0.19777437686507154,0.1923414838405048,0.4160207162073675
2016-11-10,0.0,0.12338539004954248,0.12150049188115149,0.4153910867156445
2016-11-11,0.0,0.07409460644599615,0.0663358762959706,0.4156081718378756
2016-11-14,0.0,0.06589477915826053,0.060500162629000494,0.4149214013734508
2016-11-15,0.0,0.09107626791591428,0.0913053905154422,0.41568121324513707
2016-11-16,0.0,0.05492729970868907,0.04648327547893144,0.415889046763147
2016-11-17,0.0,0.044402190448323685,0.03975626256926332,0.4163122191761393
2016-11-18,0.0,0.04552070459840615,0.03918267673786686,0.41681305195407076
2016-11-21,0.0,0.11108654437809853,0.10593724022673377,0.41812502944991525
2016-11-22,0.0,0.024934893409019325,0.025831432725248616,0.4169513590405226
2016-11-23,0.0,0.12440523760673722,0.11926606331238575,0.41647875563457354
2016-11-25,0.0,0.21372743809877068,0.1680657520393529,0.4156534234310392
2016-11-28,0.0,0.09895685989002968,0.10024186064779958,0.41689780012321703
2016-11-29,0.0,0.03922090653150479,0.03763498461622109,0.4167306933768452
2016-11-30,0.0,0.34712309473067476,0.3408401683006803,0.41404288211556867
2016-12-01,0.0,0.11165071392864277,0.11180666838620237,0.4118849844155401
2016-12-02,0.0,0.03408169000663378,0.027965909482867417,0.40973548217112704
2016-12-05,0.0,0.020607902777947995,0.021104282218677235,0.4093089889234585
2016-12-06,0.0,0.04041180645375639,0.03514259883763337,0.3848476657490942
2016-12-07,0.0,0.03145171975689396,0.027719873858925773,0.3932818228893013
2016-12-08,0.0,0.006239834743779062,0.00558328685197873,0.3877547851532795
2016-12-09,0.0,0.011686557241735682,0.010456832251944239,0.3888684534740556
2016-12-12,0.0,0.011575162132129274,0.011355407283070775,0.3887441924857912
2016-12-13,0.0,0.003934135483954661,0.0031699064003753124,0.38962631486791643
2016-12-14,0.0,0.04256096138860514,0.04762178985741981,0.3945722351072423
2016-12-15,0.0,0.006394591916665784,0.00620725120829661,0.3941175571484667
2016-12-16,0.0,0.39426195676240644,0.3446565578164105,0.39437303790011446
2016-12-19,0.0,0.04522812655809024,0.04012852465682022,0.39327892152038746
2016-12-20,0.0,0.009722801501478804,0.008284471690678585,0.39132845738248256
2016-12-21,0.0,0.0233104767378705,0.020836874639558797,0.39236541451639056
2016-12-22,0.0,0.00921504662239886,0.007915319071580343,0.3930269238601021
2016-12-23,0.0,0.07390727045983324,0.06612176009575817,0.39254042891924923
2016-12-27,0.0,0.010851456922104187,0.00933497769933629,0.38964750459089026
2016-12-28,0.0,0.012040224900576813,0.01084904929165772,0.3957974233198
2016-12-29,0.0,0.017002081266146895,0.014902388750860876,0.395028737196605
2016-12-30,0.0,0.00984372740469648,0.010073996403475227,0.39576983426487056
2017-01-03,0.0,0.01116748822561764,0.011954526811071923,0.39891578294176183
2017-01-04,0.0,0.009242693232244198,0.00988399214728182,0.3988646274310561
2017-01-05,0.0,0.008960649318626071,0.009814099614149535,0.39889773617392726
2017-01-06,0.0,0.018152544234669696,0.018878682557372618,0.38979112356072093
2017-01-09,0.0,0.05396322090944162,0.05185954279660202,0.390855699528728
2017-01-10,0.0,0.007652654961136758,0.007227436437870425,0.38869995234367183
2017-01-11,0.0,0.031500071832526996,0.03567179542278812,0.38899795935556647
2017-01-12,0.0,0.030108847357017497,0.03316105003473533,0.38649001801469485
2017-01-13,0.0,0.012587073890146959,0.011489792242936859,0.38128963498189244
2017-01-17,0.0,0.00897388120388299,0.009156955224955013,0.3811212906540966
2017-01-18,0.0,0.014231416149729146,0.01286275419162678,0.380995699352197
2017-01-19,0.0,0.023955173617912152,0.021113160358069268,0.3818956300349624
2017-01-20,0.0,0.0321330026851338,0.029572138290783957,0.3817432564480931
2017-01-23,0.0,0.012256358005792665,0.010404739181754816,0.3818406331419666
2017-01-24,0.0,0.0027719391561112296,0.002542294096568756,0.3846631271047304
2017-01-25,0.0,0.005453743773990645,0.0047522807485661685,0.38869256529587853
2017-01-26,0.0,0.010604799393160717,0.008614870811695015,0.38866575218999927
2017-01-27,0.0,0.005441015917116941,0.004412610694245145,0.382574539807256
2017-01-30,0.0,0.0033358029684565573,0.003037544040683515,0.3860926736135792
2017-01-31,0.0,0.0038669652373458777,0.003915240828693263,0.3840673547368643
2017-02-01,0.0,0.000455241010682964,0.0004321619383554786,0.3791465703937351
2017-02-02,0.0,0.004545954232970156,0.003729099657774217,0.37662143070116566
2017-02-03,0.0,0.02129940392516537,0.017894134432430073,0.38053971787632423
2017-02-06,0.0,0.0038474516575128597,0.002721412973656474,0.380341045074681
2017-02-07,0.0,0.004711803592150815,0.0038507133222424887,0.3789993074563961
2017-02-08,0.0,0.008470573988226182,0.008104242708076224,0.37897466463228896
2017-02-09,0.0,0.006292409647228845,0.005488111528074991,0.380768192352612
2017-02-10,0.0,0.030165015376890324,0.025763758997221144,0.3806269458674506
2017-02-13,0.0,0.0026929930375025795,0.001767322220900973,0.38199113049348365
2017-02-14,0.0,0.00657164847311415,0.005226113950061395,0.3810530733790038
2017-02-15,0.0,0.0015136553308755137,0.001229849621405309,0.38198528038604346
2017-02-16,0.0,0.009868077718217304,0.007961232104396284,0.380189269174599
2017-02-17,0.0,0.01826142862194355,0.015600325589575517,0.37997882842931113
2017-02-21,0.0,0.003246123287240586,0.002028824198682126,0.37957325810365644
2017-02-22,0.0,0.005689751486321812,0.004417733522829864,0.3785790594298932
2017-02-23,0.0,0.0029041169109254895,0.002464814525955042,0.3749861288672045
2017-02-24,0.0,0.0032173430831729725,0.002894409198456981,0.3745286356758494
2017-02-27,0.0,0.012685746397818715,0.010975043888413426,0.3739908165903632
2017-02-28,0.0,0.014259062107752482,0.015811011047240607,0.3698161778299404
2017-03-01,0.0,0.025668183739344052,0.021790463045093234,0.38126909526680736
2017-03-02,0.0,0.013280579620712466,0.011432327422017146,0.38619642244977614
2017-03-03,0.0,0.007740100016067797,0.007101060702773415,0.38621288388594577
2017-03-06,0.0,0.0015410797516504447,0.0011154871576654955,0.3861296782031724
2017-03-07,0.0,0.004646316816520755,0.0034401480251732663,0.3866224367297485
2017-03-08,0.0,0.002009466776894621,0.0017143211022125054,0.3875773287968408
2017-03-09,0.0,0.0014348570035144028,0.0011628726082706263,0.38756547768991984
2017-03-10,0.0,0.012124162230224235,0.012759457980922375,0.38645487217195623
2017-03-13,0.0,0.0010478769509015486,0.0007449068408408579,0.3861449224993433
2017-03-14,0.0,0.0007358160848812251,0.00047280887249488777,0.38625221647722313
2017-03-15,0.0,0.0020735540853537224,0.001627651541053194,0.38957251877208515
2017-03-16,0.0,0.017606919400933962,0.013489077051333759,0.38880057825424436
2017-03-17,0.0,0.02900385577676756,0.026718645206463495,0.3889132170608941
2017-03-20,0.0,0.008171934475209846,0.006128742128009883,0.38929800018191824
2017-03-21,0.0,0.010958906365351993,0.008887986797789087,0.3970784394948731
2017-03-22,0.0,0.013190183358169672,0.011113370910979341,0.39736170056200865
2017-03-23,0.0,0.0035227336258098507,0.0024748976423710125,0.3973601490327103
2017-03-24,0.0,0.019326343500344057,0.018970056899376725,0.3971435766200281
2017-03-27,0.0,0.011451717216089308,0.011139131758068587,0.3970088849412443
2017-03-28,0.0,0.002234918956022376,0.001752763965526712,0.40019726854073945
2017-03-29,0.0,0.001992074655199997,0.0013171725100630065,0.3874088191439116
2017-03-30,0.0,0.0012007929452681433,0.0007711194777956973,0.3861691117134546
2017-03-31,0.0,0.015295255776168994,0.014802118892575022,0.38638331904355133
2017-04-03,0.0,0.006857752178395836,0.0059886952736960585,0.38587771417831995
2017-04-04,0.0,0.006614645516475386,0.004759794236051478,0.38539591550226476
2017-04-05,0.0,0.001316438705184345,0.001361350525602934,0.38568376986390945
2017-04-06,0.0,0.017509359592668545,0.013488199856069704,0.3859440552039611
2017-04-07,0.0,0.012823167725036626,0.010119048013347672,0.3850376099082971
2017-04-10,0.0,0.014337591389097602,0.011607281159423954,0.3850800568142583
2017-04-11,0.0,0.006417266900762074,0.004580215297706068,0.3844514254673556
2017-04-12,0.0,0.029216259584627112,0.02631112388379211,0.37884273232673704
2017-04-13,0.0,0.01783090441205842,0.016191275905170124,0.3816531613800362
2017-04-17,0.0,0.026335995370960208,0.0221407710278058,0.3884419608981153
2017-04-18,0.0,0.01841924170462557,0.016317154185803352,0.38867412016973923
2017-04-19,0.0,0.02183629775646794,0.020036617543599776,0.3774152449663002
2017-04-20,0.0,0.0130226462578388,0.012036265226186756,0.381917761429309
2017-04-21,0.0,0.04356335067949931,0.03957401062220893,0.38260186216985836
2017-04-24,0.0,0.0036360161892092886,0.0030779329516083843,0.3905955982869848
2017-04-25,0.0,0.002229214779701543,0.00214180481491443,0.39224186094935826
2017-04-26,0.0,0.0028428718773990396,0.0025463232158069,0.3895209630044285
2017-04-27,0.0,0.003774786343748396,0.0033174712127914023,0.38950501840117313
2017-04-28,0.0,0.017477686172492655,0.01636944656602283,0.38947765988701744
2017-05-01,0.0,0.056447499249677714,0.049464241278500215,0.3890794062034919
2017-05-02,0.0,0.004481893732971105,0.004507575551713603,0.38874049470673827
2017-05-03,0.0,0.009100175663945463,0.0097406631278722,0.3889998327767837
2017-05-04,0.0,0.0792809297949263,0.07622735799457624,0.3880016607811966
2017-05-05,0.0,0.06283889042319728,0.059817337434977996,0.3886725539305751
2017-05-08,0.0,0.04526893699488457,0.04437069867457788,0.388512033426883
2017-05-09,0.0,0.014442417802179702,0.01407344128029773,0.3887695904063221
2017-05-10,0.0,0.034089461538808825,0.03316394941430857,0.38838204236290086
2017-05-11,0.0,0.054292283524491135,0.053147567403108165,0.3874680238480118
2017-05-12,0.0,0.09491297772797655,0.09101175663147089,0.3831709969161528
2017-05-15,0.0,0.027265707526414187,0.02603809157422808,0.37975472936894644
2017-05-16,0.0,0.03547862382341048,0.03412007265308618,0.3786271137337244
2017-05-17,0.0,0.13116778792409026,0.1344627416166489,0.4029518599245561
2017-05-18,0.0,0.14732929940435258,0.1472132768457225,0.4005737756342979
2017-05-19,0.0,0.08063199850278577,0.0813051118071956,0.40217017609437583
2017-05-22,0.0,0.10079866730944924,0.09762785221637403,0.39713230735074107
2017-05-23,0.0,0.10193213102446216,0.09156348263018989,0.3951855368743375
2017-05-24,0.0,0.12208541284953095,0.11915351550165536,0.39545465052886947
2017-05-25,0.0,0.04666343476813033,0.04674164900539732,0.39645251757407834
2017-05-26,0.0,0.07374261483994998,0.06773068534298339,0.39605691341383287
2017-05-30,0.0,0.05175857254493569,0.04880188937118437,0.39618036355577513
2017-05-31,0.0,0.17438468834510493,0.1826002950450287,0.3962049750036869
2017-06-01,0.0,0.005133477120400313,0.005749591635104988,0.39891192100192285
2017-06-02,0.0,0.022185884203330876,0.024108989485184466,0.3993565450045081
2017-06-05,0.0,0.036180986823456926,0.03694592702258555,0.3990199872966435
2017-06-06,0.0,0.02557795743770704,0.026140433218651695,0.3997207814707619
2017-06-07,0.0,0.047034885201865835,0.05135207769277641,0.39958835330152154
2017-06-08,0.0,0.00463564549906739,0.005343247031054247,0.399592845308082
2017-06-09,0.0,0.030576744509190026,0.037327671454035725,0.3992334729723366
2017-06-12,0.0,0.02496160342758201,0.030275118635140732,0.39911160935157686
2017-06-13,0.0,0.13788132055036467,0.12962759021615708,0.39898910814137933
2017-06-14,0.0,0.05676750567171669,0.060566965516527425,0.39904988940214553
2017-06-15,0.0,0.13369454660984115,0.12674051435468972,0.37160745112287663
2017-06-16,0.0,0.13379270052198078,0.11263254189511268,0.3712651583062296
2017-06-19,0.0,0.13876698963796966,0.11798480048869654,0.3732061182218696
2017-06-20,0.0,0.021039662443185274,0.01999079095241727,0.3775349471056833
2017-06-21,0.0,0.09300593660021293,0.0968621220167634,0.377624247984412
2017-06-22,0.0,0.042125374232138066,0.03961496891189933,0.37746022597314255
2017-06-23,0.0,0.08275425351807981,0.07020818711807354,0.37619280257571625
2017-06-26,0.0,0.21069233042124702,0.2024114460209188,0.3761926382946477
2017-06-27,0.0,0.020217627272763418,0.019714820498795898,0.3820105492387812
2017-06-28,0.0,0.06328105576310993,0.06447063091620224,0.3873911748803188
2017-06-29,0.0,0.1675792424417921,0.19408281817914164,0.3890464186023023
2017-06-30,0.0,0.06883766180253341,0.061308978618546936,0.3881560451804195
2017-07-03,0.0,0.48708890924928194,0.48076474375466044,0.3885447101153386
2017-07-05,0.0,0.03789459365839614,0.03651262706424211,0.38816231553071806
2017-07-06,0.0,0.2615727443382166,0.24992840903507385,0.39369672130168565
2017-07-07,0.0,0.033061527141963795,0.02677887590340833,0.39655998322383434
2017-07-10,0.0,0.08431405544876776,0.07910257515561622,0.3965972277442841
2017-07-11,0.0,0.042451636174018634,0.04036616363232518,0.39657741689876996
2017-07-12,0.0,0.03775161633028466,0.031958620866116075,0.39860775101299634
2017-07-13,0.0,0.02600378704994729,0.021080473546881546,0.3987102753674282
2017-07-14,0.0,0.024836898673438662,0.021204110003572713,0.39939950794372875
2017-07-17,0.0,0.01733072855594807,0.014942631978299198,0.3994171750932674
2017-07-18,0.0,0.01635219066316177,0.01240323051730337,0.39547908934153947
2017-07-19,0.0,0.040947995810475285,0.033269821328937195,0.39373630257182163
2017-07-20,0.0,0.06151862930836477,0.06218824363055184,0.393672425918713
2017-07-21,0.0,0.03373011229287258,0.02804121341432916,0.39365867750407424
2017-07-24,0.0,0.06420340179164735,0.05563239640903926,0.39382064933258965
2017-07-25,0.0,0.09858440766069626,0.10348765258363547,0.3941253950114051
2017-07-26,0.0,0.029003788502817558,0.029147032458642672,0.3885801596298652
2017-07-27,0.0,0.008327532960381565,0.009732543616981651,0.3843020440633504
2017-07-28,0.0,0.2145925484363621,0.1803987432676773,0.37727180064096866
2017-07-31,0.0,0.0691435369702617,0.06683996251037404,0.37752028603148774
2017-08-01,0.0,0.033302112660003075,0.032111504310235094,0.37755485155200647
2017-08-02,0.0,0.049676700528786845,0.05047390551554873,0.37755053377906916
2017-08-03,0.0,0.033270367711619626,0.032893684163933165,0.3677030441505011
2017-08-04,0.0,0.12612770511900123,0.10588058047607503,0.36448298316069017
2017-08-07,0.0,0.15224734373157153,0.1492909939267071,0.3645215398325741
2017-08-08,0.0,0.03441703489058017,0.030788478349384505,0.3655932448413927
2017-08-09,0.0,0.26473807618813344,0.24357897818565918,0.360168097481922
2017-08-10,0.0,0.08696863085385886,0.08360275077184219,0.3822370399273835
2017-08-11,0.0,0.13575416944790436,0.11255361159249432,0.3804353363577169
2017-08-14,0.0,0.038090603436773465,0.033166913016223445,0.38835048658965443
2017-08-15,0.0,0.10408783850116979,0.09840069502897365,0.38836122974690895
2017-08-16,0.0,0.09352491892824502,0.08573386205374613,0.38640543928311305
2017-08-17,0.0,0.034434838642646605,0.03129021628304089,0.4009964324380372
2017-08-18,0.0,0.16204811806667888,0.13081603074478576,0.4010297427911616
2017-08-21,0.0,0.2231716595181779,0.21647551400604834,0.4012739045435573
2017-08-22,0.0,0.03254269698221213,0.028959547283472206,0.4068614813019641
2017-08-23,0.0,0.064630048757735,0.06225774202970403,0.40726886340973795
2017-08-24,0.0,0.06543179217318977,0.06414953062251247,0.40736692544688136
2017-08-25,0.0,0.12789374789341273,0.1246795237812576,0.40763060648985033
2017-08-28,0.0,0.19405883633151425,0.21065808443499612,0.40768563699854876
2017-08-29,0.0,0.20843782729470942,0.20549727296123305,0.4073063480117839
2017-08-30,0.0,0.11554737259431451,0.1222734230969604,0.40864569401642453
2017-08-31,0.0,0.05023112883994005,0.049211659762642544,0.4102672995449756
2017-09-01,0.0,0.15513013920609856,0.1484140726005184,0.41028595741588514
2017-09-05,0.0,0.018686619600443224,0.018744959826609738,0.41285449427348614
2017-09-06,0.0,0.1859394990487116,0.18295791576209397,0.41322461947295974
2017-09-07,0.0,0.1612660048580663,0.16377047822250992,0.4132226561541405
2017-09-08,0.0,0.2575928268716815,0.20445563541499806,0.4018694449115112
2017-09-11,0.0,0.03188169596041391,0.030333641175063635,0.4075451759960696
2017-09-12,0.0,0.023371176768336596,0.022700718125659717,0.403191988584542
2017-09-13,0.0,0.12734284718149588,0.1328724394148489,0.4031155612868035
2017-09-14,0.0,0.10959489651506354,0.11123732422585517,0.4032510917545071
2017-09-15,0.0,0.1353680908391185,0.11408165563052346,0.38587873484589685
2017-09-18,0.0,0.24635654474922125,0.19428043176029142,0.3850333380656926
2017-09-19,0.0,0.18098559244800952,0.15244256553418545,0.38503700616606373
2017-09-20,0.0,0.04132155617054498,0.040824442615372256,0.37916814434693086
2017-09-21,0.0,0.2531745666042326,0.1962911429654712,0.3788613965381268
2017-09-22,0.0,0.20360273275303054,0.14741346614435538,0.3779478232976333
2017-09-25,0.0,0.2966663612501709,0.25756323606843273,0.37893749398253646
2017-09-26,0.0,0.08035682927318952,0.060493279707395944,0.37899460355611747
2017-09-27,0.0,0.0570908981749094,0.04860811267535223,0.3797179267963328
2017-09-28,0.0,0.13774045425417264,0.12093542476893611,0.37869260136715993
2017-09-29,0.0,0.1344634518498788,0.10436034951062477,0.37738665192560733
2017-10-02,0.0,0.09627822434357171,0.08237064038926306,0.3780267315586263
2017-10-03,0.0,0.07330305825351,0.05824112344330411,0.3706198141022979
2017-10-04,0.0,0.12809226050446743,0.10680230487877618,0.370345172694583
2017-10-05,0.0,0.12976401496079676,0.10826771232071375,0.3717243917688208
2017-10-06,0.0,0.12511420370827642,0.11759948973794085,0.3714669164960684
2017-10-09,0.0,0.5075837367154881,0.4688755605661675,0.3623888882184707
2017-10-10,0.0,0.07117959799825467,0.05442014407374791,0.3618920908612391
2017-10-11,0.0,0.12608006247753947,0.10461259424581665,0.36194355705973175
2017-10-12,0.0,0.23028497971352213,0.22130774070128895,0.36234607412756764
2017-10-13,0.0,0.21223732167068843,0.17904447428537404,0.3622701368307442
2017-10-16,0.0,0.09876936882579627,0.0700891861630737,0.3623139423148899
2017-10-17,0.0,0.08640897948633981,0.0629834648900154,0.36233336185354337
2017-10-18,0.0,0.23095929067232635,0.19168119721341367,0.36232284654696517
2017-10-19,0.0,0.3947948776157883,0.36210278984621624,0.35993066452035644
2017-10-20,0.0,0.13084609725412097,0.10972394225647429,0.3619203613669831
2017-10-23,0.0,0.1787860627757894,0.15769334404543975,0.36401289409908155
2017-10-24,0.0,0.05820696680413327,0.05358786076956746,0.363795143786281
2017-10-25,0.0,0.09782208913833405,0.10742214446037765,0.3670124614761102
2017-10-26,0.0,0.34182134545172294,0.3517407065110275,0.3670162116024704
2017-10-27,0.0,0.19901493638976867,0.17990505801691697,0.3715682240573963
2017-10-30,0.0,0.23333655787298543,0.22328561201564875,0.37256444490297386
2017-10-31,0.0,0.06325250010457624,0.05976555070392687,0.37238958643806924
2017-11-01,0.0,0.07537678150766343,0.07288486002795803,0.37243176017891916
2017-11-02,0.0,0.2059198410991411,0.17793239870821653,0.36990669545470817
2017-11-03,0.0,0.28196997927407025,0.23981010679214215,0.3702285207598822
2017-11-06,0.0,0.14832352063516852,0.11889421928533131,0.3695048497160051
2017-11-07,0.0,0.07462209634618078,0.06510364390386869,0.3693841088655606
2017-11-08,0.0,0.11969486466132849,0.10462266645731023,0.36931755493975277
2017-11-09,0.0,0.5184247307902826,0.520597262661469,0.37083753394344277
2017-11-10,0.0,0.22893950502729107,0.19474877193209247,0.37106882029752886
2017-11-13,0.0,0.29040789132034267,0.2480356231095097,0.37093894498182883
2017-11-14,0.0,0.12161799404737181,0.10032342873539103,0.3717236784924271
2017-11-15,0.0,0.10969438425871013,0.08919517602153419,0.3749356833560976
2017-11-16,0.0,0.060311153177099244,0.04598544104022985,0.38047940331052044
2017-11-17,0.0,0.2503288307611005,0.1831179684780286,0.37920873304574726
2017-11-20,0.0,0.21103088682241092,0.17664492500515022,0.3777928334502787
2017-11-21,0.0,0.09130224486746842,0.06976706172762565,0.38082529507765794
2017-11-22,0.0,0.14323472045819707,0.12389099859018304,0.3785854060022931
2017-11-24,0.0,0.2528609998463359,0.21485719667263706,0.37870241020324885
2017-11-27,0.0,0.467618138257265,0.38055907434502684,0.3737081366292415
2017-11-28,0.0,0.0020535501015155728,0.0018631528131393268,0.3798275994038237
2017-11-29,0.0,0.06920708779169793,0.065421364907095,0.37998868052290335
2017-11-30,0.0,0.14282027502524441,0.11451269213866223,0.3839670521605997
2017-12-01,0.0,0.27967614787125705,0.2531435339903986,0.38470809065959016
2017-12-04,0.0,0.0467076009734928,0.038742441205687456,0.3847569217278752
2017-12-05,0.0,0.056519832144136535,0.04058710856432583,0.3863419643605877
2017-12-06,0.0,0.3522414712907508,0.3015134557088853,0.38633197954559073
2017-12-07,0.0,0.04699927557599526,0.037189115129866154,0.38664024773902
2017-12-08,0.0,0.09047581801128331,0.06723546648183125,0.38638985147233434
2017-12-11,0.0,0.0464955287295854,0.03575381199945658,0.38624573816619023
2017-12-12,0.0,0.0065457127263422715,0.0056101701435657455,0.3862256268005052
2017-12-13,0.0,0.007340745185212476,0.007017629856458552,0.38541332624873753
2017-12-14,0.0,0.04237332917354971,0.040171967755869606,0.383980869754817
2017-12-15,0.0,0.7195688143106348,0.6832688260200063,0.3848035990933327
2017-12-18,0.0,0.004918837433254379,0.0037434691938193444,0.3841234762553342
2017-12-19,0.0,0.04743752991457153,0.037628302438956825,0.38616242828603314
2017-12-20,0.0,0.2340169631605189,0.1977468581996783,0.3848958772704286
2017-12-21,0.0,0.14823226324874778,0.12382308041091977,0.38448630857106925
2017-12-22,0.0,0.21299154788101213,0.1776844719724847,0.3847955009018601
2017-12-26,0.0,0.30369658571605335,0.29076876796279033,0.38502571776951183
2017-12-27,0.0,0.044436882273771565,0.04509114230555535,0.3791441196114722
2017-12-28,0.0,0.060528926852263736,0.05450939338480299,0.3790021363724021
2017-12-29,0.0,0.05635463694990864,0.05814182385663744,0.3774294544594554
2018-01-02,0.0,0.01704778808837551,0.015999486600296358,0.38160717236495223
2018-01-03,0.0,0.003948300618579588,0.004454949667006209,0.3833601584774415
2018-01-04,0.0,0.011924700595903675,0.011775824518860702,0.38158370258578617
2018-01-05,0.0,0.30274793013501683,0.30438040661665267,0.3833044956061183
2018-01-08,0.0,0.02827670997136937,0.031346473804856514,0.38326480919318395
2018-01-09,0.0,0.015861586043719983,0.016427495957731478,0.3823032287802325
2018-01-10,0.0,0.007706654303724842,0.008024556793601865,0.382786688775042
2018-01-11,0.0,0.005085969386847777,0.005087029305147266,0.3849265396682612
2018-01-12,0.0,0.007223294716863611,0.008915885888690505,0.38605987416343196
2018-01-16,0.0,0.016019593867193028,0.012231571314488723,0.3855624005113303
2018-01-17,0.0,0.008630628887738597,0.0073203052250215995,0.3860161271663964
2018-01-18,0.0,0.0028121988598028363,0.002504022443495072,0.38630411234152406
2018-01-19,0.0,0.01843100083331792,0.019567076348369735,0.3844795673693099
2018-01-22,0.0,0.033492015254147744,0.029190106349444498,0.38587946150788927
2018-01-23,0.0,0.026134778498465294,0.024071978670957363,0.3858589745479092
2018-01-24,0.0,0.05047173338142557,0.05332727931025542,0.38590943029717517
2018-01-25,0.0,0.00972957708158765,0.00795358415836902,0.3851412137619866
2018-01-26,0.0,0.04321467121273277,0.04395838545201958,0.39017647084439283
2018-01-29,0.0,0.0097552983629453,0.010019805644142113,0.3965624617963605
2018-01-30,0.0,0.39589127715225153,0.43607009925865997,0.40394546565740275
2018-01-31,0.0,0.71378142220961,0.7385654862409847,0.4022886992609573
2018-02-01,1.0,0.530553480024336,0.5127984538133007,0.4017070640242731
2018-02-02,1.0,0.7404321898834109,0.7627419449756027,0.42657481155725263
2018-02-05,0.0,0.37346074466142154,0.45776884657402994,0.4806817733511379
2018-02-06,0.0,0.5724948706402975,0.5966558195745781,0.4900419274354398
2018-02-07,1.0,0.24722207129880253,0.2710293467896473,0.4903108434649569
2018-02-08,0.0,0.12652283490012792,0.1624782105936728,0.5207091897141224
2018-02-09,0.0,0.8398919981322498,0.8779046454159697,0.5255122544009159
2018-02-12,0.0,0.27081695088010516,0.3214189301671008,0.5294497683000031
2018-02-13,0.0,0.3428567206112631,0.380413483730022,0.5298834619824107
2018-02-14,0.0,0.6346315688128268,0.7018459501702229,0.5321171560216006
2018-02-15,0.0,0.34612468624212,0.4189970059034778,0.5358980641434482
2018-02-16,0.0,0.2369852068373122,0.29270775422521517,0.5353094222116995
2018-02-20,0.0,0.09787907115828016,0.1162154311903246,0.533729011560682
2018-02-21,0.0,0.05758974906448953,0.0744823213277754,0.5335667627934816
2018-02-22,0.0,0.058208619506879195,0.07247822341807304,0.5337282171236533
2018-02-23,0.0,0.33566283802080793,0.37831560027506433,0.5401751237846144
2018-02-26,0.0,0.022303333288470686,0.026633051483247475,0.540130009185373
2018-02-27,0.0,0.011223667280284594,0.016973011084906692,0.5420574434837767
2018-02-28,0.0,0.5507555052189935,0.6674206453796889,0.5421294831456148
2018-03-01,0.0,0.7595096365899943,0.7995019637846842,0.54445322407319
2018-03-02,0.0,0.2596578327172111,0.36095382181000546,0.5454834035084508
2018-03-05,0.0,0.16859079746901467,0.2188982223227814,0.5408005966052774
2018-03-06,0.0,0.18254056369536986,0.20861438781907637,0.5028654509743828
2018-03-07,0.0,0.17767391340452146,0.20161369099611828,0.4962365425355706
2018-03-08,0.0,0.23172303470365863,0.26139292792500096,0.49566744690705417
2018-03-09,0.0,0.15877405971734862,0.17551631349553315,0.4553161661883692
2018-03-12,0.0,0.07037535968915204,0.07273687694350132,0.45160041622841973
2018-03-13,0.0,0.06438423514464373,0.06849385277607832,0.4498889516088406
2018-03-14,0.0,0.10993426334289748,0.13340726673375602,0.45187239260392414
2018-03-15,0.0,0.13046124262503658,0.1475388582524255,0.4468400583889436
2018-03-16,0.0,0.7306311754508551,0.7112331503388448,0.44210485829217566
2018-03-19,0.0,0.38517669970396057,0.3578220305044651,0.4494931384519098
2018-03-20,0.0,0.11980344864678161,0.11911680843613877,0.448428794870404
2018-03-21,1.0,0.1698381265852648,0.16890710331915076,0.447432726049807
2018-03-22,1.0,0.4051701053503579,0.44643952025067246,0.4676652629586598
2018-03-23,0.0,0.7776244021114318,0.8014969868495717,0.4687407813076377
2018-03-26,0.0,0.24017466983797467,0.29618754741031617,0.48812852707902604
2018-03-27,0.0,0.25115536511978304,0.30566216034808164,0.4912279631233748
2018-03-28,0.0,0.7144995367219599,0.7789784679784553,0.4891281343199818
2018-03-29,1.0,0.16848156506839476,0.19429562604034728,0.49130870770733415
2018-04-02,0.0,0.3395613566288759,0.3502862250807226,0.5015885614436816
2018-04-03,0.0,0.6116971562412108,0.6676236158177888,0.502666693814648
2018-04-04,0.0,0.7320725986854778,0.763894295265648,0.5064921037202514
2018-04-05,1.0,0.23361219020730437,0.2705680236888803,0.5080677021702615
2018-04-06,0.0,0.8207694963221943,0.8374014400111989,0.5166569201567739
2018-04-09,0.0,0.6171899196973032,0.6642384130843626,0.508058841988752
2018-04-10,0.0,0.17462384782520227,0.19801985528872737,0.5167842178220555
2018-04-11,0.0,0.5485761045429512,0.5984557286503192,0.5166409599124916
2018-04-12,0.0,0.4186045177930992,0.5053759223795057,0.518595869412696
2018-04-13,0.0,0.3616993247535595,0.392274220684438,0.5186251350475236
2018-04-16,0.0,0.23866263274403565,0.2640879826269267,0.5204425861015487
2018-04-17,0.0,0.03039834369964754,0.03374225559742216,0.5191786417546927
2018-04-18,0.0,0.038105184775387525,0.04750469487525885,0.5191439127287365
2018-04-19,0.0,0.17331678216848428,0.22737275969407633,0.5197781924186035
2018-04-20,0.0,0.38209623137736903,0.4365094076865681,0.5066320944364663
2018-04-23,0.0,0.37102012787511224,0.3797789172816064,0.4944891082784661
2018-04-24,0.0,0.5609879351333091,0.6202316849898304,0.4807909888198797
2018-04-25,0.0,0.399415245118464,0.4624759699771666,0.47213172523327307
2018-04-26,0.0,0.043918861797835364,0.04784558440033962,0.4743906370200615
2018-04-27,0.0,0.39016649362540656,0.4144303313275494,0.4694555915443566
2018-04-30,0.0,0.5805965578020217,0.6124513689589984,0.4547457651513156
2018-05-01,0.0,0.2545709464897867,0.2802211830342239,0.4502211137649378
2018-05-02,0.0,0.43380445129751444,0.48736740254172584,0.44777207997654384
2018-05-03,0.0,0.6491588117793469,0.6762251269143486,0.44602235740389407
2018-05-04,0.0,0.29992459079674083,0.2986434532608011,0.43313575291847783
2018-05-07,0.0,0.36152279582293223,0.39388101263274067,0.43315789514450936
2018-05-08,0.0,0.20284194313322607,0.20199863649393082,0.42224127177354415
2018-05-09,0.0,0.19843400200660496,0.2190648715124009,0.42413833365125814
2018-05-10,0.0,0.19785708808466315,0.1941957379361932,0.4249025877426598
2018-05-11,0.0,0.06515753136356682,0.06712426987520173,0.42415983137580415
2018-05-14,0.0,0.27956935952798084,0.2944014587338049,0.42200381057124803
2018-05-15,0.0,0.3434982235370229,0.32324395230622777,0.4198248472824698
2018-05-16,0.0,0.11191493763207423,0.10111915796316474,0.4204971672150834
2018-05-17,0.0,0.05016127095131416,0.04798869344818012,0.4188235404868383
2018-05-18,0.0,0.10081238566217854,0.08733366520889749,0.4152856711027203
2018-05-21,0.0,0.14271334324686258,0.141015023099868,0.41721433015874243
2018-05-22,0.0,0.03079323966718699,0.02719991193682197,0.40714258790272023
2018-05-23,0.0,0.2423223635028048,0.23144679988969594,0.4072660628732327
2018-05-24,0.0,0.14210465447086476,0.13814247946777883,0.40348407849715223
2018-05-25,0.0,0.12901390023397252,0.12520680216471142,0.40414058676588754
2018-05-29,0.0,0.6879000291119521,0.6866282456757,0.40811218331377824
2018-05-30,0.0,0.08215895540138317,0.08178279625778752,0.41492127114599114
2018-05-31,0.0,0.4183313550701742,0.4568903067526448,0.41465310580531617
2018-06-01,0.0,0.19294242143126578,0.19120271554703613,0.41800158606694576
2018-06-04,0.0,0.17153833216139727,0.175876803215061,0.4123977770898683
2018-06-05,0.0,0.03469876375249009,0.03357547979855315,0.4122344229269117
2018-06-06,0.0,0.1243204164903929,0.12840414823075333,0.41444625587317213
2018-06-07,0.0,0.24511970123354074,0.25372588243004857,0.4114420429579961
2018-06-08,0.0,0.1456008415312903,0.1377866622298371,0.4081470267213368
2018-06-11,0.0,0.12404871221344325,0.11988791684132352,0.4081219161291353
2018-06-12,0.0,0.03830041791980698,0.037149711792060655,0.40814836320629166
2018-06-13,0.0,0.20287413069600327,0.2169097227467707,0.4061587232213381
2018-06-14,0.0,0.07936523360527589,0.07207811979740425,0.40579002482102694
2018-06-15,0.0,0.723795699176502,0.7491998543436809,0.4058261223763295
2018-06-18,0.0,0.24289938681568765,0.22341934679580952,0.4056320146120197
2018-06-19,0.0,0.03648261751516001,0.03274005944649058,0.40456760154508803
2018-06-20,0.0,0.17052406906730835,0.15306604485253927,0.40381355217535275
2018-06-21,0.0,0.40842072923423145,0.40157246721269685,0.4060559395546182
2018-06-22,0.0,0.5380216387300629,0.5642873422965252,0.40584537425701034
2018-06-25,0.0,0.31291325372056056,0.317609025032475,0.4155449229290299
2018-06-26,0.0,0.07767596596444498,0.07307162848182382,0.40860381848631316
2018-06-27,0.0,0.2213928044320442,0.2247033452254569,0.4040840934995732
2018-06-28,0.0,0.2752252745029041,0.27676639517825335,0.40372668080712126
2018-06-29,0.0,0.071389156550385,0.06463454209370599,0.3967528711272882
2018-07-02,0.0,0.29875465106318716,0.2774978243898483,0.39602876086464134
2018-07-03,0.0,0.5317996175931217,0.5061900098382733,0.39717547982413204
2018-07-05,0.0,0.22873767257373673,0.20805815375309678,0.3972364961503067
2018-07-06,0.0,0.06236040847671388,0.05677623089406756,0.4019499108019722
2018-07-09,0.0,0.03197920631130106,0.03060456558000202,0.4058037421384646
2018-07-10,0.0,0.018994699935094506,0.018274806202903483,0.40635648825621923
2018-07-11,0.0,0.019807448399462104,0.0194018646080987,0.4088990638539801
2018-07-12,0.0,0.022968922470622544,0.020851051890505484,0.41188274652133783
2018-07-13,0.0,0.07761701278483446,0.07494392880266652,0.4116864664511306
2018-07-16,0.0,0.0952180133789123,0.0962953778949486,0.41168801747303896
2018-07-17,0.0,0.019452213362911634,0.017863303197059942,0.4119460163361501
2018-07-18,0.0,0.011987340365336514,0.010834048058589762,0.4108406529585029
2018-07-19,0.0,0.024745495238363488,0.025134333424316112,0.4119701873481154
2018-07-20,0.0,0.07785810890028597,0.06565339125998106,0.4094823134927102
2018-07-23,0.0,0.04572602219765252,0.046101123093942487,0.4094800769425514
2018-07-24,0.0,0.006263691675076901,0.006247000432259482,0.3971092243772654
2018-07-25,0.0,0.01808124348125641,0.01942770582869192,0.40011864422862475
2018-07-26,0.0,0.05412303201701756,0.05716656446711449,0.39448363938006087
2018-07-27,0.0,0.07835735893850865,0.07450117761157204,0.39827906743837077
2018-07-30,0.0,0.23070916537326883,0.22995960146499125,0.4015346805403605
2018-07-31,0.0,0.0785227355559349,0.07411459348840445,0.40203760212292733
2018-08-01,0.0,0.19310865847474273,0.18766130823631547,0.3998744865007888
2018-08-02,0.0,0.07027162691492897,0.06175268238806423,0.3976228904424694
2018-08-03,0.0,0.06589506189112893,0.06393500016785511,0.3952127010859972
2018-08-06,0.0,0.15830287302597199,0.16149175191101903,0.3918473206518537
2018-08-07,0.0,0.009618696249691099,0.008731144838831145,0.3916742465158322
2018-08-08,0.0,0.037342194355209295,0.030980028256569647,0.38686844947186133
2018-08-09,0.0,0.07627953623029932,0.06640749536321025,0.3831349920937995
2018-08-10,0.0,0.03867022416597973,0.031195501978666548,0.38781974371221517
2018-08-13,0.0,0.1128529531720175,0.098154344671305,0.3891017928074398
2018-08-14,0.0,0.019775837983855817,0.017862851468250358,0.3906786938759567
2018-08-15,0.0,0.5377186818004004,0.5853342526991709,0.3946033317021939
2018-08-16,0.0,0.03055977059502635,0.025294008538334876,0.39704266502558183
2018-08-17,0.0,0.0463654164029936,0.03957540197740825,0.39726822534135126
2018-08-20,0.0,0.12096957498159293,0.12127485905103887,0.39735938055013414
2018-08-21,0.0,0.014914781472718543,0.013321176766550008,0.3964845138513098
2018-08-22,0.0,0.029288800064135274,0.026339493109850617,0.391766417300862
2018-08-23,0.0,0.04125503104496605,0.036284551525894305,0.39127969732045664
2018-08-24,0.0,0.03125053962815117,0.027421551310383284,0.38977948135169427
2018-08-27,0.0,0.10436026286593958,0.10079589196847613,0.3890845467089025
2018-08-28,0.0,0.05738804026498789,0.056479122841521116,0.38841048570923087
2018-08-29,0.0,0.020611378179547148,0.01933623208289203,0.3891083642104057
2018-08-30,0.0,0.013844357934072227,0.012783764324747838,0.39078223690639724
2018-08-31,0.0,0.02917253883199965,0.027680174503807182,0.3900357153894659
2018-09-04,0.0,0.0030503453903636298,0.003155693227761646,0.390038741746249
2018-09-05,0.0,0.008494580217039317,0.00821753731620812,0.39055577260463903
2018-09-06,0.0,0.13939118207357457,0.13908230998580728,0.39166783319759535
2018-09-07,0.0,0.11762584808235209,0.09322860183999034,0.3918938652592311
2018-09-10,0.0,0.1461056564120328,0.137641929797671,0.3879340205788257
2018-09-11,0.0,0.044576458097356886,0.03873843085340853,0.38668931323133443
2018-09-12,0.0,0.05696549158988015,0.06179897928829859,0.38455319792255316
2018-09-13,0.0,0.08518995925620809,0.07934904831339036,0.3796999739860089
2018-09-14,0.0,0.21839002021783238,0.17749511694894074,0.3759604980376842
2018-09-17,0.0,0.07965693724399511,0.06982629865868457,0.3791494373985356
2018-09-18,0.0,0.007171845647048745,0.005630330634750728,0.3807036841772375
2018-09-19,0.0,0.034618270355000036,0.0302835911628292,0.38058846477352754
2018-09-20,0.0,0.0017030551414694184,0.0014881586189800086,0.3841801992348512
2018-09-21,0.0,0.587730553817311,0.58843953386617,0.3837166697040849
2018-09-24,0.0,0.22632411246571404,0.1996769423471451,0.38323123090348776
2018-09-25,0.0,0.018871056891779536,0.016693578629077367,0.379379252538712
2018-09-26,0.0,0.05531187054652207,0.04797082553568739,0.3804272391134368
2018-09-27,0.0,0.14723951532957968,0.11804408224373908,0.3783527125594849
2018-09-28,0.0,0.14301841320624425,0.11640999145657405,0.37652004497264774
2018-10-01,0.0,0.034785373157441346,0.028235879907291084,0.37750850593028723
2018-10-02,0.0,0.02634741491652522,0.023300674040612816,0.37718223383839466
2018-10-03,0.0,0.18660902621771638,0.20116017707983375,0.37616781122794557
2018-10-04,0.0,0.4009069569169004,0.3893295884628012,0.38118908964096904
2018-10-05,0.0,0.2748656117091129,0.2365584166943192,0.3834184271372624
2018-10-08,0.0,0.12933079566937267,0.11545259864923073,0.383217162494509
2018-10-09,1.0,0.10790458301561406,0.0870096242965694,0.3822717390133081
2018-10-10,1.0,0.6706021551913949,0.6677848795119946,0.435902661874374
2018-10-11,0.0,0.49727810061049826,0.5174893303487325,0.44611629167219696
2018-10-12,0.0,0.630488143349216,0.653902270531813,0.4558048961012255
2018-10-15,0.0,0.6198074203310693,0.6036188626309958,0.4558802793710342
2018-10-16,0.0,0.12651518456655197,0.13799682468489657,0.47163382907724494
2018-10-17,0.0,0.6033998069264109,0.6026753124792306,0.47144159074371456
2018-10-18,0.0,0.43372073938099215,0.4533782781930818,0.47283996249918747
2018-10-19,0.0,0.36315968903394047,0.37561285370748104,0.4728410183538196
2018-10-22,0.0,0.5905732200792153,0.6104529625072603,0.4728927270282998
2018-10-23,1.0,0.5238186637720619,0.5045365066668119,0.4730142246569669
2018-10-24,0.0,0.7146874229065351,0.7187808094678545,0.49345741090057826
2018-10-25,0.0,0.5340546230742336,0.5808710510197588,0.5051850209093556
2018-10-26,0.0,0.5342951430621309,0.5427664257187049,0.5090324765856855
2018-10-29,0.0,0.5760268825802107,0.5853987322132086,0.5074369913513493
2018-10-30,0.0,0.16613106149868137,0.18665623933884798,0.5166162498953938
2018-10-31,0.0,0.49188383311282197,0.5475935316302989,0.5210516894836267
2018-11-01,0.0,0.5551864965681849,0.6003659178591089,0.5246862148903685
2018-11-02,0.0,0.5358168748267481,0.5710332912416278,0.5247949381748538
2018-11-05,0.0,0.8173255264123487,0.8430140783053051,0.5261585603332986
2018-11-06,0.0,0.5969508061616522,0.6207616871425984,0.5277178346543036
2018-11-07,0.0,0.29363277050393843,0.3531892295053743,0.5155312839333327
2018-11-08,0.0,0.20761973833708974,0.24495707232262465,0.5047795807381688
2018-11-09,0.0,0.6595350178413678,0.7083432773076869,0.5029685618079088
2018-11-12,0.0,0.6657664970350723,0.695055558209891,0.5114501085453264
2018-11-13,0.0,0.7343354921846071,0.7569512180195084,0.4992534839337836
2018-11-14,0.0,0.8879870246260431,0.891436822644563,0.500070943349369
2018-11-15,0.0,0.6779769867463297,0.7234783166461252,0.4992462915004596
2018-11-16,0.0,0.35995702644951355,0.3695884995028566,0.4994390385905757
2018-11-19,0.0,0.5598212773092301,0.5477407320190905,0.5053377148967496
2018-11-20,0.0,0.461299332739599,0.4613485773754552,0.5116139809854657
2018-11-21,0.0,0.3392617528386483,0.37512658306640406,0.4895802071716105
2018-11-23,0.0,0.026910646106073823,0.028543299581195822,0.4803110232481777
2018-11-26,0.0,0.789644979950419,0.7403593895733475,0.47953118779592496
2018-11-27,0.0,0.205003300072114,0.19220769976180713,0.4782772362085636
2018-11-28,0.0,0.31979854332723034,0.3302171701799337,0.48575789465976926
2018-11-29,0.0,0.17857670097418407,0.18416099248168097,0.4832747653771582
2018-11-30,0.0,0.3657532609536812,0.3778590265164454,0.48209469951244344
2018-12-03,1.0,0.5501565814947591,0.545946167057009,0.4834901836035125
2018-12-04,0.0,0.45254552479737375,0.4638720638567703,0.5100820580746022
2018-12-06,1.0,0.6845842536459417,0.7105104781878598,0.5089120907821362
2018-12-07,0.0,0.7279470832234076,0.7012359737788795,0.5066646627589764
2018-12-10,0.0,0.4751281986414311,0.4240665161324452,0.5072282876527396
2018-12-11,0.0,0.42017838473362323,0.3773589045873103,0.50638119735131
2018-12-12,0.0,0.873711592755302,0.8619547166184182,0.49995608171435413
2018-12-13,0.0,0.40977004373943615,0.3883773561252513,0.4999842219980125
2018-12-14,1.0,0.8961350073559844,0.8779221136367807,0.5066572150369466
2018-12-17,0.0,0.5846427069858762,0.593914550844811,0.5103708206128843
2018-12-18,0.0,0.3163534590197738,0.32959432790305626,0.5099063786932849
2018-12-19,0.0,0.4370703979185459,0.4959189489548345,0.5091639979648783
2018-12-20,1.0,0.4802379895841622,0.5692644345430105,0.5076216253267214
2018-12-21,1.0,0.947189486859607,0.9539909217017088,0.5130477839465807
2018-12-24,0.0,0.4636573961976927,0.5003300717694764,0.5240088540739741
2018-12-26,0.0,0.8179089025980008,0.845354403594575,0.5728988677676563
2018-12-27,0.0,0.847828002695057,0.8678889034425301,0.5746352841936917
2018-12-28,0.0,0.9503845659171374,0.9498362970126734,0.5618893049188092
2018-12-31,0.0,0.8219738282068815,0.817852832145231,0.5648210196373045
2019-01-02,1.0,0.8528681056039956,0.8615391197474523,0.5625651792852023
2019-01-03,0.0,0.6984203901881478,0.714453159902494,0.5644011672248646
2019-01-04,0.0,0.9137366071687462,0.9248841221073452,0.5775055594723634
2019-01-07,0.0,0.8749143370092676,0.8828491844425705,0.5790895330540488
2019-01-08,0.0,0.6934086266959338,0.7015362837033704,0.573488033367433
2019-01-09,0.0,0.7970279359873563,0.8263207654446865,0.5737929530452763
2019-01-10,0.0,0.8106636465806139,0.8236628349581494,0.5742571708722687
2019-01-11,0.0,0.5247800071603145,0.5285303495944533,0.5736182569912046
2019-01-14,0.0,0.9295797362013496,0.9330369785277449,0.5739170116865632
2019-01-15,0.0,0.5876511793891289,0.5983515441136179,0.5700153919130286
2019-01-16,0.0,0.4418517050373767,0.45516058208396903,0.5616901396718725
2019-01-17,0.0,0.2773399090691207,0.26686640893731767,0.5622685603587103
2019-01-18,0.0,0.15802419223058153,0.16831373357016502,0.558406586025714
2019-01-22,0.0,0.7769348494335268,0.7737623153794768,0.5573163525327718
2019-01-23,0.0,0.04007324076874206,0.045100912862937124,0.5459178960664565
2019-01-24,0.0,0.36446904127872864,0.3466988786399633,0.524614636569225
2019-01-25,0.0,0.42026738306052147,0.3922758982135747,0.4749711188709161
2019-01-28,0.0,0.5809533720202466,0.5190693992840204,0.4779615400661394
2019-01-29,0.0,0.30626046233326365,0.25764568848842745,0.4780161826683127
2019-01-30,0.0,0.1430332610230255,0.14055664812354102,0.4815263924387431
2019-01-31,0.0,0.24092632103063813,0.2316167135174321,0.48206730281273136
2019-02-01,0.0,0.10340023321890021,0.09435840204581862,0.4564958366339096
2019-02-04,0.0,0.4417363870923225,0.4485519264360264,0.422257132088341
2019-02-05,0.0,0.23260424392748064,0.21808610035808074,0.4217945295514985
2019-02-06,0.0,0.5202569386005058,0.4654135938308159,0.42131031466367336
2019-02-07,0.0,0.6976493877830205,0.6538575824990803,0.4276049084795056
2019-02-08,0.0,0.4257511043072845,0.3353151410494813,0.42748162376365834
2019-02-11,0.0,0.19259364778065935,0.15154079247203428,0.4273443981389945
2019-02-12,0.0,0.07341865934436015,0.06389649216819633,0.4291882072048483
2019-02-13,0.0,0.1732341501195125,0.15716296339991873,0.4265629645799636
2019-02-14,0.0,0.09720975007686554,0.09108187910201632,0.42773237219913307
2019-02-15,0.0,0.10814435085534367,0.0940970152728306,0.42960250568244196
2019-02-19,0.0,0.24804392915048942,0.23130049518745793,0.42454648391355077
2019-02-20,0.0,0.21522782260067053,0.1906196835573309,0.41153195155469774
2019-02-21,0.0,0.2008548004846469,0.19700486532841713,0.41346678664056874
2019-02-22,0.0,0.13906343176947253,0.11059684962427566,0.41408200485944285
2019-02-25,0.0,0.30580782543391105,0.2848464175719834,0.41244759588680163
2019-02-26,0.0,0.11916196439333589,0.11280061788071447,0.40735696962561174
2019-02-27,0.0,0.303190936329534,0.30337597506746494,0.4069827855188364
2019-02-28,0.0,0.3201832429860874,0.2966858605944892,0.39859527190424304
2019-03-01,0.0,0.1730812355542335,0.14283182531531474,0.3973707324175948
2019-03-04,0.0,0.39123091606061416,0.3655818149367816,0.3992295752352211
2019-03-05,0.0,0.08908381670585953,0.09471750952532669,0.3978515595259741
2019-03-06,0.0,0.2847490421541854,0.2872366366585852,0.4003065466214241
2019-03-07,0.0,0.39783518265566364,0.3509181863231913,0.4041488192637344
2019-03-08,0.0,0.11659491761092845,0.09214974144216233,0.3988917980285772
2019-03-11,0.0,0.042998899495377434,0.03610862490123583,0.40930265271415434
2019-03-12,0.0,0.06819339490255948,0.06185669229549247,0.409392732684936
2019-03-13,0.0,0.03375444792427202,0.030731891240300374,0.4038685050498913
2019-03-14,0.0,0.2029106970310927,0.1970514613233881,0.4038827121833603
2019-03-15,0.0,0.10689438588489325,0.12458791553354089,0.4038505602620638
2019-03-18,0.0,0.14868389812398952,0.1326202127873242,0.39876706516955907
2019-03-19,0.0,0.055703949822847654,0.04984523035856573,0.39882840900041533
2019-03-20,0.0,0.23344818297694755,0.21980298982462243,0.39963399572625763
2019-03-21,0.0,0.03778058292591122,0.03451040101044504,0.40393984620673634
2019-03-22,0.0,0.20169202118537116,0.20199644195724262,0.42200415291212956
2019-03-25,0.0,0.567778207359607,0.5705753854879771,0.42198915197865255
2019-03-26,0.0,0.12067678025151014,0.12872458089679695,0.42408881850222113
2019-03-27,0.0,0.6609285676985516,0.6390658565068262,0.4251594988055407
2019-03-28,0.0,0.13842942500920863,0.14273783362926243,0.42513868895102136
2019-03-29,0.0,0.042013282422806456,0.042887203861866355,0.42505032764835243
2019-04-01,0.0,0.10445221184114513,0.10867155038701906,0.42889838726709506
2019-04-02,0.0,0.08063232132495204,0.10087955527550534,0.42871051775309005
2019-04-03,0.0,0.06318522385466417,0.0652106399748796,0.4258714607491607
2019-04-04,0.0,0.07948473603409563,0.08515256482241579,0.42120899077165586
2019-04-05,0.0,0.10561302515487447,0.09926110136418571,0.420423549430029
2019-04-08,0.0,0.11392715218280514,0.11946113076850252,0.413209806729474
2019-04-09,0.0,0.13079440994176353,0.13670316856836837,0.41617021503380114
2019-04-10,0.0,0.06398739415835734,0.06565046236607158,0.41490163099432437
2019-04-11,0.0,0.08647764464323755,0.08898126521799994,0.41473993865281966
2019-04-12,0.0,0.211765310120074,0.22465194829647875,0.4154295733010946
2019-04-15,0.0,0.15918237952175376,0.16828267430839255,0.41536946384060414
2019-04-16,0.0,0.024190936696395954,0.021859404037024143,0.41529978867254147
2019-04-17,0.0,0.19164357941425944,0.1977671543982943,0.4150408183150583
2019-04-18,0.0,0.028918616456858164,0.02562004961708884,0.41027947798679315
2019-04-22,0.0,0.028409110633571696,0.02857731588846812,0.3847195553035125
2019-04-23,0.0,0.03977534437210825,0.03774976643623578,0.38741442663411435
2019-04-24,0.0,0.05367305561636259,0.0505709507523716,0.38692645731201275
2019-04-25,0.0,0.0935307234395806,0.08839141175771913,0.3840190517954843
2019-04-26,0.0,0.07170084915818545,0.060740471575427564,0.3843556932439166
2019-04-29,0.0,0.09886818975564411,0.10117029203589163,0.3827001248779185
2019-04-30,0.0,0.05617280675406856,0.05344686375028356,0.37415511354471787
2019-05-01,0.0,0.08569068665322403,0.08573929818687169,0.3807123640104992
2019-05-02,0.0,0.18873798080040227,0.19253307003767955,0.38131872998881616
2019-05-03,0.0,0.09991046153311664,0.0928993766998931,0.3870327426151262
2019-05-06,0.0,0.4328310940886603,0.45054375898579513,0.3881361365410582
2019-05-07,0.0,0.47340004274870834,0.4814518025272853,0.4055841535313952
2019-05-08,0.0,0.3343706852805335,0.36907893416083565,0.40371370597226397
2019-05-09,0.0,0.29980092933719715,0.32179882709562135,0.4034536829995158
2019-05-10,1.0,0.21480973752546142,0.1986321183354038,0.40431400393098327
2019-05-13,0.0,0.6654714664806035,0.6440860365030702,0.4278155585789311
2019-05-14,0.0,0.27862083597846155,0.2826302330453627,0.43153379705756245
2019-05-15,0.0,0.06765619122479474,0.07118369582767274,0.4333871189196914
2019-05-16,0.0,0.01618816296709761,0.014759721823530664,0.4369291658239927
2019-05-17,0.0,0.3003676487089122,0.2781398997528487,0.4378339683284084
2019-05-20,0.0,0.527006639076038,0.5256113443289812,0.43898881547600993
2019-05-21,0.0,0.09167903329447255,0.10721286284123854,0.4387270134617599
2019-05-22,0.0,0.2394037466035503,0.26452007684877793,0.43879212926948147
2019-05-23,0.0,0.4375103809568266,0.43669846772116067,0.4428751123126604
2019-05-24,0.0,0.08359248999103733,0.0865054419119205,0.4416587670594647
2019-05-28,0.0,0.462308630666449,0.48451642987010407,0.4427075811248101
2019-05-29,0.0,0.5525543004446615,0.5212238198495734,0.4429279840763528
2019-05-30,0.0,0.3401703634379545,0.32948993209918337,0.442827196519602
2019-05-31,0.0,0.8249751641359138,0.799233305146487,0.44693512548139086
2019-06-03,0.0,0.8421610184145024,0.8239086251092914,0.4408654141586377
2019-06-04,0.0,0.05333748204902292,0.05125787385365862,0.4613141763751946
2019-06-05,0.0,0.06219669398759119,0.05880665637709942,0.45712718475029124
2019-06-06,0.0,0.1556337209616134,0.16006035519738065,0.4586817215475539
2019-06-07,0.0,0.07118186753434094,0.06505136471887976,0.4621719264577368
2019-06-10,0.0,0.2149230765582682,0.23736578495441968,0.46241668519839635
2019-06-11,0.0,0.03663289795663386,0.03806065114095178,0.4410138073437109
2019-06-12,0.0,0.2673732335080926,0.284692260521683,0.43955192317200553
2019-06-13,0.0,0.051667842388409435,0.05420954135626729,0.43899184153453175
2019-06-14,0.0,0.11318392356632927,0.10931374334796057,0.4364013548560982
2019-06-17,0.0,0.29983466875981,0.30529787463792585,0.4348738708332154
2019-06-18,0.0,0.01881863902430567,0.018264324362013692,0.4355514422683032
2019-06-19,0.0,0.14469776306314389,0.15093147553210856,0.43356219255117473
2019-06-20,0.0,0.014423797949161996,0.016026944231044903,0.4354499338221293
2019-06-21,0.0,0.5241044685641943,0.5190327176469652,0.42792126710957484
2019-06-24,0.0,0.1637723394190984,0.17848050867387855,0.4285428358609686
2019-06-25,0.0,0.12288491893869319,0.12145230333517786,0.4295854416427015
2019-06-26,0.0,0.32643714584293315,0.34929360003928017,0.42655321346013664
2019-06-27,0.0,0.10608657515913926,0.11215141713288414,0.4266416872907974
2019-06-28,0.0,0.3746659776800986,0.3897902793369785,0.41514037245226015
2019-07-01,0.0,0.08947290932533754,0.0884433868448388,0.4139397186989904
2019-07-02,0.0,0.05079706469737021,0.049510144973553064,0.39593610898504367
2019-07-03,0.0,0.4393430876999505,0.42835083712758465,0.3956282844339668
2019-07-05,0.0,0.03765277761338706,0.03215376959349959,0.39619766471727863
2019-07-08,0.0,0.0196543956700242,0.017646031161662475,0.394874185952414
2019-07-09,0.0,0.050265120188105646,0.04859734747471305,0.39431591081476086
2019-07-10,0.0,0.03405286349052174,0.03525919943033739,0.39454330143001404
2019-07-11,0.0,0.032461010078993796,0.034280840471022624,0.3935187691194009
2019-07-12,0.0,0.030124392178421742,0.026681914239238096,0.3936754108621546
2019-07-15,0.0,0.024703236217009025,0.022394309606076874,0.3930074668804828
2019-07-16,0.0,0.015308021711878289,0.015502787579628464,0.3948687660246564
2019-07-17,0.0,0.07915506456058707,0.07690094020631028,0.39477536697003374
2019-07-18,0.0,0.027948255895897996,0.02645117382707231,0.3949381727418402
2019-07-19,0.0,0.041822252176341265,0.03443769696019965,0.39317576539965715
2019-07-22,0.0,0.11052937579416713,0.10179447447716791,0.3933333826817253
2019-07-23,0.0,0.017939761834591925,0.016550740068116004,0.39527538033600684
2019-07-24,0.0,0.06438829737877183,0.06600722263037496,0.388031414746269
2019-07-25,0.0,0.08473642164083119,0.09431312095571845,0.39078832236803235
2019-07-26,0.0,0.07603057157282787,0.07371457403055316,0.3927038742209608
2019-07-29,0.0,0.07763978256052509,0.08049295287397373,0.39216700655122266
2019-07-30,0.0,0.03314205818287838,0.034256045380931355,0.39012481325233456
2019-07-31,0.0,0.4063363834927491,0.4204254373728617,0.3981215154213909
2019-08-01,0.0,0.34106197541347905,0.3449184961768306,0.39889737127934405
2019-08-02,1.0,0.0770411422718957,0.07477421689191004,0.4013083053428333
2019-08-05,0.0,0.2666023192075014,0.23182939102515673,0.4378549521259709
2019-08-06,0.0,0.3645338498776407,0.35245686453811814,0.44587211293442663
2019-08-07,0.0,0.2958920395759228,0.2807799703411429,0.444679306570756
2019-08-08,0.0,0.1304048893924066,0.1433438327069543,0.4583301971739787
2019-08-09,0.0,0.31591471930864484,0.3071588785325777,0.45812670540983014
2019-08-12,0.0,0.6473533138841765,0.6570194515318118,0.46154984177379116
2019-08-13,1.0,0.22243050973682846,0.2496478634830886,0.47030833781257525
2019-08-14,0.0,0.5920451461199899,0.6052567547616309,0.4909745934253521
2019-08-15,0.0,0.6091730165661324,0.6274561296239135,0.4906527415517458
2019-08-16,0.0,0.24932804360048774,0.23922523284309105,0.49713263137183733
2019-08-19,0.0,0.09862425081096678,0.11383626652278704,0.5011723721801054
2019-08-20,0.0,0.07505306613412935,0.08102620237207689,0.5005934816901834
2019-08-21,0.0,0.07586337179126916,0.09870260124916241,0.5020205895809238
2019-08-22,1.0,0.06929220712391654,0.08268574898243075,0.5016691090117443
2019-08-23,0.0,0.7421220480854184,0.7583800873798011,0.513141285288129
2019-08-26,0.0,0.2429208222810249,0.28325253101478587,0.5173703175940567
2019-08-27,0.0,0.20201401431847404,0.23268565529990473,0.5173863239680461
2019-08-28,0.0,0.20185597091132657,0.2380602472295858,0.5171774096488535
2019-08-29,0.0,0.02424735727517772,0.02934494548438706,0.5198893390444875
2019-08-30,0.0,0.06488527712878767,0.07561549234666638,0.5187745121899479
2019-09-03,0.0,0.2964425167575991,0.3494417277008165,0.498127571297434
2019-09-04,0.0,0.03753626367348144,0.04479505419222997,0.4969304932022889
2019-09-05,0.0,0.020958442811446352,0.028560364737432637,0.5003529756028942
2019-09-06,0.0,0.2863470748612929,0.3115594501832371,0.49247564135657174
2019-09-09,0.0,0.11016424480502597,0.12689002867261615,0.491005359494094
2019-09-10,0.0,0.18911595540575654,0.23606622664436658,0.4859806056056351
2019-09-11,0.0,0.0493067745239263,0.056404732767808684,0.4817637398118978
2019-09-12,0.0,0.006139621260546065,0.006729239624506389,0.45110910951943567
2019-09-13,0.0,0.2068202398191373,0.20842266357096867,0.4515497903431063
2019-09-16,0.0,0.20640465732185015,0.21305889056256147,0.4474507084802663
2019-09-17,0.0,0.08262375611150947,0.07647541909418272,0.4435030341709907
2019-09-18,0.0,0.07212827512667655,0.06471020870839952,0.44013915753806193
2019-09-19,0.0,0.0458556330972936,0.042583607148223866,0.438556252878853
2019-09-20,0.0,0.17280921645859632,0.1789962824325632,0.4399123540878406
2019-09-23,0.0,0.1415406293869454,0.11981712856100199,0.4051824328720566
2019-09-24,0.0,0.12053939009817416,0.10596328195714126,0.40673171287617566
2019-09-25,0.0,0.2228556882808569,0.22856075462531,0.40644308948301067
2019-09-26,0.0,0.04837210547479868,0.0436018580105542,0.40616209746774323
2019-09-27,0.0,0.3629493409882752,0.3123112273972335,0.4008894924789745
2019-09-30,0.0,0.08947161713012498,0.08274490992900736,0.40196062153419526
2019-10-01,0.0,0.36166884038022934,0.3647927344423918,0.408088555735022
2019-10-02,0.0,0.7876485354887593,0.7547803988122497,0.41793021288451876
2019-10-03,0.0,0.3530895564654159,0.3607593177822139,0.41227705531746817
2019-10-04,0.0,0.06058544999087517,0.0556893671263685,0.4228280437432802
2019-10-07,0.0,0.15072706079529213,0.1388397524991442,0.4235168405580838
2019-10-08,0.0,0.6711558183119277,0.6137808952199251,0.43244305307677994
2019-10-09,0.0,0.536792348481713,0.5257756026460184,0.4338996815001368
2019-10-10,0.0,0.14715150239724384,0.1478434731896991,0.4355723166664478
2019-10-11,0.0,0.07272969617585247,0.0730783315870824,0.4409871309898924
2019-10-14,0.0,0.5101957242685873,0.5128582357504868,0.4407589765517651
2019-10-15,0.0,0.08617927118799072,0.0920947056632915,0.4443864366893004
2019-10-16,0.0,0.1991341009183401,0.2036241289203811,0.4444969624247601
2019-10-17,0.0,0.07603450587322683,0.0754331856776486,0.4448128951608099
2019-10-18,0.0,0.10805883366781593,0.09705741952822547,0.44450293928122364
2019-10-21,0.0,0.20564955781697764,0.21004673575732935,0.44616833444199216
2019-10-22,0.0,0.0434734470512335,0.04544090774314239,0.44389613609168227
2019-10-23,0.0,0.3272150683235191,0.3302611887069171,0.44289963692942813
2019-10-24,0.0,0.046067114870368506,0.05400406264753494,0.4426632050674842
2019-10-25,0.0,0.18121257018194437,0.19060379012843476,0.4416493045352812
2019-10-28,0.0,0.09046200976134382,0.09822754452355607,0.44182001557915823
2019-10-29,0.0,0.07519227082520201,0.07836914642727565,0.4348093851868644
2019-10-30,0.0,0.020822521152632147,0.024697484762955364,0.4172952587578557
2019-10-31,0.0,0.1471503148824775,0.15952552575117554,0.41725212093383957
2019-11-01,0.0,0.0454196229934536,0.04652516310780565,0.4128344323608025
2019-11-04,0.0,0.24286644150628958,0.25643526949350637,0.4107322760958275
2019-11-05,0.0,0.19521735990858524,0.19723160305273313,0.39220315384284815
2019-11-06,0.0,0.4513952187964876,0.44260145820882685,0.3898473401119163
2019-11-07,0.0,0.03790224845304004,0.0347781315251657,0.38879832241706436
2019-11-08,0.0,0.2441543419967048,0.2583849669932,0.38317064431467596
2019-11-11,0.0,0.11625348740361947,0.10617724756207765,0.38350405220827266
2019-11-12,0.0,0.14591930728315738,0.13712749139544914,0.3780110874560537
2019-11-13,0.0,0.1301968588736839,0.13339055805537028,0.3769056540673678
2019-11-14,0.0,0.03646543719894855,0.037157278892011675,0.376862264406132
2019-11-15,0.0,0.05827446057993828,0.05326007245778895,0.37680228978762603
2019-11-18,0.0,0.07596529802019862,0.06543848307052823,0.3748803826507756
2019-11-19,0.0,0.04068363250253295,0.03957642654539165,0.37254840957794116
2019-11-20,0.0,0.35796868151928185,0.38865535774384663,0.37550306760419205
2019-11-21,0.0,0.030421607159827356,0.03512312994519972,0.37643590209788325
2019-11-22,0.0,0.05022143673301746,0.05259563675646754,0.37586746145081124
2019-11-25,0.0,0.04405198123629599,0.042012636040019535,0.37762374211177296
2019-11-26,0.0,0.053510670558351375,0.042201956061087266,0.3771245575813213
2019-11-27,0.0,0.053344355130111154,0.05106897790560648,0.3774534925940377
2019-11-29,0.0,0.2606740366434348,0.23640558390167113,0.37836001356262555
2019-12-02,0.0,0.06597202164203429,0.05773144286824823,0.38056053189865985
2019-12-03,0.0,0.049107917044525766,0.0528873709931164,0.3838370613310758
2019-12-04,0.0,0.006188160695029232,0.006039461755802851,0.38626525778528564
2019-12-05,0.0,0.07106632952608516,0.07950753205805904,0.3863191998474864
2019-12-06,0.0,0.07437442760963234,0.06913857980415761,0.39096937346082267
2019-12-09,0.0,0.015873050580556422,0.016237715668458337,0.3918566796917193
2019-12-10,0.0,0.03289485819466378,0.03145033821024919,0.39159393654724667
2019-12-11,0.0,0.02649942621807147,0.02567095670013647,0.3918585358147008
2019-12-12,0.0,0.06712557606416542,0.07581533902608092,0.39559314223680997
2019-12-13,0.0,0.01018618415339554,0.010618972382800894,0.39566378225455495
2019-12-16,0.0,0.02811476256867977,0.027645838567828353,0.39522724329125214
2019-12-17,0.0,0.00885192181181284,0.007889742224307153,0.3952425256118606
2019-12-18,0.0,0.017795451488483837,0.017308679434437292,0.39520888702692447
2019-12-19,0.0,0.005462935862900474,0.004586826724838791,0.3941619582472781
2019-12-20,0.0,0.11965012346129203,0.1038330088890083,0.39413662521370296
2019-12-23,0.0,0.01926904613146248,0.015513180929795537,0.3941910810990193
2019-12-24,0.0,0.6223461757957274,0.5858491921938578,0.3921206619145812
2019-12-26,0.0,0.039286616717361646,0.03475859637927422,0.39296561639008337
2019-12-27,0.0,0.03591969089489019,0.03196659735672769,0.3926157267489749
2019-12-30,0.0,0.007370274774908256,0.005921213399635832,0.39406071756784233
2019-12-31,0.0,0.0013675877358998092,0.0011581479853114086,0.3870433459863482
2020-01-02,0.0,0.00028238081001396193,0.00024746182460725166,0.3839744854748223
2020-01-03,0.0,0.0014447781201134774,0.0014043549213756186,0.3891813863403047
2020-01-06,0.0,0.00898707292991422,0.008502293250990558,0.38933313518358
2020-01-07,0.0,0.003702564929605548,0.0035575270765068868,0.3868873500504374
2020-01-08,0.0,0.00259909355945098,0.002525435837882603,0.3859668887303802
2020-01-09,0.0,0.008054683362934342,0.006978351537710999,0.3868182943239861
2020-01-10,0.0,0.022424462740733453,0.018813844197341046,0.3885350027264111
2020-01-13,0.0,0.0015672422658410136,0.001010737641126905,0.38718161703298737
2020-01-14,0.0,0.004860550403548733,0.004167004857392296,0.38776748334884537
2020-01-15,0.0,0.008339521668703798,0.006840085051833805,0.3855465132530156
2020-01-16,0.0,0.0026118705772576354,0.0017353009725051525,0.38863360366621047
2020-01-17,0.0,0.00181312686438052,0.0014353680203158979,0.3884419447212054
2020-01-21,0.0,0.052541527812160004,0.058862371023683906,0.38950144006883225
2020-01-22,0.0,0.011777092847124845,0.007937976714787477,0.38887668018347715
2020-01-23,0.0,0.014633859608481787,0.013390316664057201,0.3888552531269994
2020-01-24,0.0,0.023109048300873413,0.021452784244330003,0.39589073257165375
2020-01-27,0.0,0.07980437995192617,0.10042741952660143,0.4099291164816774
2020-01-28,0.0,0.04413552985359271,0.04164654816201363,0.4147123712716627
2020-01-29,0.0,0.0129134145391013,0.013485862139260209,0.41274456442271273
2020-01-30,0.0,0.011169334161382397,0.011317674167722325,0.41278651871256045
2020-01-31,0.0,0.08213878534732684,0.09246041548233146,0.4246697761971353
2020-02-03,0.0,0.012381054474032045,0.01599756076334518,0.4249371991016991
2020-02-04,0.0,0.007653584209283546,0.008321765124169616,0.43337454485683113
2020-02-05,0.0,0.007276879182194502,0.007365940620708543,0.4368047945844649
2020-02-06,0.0,0.03119541662390825,0.029516408250642872,0.4364776599481103
2020-02-07,0.0,0.007162863694977049,0.007243711790580876,0.4369623937896175
2020-02-10,0.0,0.045489150078443535,0.04070123709290557,0.43787331024448595
2020-02-11,0.0,0.007489337336629982,0.007036794480812129,0.43658174123295523
2020-02-12,0.0,0.024903312258582472,0.025347945072119082,0.43732900947184744
2020-02-13,0.0,0.02706058012994898,0.025125482699950154,0.4376771679542289
2020-02-14,0.0,0.03749216811678132,0.03829305867165486,0.43564224048217354
2020-02-18,0.0,0.005663416487866046,0.005443106129844417,0.43582450137663326
2020-02-19,0.0,0.008584868559229466,0.007934698749352702,0.4359428437003798
2020-02-20,0.0,0.04887736294796808,0.05706381151565735,0.4368073439950306
2020-02-21,1.0,0.014204332289034956,0.01975039741886565,0.4414755367992144
2020-02-24,1.0,0.03078942443346582,0.03834767712665973,0.4751612757420302
2020-02-25,0.0,0.10864496595994984,0.14143141957880054,0.4925613339354263
2020-02-26,1.0,0.12211940941093688,0.1536173506917959,0.4887401229397418
2020-02-27,0.0,0.5197115600803776,0.5536625736370059,0.5279985592301737
2020-02-28,0.0,0.9856935780057785,0.9888172462525137,0.5268639735292766
2020-03-02,1.0,0.6991413565913094,0.7498066693576657,0.5704000938714122
2020-03-03,0.0,0.564871873624936,0.6041958779532521,0.5794839694882835
2020-03-04,1.0,0.4454625779798174,0.5051842570868037,0.6063135442937044
2020-03-05,0.0,0.17982294368597068,0.22048894283236156,0.6164243124569448
2020-03-06,1.0,0.9009307865265026,0.9378969609371703,0.617400815990372
2020-03-09,0.0,0.6327854368011591,0.775519835521023,0.6743582432151042
2020-03-10,1.0,0.7357821630225125,0.8345209002673346,0.704647659509227
2020-03-11,1.0,0.7926314170598143,0.875288299404225,0.718279881376485
2020-03-12,0.0,0.3277834722398157,0.4269961743190111,0.767022646190344
2020-03-13,1.0,0.8318867056639296,0.924512977562702,0.8256740692772284
2020-03-16,0.0,0.38619921518856704,0.5656463164357566,0.8669292758951481
2020-03-17,1.0,0.3564693012413048,0.602456762430439,0.8823184264710923
2020-03-18,0.0,0.47401408000046424,0.6776176157423677,0.8850260325047408
2020-03-19,1.0,0.4574148890937092,0.6979996967639381,0.8857173113407626
2020-03-20,1.0,0.9165590019190344,0.9669758986040042,0.8874974251750914
2020-03-23,0.0,0.6405368161479692,0.7833132547180056,0.8871919757692421
2020-03-24,0.0,0.5606970300220444,0.8401062135025679,0.9113023799288886
2020-03-25,0.0,0.7852043825401002,0.9391929523906415,0.9120846868150245
2020-03-26,1.0,0.7425547839858887,0.921373949085092,0.9180758747646901
2020-03-27,0.0,0.28482609218590804,0.6786065841117298,0.9194024175123806
2020-03-30,0.0,0.6576996911603846,0.8967976860399745,0.9175134191317208
2020-03-31,1.0,0.7352729507161689,0.9231579881482077,0.9168621187048213
2020-04-01,0.0,0.15191009549376766,0.4720949500155801,0.9148153892586322
2020-04-02,0.0,0.27393793389313126,0.6613859159552463,0.9154207866087167
2020-04-03,0.0,0.5807346482438573,0.885139400649856,0.9153616650263526
2020-04-06,0.0,0.899784741271721,0.9682516977769037,0.9156808670171812
2020-04-07,0.0,0.643577299961727,0.8618947862905002,0.9111579765493565
2020-04-08,0.0,0.7639498539363698,0.930905071503265,0.9089520309004566
2020-04-09,0.0,0.3836130863231727,0.6755345820354781,0.8876288736081108
2020-04-13,0.0,0.5379948374960125,0.785989706706105,0.8667248094434762
2020-04-14,1.0,0.10132037964198712,0.18275011633672536,0.8064926911944579
2020-04-15,0.0,0.4762023615679683,0.6698516066255102,0.7967689846037418
2020-04-16,0.0,0.46493607583355906,0.6395385326590562,0.7768665802441244
2020-04-17,0.0,0.09064899538123358,0.14383981857748898,0.7786881185508935
2020-04-20,1.0,0.5608576478618367,0.6964430828440886,0.7655682663024651
2020-04-21,0.0,0.03158203364075445,0.062410525969129466,0.7663060538652575
2020-04-22,0.0,0.37938485431287583,0.5089856441579764,0.7132791490284704
2020-04-23,0.0,0.6875083446249527,0.7809261780849142,0.7135753388725466
2020-04-24,0.0,0.41828185627170433,0.48929304804882523,0.6835938137156574
2020-04-27,0.0,0.15240180208357443,0.20386868451955895,0.6684141465889291
2020-04-28,0.0,0.24099952320679457,0.3028616326996922,0.6610659695187832
2020-04-29,0.0,0.08169459034052405,0.10647690153091692,0.6606471704433466
2020-04-30,1.0,0.37829701354505374,0.44180471408491306,0.6315037964833108
2020-05-01,0.0,0.14053464312011252,0.16713024688956496,0.6442004894317701
2020-05-04,0.0,0.5271411207888453,0.5606902583400097,0.6384565987530467
2020-05-05,0.0,0.5172845272212235,0.5303037327026128,0.577686872332437
2020-05-06,0.0,0.9090089503285912,0.9190425556238491,0.5791304404551709
2020-05-07,0.0,0.19637084187250475,0.208399849929726,0.5637927039837947
2020-05-08,0.0,0.3972929047562245,0.4032124986886559,0.5649096421990948
2020-05-11,1.0,0.4976645695398399,0.5234802592047598,0.5620268533657294
2020-05-12,0.0,0.6537442859829311,0.6552657210100694,0.5560642014631132
2020-05-13,0.0,0.281892850477197,0.3509973955607196,0.5525652589342217
2020-05-14,0.0,0.651679164419375,0.7004499798707272,0.5542265318565829
2020-05-15,0.0,0.6516067874426767,0.6687986677497361,0.5410711849156046
2020-05-18,0.0,0.24550712724170917,0.22731703824652233,0.55191399605309
2020-05-19,0.0,0.2409738786256376,0.20012391895152143,0.5330475997799491
2020-05-20,0.0,0.4349902529716262,0.37908318926140583,0.5286649399474052
2020-05-21,0.0,0.6136207548540347,0.5766974416133488,0.5308413873084995
2020-05-22,0.0,0.5517637587094227,0.5517241677037795,0.528046775259434
2020-05-26,0.0,0.3061616088161391,0.2850109250096687,0.5268586852849453
2020-05-27,0.0,0.19810409548917296,0.18539051104225554,0.5287920910923049
2020-05-28,0.0,0.3827584940639795,0.34719386397131663,0.516246507971924
2020-05-29,0.0,0.16220781765709097,0.15399215899079804,0.5135584742174969
2020-06-01,0.0,0.45852373536776697,0.4363474751922184,0.4894555898826952
2020-06-02,0.0,0.11165220247869846,0.08523142815909697,0.4899252393029295
2020-06-03,0.0,0.389125684270576,0.3668034853235919,0.49166325480453815
2020-06-04,0.0,0.6194262430027518,0.5590114969927089,0.489828114507709
2020-06-05,0.0,0.33256018514333036,0.34682294999340996,0.5004243802314533
2020-06-08,0.0,0.31751494569761496,0.3232155944763244,0.4981587342034909
2020-06-09,0.0,0.10671275472006939,0.10662066012329498,0.5015954530953156
2020-06-10,1.0,0.23922909217124969,0.22152417185442208,0.487533673535528
2020-06-11,0.0,0.24814229725367354,0.22202472840482676,0.5638962670259691
2020-06-12,0.0,0.21844614226748413,0.19371299235221945,0.5643878075238994
2020-06-15,0.0,0.35027763931215883,0.30097963840332387,0.5647997987921461
2020-06-16,0.0,0.21785205576277764,0.2234556053677488,0.5547549268291047
2020-06-17,0.0,0.2854932845649108,0.2968246660929587,0.552115765393113
2020-06-18,0.0,0.31887599999895233,0.3202824676719836,0.548608757276774
2020-06-19,0.0,0.7633026217005845,0.7849093614721143,0.5478476202481894
2020-06-22,0.0,0.7417732760676343,0.7432151424880289,0.5481209974587904
2020-06-23,1.0,0.29436076201619327,0.28410581081539404,0.5463616304478874
2020-06-24,0.0,0.9291498000965869,0.9214262321615357,0.5570517579363917
2020-06-25,1.0,0.8273908435017058,0.8350910018144934,0.5588373398150944
2020-06-26,0.0,0.4522739082711197,0.48621767760240275,0.5692414278517769
2020-06-29,0.0,0.3874871095555655,0.3913853176874974,0.5727771349177526
2020-06-30,0.0,0.07320032554295786,0.08240819117922499,0.5755939435124344
2020-07-01,0.0,0.28098002188849036,0.318408203532315,0.5729357933203644
2020-07-02,0.0,0.27297199767387414,0.3272541947463651,0.5730233382060872
2020-07-06,0.0,0.07231267400531231,0.09392080724280742,0.5655187517729809
2020-07-07,0.0,0.3149463747919742,0.36457525515215417,0.5645112503698024
2020-07-08,0.0,0.28044684754114063,0.34491926656108296,0.5649689792328602
2020-07-09,0.0,0.1620460587197961,0.21817379797427688,0.5650283997140626
2020-07-10,0.0,0.07625597934238326,0.07570254333577031,0.4887994210737066
2020-07-13,0.0,0.5018669408822439,0.5275601899999385,0.4895509029687235
2020-07-14,0.0,0.04385862663873391,0.04701402870660188,0.49192897332111796
2020-07-15,0.0,0.08830094840205169,0.10022457867572396,0.4855201647767753
2020-07-16,0.0,0.15462127106060528,0.16103133512115933,0.4854650889064821
2020-07-17,0.0,0.04071533604270549,0.036083466427994176,0.48546252640287985
2020-07-20,0.0,0.051117982169921916,0.053187483299377634,0.48486823762498765
2020-07-21,0.0,0.04616781353563628,0.051629394495146384,0.484416312293289
2020-07-22,0.0,0.05562315730613166,0.06164900925764114,0.48463269815183235
2020-07-23,0.0,0.028217829390291656,0.03237535159612007,0.46750819546647066
2020-07-24,0.0,0.07045759258675806,0.07506324678627951,0.46771534148026783
2020-07-27,0.0,0.06135253092088635,0.05674039805239425,0.443556742685456
2020-07-28,0.0,0.030009253825570875,0.028147150759277605,0.4421332193194828
2020-07-29,0.0,0.04721340732402815,0.05088246728986636,0.43957328344494334
2020-07-30,0.0,0.06369053517563285,0.06608868178907382,0.44069200691702437
2020-07-31,0.0,0.0665810369318903,0.06638469235807803,0.4416248930764426
2020-08-03,0.0,0.020463552785182557,0.020584090407921755,0.4352160681810401
2020-08-04,0.0,0.042230431005596356,0.04364699090992001,0.4283560279526494
2020-08-05,0.0,0.012346843753105997,0.014566433933392076,0.4278033037956698
2020-08-06,0.0,0.04920749601800274,0.05078520552639438,0.4253244505904042
2020-08-07,0.0,0.011022740307245446,0.011649165555910751,0.42293909604647684
2020-08-10,0.0,0.06283797512459424,0.06240705611417215,0.4159522754851724
2020-08-11,0.0,0.025132924292830934,0.029719675681036065,0.4157955342557968
2020-08-12,0.0,0.10183255941637079,0.10933816313503955,0.42013415733263104
2020-08-13,0.0,0.06932107002846108,0.06885574795067555,0.4194880658820413
2020-08-14,0.0,0.03161730258889151,0.03195291662117008,0.4197717646824287
2020-08-17,0.0,0.04832897188358543,0.044993539122356103,0.41793669820609586
2020-08-18,0.0,0.03622682215271688,0.03665684215436708,0.4179360525414975
2020-08-19,0.0,0.20530511893532805,0.23197007095956318,0.4189823187769451
2020-08-20,0.0,0.05748331938211949,0.06850117909078861,0.409034945219361
2020-08-21,0.0,0.03165620842362909,0.030117425412811524,0.40497629325309686
2020-08-24,0.0,0.07123869593409096,0.07129414167244326,0.40668715684066326
2020-08-25,0.0,0.023122435374423083,0.025066751726201215,0.40150001326892143
2020-08-26,0.0,0.0904650084125284,0.09007671557400558,0.3994004047296571
2020-08-27,0.0,0.019515105485329243,0.02197007309464398,0.3964358390200155
2020-08-28,0.0,0.05018448969546338,0.046521221210589284,0.39600418605566207
2020-08-31,0.0,0.010172905022048852,0.011833287120711659,0.3969273070161085
2020-09-01,0.0,0.0193565623684798,0.018469173402514465,0.39809639983806094
2020-09-02,1.0,0.009824712914735597,0.008886354153554698,0.4057764344963865
2020-09-03,0.0,0.22548380400974313,0.28502711938287,0.4626818777298244
2020-09-04,1.0,0.26166053436329806,0.3028103454002027,0.46552854693686085
2020-09-08,0.0,0.268057105673761,0.2879176192388748,0.4883050487287545
2020-09-09,0.0,0.31070336603682963,0.35175921244956676,0.49675381211419406
2020-09-10,0.0,0.17059641544027376,0.2291046732057488,0.5000388452783192
2020-09-11,0.0,0.5904302053314497,0.6388116029942086,0.5000007065940727
2020-09-14,0.0,0.23720898757849698,0.2824091685330546,0.5040654382837447
2020-09-15,0.0,0.027786667444201135,0.032968825637690755,0.504513349577998
2020-09-16,0.0,0.08127327718597278,0.10911796330576137,0.5049715517487378
2020-09-17,0.0,0.04410979507000382,0.052224396149737354,0.5062028742816675
2020-09-18,0.0,0.3129292154311168,0.3512243246806994,0.508598384297074
2020-09-21,0.0,0.15840918640468232,0.18187677132688795,0.5105905918878122
2020-09-22,1.0,0.0922105523502727,0.10838476217095619,0.5108565845223332
2020-09-23,0.0,0.2880985693469107,0.338647112949858,0.5205705820665311
2020-09-24,0.0,0.11191012792342178,0.14048990558874166,0.5174069953173184
2020-09-25,0.0,0.3916354382748703,0.4168602146814976,0.524918670373569
2020-09-28,0.0,0.07873009634732193,0.11069910067625985,0.5304818264209646
2020-09-29,0.0,0.08747531735831324,0.12297628272604227,0.5306234991466295
2020-09-30,0.0,0.1479020559702325,0.20064926717300247,0.5309363374484921
2020-10-01,0.0,0.12206076155720907,0.15506673034082638,0.5253986327986582
2020-10-02,0.0,0.28074121362819565,0.32032607350677167,0.5014209384338494
2020-10-05,0.0,0.12447593260993467,0.15869990595214145,0.5087170312939249
2020-10-06,0.0,0.15021886012269586,0.1891754948150352,0.49432550980374157
2020-10-07,0.0,0.1927997957061287,0.23595721844038445,0.4916956736040759
2020-10-08,0.0,0.08982677031622043,0.11306397670103485,0.48367931137037773
2020-10-09,0.0,0.19878875877631969,0.24910195879077376,0.48495391677858285
2020-10-12,0.0,0.05395652373599145,0.060683400671559695,0.4874385281743328
2020-10-13,0.0,0.026486965698581444,0.032787062619404755,0.4889941427039305
2020-10-14,0.0,0.037209776434645174,0.05203191491350393,0.48976981246800533
2020-10-15,0.0,0.06888085682484048,0.10302627808302893,0.4872866629017166
2020-10-16,0.0,0.017072736012469284,0.022161950187689926,0.48248337866427715
2020-10-19,0.0,0.074751667146368,0.09088178407400285,0.4867552620016224
2020-10-20,0.0,0.08918167914717634,0.09955915326082868,0.4850115932876879
2020-10-21,0.0,0.11671268266509414,0.1540096184506596,0.46556423900256777
2020-10-22,0.0,0.1505694785785153,0.17626474139800133,0.46570520995988623
2020-10-23,0.0,0.13322280428107064,0.1429799172543242,0.46021695556117054
2020-10-26,0.0,0.12016035727440144,0.13153198935302837,0.46659072130190477
2020-10-27,1.0,0.1730415157860126,0.21460053677741991,0.4660629647685323
2020-10-28,0.0,0.5851205697662514,0.6295271714361693,0.49840973098084446
2020-10-29,0.0,0.22701457770934289,0.28040944477585783,0.5016604191055974
2020-10-30,0.0,0.42464439363000933,0.47448421586886513,0.5028990949555497
2020-11-02,0.0,0.09855816788773307,0.11589218121525706,0.49827514795683364
2020-11-03,0.0,0.0697213061777884,0.08490826999766538,0.5022437317197643
2020-11-04,0.0,0.02749325697760026,0.034700595134346666,0.5066460845617784
2020-11-05,0.0,0.08372635987390624,0.11554915409317804,0.513682132153993
2020-11-06,0.0,0.05136339176249495,0.06607422860467432,0.5122183456731887
2020-11-09,0.0,0.36277191198093334,0.45369367634761026,0.5091940454105324
2020-11-10,0.0,0.06365026071435462,0.08026709563380845,0.5081886352421626
2020-11-11,0.0,0.05704361344842957,0.06710161276383167,0.5079069952348334
2020-11-12,0.0,0.018141803352478565,0.02673179965319245,0.510645897597287
2020-11-13,0.0,0.008685999191930367,0.011956959006707912,0.5142129545847142
2020-11-16,0.0,0.058488473863283916,0.07312385004658493,0.5082003824821321
2020-11-17,0.0,0.031872444268794355,0.03932089594294645,0.5094367610987753
2020-11-18,0.0,0.07270197717417361,0.0858536883446202,0.5134373127188517
2020-11-19,0.0,0.07238772965969113,0.09254163309170906,0.5132823026294222
2020-11-20,0.0,0.032937687390812306,0.042844399162526955,0.5148646545279465
2020-11-23,0.0,0.032506339927235284,0.04055767860003822,0.5051313251726601
2020-11-24,0.0,0.06722547384560607,0.06426314820137659,0.5083321710359029
2020-11-25,0.0,0.021310147859855588,0.028006762427033247,0.4667311094755325
2020-11-27,0.0,0.015210134609355257,0.01734017389964916,0.46545775282047125
2020-11-30,0.0,0.03083614081816245,0.02694535903308227,0.4590214340539846
2020-12-01,0.0,0.008633961774453271,0.009189034545842774,0.45856404013867613
2020-12-02,0.0,0.009200052234128446,0.008966426970578475,0.4531039084205159
2020-12-03,0.0,0.006386160794724043,0.006723649307447342,0.4417766037759809
2020-12-04,0.0,0.0186261099036697,0.01888583107276979,0.4324204004075126
2020-12-07,0.0,0.006282184985546414,0.006303290722703649,0.43292130121494315
2020-12-08,0.0,0.006283583676858406,0.005581242679024472,0.429303932801236
2020-12-09,0.0,0.05928673837772524,0.060032314317189035,0.43290529056695354
2020-12-10,0.0,0.007102939754141583,0.007619849845184968,0.43172578849330673
2020-12-11,0.0,0.02482635824432296,0.02734804046053014,0.4264315458679254
2020-12-14,0.0,0.0066320353415033236,0.00735057600256689,0.42116321264268336
2020-12-15,0.0,0.00714344254206574,0.0058810961219173735,0.4224797445255305
2020-12-16,0.0,0.06945857906595512,0.06938666647863423,0.4209107141311416
2020-12-17,0.0,0.005772483153399456,0.005205421125605181,0.4132546077199614
2020-12-18,0.0,0.05626377852847759,0.06068070093245586,0.414543738503165
2020-12-21,0.0,0.005592171584148844,0.00620435410456878,0.41247206041839674
2020-12-22,0.0,0.0246032940650104,0.02331935633496711,0.41242662766206356
2020-12-23,0.0,0.060910170250401914,0.06027870763921982,0.40013519899863054
2020-12-24,0.0,0.0656230281057855,0.06241491834001742,0.40018890929007694
2020-12-28,0.0,0.0036018951095436163,0.0030689727908322253,0.40340268439907984
2020-12-29,0.0,0.003510363905393722,0.0030456560024602754,0.4021024892605244
2020-12-30,0.0,0.013491349442147282,0.01172103207856638,0.39599801816289015
2020-12-31,0.0,0.00603096852633956,0.005471393769692411,0.3977580350813839
2021-01-04,0.0,0.014816174271856278,0.015185287902688666,0.4112099399172985
2021-01-05,0.0,0.0019443012452493645,0.0025630358083875366,0.40984561498779404
2021-01-06,0.0,0.004221687899507944,0.00318629680878593,0.41087859866153736
2021-01-07,0.0,0.00803929061121308,0.008413629882151406,0.4199901156529622
2021-01-08,0.0,0.008332222546865529,0.009485032483365803,0.4162458635773382
2021-01-11,0.0,0.009470572455378499,0.009184153661561542,0.4191718264939688
2021-01-12,0.0,0.010229750582446172,0.011268918898910638,0.4188167853886498
2021-01-13,0.0,0.004739516105099672,0.004957773741281059,0.4168775348616043
2021-01-14,0.0,0.051821701872374136,0.05909094605039531,0.4122776336703311
2021-01-15,0.0,0.13146774753605192,0.1526959754568565,0.4157037538101892
2021-01-19,0.0,0.02387853595605693,0.025489629655455127,0.41707411075250683
2021-01-20,0.0,0.01119091781200301,0.010929121610673631,0.4231164664328813
2021-01-21,0.0,0.01037289569398489,0.009839021181098176,0.421660933240116
2021-01-22,0.0,0.06656358815335109,0.07446309601208233,0.4220565681608033
2021-01-25,0.0,0.03173333872485029,0.0319362402452067,0.42206536246082954
2021-01-26,1.0,0.00927475366587685,0.009198445150006913,0.42255171724521534
2021-01-27,0.0,0.014966932310999374,0.01635333889438755,0.4487522872951321
2021-01-28,0.0,0.06224361063062452,0.0642736131976338,0.45146293200046966
2021-01-29,0.0,0.10177276427943328,0.11731606287959996,0.4641902661689331
2021-02-01,0.0,0.009040682521664609,0.01101611294981237,0.4708229626462377
2021-02-02,0.0,0.015688851263210138,0.017099876192556207,0.4683161724109854
2021-02-03,0.0,0.026464456804964575,0.031658339180143234,0.46739345266863935
2021-02-04,0.0,0.006933538506885005,0.007532744693098409,0.4695133394882009
2021-02-05,0.0,0.0363149282692641,0.04036709879618103,0.4641094140900902
2021-02-08,0.0,0.011943974477517038,0.011715612111630155,0.46474224817176174
2021-02-09,0.0,0.015193126011159954,0.015350570817683828,0.4629519946378571
2021-02-10,0.0,0.013779537960266692,0.014392899583274506,0.4630220960231195
2021-02-11,0.0,0.011756399649927826,0.012916696625064976,0.46300173925511784
2021-02-12,0.0,0.15710075705977491,0.1665077608222151,0.4623723783000942
2021-02-16,0.0,0.018266492916792165,0.019195576232153826,0.45985037737242485
2021-02-17,0.0,0.01274215799658412,0.014230574681547568,0.45878104792708996
2021-02-18,0.0,0.013837781519096396,0.014546115936525718,0.4545497365973274
2021-02-19,0.0,0.04634380749660801,0.050670079815336944,0.4547794436601168
2021-02-22,0.0,0.033100350888064886,0.04004025748997323,0.45668103044398883
2021-02-23,0.0,0.07882270108203931,0.09220436495364531,0.45636676679589255
2021-02-24,1.0,0.3302936496167288,0.36128067423482424,0.4599483019612592
2021-02-25,0.0,0.030572409408541237,0.03293673001636594,0.45789224927813915
2021-02-26,0.0,0.1671381741562872,0.18120455821226775,0.4561708372357015
2021-03-01,0.0,0.014009482685691462,0.016368849096291323,0.45846692196166133
2021-03-02,0.0,0.2364316921886454,0.25102588849620416,0.45513047820009084
2021-03-03,0.0,0.31779708620645636,0.32336867421608007,0.45552726968965024
2021-03-04,0.0,0.2832937143548881,0.26933464166781623,0.46104671478906134
2021-03-05,0.0,0.09706703270106734,0.1040680702123634,0.46955518636482024
2021-03-08,0.0,0.23020467644058065,0.22941141496501632,0.4696510474126821
2021-03-09,0.0,0.020447294892783137,0.021914379089159615,0.474255170459558
2021-03-10,0.0,0.6247713656945689,0.6150194522331114,0.4754003216616914
2021-03-11,0.0,0.015014834770065964,0.014030843550216715,0.4784148462629892
2021-03-12,0.0,0.1225707950977236,0.1421022039529899,0.4783809456078867
2021-03-15,0.0,0.030180004566195094,0.030587874786847043,0.4789051943122149
2021-03-16,0.0,0.019306380620520272,0.01894179603424017,0.4789931691765722
2021-03-17,0.0,0.03809868046531031,0.042737356388461684,0.47913048046018814
2021-03-18,0.0,0.03636509675595036,0.04365380876293599,0.4848799214858344
2021-03-19,0.0,0.616319138799623,0.6331536384723409,0.48478707953126643
2021-03-22,0.0,0.07180914760478434,0.0850733364824066,0.48407590105986337
2021-03-23,0.0,0.01900165739893619,0.021449150455199358,0.4859558667848177
2021-03-24,0.0,0.13123250523100166,0.15516340912637736,0.4832569495619237
2021-03-25,0.0,0.10260086890777292,0.1165926846786931,0.46585819265878625
2021-03-26,0.0,0.04648095968807748,0.052471846972189526,0.4715004420578214
2021-03-29,0.0,0.07357001829705287,0.08611444014388002,0.4560135916634307
2021-03-30,0.0,0.027735954240245463,0.031887670289500694,0.4537927375739144
2021-03-31,0.0,0.06192429959087127,0.06380943743662425,0.44639331611559313
2021-04-01,0.0,0.026075733849595644,0.02867409340010538,0.43994617692220234
2021-04-05,0.0,0.053346410330351875,0.05277404001425,0.4344690608234636
2021-04-06,0.0,0.047429836549223024,0.04699915237452678,0.432229542113424
2021-04-07,0.0,0.04017132007182688,0.04511953805181611,0.4270103196699385
2021-04-08,0.0,0.0240926921905722,0.02494392229532042,0.42660854164734
2021-04-09,0.0,0.03693264783204005,0.03354825066218156,0.4250642590732768
2021-04-12,0.0,0.02605806542262447,0.02498760009794766,0.4252705455548376
2021-04-13,0.0,0.06717545186658669,0.06290993485916645,0.424522242500783
2021-04-14,0.0,0.05449113069329097,0.06154503204688147,0.4256126505450702
2021-04-15,0.0,0.022018848746156245,0.022141543325405154,0.4289691046509812
2021-04-16,0.0,0.012280755913679255,0.012394291712414263,0.41481154609841286
2021-04-19,0.0,0.012513231841852906,0.011048551356763966,0.41763109476049476
2021-04-20,0.0,0.004744019553185653,0.005678109715605035,0.42107762112616437
2021-04-21,0.0,0.011975000231105728,0.01158974189866302,0.41788643263391045
2021-04-22,0.0,0.010995162083600697,0.012162824023728697,0.42155261597008353
2021-04-23,0.0,0.024138431086116147,0.024374764716908116,0.42403620504679945
2021-04-26,0.0,0.00822352019256441,0.006741908846925503,0.4154736000757259
2021-04-27,0.0,0.005721755202458633,0.005186185335351982,0.41526992041461175
2021-04-28,0.0,0.007153733104153107,0.006891921620753964,0.4141944700770993
2021-04-29,0.0,0.002000998413866719,0.0019382391166977092,0.4149158079619313
2021-04-30,0.0,0.009981767092250229,0.010735540436335407,0.4151958322452554
2021-05-03,0.0,0.004471867943360912,0.004239735847150314,0.40691325154730923
2021-05-04,0.0,0.0007323715791027321,0.0008309043191801561,0.40999325068657994
2021-05-05,0.0,0.00754985886736851,0.007973548060743296,0.40999418066435567
2021-05-06,0.0,0.0028413561999119184,0.0029066243499935697,0.4120270069219475
2021-05-07,0.0,0.036716749418982876,0.036370244145945155,0.41180580675733314
2021-05-10,0.0,0.015882464456812788,0.0171271644585777,0.41815547914253753
2021-05-11,1.0,0.011370644358987797,0.014131544805689724,0.4216453280624237
2021-05-12,0.0,0.02270427210632763,0.03206047125820079,0.4396894344099176
2021-05-13,0.0,0.01774625918383008,0.02213257964176576,0.4407038551577664
2021-05-14,0.0,0.012217080433646225,0.01437614203120325,0.4487098630541639
2021-05-17,0.0,0.012847190237892958,0.013866049939681041,0.4479402786856243
2021-05-18,0.0,0.0043139101464696565,0.004449776125964352,0.44887542761772126
2021-05-19,0.0,0.013323958485370834,0.013774329492834858,0.4457674296648244
2021-05-20,0.0,0.019759713638499068,0.0212794101378704,0.4469621427793011
2021-05-21,0.0,0.019907320070659523,0.02280203915996901,0.44263740096301285
2021-05-24,0.0,0.011589774267264959,0.01146987992228393,0.44616586009771875
2021-05-25,0.0,0.009657505249038063,0.011148270333911615,0.4463423056395573
2021-05-26,0.0,0.006206880795760915,0.008333949172298752,0.4464193517918324
2021-05-27,0.0,0.0611462032261924,0.05980750475004739,0.44482444673773863
2021-05-28,0.0,0.09838573849933996,0.11063910206812688,0.44286663401338977
2021-06-01,0.0,0.006955664072200419,0.008671534735093075,0.4426495224059189
2021-06-02,0.0,0.12752548075010453,0.14532836894890183,0.4408342136678567
2021-06-03,0.0,0.38076344241053034,0.42992674803198977,0.4414601725822261
2021-06-04,0.0,0.019007727729070018,0.020076955504563086,0.4418703782262497
2021-06-07,0.0,0.009865864302726436,0.009694346790481773,0.4399373061164674
2021-06-08,0.0,0.0018789743704006173,0.0021978645969164827,0.4355031395471946
2021-06-09,0.0,0.011691777404686259,0.014240957334357651,0.43223134649649075
2021-06-10,0.0,0.022870253504304272,0.021026830049613105,0.4083597041710912
2021-06-11,0.0,0.014661251529175051,0.013415389674483238,0.40252491413050595
2021-06-14,0.0,0.01098675714013833,0.00963477651422372,0.3909919073771179
2021-06-15,0.0,0.007288945215419698,0.006224844735541155,0.39076080148141396
2021-06-16,0.0,0.005871049687449065,0.005059628850735575,0.38721156526911465
2021-06-17,0.0,0.03952667348228803,0.03466735245886752,0.38613729192022844
2021-06-18,0.0,0.1916582695723066,0.17349616284632477,0.3926988300355242
2021-06-21,0.0,0.043985452805790755,0.04535591766500176,0.40376678214157075
2021-06-22,0.0,0.00943327384352623,0.007949961214409837,0.4000012902191486
2021-06-23,0.0,0.03420699593055946,0.03391917706532906,0.39972477196854694
2021-06-24,0.0,0.020394462249330454,0.018770818618563372,0.4011621149775102
2021-06-25,0.0,0.050779053822494424,0.04557698075401709,0.40150189442923834
2021-06-28,0.0,0.0054120561039904735,0.0050504733509485695,0.40160021792564254
2021-06-29,0.0,0.00388950229138336,0.0031366810644717345,0.4014964257015953
2021-06-30,0.0,0.005062631501999643,0.005150886745453636,0.401492023783961
2021-07-01,0.0,0.007812442951826924,0.007480267128372825,0.4009849673240465
2021-07-02,0.0,0.021656276150354044,0.01884492140553416,0.3999312957307202
2021-07-06,0.0,0.0013831830925795665,0.001589258692043795,0.4003410059688306
2021-07-07,0.0,0.0072277186403596275,0.007484392805580525,0.40045642403553844
2021-07-08,0.0,0.017212523268232128,0.019974947235166043,0.40549647854845433
2021-07-09,0.0,0.018110303852358747,0.015098620960934757,0.4101700492895268
2021-07-12,0.0,0.02781090471450156,0.02535483839986521,0.4103459208179752
2021-07-13,0.0,0.009744138404317758,0.00975413511619265,0.41162172390637797
2021-07-14,0.0,0.004862012294124803,0.00506880775802409,0.4110213291019576
2021-07-15,0.0,0.014761662771671371,0.015050595054117061,0.40972488351999004
2021-07-16,0.0,0.014005567645107199,0.014734908810753976,0.41364874225036524
2021-07-19,0.0,0.11433006018236634,0.13274430621368485,0.41783468952012914
2021-07-20,0.0,0.007557856027776282,0.007945162455565546,0.4193037508079959
2021-07-21,0.0,0.02139882588701684,0.02324230876247555,0.4208729053205297
2021-07-22,0.0,0.007059683521362026,0.00631504330263018,0.4206046875849464
2021-07-23,0.0,0.0022005802802947125,0.0022968132297427417,0.42312140014146987
2021-07-26,0.0,0.01425558927113523,0.014412975188180967,0.42302100216204414
2021-07-27,0.0,0.006862269697674049,0.007533818624533864,0.4246962346399236
2021-07-28,0.0,0.011591907470781907,0.01340976606030278,0.4247471911498101
2021-07-29,0.0,0.016913035551060555,0.018470122474706068,0.42510618861041866
2021-07-30,0.0,0.017704951198883427,0.019665540223126797,0.426266988929026
2021-08-02,0.0,0.04717436075029079,0.05310646009826371,0.42448880504093367
2021-08-03,0.0,0.011346933780886683,0.01192091342940413,0.42664604739451567
2021-08-04,0.0,0.0337010166421032,0.037521277980257124,0.42759124212166033
2021-08-05,0.0,0.023825528607386723,0.02476251221779483,0.42483251049648946
2021-08-06,0.0,0.020817190399746804,0.020328229728245554,0.4201018120990246
2021-08-09,0.0,0.012212659488187012,0.011338176564208125,0.4198651099623194
2021-08-10,0.0,0.004366358134176168,0.00458544904933219,0.4190489702211929
2021-08-11,0.0,0.013648602381798292,0.011848721773213564,0.41905340736681645
2021-08-12,0.0,0.01417028330519923,0.012573027024464067,0.41867840051735467
2021-08-13,0.0,0.007534362483070343,0.006430581209619255,0.4148443888169217
2021-08-16,0.0,0.014106735237277113,0.0125444214926554,0.39721460984235796
2021-08-17,0.0,0.007219794525000785,0.0068366500888841246,0.3912906708001573
2021-08-18,0.0,0.033695167608024296,0.031460944413820024,0.39675869666996566
2021-08-19,0.0,0.006833385103071551,0.007490297937979652,0.39664798987427047
2021-08-20,0.0,0.04511588417680794,0.04289183082059153,0.3944238660191029
2021-08-23,0.0,0.00523002651105287,0.00507263373695353,0.3982363157606466
2021-08-24,0.0,0.0031423684993743613,0.0032040217787584688,0.39637999792514206
2021-08-25,0.0,0.024213662095665077,0.020789235091336324,0.39637699638263973
2021-08-26,0.0,0.017211581961946453,0.013981896129137071,0.39841410295568674
2021-08-27,0.0,0.0186720445707205,0.017180111523609855,0.3997147776974645
2021-08-30,0.0,0.030966731664871065,0.027457728448835258,0.39955466324738065
2021-08-31,0.0,0.0017182188654534987,0.0019204875662264362,0.39715784312013575
2021-09-01,0.0,0.004338804825426471,0.004162728608172106,0.39503621962479324
2021-09-02,0.0,0.008428686998764015,0.008070043318417241,0.39375724160383757
2021-09-03,0.0,0.047392954739742685,0.03857368643240469,0.39388690136955445
2021-09-07,0.0,0.008365613450402232,0.007874744530888942,0.39490878327121465
2021-09-08,0.0,0.012582171900282785,0.01109906120740122,0.39523291163232704
2021-09-09,0.0,0.04724096963668848,0.047425774853406794,0.39700429209031995
2021-09-10,0.0,0.14484182619465666,0.12047564498485779,0.3999922765934306
2021-09-13,0.0,0.016053798155778006,0.015578949355376131,0.40014607339570896
2021-09-14,0.0,0.03509113994255525,0.030785213422047673,0.4014979305939499
2021-09-15,0.0,0.02901899910128203,0.027256545286711082,0.4027775838812395
2021-09-16,0.0,0.03555403871899017,0.0330477664701399,0.3952868002637981
2021-09-17,0.0,0.6572742201948859,0.6279335138714391,0.4009916881626449
2021-09-20,0.0,0.12205935751581246,0.12895307435646924,0.41221239014374583
2021-09-21,0.0,0.03666401396718867,0.03402875098458052,0.4073174352971233
2021-09-22,0.0,0.055637066019018015,0.05406439720931309,0.41291133000967856
2021-09-23,0.0,0.03483241302078437,0.03391440640088113,0.4204744805615604
2021-09-24,0.0,0.07099851074504064,0.062226970813833875,0.4192151075766945
2021-09-27,1.0,0.03693450754505763,0.03648276454042064,0.41540259534308743
2021-09-28,0.0,0.06990630790988736,0.06856465697512956,0.43026731184157685
2021-09-29,0.0,0.13260752265133033,0.1393452524170668,0.43075123721683894
2021-09-30,0.0,0.17487331062035189,0.181150990613902,0.4344339227198965
2021-10-01,0.0,0.12860836523781258,0.1260725968414585,0.4407590207440801
2021-10-04,0.0,0.1549107736192041,0.15547956892822676,0.44487247392503043
2021-10-05,0.0,0.04771928489135656,0.052672807071787224,0.45068449305505487
2021-10-06,0.0,0.19672525667689972,0.2248016675898427,0.45188332288935296
2021-10-07,0.0,0.01978960702441344,0.021494084770586556,0.45468877439109007
2021-10-08,0.0,0.02639190757934534,0.027943022397810137,0.45312151913383547
2021-10-11,0.0,0.050358211336586314,0.05759624287915499,0.45396597455551496
2021-10-12,0.0,0.09992678742703513,0.11627660567285059,0.45328514137433845
2021-10-13,0.0,0.21607652588569207,0.2622408720250625,0.4506861318046948
2021-10-14,0.0,0.022890636249211838,0.026380152465757856,0.46138168607716074
2021-10-15,0.0,0.046175532476774764,0.048951364040398744,0.4604256541817987
2021-10-18,0.0,0.012801437532895674,0.012687842021708204,0.44971351746229254
2021-10-19,0.0,0.005363791139346547,0.0051054774285675805,0.45062737887085436
2021-10-20,0.0,0.09341526600412904,0.10683046468696869,0.44863376078673983
2021-10-21,0.0,0.04007516524147534,0.04356636957799498,0.4445540266929036
2021-10-22,0.0,0.07250143916524852,0.07475654815647183,0.4447218557467618
2021-10-25,0.0,0.020990402949599783,0.02301088097775584,0.4445920155545401
2021-10-26,0.0,0.014657339330399857,0.015326917857710013,0.42459508260714235
2021-10-27,0.0,0.02719289116908389,0.03279556891234708,0.42696210494738035
2021-10-28,0.0,0.08911000223407108,0.09568333098670345,0.4196183561521435
2021-10-29,0.0,0.054047919832299764,0.05547005429590962,0.4162828392942477
2021-11-01,0.0,0.044535035230492286,0.04467615034468423,0.40271775617942546
2021-11-02,0.0,0.04350689804225975,0.042097833401564214,0.3997311361881394
2021-11-03,0.0,0.05790516932144981,0.06396463417976361,0.4002995205323431
2021-11-04,0.0,0.01425289072034548,0.014135133269919534,0.3988077513983289
2021-11-05,0.0,0.007045907148086597,0.007435561407558385,0.39719331464830654
2021-11-08,0.0,0.02367864560152439,0.022467019696889575,0.39055554364815553
2021-11-09,0.0,0.02538086793312121,0.025660614724543954,0.39154535611491037
2021-11-10,0.0,0.05743203538493075,0.06545380545134924,0.4001333470008053
2021-11-11,0.0,0.2752988180436787,0.27385778137894334,0.3870341789291192
2021-11-12,0.0,0.03937693884802675,0.03585875658353438,0.38685971853727297
2021-11-15,0.0,0.066124963841806,0.06374350356317587,0.387134981760511
2021-11-16,0.0,0.018363881556210278,0.016500139306351275,0.38526740967333784
2021-11-17,0.0,0.08096693894176671,0.07739278221221928,0.38647378714923597
2021-11-18,0.0,0.014087127496282244,0.013630389467990804,0.3865609130708164
2021-11-19,0.0,0.06146078477917468,0.05485007459657371,0.3867007378663577
2021-11-22,0.0,0.010245865517364198,0.009896815908358779,0.3875041378947335
2021-11-23,0.0,0.009551411370131989,0.008601070184396854,0.3874929682609231
2021-11-24,1.0,0.045251246182309,0.04353335731215807,0.3843985603356688
2021-11-26,0.0,0.11548168041172499,0.11228821419335913,0.41303792686193797
2021-11-29,0.0,0.07205577349993468,0.07095217919641766,0.42090714323050493
2021-11-30,0.0,0.6118357171545367,0.5631991890851532,0.4361256042919965
2021-12-01,0.0,0.5848567628597096,0.6381438992534655,0.43998666586801194
2021-12-02,0.0,0.07721538684555894,0.084919497069736,0.4465286758201292
2021-12-03,0.0,0.432043628088816,0.468561991739327,0.4473972008702319
2021-12-06,0.0,0.1596771760759615,0.1651799450262355,0.4524747376503957
2021-12-07,0.0,0.012313353888125588,0.012430723887724348,0.46719427276874326
2021-12-08,0.0,0.11088319096799007,0.11664053658767136,0.46708537065412126
2021-12-09,0.0,0.15676183866886312,0.17095417615159933,0.4665704918052618
2021-12-10,0.0,0.30677958611959916,0.2967123213630123,0.4690876435678554
2021-12-13,0.0,0.04837644735984517,0.04833562447058487,0.47035428086011705
2021-12-14,0.0,0.12332212810538816,0.12550731464415815,0.47190787666367984
2021-12-15,0.0,0.1263865235380189,0.15438529120524502,0.4793754155917501
2021-12-16,0.0,0.0664698149886828,0.07499297284938139,0.48134747877234707
2021-12-17,0.0,0.17442880650849285,0.22139514082672504,0.48360688854155004
2021-12-20,0.0,0.07998314154378319,0.08216015622863934,0.48651862128845497
2021-12-21,0.0,0.02137620928367389,0.02023704007182421,0.4954945359667007
2021-12-22,0.0,0.057958800920028225,0.061693371251984076,0.4980988719168355
2021-12-23,0.0,0.04884112403315449,0.0544765218067304,0.4988961813760487
2021-12-27,0.0,0.0583579931968189,0.06445355855521558,0.48804530641551974
2021-12-28,0.0,0.0538152680013828,0.061335913591253795,0.48473676803617444
2021-12-29,0.0,0.06141260989321939,0.07230046752832388,0.47221036328149457
2021-12-30,0.0,0.025158793099562753,0.030778068292372014,0.46678998641114183
2021-12-31,0.0,0.09755108478206798,0.10834141491984657,0.46332287812460715
2022-01-03,0.0,0.06174449164810243,0.0629166169661938,0.4600006949864589
2022-01-04,0.0,0.032074188306977974,0.033370095474873775,0.45753207765893206
2022-01-05,0.0,0.16126840838683457,0.20516600879100094,0.45896406286575875
2022-01-06,0.0,0.42799049151194873,0.48512612704639396,0.45870732299483297
2022-01-07,0.0,0.4218804338867274,0.44726781027854656,0.45753191889131983
2022-01-10,0.0,0.22579735325432967,0.23916527067845847,0.45445151990928595
2022-01-11,0.0,0.046627027720551655,0.0471944082232307,0.4543940326517415
2022-01-12,0.0,0.2165031766980632,0.2446770075610727,0.4522102778812041
2022-01-13,0.0,0.17052035210351113,0.19087403143893106,0.4505358053538855
2022-01-14,0.0,0.3440517316961606,0.36740512995572316,0.4480333025719891
2022-01-18,0.0,0.31816037431704036,0.32560407180122714,0.45594396742880583
2022-01-19,0.0,0.08365135365413683,0.09278855404169747,0.45478139771927495
2022-01-20,0.0,0.4606431161615796,0.5188992809472296,0.4458254383877205
2022-01-21,0.0,0.5927842917621602,0.608776973565137,0.4496941908309408
2022-01-24,0.0,0.4677300108401,0.475844591595429,0.44777696545264845
2022-01-25,0.0,0.12450767837825433,0.1389653457443372,0.43830100102681235
2022-01-26,0.0,0.2923063591058927,0.27933512170397984,0.43817001179982207
2022-01-27,0.0,0.4388240230073177,0.464050553913331,0.43662411205973317
2022-01-28,0.0,0.35409871357791645,0.3566762270394862,0.4653562528507416
2022-01-31,0.0,0.13837134323108072,0.1555144858657095,0.4798247754772549
2022-02-01,0.0,0.041510522262069874,0.043184680496661396,0.4800807954943532
2022-02-02,1.0,0.08076753546387494,0.09500800514137267,0.48387783521983757
2022-02-03,0.0,0.6664217013865867,0.6999697682903451,0.48921876198903885
2022-02-04,0.0,0.559309471744488,0.5688902621622428,0.49061864237777764
2022-02-07,0.0,0.6244679980897084,0.639448997048095,0.4905847241267366
2022-02-08,0.0,0.08014480782014509,0.08305574261682225,0.49330817998082216
2022-02-09,0.0,0.1523429780577715,0.17349304526562676,0.4969657718726979
2022-02-10,0.0,0.4586555616085498,0.5003628302992157,0.5031032216308843
2022-02-11,0.0,0.7441632570595034,0.7832619719498252,0.506366444718783
2022-02-14,0.0,0.7079723915639068,0.7351304132089224,0.5061052907660607
2022-02-15,0.0,0.16557235127419717,0.18682470783964797,0.507129771836167
2022-02-16,1.0,0.7197331183918243,0.7469719772914306,0.5052965303991409
2022-02-17,0.0,0.6647652365629474,0.691968983327046,0.5126726116890167
2022-02-18,0.0,0.48015836068133083,0.4788453855406019,0.5058228912563644
2022-02-22,0.0,0.5860726510036365,0.6282294109851053,0.5076227718921703
2022-02-23,0.0,0.23041640262291194,0.23577581998620545,0.5117672030233178
2022-02-24,0.0,0.45170602118957165,0.5006354853371333,0.5176382596143695
2022-02-25,0.0,0.3667796005505716,0.40512098316713124,0.5279220754142021
2022-02-28,0.0,0.2782548469148714,0.32484815638299247,0.5150322010424028
2022-03-01,0.0,0.6216790034971315,0.6478726133635647,0.5100313412873013
2022-03-02,0.0,0.26940190857417945,0.3250153269353507,0.5180548425653697
2022-03-03,0.0,0.18531048855377685,0.22470112586137975,0.5152883931808155
2022-03-04,1.0,0.7100421228860629,0.7183143711258175,0.5042592651252112
2022-03-07,0.0,0.517178261407121,0.5599065153292676,0.5200022610388846
2022-03-08,0.0,0.2713005779045992,0.2966112234803315,0.5203258390178009
2022-03-09,0.0,0.3241987688174269,0.4005812883942676,0.5352638874083271
2022-03-10,0.0,0.34727744915463415,0.3842728020065068,0.5287699113594414
2022-03-11,0.0,0.5926652309313435,0.5780078810310055,0.5260914209350136
2022-03-14,0.0,0.7234606242403023,0.7392922908684088,0.5209401322955635
2022-03-15,0.0,0.17615222790723709,0.1841132296112652,0.5328091688312464
2022-03-16,0.0,0.2306695967350398,0.26595432828307336,0.5383699563577566
2022-03-17,0.0,0.043320402569586434,0.05575515938439724,0.5418242050955424
2022-03-18,0.0,0.04307176825219121,0.06565948820242981,0.5351655722053249
2022-03-21,0.0,0.39665145665671037,0.4543166483425425,0.5337622832849879
2022-03-22,0.0,0.0343589701427113,0.04315749398355875,0.5325512180752688
2022-03-23,0.0,0.3411963553059195,0.37359837854898226,0.5278772416969605
2022-03-24,0.0,0.17388833217443475,0.21981643130917333,0.5275643622512828
2022-03-25,0.0,0.15050235866145137,0.16846549094841037,0.5188839537938649
2022-03-28,0.0,0.07887592113117407,0.10064514607750202,0.5189834311926368
2022-03-29,0.0,0.09567892796495753,0.12884967084689464,0.513071657811491
2022-03-30,0.0,0.3221659612915657,0.40370907723513694,0.5094996840505394
2022-03-31,0.0,0.26547754261734235,0.35353085753204455,0.5156517404668263
2022-04-01,0.0,0.19069689628794217,0.22384165819203453,0.513283706618714
2022-04-04,0.0,0.08055265916803833,0.09454213900348112,0.48652417636417894
2022-04-05,0.0,0.18481458866716302,0.21377695174170497,0.49057350037211117
2022-04-06,0.0,0.6108411086079929,0.6632797317176323,0.4814707752261434
2022-04-07,0.0,0.31829076292861336,0.3566036399322662,0.4802071058335033
2022-04-08,0.0,0.3015653110439112,0.30778995491049604,0.47372118573443467
2022-04-11,0.0,0.5717977781375727,0.5806249839301086,0.48200591294488393
2022-04-12,0.0,0.4880591318177686,0.5001301465229578,0.4723248848140792
2022-04-13,0.0,0.21661452229742684,0.2147629960949611,0.46161396996752435
2022-04-14,0.0,0.238589448606934,0.22638021307620423,0.4621566920747821
2022-04-18,0.0,0.053906851607722496,0.05153319399143087,0.45736656148522997
2022-04-19,0.0,0.06555029192621381,0.0653499316238642,0.46601507280017873
2022-04-20,0.0,0.046685072987295045,0.05030088049443431,0.4618108110437681
2022-04-21,1.0,0.24891833110949502,0.2696426951309161,0.4638537671696051
2022-04-22,0.0,0.7589590815471579,0.7353534137375133,0.476564472078062
2022-04-25,1.0,0.6005237836380558,0.6225253183370951,0.4768616720586091
2022-04-26,0.0,0.28293721132982846,0.2549801434287076,0.49032757916624375
2022-04-27,0.0,0.3339800304711484,0.3241898754555018,0.4837662754182089
2022-04-28,1.0,0.06620186438514915,0.07294677335177048,0.505360904174102
2022-04-29,0.0,0.7682974118120449,0.7365782675803434,0.5261501552103359
2022-05-02,0.0,0.8405535209013771,0.8293004344921134,0.5270272406467497
2022-05-03,0.0,0.11944004661196042,0.11712064506339624,0.5254910764843521
2022-05-04,1.0,0.05336095658356369,0.06406573572063214,0.5466231288886038
2022-05-05,0.0,0.6350572568233137,0.6391530046936991,0.565535916837847
2022-05-06,1.0,0.8666053167967838,0.8791976846208693,0.5643905450697181
2022-05-09,0.0,0.7037417051140141,0.743627646728616,0.5770117871879809
2022-05-10,0.0,0.4397614738435396,0.500322926817064,0.5756937663559665
2022-05-11,0.0,0.3171712322895833,0.39049796139835113,0.577848095698571
2022-05-12,0.0,0.27584733041556214,0.33541332549121355,0.5733759471571839
2022-05-13,0.0,0.35049090292721297,0.39665843249957355,0.5864282786851193
2022-05-16,0.0,0.4986657854264414,0.5524479309095186,0.586164176147305
2022-05-17,1.0,0.08232054384434345,0.09598008962207905,0.5891029526242766
2022-05-18,0.0,0.36309134556362366,0.37156751672968485,0.607644775166397
2022-05-19,0.0,0.4186968547815683,0.49491272297798633,0.6065086608318494
2022-05-20,0.0,0.5342830787661768,0.5858537590236033,0.599217571019485
2022-05-23,0.0,0.13859972891262803,0.16773026153843215,0.6053948903137146
2022-05-24,0.0,0.44581038504843024,0.471260924386151,0.5963982173426178
2022-05-25,0.0,0.5162739201042337,0.5409897863004283,0.5982506191179214
2022-05-26,0.0,0.38363711259344085,0.4134956795531288,0.594563512450417
2022-05-27,0.0,0.4328133831552437,0.4743590286088767,0.5853934334245697
2022-05-31,0.0,0.5862682663032787,0.6589711384567035,0.5855910112266938
2022-06-01,0.0,0.5047915502276525,0.5779874956194743,0.5859597784900289
2022-06-02,0.0,0.5540598036672362,0.599776899660386,0.5765017020427443
2022-06-03,0.0,0.8036788396784004,0.8080276904773365,0.5594391728981576
2022-06-06,0.0,0.6892579590035721,0.7016177777265373,0.5590585664243283
2022-06-07,0.0,0.22760926218328126,0.23279165468525229,0.5391930000127055
2022-06-08,1.0,0.20944415170128428,0.21920663078480604,0.5424079075753617
2022-06-09,1.0,0.25506859236899576,0.2957069994939937,0.5485849657223948
2022-06-10,1.0,0.7121003563856563,0.7543443855082701,0.5647532626233813
2022-06-13,0.0,0.5870921462228386,0.6962248290646089,0.5770424524957058
2022-06-14,0.0,0.35958606184927877,0.476850307093612,0.5770394206511771
2022-06-15,1.0,0.5236028891434046,0.642716681484862,0.5730968538175765
2022-06-16,0.0,0.12112729124707505,0.14625691987496278,0.5639873390581397
2022-06-17,0.0,0.9099435777946187,0.9341444679475618,0.5643319087144792
2022-06-21,0.0,0.5559069274967262,0.6292471374531469,0.5765741137510338
2022-06-22,0.0,0.4428564693674376,0.49559859616111923,0.5692824684327874
2022-06-23,0.0,0.6682930344237765,0.7158129495321559,0.5710326508697984
2022-06-24,0.0,0.6898684428300121,0.7706129374109252,0.5859499392361591
2022-06-27,1.0,0.8208787917036724,0.8656387312888143,0.5787039820830926
2022-06-28,0.0,0.4760443848614137,0.5350523449109197,0.5707509147521007
2022-06-29,0.0,0.8952687478475141,0.9159273382848265,0.5708296240480409
2022-06-30,0.0,0.8845018609996724,0.9017902909264075,0.5710205817506206
2022-07-01,0.0,0.9212759581421563,0.9400182821502868,0.5659172542247695
2022-07-05,0.0,0.894322302836081,0.901162226599871,0.5636118516798915
2022-07-06,0.0,0.537651351140176,0.556466084481169,0.5637159174772417
2022-07-07,0.0,0.437266986843496,0.47179277160810557,0.5666963928004355
2022-07-08,0.0,0.6668878684577291,0.6928210515765247,0.5656278753510102
2022-07-11,0.0,0.890772708445888,0.8867492939316532,0.5587956555109056
2022-07-12,0.0,0.8886787499784798,0.8920452131190917,0.5454279557583968
2022-07-13,0.0,0.7954712785881398,0.7983637542544709,0.5140375047563697
2022-07-14,0.0,0.6795513435217658,0.692912291364528,0.5138870835504061
2022-07-15,0.0,0.5292695767357575,0.5230218928665329,0.5172575644900375
2022-07-18,0.0,0.8428628794170772,0.8166362954939577,0.49118066935687393
2022-07-19,0.0,0.23547638039577773,0.21692303761769138,0.5065786065749037
2022-07-20,0.0,0.28918052172454733,0.24431478794794179,0.4953703184701258
2022-07-21,0.0,0.34477197618310745,0.307953935645333,0.49616807056053835
2022-07-22,0.0,0.5249537627620428,0.4999671739171841,0.4986587104375372
2022-07-25,0.0,0.49431783647935695,0.4763642538538495,0.4757976608483012
2022-07-26,0.0,0.6005398492405528,0.5486154925914495,0.47964531162899565
2022-07-27,0.0,0.1364256973662653,0.13739228939925296,0.48358070897048944
2022-07-28,0.0,0.24432484719560563,0.2379183041226261,0.4855185898623754
2022-07-29,0.0,0.2871178280699997,0.2728707552339435,0.48407931162817697
2022-08-01,0.0,0.35707472622848857,0.32137724135546364,0.48425578897716354
2022-08-02,0.0,0.42447369199507956,0.4129968417347896,0.48700668334925556
2022-08-03,0.0,0.26273760683708663,0.27149132929556713,0.4908482111253795
2022-08-04,0.0,0.3428933162333383,0.33525992186961995,0.48788413594299856
2022-08-05,0.0,0.1914448030001184,0.16573901416126674,0.488071883816619
2022-08-08,0.0,0.17221268188988625,0.16891680856397887,0.4825639109622014
2022-08-09,0.0,0.11623245367533555,0.10213994285275732,0.4796071440466013
2022-08-10,0.0,0.13541762431742932,0.13384212312654645,0.4851737059884025
2022-08-11,0.0,0.23690689638464954,0.22541914380461983,0.4842792961868578
2022-08-12,0.0,0.10389706914954848,0.09910587248886903,0.482926096648756
2022-08-15,0.0,0.14005006296472863,0.13351877574638332,0.47754490215412937
2022-08-16,0.0,0.12452663535143167,0.11963209265064496,0.46261595954530244
2022-08-17,0.0,0.2456473674502489,0.2236651755195247,0.46664759975214737
2022-08-18,0.0,0.21566771963205295,0.20286881667321566,0.46552401642941876
2022-08-19,1.0,0.24870519670884664,0.21537717563397046,0.46872781397484464
2022-08-22,0.0,0.4930020754431335,0.5207329038313921,0.4855109134675264
2022-08-23,0.0,0.0885432587112487,0.08125181046689978,0.4807000979773756
2022-08-24,0.0,0.1891097148730876,0.1640192611231109,0.46338980321103995
2022-08-25,1.0,0.15906586862570588,0.146426021914696,0.46482159407771756
2022-08-26,0.0,0.752454713514862,0.7750645287386315,0.49254525139514194
2022-08-29,0.0,0.7767301737881986,0.7800246151560895,0.4933163251153311
2022-08-30,0.0,0.5011806533925313,0.49915680272438007,0.49506729780410086
2022-08-31,0.0,0.65349900055877,0.676412526887745,0.48800286804434745
2022-09-01,0.0,0.49173856527689075,0.480080005463172,0.4886937042120995
2022-09-02,0.0,0.8453876761151605,0.817216425125037,0.4905155531357948
2022-09-06,0.0,0.8272780675334598,0.8034835127875986,0.4905058984142751
2022-09-07,0.0,0.36701732448785807,0.3408738179346653,0.5012677611246863
2022-09-08,0.0,0.43007892295925865,0.3827160762734143,0.4891732708364724
2022-09-09,0.0,0.5688535799157165,0.5292430117317043,0.4969218156007071
2022-09-12,1.0,0.3605227811053564,0.3479659401964831,0.49142625969818204
2022-09-13,0.0,0.9420777719344011,0.9369676928584397,0.5282904958389896
2022-09-14,0.0,0.9492390401529884,0.9515706182685427,0.5287362329532223
2022-09-15,0.0,0.8841863040506348,0.8877701326776616,0.5295962426503532
2022-09-16,0.0,0.9737323039273236,0.9780754356885355,0.528705011323736
2022-09-19,0.0,0.8067206559521455,0.8469015843789667,0.5298743926161493
2022-09-20,0.0,0.7652644512288156,0.7932622716719947,0.5243462877729462
2022-09-21,0.0,0.7730513699635806,0.8086781773219114,0.5281411647740722
2022-09-22,0.0,0.7961192066708579,0.7913137831469965,0.5273215417872176
2022-09-23,0.0,0.6703115903783294,0.6460847130925491,0.521941976221603
2022-09-26,0.0,0.8717458862785299,0.8974107676423471,0.5042462077503328
2022-09-27,0.0,0.43066609280118145,0.47532716777855516,0.5043825567021872
2022-09-28,1.0,0.8273113057635871,0.8461423438957831,0.5166126013905025
2022-09-29,0.0,0.603900605697155,0.5981913800153698,0.5230389305768878
2022-09-30,0.0,0.8537887170747612,0.8539516733242889,0.524274795607846
2022-10-03,0.0,0.9784706423372534,0.9794970663200736,0.5419790270944161
2022-10-04,0.0,0.9293279854612111,0.9331983789593165,0.5623089924411631
2022-10-05,0.0,0.891810867907713,0.9049189252359772,0.55480980520952
2022-10-06,1.0,0.9806869423248408,0.9815424280856293,0.5541881997879232
2022-10-07,0.0,0.8317841202393335,0.8534613456858395,0.5575068421672742
2022-10-10,0.0,0.8333120397799169,0.8828381496361732,0.5525195298878474
2022-10-11,0.0,0.7292288030622486,0.7650264738006682,0.5233781294644146
2022-10-12,0.0,0.8413095324292561,0.8700943495878439,0.5220028028576714
2022-10-13,1.0,0.961591697109331,0.967268686437115,0.5396096699315566
2022-10-14,0.0,0.9150854617494765,0.9277695329485632,0.5474895456292943
2022-10-17,0.0,0.8978529015534942,0.9205707520927713,0.5621118698932991
2022-10-18,0.0,0.5653645214544212,0.6219904565290214,0.5639690906230039
2022-10-19,0.0,0.7754817147770356,0.8176843994144289,0.5600008758604312
2022-10-20,0.0,0.8751917020996349,0.8876339769133247,0.5598776122248295
2022-10-21,0.0,0.8900242571168036,0.9075251549856898,0.5647623274704551
2022-10-24,0.0,0.9383007406043226,0.9390804449311999,0.5641707074226459
2022-10-25,0.0,0.8420156862744406,0.8668460155757308,0.5671321192247031
2022-10-26,0.0,0.7893299075701915,0.8060694086120097,0.5634528760593455
2022-10-27,0.0,0.905185261485293,0.9143199752882516,0.5548509929266218
2022-10-28,0.0,0.9110730200616942,0.9094494905273105,0.5569129448376537
2022-10-31,0.0,0.8673907335366197,0.8697600466815995,0.549789578899594
2022-11-01,1.0,0.9418413885622711,0.939334921812061,0.5340178380089283
2022-11-02,0.0,0.9141483748525704,0.9190886575997381,0.5468665016097176
2022-11-03,0.0,0.9131836187215775,0.9168888858914521,0.5470021762387229
2022-11-04,0.0,0.941065506403809,0.9455019174316479,0.5335392937036286
2022-11-07,0.0,0.9290483701267622,0.9295286218330411,0.5326421276254013
2022-11-08,1.0,0.8931449029787482,0.8885935700909241,0.5308551035573781
2022-11-09,0.0,0.9648124422403559,0.9664164118081053,0.5415903430316735
2022-11-10,0.0,0.8338217347046085,0.8785362440762986,0.5815198959738829
2022-11-11,0.0,0.9407006616570718,0.9476640141721031,0.5681400471378067
2022-11-14,0.0,0.9215246063171096,0.9278371796102033,0.5630352547335339
2022-11-15,0.0,0.7360298149288793,0.7556855546543044,0.5624186556033254
2022-11-16,0.0,0.7890216593605384,0.8085803207467108,0.5630501808420972
2022-11-17,0.0,0.7890736693385634,0.8054782889356948,0.5614283304137468
2022-11-18,0.0,0.7286423329936168,0.7435994405640696,0.5538292822420268
2022-11-21,0.0,0.9253266876726891,0.9278750228124188,0.5529450886871025
2022-11-22,0.0,0.7309495615919763,0.7303752977343928,0.5516352518129821
2022-11-23,0.0,0.7726570770538771,0.8076266328294781,0.5500875991669149
2022-11-25,0.0,0.7147837323408872,0.7439841592839866,0.5487566365625756
2022-11-28,0.0,0.9949121412382635,0.9942992468587154,0.5446118216959942
2022-11-29,0.0,0.7646019025283507,0.7777301283098158,0.5433150274292029
2022-11-30,0.0,0.8574301268316231,0.8887214791904124,0.5584440752456805
2022-12-01,0.0,0.6498721692596225,0.6654568434277419,0.5432421662923963
2022-12-02,0.0,0.5077273047232908,0.5112796101841709,0.5393674489612819
2022-12-05,0.0,0.9636094746800061,0.9577334587793425,0.5468701438500679
2022-12-06,0.0,0.9669439747460086,0.9640973711837728,0.5513704554887545
2022-12-07,0.0,0.9431710543393951,0.946561037678403,0.5513206215423951
2022-12-08,0.0,0.9414084583802005,0.9364241147981196,0.5415657863333405
2022-12-09,0.0,0.916999230053992,0.8963502986408438,0.47333623532172814
2022-12-12,0.0,0.952681357714331,0.9424158621930147,0.47683184960909986
2022-12-13,0.0,0.8556219626242346,0.8552329064843193,0.4756423994601061
2022-12-14,1.0,0.9837265020240811,0.9815392810815956,0.47490463500986124
2022-12-15,0.0,0.7271302961354985,0.7379209133764408,0.4900350739627108
2022-12-16,0.0,0.9877777384662865,0.9894787533763466,0.49266112198387557
2022-12-19,0.0,0.74706883094674,0.7733455522663722,0.49312927330188644
2022-12-20,0.0,0.3523742712930004,0.3375727812918071,0.49319901341427597
2022-12-21,0.0,0.9374756025914525,0.9297828981607577,0.49425467772841924
2022-12-22,0.0,0.830164467439716,0.7971060356629169,0.4966149332248779
2022-12-23,0.0,0.6870459363485746,0.7002264128374193,0.49823045274909233
2022-12-27,0.0,0.7930146456967501,0.8073123643659226,0.49366270928148603
2022-12-28,0.0,0.7203926244259926,0.73985646401451,0.496298087250224
2022-12-29,0.0,0.8105222399106917,0.8098726373092939,0.476717682163653
2022-12-30,0.0,0.9189120381755788,0.9113129779095672,0.4766031517502202
2023-01-03,0.0,0.9188001968278169,0.9145707579276754,0.4765380413043285
2023-01-04,0.0,0.9441752028427449,0.9329952473953622,0.47243469542216887
2023-01-05,0.0,0.8590681579553472,0.8533465825069279,0.47056948957877287
2023-01-06,0.0,0.9839871570331614,0.9776761842881638,0.48684577523574213
2023-01-09,0.0,0.9672747859492963,0.9571918687135418,0.4850333556145336
2023-01-10,0.0,0.9165857651312554,0.888088773356944,0.48526448863441213
2023-01-11,0.0,0.9654228981561425,0.9567871567805243,0.48418590944514495
2023-01-12,0.0,0.9595611076805964,0.9552355560240979,0.48297550052481725
2023-01-13,0.0,0.9200898928031862,0.8994838000907452,0.4824762484955205
2023-01-17,0.0,0.8952768715980199,0.8656915095212595,0.4632100080482502
2023-01-18,0.0,0.9167092885410382,0.8896683308089954,0.46723040829748047
2023-01-19,0.0,0.6734784072748757,0.6796453775150585,0.4664334331426668
2023-01-20,0.0,0.9651306915541094,0.9556291567933121,0.47549945099640106
2023-01-23,0.0,0.876298521308124,0.8455511061886845,0.47349020585025137
2023-01-24,0.0,0.806766617194868,0.7649619151997247,0.4653163311981644
2023-01-25,0.0,0.9300007881616374,0.9155709493390829,0.46514371949630096
2023-01-26,0.0,0.7075066264071481,0.6883921533293472,0.46595898682373454
2023-01-27,0.0,0.6875570830309958,0.6299380058373341,0.45841414182044865
2023-01-30,0.0,0.875215305073575,0.8424356792168058,0.4598260052657263
2023-01-31,0.0,0.808779288726254,0.7827786839178889,0.4636112153754727
2023-02-01,0.0,0.5508956023387072,0.5434108892230163,0.46343855178395704
2023-02-02,0.0,0.2698870929420383,0.2352067127193758,0.46665723060641273
2023-02-03,0.0,0.8863548580895844,0.8661551937567104,0.46543761710856163
2023-02-06,0.0,0.7865817994515305,0.7662396097124703,0.45629761969582294
2023-02-07,0.0,0.7669953297850955,0.7028365645407909,0.45897450937864875
2023-02-08,0.0,0.7817802418688031,0.7307092092437171,0.46480611852093695
2023-02-09,0.0,0.9055813082546851,0.8914124175092676,0.464773835745029
2023-02-10,0.0,0.6929489038111225,0.6273644710368008,0.46466698442581833
2023-02-13,0.0,0.7311917542449864,0.7171245976690187,0.467522454749328
2023-02-14,0.0,0.7318907938661829,0.6594494044289675,0.46720328769716324
2023-02-15,0.0,0.7984426549043859,0.7475340516330894,0.45698342058056673
2023-02-16,0.0,0.8604741631851995,0.8392373711868552,0.46232911304029034
2023-02-17,1.0,0.7086938707814378,0.6434370065851197,0.4534902863662514
2023-02-21,0.0,0.8354528114241807,0.8221085089352239,0.46326934195569763
2023-02-22,0.0,0.5026938304608717,0.4877049687604527,0.4633182551054783
2023-02-23,0.0,0.6313748125823466,0.6206572462582696,0.46426279015255056
2023-02-24,0.0,0.8026563004235556,0.7778347639487385,0.46321307706238923
2023-02-27,0.0,0.9070944968281693,0.8820365966812534,0.463354230562304
2023-02-28,0.0,0.9312367182554722,0.920747314446285,0.45873074595045454
2023-03-01,0.0,0.9284879446395178,0.9130943228556833,0.4508775105845738
2023-03-02,0.0,0.794469423190213,0.7561051739864606,0.448734661961531
2023-03-03,0.0,0.8549760471634502,0.8020085890429743,0.4504757082408354
2023-03-06,0.0,0.7357789456470871,0.6890310169014642,0.4477212862893772
2023-03-07,0.0,0.8451114482123695,0.8085402647878451,0.45379929495003674
2023-03-08,0.0,0.6836273256374854,0.6715033148374625,0.44662384829498786
2023-03-09,0.0,0.7245302212598703,0.6894608801088792,0.45312366991442155
2023-03-10,0.0,0.7628398794533029,0.7296824706899774,0.45659283143638085
2023-03-13,0.0,0.6278095398690362,0.6576762032895802,0.45581033928067377
2023-03-14,0.0,0.43812634675535655,0.4678322233488363,0.4613471181881944
2023-03-15,0.0,0.35314638737606624,0.34886153835689315,0.46169692016041336
2023-03-16,0.0,0.6295135315472616,0.6452350592976677,0.47335288164633893
2023-03-17,0.0,0.9609668484505418,0.9585413451952166,0.47166626970244163
2023-03-20,0.0,0.7521209288832489,0.7324506848279957,0.4750518753512836
2023-03-21,0.0,0.5192082255561731,0.48047102479034587,0.46947581024809876
2023-03-22,0.0,0.7915906423310454,0.7671885710106239,0.47721148375337596
2023-03-23,0.0,0.6845622912045092,0.6580427963070183,0.47655593058227647
2023-03-24,0.0,0.8676437887916755,0.8515342941198675,0.47455676465149005
2023-03-27,0.0,0.7375618654993148,0.7246180363154374,0.47436211582890636
2023-03-28,0.0,0.7027065403142437,0.6856052986453706,0.4741604226231823
2023-03-29,0.0,0.7895340070256261,0.773149059356575,0.4787865023410589
2023-03-30,0.0,0.4909405407028051,0.46410352694279944,0.4781804904057642
2023-03-31,0.0,0.7076026384646003,0.6591859669528075,0.4767603788968413
2023-04-03,0.0,0.5512637777579191,0.5154981568797269,0.4769821706279247
2023-04-04,0.0,0.5991641143721289,0.5842551494021051,0.4703392504658999
2023-04-05,0.0,0.5925146635949006,0.5497699069556874,0.4707903191736345
2023-04-06,0.0,0.65888595522354,0.6215313575821577,0.4579124457690939
2023-04-10,0.0,0.5986614438906049,0.5357881875573121,0.44780331269804585
2023-04-11,0.0,0.519795693659617,0.45706811495705685,0.4473860922382006
2023-04-12,0.0,0.7117255009237952,0.6766047282694546,0.4421523377412984
2023-04-13,0.0,0.21338668700110536,0.17980818945422358,0.4428187399305085
2023-04-14,0.0,0.4787820136151971,0.3930382577539489,0.4352061969827388
2023-04-17,0.0,0.11093925335683012,0.0796345485639221,0.4275803263034674
2023-04-18,0.0,0.13418398855532968,0.09318558301658232,0.42608456536175027
2023-04-19,0.0,0.2728825665966993,0.2191196698761236,0.4211412744097062
2023-04-20,0.0,0.36663978726458996,0.30522154856079975,0.4072430647887198
2023-04-21,0.0,0.37660771754268707,0.2969515306631934,0.4073360124424998
2023-04-24,0.0,0.375072895294594,0.3147360962379672,0.40678855755750465
2023-04-25,0.0,0.4098497972735082,0.3350225307283409,0.42182780389750874
2023-04-26,0.0,0.5356326297899463,0.4755473804300782,0.4226175769791957
2023-04-27,0.0,0.16118720509909587,0.1299933360944575,0.4298836248863802
2023-04-28,0.0,0.5358073219924823,0.4488201250306802,0.431063110954255
2023-05-01,0.0,0.619612265256001,0.5771266065371884,0.4235127752098359
2023-05-02,0.0,0.8245731139577621,0.767300209947149,0.4292120257193993
2023-05-03,0.0,0.6585589293396861,0.5857973535620441,0.42985256300927666
2023-05-04,0.0,0.7263595976890381,0.7063788278098825,0.4316785577704076
2023-05-05,0.0,0.41601148076062106,0.3517695900434452,0.44439872221841326
2023-05-08,0.0,0.5248767433672279,0.4977090117802404,0.44438588346678726
2023-05-09,0.0,0.41898346739818865,0.3692820515810482,0.4452468964751516
2023-05-10,0.0,0.6463974803846381,0.6044201989440654,0.44511828515324253
2023-05-11,0.0,0.611602612519922,0.5576498132260292,0.43886730836541443
2023-05-12,0.0,0.6906280083028569,0.6339699704707067,0.4388040869612971
2023-05-15,0.0,0.48798888204168955,0.4379861025380001,0.43871615858865587
2023-05-16,0.0,0.5839512883311178,0.5138404635369421,0.44006844924955124
2023-05-17,0.0,0.274442072943936,0.23680183394416077,0.44552904159523365
2023-05-18,0.0,0.31592246193489393,0.272962369272559,0.4469476534442191
2023-05-19,0.0,0.5716730505927577,0.49434288099162016,0.4471290775264193
2023-05-22,0.0,0.07765269243179315,0.06712708379392265,0.4471401953135531
2023-05-23,0.0,0.5357887768141395,0.492302350978544,0.44231079638854937
2023-05-24,0.0,0.11169065887235045,0.10107728360668325,0.4439740064318067
2023-05-25,0.0,0.8633529643897847,0.8487970370425133,0.43250657855792607
2023-05-26,0.0,0.2941674592001179,0.23169837280885874,0.4364761431349244
2023-05-30,0.0,0.5355516545926957,0.5082346443671919,0.43645526223955033
2023-05-31,0.0,0.4532208917071617,0.46753430876193525,0.4322867433481857
2023-06-01,0.0,0.4405054014958475,0.4141441722661422,0.4326315725285633
2023-06-02,0.0,0.33721778466294283,0.28846217856142553,0.43529018270341147
2023-06-05,0.0,0.21107747748716296,0.19232647534329864,0.4249032577345711
2023-06-06,0.0,0.26316498451318937,0.23137317183379377,0.4248517001348809
2023-06-07,0.0,0.17735048019566751,0.15670817441399218,0.4244467777191562
2023-06-08,0.0,0.11978273703561747,0.10305649887365007,0.4249730770845247
2023-06-09,0.0,0.3945870843604327,0.32839832903223104,0.4244136575192035
2023-06-12,0.0,0.3771052309723037,0.3224143940467961,0.4259202434906235
2023-06-13,0.0,0.1509696907187168,0.13053997232772893,0.4267062038739886
2023-06-14,0.0,0.21353865554689055,0.18318179906245677,0.42307403938784094
2023-06-15,0.0,0.17385960499257838,0.15739985484481353,0.42330333799645586
2023-06-16,0.0,0.7099574279821564,0.7137901674743432,0.4232181624796043
2023-06-20,0.0,0.17106093495296676,0.15579797740462753,0.4248250116073676
2023-06-21,0.0,0.04873482201910651,0.04184709121212592,0.42705304687405465
2023-06-22,0.0,0.15113833456163236,0.12930716069720796,0.41875099773325936
2023-06-23,0.0,0.4088721732162645,0.3903711977567679,0.41907921807792803
2023-06-26,0.0,0.26788478572664254,0.2460021066264049,0.41946927533430683
2023-06-27,0.0,0.0340416841416793,0.03184823970186544,0.4179445092829819
2023-06-28,0.0,0.22374991598218463,0.2424283192667316,0.4180218084577251
2023-06-29,0.0,0.23396146279905997,0.2463084950602597,0.4148535646796926
2023-06-30,0.0,0.18133465581497077,0.14720920336607998,0.4168355897877052
2023-07-03,0.0,0.4137822210627666,0.34380910787110375,0.4094483310197062
2023-07-05,0.0,0.058392030654225546,0.044306273639391026,0.40943358791889656
2023-07-06,0.0,0.3379460908249094,0.31470548653024494,0.4141755938659741
2023-07-07,0.0,0.08460454547032327,0.07856455677844787,0.4137194049055504
2023-07-10,0.0,0.04193559136292027,0.03548658700724971,0.41263792297201246
2023-07-11,0.0,0.03850578571313556,0.03303681758245108,0.41401210027349644
2023-07-12,0.0,0.10819324865602896,0.09851440785608954,0.4127167465243361
2023-07-13,0.0,0.05238497953668773,0.05281726930077849,0.41366081936487226
2023-07-14,0.0,0.07199816798171015,0.062019509897171296,0.4139663066289798
2023-07-17,0.0,0.049651500771599216,0.046745464577048104,0.40823394304973776
2023-07-18,0.0,0.0077080462395006264,0.007084077183135393,0.4086363930773254
2023-07-19,0.0,0.02578522921362566,0.023399276022661803,0.40634585391480743
2023-07-20,0.0,0.1015429090166651,0.1021553874992315,0.40764609685182907
2023-07-21,0.0,0.16988565736080635,0.14894143862171402,0.40758000136894923
2023-07-24,0.0,0.08180463169458288,0.07487130780064882,0.4025849339047119
2023-07-25,0.0,0.060217193635919444,0.05521944389917319,0.39972261529074
2023-07-26,0.0,0.08687859121373091,0.08022039389727409,0.3950803959868263
2023-07-27,0.0,0.08610908902305653,0.07928501178324038,0.39911198149255295
2023-07-28,0.0,0.09161348497835113,0.08078003907681287,0.40242966533705365
2023-07-31,0.0,0.07882790799389508,0.07249866367906935,0.39586693372109044
2023-08-01,0.0,0.042147461626693805,0.039689726256139264,0.3969230827807905
2023-08-02,0.0,0.12415119139262604,0.11282425722910472,0.40904872721248725
2023-08-03,0.0,0.1897597943242879,0.16807723399865368,0.40550023233426624
2023-08-04,0.0,0.24747163795145538,0.20731566875133586,0.4068438441011555
2023-08-07,0.0,0.044252379680278925,0.04035310575507074,0.4101020910579007
2023-08-08,0.0,0.11143438234097378,0.09694671397898066,0.40976325300611965
2023-08-09,0.0,0.26885669966093034,0.24892714409407896,0.4099796387051175
2023-08-10,0.0,0.18442109474534374,0.17323311357638815,0.40594573478400764
2023-08-11,0.0,0.06769580085063985,0.06583729946766213,0.4059487292622022
2023-08-14,0.0,0.248737905326384,0.22387001964870604,0.40702081167763904
2023-08-15,0.0,0.12623696362034348,0.11828508624217124,0.40979580084049144
2023-08-16,0.0,0.1430057518851419,0.12039786203987618,0.4108927188202307
2023-08-17,0.0,0.16120605871564753,0.1390996358369354,0.4114256170867182
2023-08-18,0.0,0.19914634972039713,0.16116482234694487,0.41133241194451575
2023-08-21,0.0,0.09910217705254935,0.08792362623317436,0.41341433825381224
2023-08-22,0.0,0.08420117722798834,0.07113764735979142,0.41236520540287436
2023-08-23,0.0,0.2969408135105336,0.26444127941121515,0.42011184163641135
2023-08-24,0.0,0.2801164866619513,0.28310004303090514,0.42539479336486624
2023-08-25,0.0,0.14411297360761466,0.12175563432031644,0.4225398899061606
2023-08-28,0.0,0.4940485043884407,0.4584669053723688,0.42497025684147255
2023-08-29,0.0,0.12252214271651166,0.11152571434921417,0.43530009044610907
2023-08-30,0.0,0.09556405084822667,0.09616687063860241,0.42860721649350736
2023-08-31,0.0,0.20179633620774456,0.21154957037016378,0.42843418362636265
2023-09-01,0.0,0.2481302036367585,0.22291849815355858,0.4272069552646161
2023-09-05,0.0,0.06122826735292188,0.05865095990535307,0.4245568662087521
2023-09-06,0.0,0.019746222023082242,0.02074328090879939,0.4258417485908442
2023-09-07,0.0,0.15685556124047176,0.14717210472152248,0.4242016091487663
2023-09-08,0.0,0.42916054845080553,0.3796823200896108,0.42430269733947745
2023-09-11,0.0,0.10713045252546531,0.09672005573134414,0.42617304606716044
2023-09-12,0.0,0.11831823064220492,0.12226457969633236,0.4261482214919895
2023-09-13,0.0,0.06336258381681338,0.06454654890347515,0.42019217714736146
2023-09-14,0.0,0.20864030673430453,0.2315497887810486,0.419720120835703
2023-09-15,0.0,0.7593421161585815,0.7885744855005516,0.4241564960988239
2023-09-18,0.0,0.6665506946396427,0.673033402851108,0.42410486706107964
2023-09-19,0.0,0.12084428397308102,0.11219495457585014,0.42280175265585024
2023-09-20,0.0,0.6011141716067836,0.5575354763114104,0.4265681504315479
2023-09-21,0.0,0.5033335689289563,0.5002056464033882,0.4316372446972938
2023-09-22,0.0,0.6713410632498642,0.6072372927114683,0.4250055479926784
2023-09-25,0.0,0.5061025124420816,0.43997495108335016,0.423557887640881
2023-09-26,0.0,0.1745306712074694,0.13495193840044567,0.42895097200920496
2023-09-27,0.0,0.37594899664396675,0.32102001334901925,0.41669942126068765
2023-09-28,0.0,0.43250497762546386,0.39495347158741484,0.4181404058715599
2023-09-29,0.0,0.8293824402030051,0.7782671395923954,0.41810980391484726
2023-10-02,0.0,0.6181478632378535,0.5540414650548703,0.4175455803881898
2023-10-03,0.0,0.5706002806206693,0.5187632281774067,0.42299786350913876
2023-10-04,0.0,0.2703595344351566,0.23789052268439337,0.42727587468390027
2023-10-05,0.0,0.6982029826365896,0.6775378033807508,0.42727188027098734
2023-10-06,0.0,0.9756987082749818,0.970575502000561,0.43464123992817166
2023-10-09,0.0,0.900154592000293,0.8946986894264007,0.4343653271040427
2023-10-10,0.0,0.4353439448115353,0.4208582443725634,0.43538662669499006
2023-10-11,0.0,0.5607397724851331,0.5754377948190988,0.43631413942841124
2023-10-12,0.0,0.8876738160127143,0.8998859091457785,0.43343946996410176
2023-10-13,0.0,0.7348440566256828,0.6988840892401028,0.42928027474641506
2023-10-16,0.0,0.6063703270494172,0.5552631762460063,0.4347777775211704
2023-10-17,0.0,0.31012070461387287,0.2927947298527275,0.43472789086934077
2023-10-18,0.0,0.24652988600816586,0.2401307483538087,0.4380550492426885
2023-10-19,0.0,0.6768936643869339,0.6707896639401559,0.43062530209074873
2023-10-20,0.0,0.9702578140832038,0.9643911290530154,0.43614197331874155
2023-10-23,0.0,0.47764579031903726,0.4402299330633772,0.4350528852002555
2023-10-24,0.0,0.4973731182281643,0.4740226168355431,0.42981252498162786
2023-10-25,0.0,0.707635790810174,0.6901374696316875,0.437381367352165
2023-10-26,0.0,0.8439357293773925,0.8300692503722233,0.4394745096304859
2023-10-27,0.0,0.9397976422149172,0.9425317246079055,0.4397652743270263
2023-10-30,0.0,0.7433190229880299,0.7429618468748361,0.4466306671899534
2023-10-31,0.0,0.7653479867299606,0.749138351780365,0.44255532272636205
2023-11-01,0.0,0.7509766001355082,0.7459964428240957,0.44426853549836365
2023-11-02,0.0,0.6001281937121405,0.6331795885563135,0.4563421660622272
2023-11-03,0.0,0.7144850881344895,0.7126983414533414,0.45472495009954883
2023-11-06,0.0,0.695721775910945,0.6881419556508254,0.4536349516662518
2023-11-07,0.0,0.7496961919764532,0.7393196749973352,0.4530367475322958
2023-11-08,0.0,0.8433796193909514,0.8410237670518746,0.45248130463788766
2023-11-09,0.0,0.909301609963877,0.9117675258082397,0.45339365866119835
2023-11-10,0.0,0.33914203119144576,0.29088493115696723,0.4599540532064111
2023-11-13,0.0,0.8362451081242065,0.8252767106080809,0.4568564037199849
2023-11-14,0.0,0.7253323345298035,0.7693992931884759,0.46733846652466365
2023-11-15,0.0,0.4774969090151657,0.5211653426564218,0.4600083619847535
2023-11-16,0.0,0.7390086127078809,0.742041202350307,0.4561276177207823
2023-11-17,0.0,0.5556128853229794,0.5448303593010847,0.4478076087889013
2023-11-20,0.0,0.23134618381646374,0.2459713178076283,0.4473267313426278
2023-11-21,0.0,0.25557596641511543,0.26684500140676826,0.4479679303314674
2023-11-22,0.0,0.1061096244708631,0.11235150401316357,0.43556866647517417
2023-11-24,0.0,0.5308379721441723,0.48434414004917675,0.4249734041946559
2023-11-27,0.0,0.6147178186190402,0.5886410282393817,0.4228597446563143
2023-11-28,0.0,0.3928165268439723,0.40661993073658603,0.42112390592851373
2023-11-29,0.0,0.23620110871411287,0.2600972408318481,0.42216313324958926
2023-11-30,0.0,0.7593082934617333,0.7884130867787114,0.42019422373001747
2023-12-01,0.0,0.20890994020637266,0.17811224512523877,0.4087771483354672
2023-12-04,0.0,0.29782104544845006,0.26837966179898576,0.40996828876565905
2023-12-05,0.0,0.37521562316753243,0.33925225125575986,0.4103877611618858
2023-12-06,0.0,0.35805902840235637,0.3517255988469715,0.41221094236672523
2023-12-07,0.0,0.16368615642580844,0.1407286466461427,0.413871022753119
2023-12-08,0.0,0.19330688303487942,0.15031263851629728,0.40813194005515957
2023-12-11,0.0,0.17318175100696812,0.15124722360433854,0.3986300245211971
2023-12-12,0.0,0.2764282607622811,0.2593649796470176,0.3982581970640683
2023-12-13,0.0,0.3363379553088716,0.3080700412793815,0.3883307872433256
2023-12-14,0.0,0.438486307716874,0.3569038936769753,0.3882987146523661
2023-12-15,0.0,0.47619781750243245,0.4629840431708042,0.38861898295474007
2023-12-18,0.0,0.0690299038866007,0.05321906789742824,0.3888610002242523
2023-12-19,0.0,0.07711052416930732,0.05872259078484283,0.38794629818243725
2023-12-20,0.0,0.20735676526358468,0.18252493425599095,0.40452397065394957
2023-12-21,0.0,0.1541325087779823,0.12869493145183136,0.4081119545260576
2023-12-22,0.0,0.4313669743772156,0.3707086015648235,0.4080029340910773
2023-12-26,0.0,0.4128223801573286,0.416800873221788,0.40725181032691926
2023-12-27,0.0,0.145986423072691,0.14673342349229515,0.407192021044355
2023-12-28,0.0,0.12696779320002782,0.1262929672084356,0.4067979918544731
2023-12-29,0.0,0.2340976258019557,0.26371397105781647,0.4081262752530621
2024-01-02,0.0,0.25947601164107154,0.26886102715201987,0.4102948145577193
2024-01-03,0.0,0.23654767875360297,0.26178468172330654,0.4124973746892408
2024-01-04,0.0,0.22029033254396654,0.22903393492306257,0.4134746103541816
2024-01-05,0.0,0.20881346274165677,0.20476448159033686,0.4120218608587356
2024-01-08,0.0,0.26540749332041613,0.27776009902306237,0.4176198493674292
2024-01-09,0.0,0.1834140147051199,0.18908365310473618,0.41787396439802194
2024-01-10,0.0,0.167204231881109,0.17989909451453506,0.4183855131984729
2024-01-11,0.0,0.4133147166457463,0.4512669628082143,0.4182063015081841
2024-01-12,0.0,0.19313398108732396,0.19875922146749686,0.41049350246707367
2024-01-16,0.0,0.04925825373685665,0.054036559887020115,0.4112882230139609
2024-01-17,0.0,0.4873596895280514,0.48117926170607994,0.41309457110091935
2024-01-18,0.0,0.37596217203884624,0.39788994647884257,0.4157664455704202
2024-01-19,0.0,0.3847908172738278,0.39009368689497775,0.42093199435503936
2024-01-22,0.0,0.1714956603978767,0.16230749848982165,0.4085898348948299
2024-01-23,0.0,0.33025492465603,0.32265221718874676,0.4044288857495398
2024-01-24,0.0,0.1959544748042482,0.20653537606637498,0.40442751711140945
2024-01-25,0.0,0.25699720620753924,0.2517818402019921,0.40483112131664933
2024-01-26,0.0,0.26729671647148423,0.29244614432425153,0.4050184765529844
2024-01-29,0.0,0.1862044676763594,0.1637454382917657,0.4070909885489259
2024-01-30,0.0,0.11741412327890602,0.12060706186700236,0.40629982537341036
2024-01-31,0.0,0.41320712484243804,0.46923885699347107,0.4191754750470637
2024-02-01,0.0,0.08480036153922278,0.09640910692914559,0.4203767721626074
2024-02-02,0.0,0.33599265030084124,0.3461300144123933,0.4218689787968129
2024-02-05,0.0,0.21512645341877615,0.22870772403657974,0.42339801019738926
2024-02-06,0.0,0.16119673615094832,0.18114788084284278,0.4169145318881138
2024-02-07,0.0,0.2883495761710753,0.32142526200272065,0.4179830091365406
2024-02-08,0.0,0.1388871860304694,0.14064658173741418,0.4176085717367648
2024-02-09,0.0,0.31649918342518774,0.3168634666213647,0.41770485459320705
2024-02-12,0.0,0.1562281803073766,0.13599502467363717,0.41812344583721395
2024-02-13,0.0,0.09052719577989071,0.11428488854775802,0.4278691970789307
2024-02-14,0.0,0.34671772002636847,0.3438583377023728,0.42740729978565684
2024-02-15,0.0,0.027826735134731568,0.030527312694875783,0.4262023101518042
2024-02-16,0.0,0.5698127604844597,0.5818659937683768,0.4237668164212271
2024-02-20,0.0,0.24278714710064603,0.2696264953390964,0.42622903761933445
2024-02-21,0.0,0.20790755329293598,0.20560469794521127,0.42610891226341374
2024-02-22,0.0,0.014860379169632898,0.014981719052547053,0.44129222762425196
2024-02-23,0.0,0.3067556509005734,0.305280490513145,0.4410345350348673
2024-02-26,0.0,0.02100198299458961,0.017530758476149943,0.44201075709602144
2024-02-27,0.0,0.04877665467481181,0.05040961696893964,0.44070877182578083
2024-02-28,0.0,0.06234149311334315,0.0640807211089704,0.4409207553375012
2024-02-29,0.0,0.015424838124292375,0.014369311120157416,0.4281501975759827
2024-03-01,0.0,0.20617242063658137,0.2228258749921902,0.4251166715967937
2024-03-04,0.0,0.05530726516945362,0.05729515622299621,0.42224013924722853
2024-03-05,0.0,0.06723365010922704,0.0655617331829537,0.4273386598864112
2024-03-06,0.0,0.1473020986088557,0.13342507034701054,0.42788983773132394
2024-03-07,0.0,0.5720710143428908,0.5269969242648705,0.42923819848036
2024-03-08,0.0,0.1403218079231878,0.16452928182996843,0.43185882507788753
2024-03-11,0.0,0.28001677637202116,0.2603055603453069,0.43117426069766457
2024-03-12,0.0,0.007859343088603775,0.007109249255138857,0.4350209708172595
2024-03-13,0.0,0.04031823393075811,0.035155689354196724,0.4255682177258534
2024-03-14,0.0,0.22337821530476618,0.24845494284578354,0.4238755954176609
2024-03-15,0.0,0.39938474679130836,0.4225633644869071,0.4255335580080087
2024-03-18,0.0,0.04534969802524774,0.038849011752821655,0.42513497757666935
2024-03-19,0.0,0.07312315349653963,0.0639494611821294,0.4231549379615725
2024-03-20,0.0,0.0291463584825335,0.02597720747912533,0.4250999779559068
2024-03-21,0.0,0.16657734002872293,0.14927039954300986,0.4074284101893418
2024-03-22,0.0,0.162800761594759,0.15420676412261333,0.40780327806514166
2024-03-25,0.0,0.01552487980176072,0.011234289870161588,0.40742145934016344
2024-03-26,0.0,0.08781042426994898,0.0816673458462581,0.4083351796378419
2024-03-27,0.0,0.10593532996203842,0.10324933957101073,0.4104827311820118
2024-03-28,0.0,0.049103767439810424,0.04657185157181009,0.4098320657349953
2024-04-01,0.0,0.010098311992068527,0.008849187125323647,0.4080345812410119
2024-04-02,0.0,0.03139791259552702,0.032888286290701826,0.4112643397782127
2024-04-03,0.0,0.08535738979093518,0.08175133396664333,0.4045413045552343
2024-04-04,0.0,0.019186888904115167,0.020221435482152116,0.41280199522739996
2024-04-05,0.0,0.5880272522083785,0.5715205564933529,0.41361786799067113
2024-04-08,0.0,0.019285510279399343,0.014457001281217949,0.4110784563721792
2024-04-09,0.0,0.03249801715155354,0.02903596024459792,0.41089786909972537
2024-04-10,0.0,0.2651104796853661,0.27972644481993425,0.40987263117240486
2024-04-11,0.0,0.37631223357813254,0.34548248547694105,0.4124199356622891
2024-04-12,0.0,0.5985877827155336,0.6341695814580439,0.42220021333263064
2024-04-15,0.0,0.07008444124595392,0.078783310372017,0.42655447934077717
2024-04-16,0.0,0.05533284971102286,0.060068405428318455,0.4244602010925556
2024-04-17,0.0,0.37975237960521235,0.40065331089202894,0.42328535241453286
2024-04-18,0.0,0.17863384976312843,0.18064038730956278,0.41803305652500006
2024-04-19,0.0,0.48325057431150925,0.46297964522459345,0.41848631518926044
2024-04-22,0.0,0.09712518001721013,0.09639159733551299,0.4241153153801905
2024-04-23,0.0,0.022330472042917385,0.022129926428325893,0.43210427750009867
2024-04-24,0.0,0.03236339027209248,0.03597991161320846,0.43211289065722946
2024-04-25,0.0,0.05281883535260358,0.06337800961227734,0.4281234687695913
2024-04-26,0.0,0.0640120136101585,0.06772395416355716,0.4336726956452877
2024-04-29,0.0,0.1258559760986342,0.11346720853441235,0.43447255885637176
2024-04-30,0.0,0.024555664928712848,0.028208712602876565,0.4411376233651227
2024-05-01,0.0,0.14541363856830805,0.17123585068382585,0.44094407226970284
2024-05-02,0.0,0.3060335262154474,0.3524139360911026,0.4404719688214162
2024-05-03,0.0,0.12334936329791632,0.1326095468455234,0.4418578488961447
2024-05-06,0.0,0.0135126240710031,0.013085933230880871,0.44613462867889364
2024-05-07,0.0,0.010014761062319369,0.010519152317139006,0.44612303480353854
2024-05-08,0.0,0.28383455959695814,0.31226390229371853,0.4427902277687289
2024-05-09,0.0,0.12346687618629461,0.138537403322915,0.4417268122857326
2024-05-10,0.0,0.06676090467351566,0.07650403833512234,0.43280148268814317
2024-05-13,0.0,0.01211549398791328,0.012536471226814323,0.42541934506837975
2024-05-14,0.0,0.37434980276680646,0.40960602889018366,0.4252005902328839
2024-05-15,0.0,0.0200962974819613,0.0199326181389538,0.42612703854173034
2024-05-16,0.0,0.15471679133105407,0.17281947796923602,0.4260725622439201
2024-05-17,0.0,0.08109647033008226,0.08869807699136131,0.4199651345950675
2024-05-20,0.0,0.20246850061053903,0.17645059944838987,0.41871132425456986
2024-05-21,0.0,0.08763287220203778,0.08578284114376634,0.4145587099157112
2024-05-22,0.0,0.056946264207975994,0.06123486754976552,0.4155917807523157
2024-05-23,0.0,0.04155610001506829,0.04337719476891849,0.41780408211594705
2024-05-24,0.0,0.15783725281568078,0.16100351004162228,0.41579004216660975
2024-05-28,0.0,0.009580732702623454,0.008545275663584,0.4158482842675137
2024-05-29,0.0,0.14576144344484304,0.14698271783377928,0.40399516110627226
2024-05-30,0.0,0.07210592773123888,0.07645494385650584,0.4059410374702808
2024-05-31,0.0,0.12886076139118954,0.11622349237781372,0.4051569689935996
2024-06-03,0.0,0.021499747046083012,0.020282983964407468,0.39847774714004086
2024-06-04,0.0,0.04599721637312394,0.04730077104605441,0.3933258084895963
2024-06-05,0.0,0.06928368571635295,0.06969960371717553,0.40021523163109407
2024-06-06,0.0,0.1883237892773306,0.1921955803099346,0.4002540746428811
2024-06-07,0.0,0.10734386773807422,0.11296728778160302,0.39984180772130834
2024-06-10,0.0,0.039998968853272705,0.036599168877554315,0.3999325465781845
2024-06-11,0.0,0.035204058466976246,0.03659243052890438,0.39987671542246395
2024-06-12,0.0,0.005859551632729126,0.005426183956475267,0.4020724251930791
2024-06-13,0.0,0.04964819859896811,0.043855465668547956,0.39572184997003074
2024-06-14,0.0,0.0449022982923064,0.044249759642441294,0.3951937680891314
2024-06-17,0.0,0.015003818641065678,0.013156018864750093,0.39762428442469816
2024-06-18,0.0,0.02972888958863262,0.025793444150296482,0.39764151481177473
2024-06-20,0.0,0.018628857063574315,0.018252847902237888,0.39859786146406206
2024-06-21,0.0,0.296272303987011,0.29898409753956695,0.3980991183816539
2024-06-24,0.0,0.0537045913000305,0.04610169620623006,0.39441035558654125
2024-06-25,0.0,0.006710674059491648,0.006227668709797762,0.3928658322884576
2024-06-26,0.0,0.030781279203870932,0.027618346805923216,0.3927496541544925
2024-06-27,0.0,0.05711608946419737,0.053522541861284315,0.3869409028292972
2024-06-28,0.0,0.08174133463202958,0.08947106097268621,0.38493807101159805
2024-07-01,0.0,0.02791052372081314,0.022984952025526143,0.3821194723409429
2024-07-02,0.0,0.009662750761318414,0.008586867330773086,0.38347333186134575
2024-07-03,0.0,0.7300524747690121,0.7032635472275692,0.3840876386384645
2024-07-05,0.0,0.009435560717060885,0.006820580542182664,0.37716874030040654
2024-07-08,0.0,0.005736225071160285,0.004295059554161562,0.3768238503156867
2024-07-09,0.0,0.0027495745423269866,0.002425817613837402,0.3760643395235794
2024-07-10,0.0,0.0015007547232990385,0.0012361689517071425,0.3814417294879817
2024-07-11,0.0,0.0006476090734992822,0.000585209693069088,0.3904070254052236
2024-07-12,0.0,0.007935984490433971,0.006792663447858109,0.3882407972786268
2024-07-15,0.0,0.0009279495598027571,0.0007444367996652403,0.3882960195838875
2024-07-16,0.0,0.00034060341391508215,0.0003077739412951603,0.38928862947784276
2024-07-17,0.0,0.002067385407307276,0.002193344593940835,0.40220443214133217
2024-07-18,0.0,0.017387637382427937,0.016464611514253078,0.40619642962779307
2024-07-19,0.0,0.051540364482327156,0.05127495467942439,0.40880096519125986
2024-07-22,0.0,0.07610296672583382,0.06336120140557654,0.41385923220131543
2024-07-23,1.0,0.011029152188687068,0.009129929760943453,0.41336734771534334
2024-07-24,0.0,0.026800603753354114,0.029014460057856243,0.43700432607884865
2024-07-25,0.0,0.2229955375459868,0.2650040800945756,0.43766847314981616
2024-07-26,0.0,0.14970864210764057,0.15054881978003476,0.44266767894937586
2024-07-29,0.0,0.015082606887475038,0.015435298896919745,0.4420892122944675
2024-07-30,0.0,0.009444055937108472,0.008540800725985759,0.4426702965851734
2024-07-31,0.0,0.13596208861834536,0.13645955295976966,0.45035462123477454
2024-08-01,0.0,0.41937601156650633,0.4730861873524558,0.4555112692153076
2024-08-02,1.0,0.5701227628229933,0.6302672047620614,0.46344476289497205
2024-08-05,0.0,0.03333524030631945,0.039640783705466025,0.48485904310092787
2024-08-06,0.0,0.21538555269454332,0.23689656314920235,0.48945116268215827
2024-08-07,0.0,0.193863656147812,0.21335203825726834,0.4848652428349918
2024-08-08,0.0,0.04577204315445718,0.05084867490672958,0.5018956569730847
2024-08-09,0.0,0.2945835583323294,0.3056291422819408,0.5015830689704294
2024-08-12,0.0,0.18974445313346858,0.2182591913871711,0.5010450756218388
2024-08-13,0.0,0.02660742418748923,0.02779353732871093,0.5081248550376336
2024-08-14,0.0,0.07517116179335519,0.07898006495527134,0.5051349225674996
2024-08-15,0.0,0.021434699073791436,0.024366782807703095,0.5104935093869942
2024-08-16,0.0,0.20280397611565776,0.23480967060540764,0.5092460025400971
2024-08-19,0.0,0.026613433776697316,0.026964428743497148,0.5087503060638078
2024-08-20,0.0,0.026728447836498685,0.029029971199945083,0.5087959449320189
2024-08-21,0.0,0.09861997886534482,0.09824383468553018,0.49438379743691163
2024-08-22,0.0,0.06120939441294999,0.06925380498442124,0.49609791906504364
2024-08-23,0.0,0.06188592907065479,0.07760880609121469,0.49629178229076015
2024-08-26,0.0,0.03218801956821912,0.03767099016050829,0.4968465836798308
2024-08-27,0.0,0.050815505162849876,0.06256022072990934,0.49573461793481166
2024-08-28,0.0,0.04511534354933968,0.05354779725522661,0.4915921243700459
2024-08-29,0.0,0.09658367340132606,0.11121093976231645,0.48579807616312565
2024-08-30,1.0,0.2853120159483989,0.39169162044989775,0.47577301280115575
2024-09-03,0.0,0.08305783706662741,0.09185038740381345,0.46028523267610405
2024-09-04,0.0,0.08106102957469921,0.0912986240466586,0.45917690862165367
2024-09-05,0.0,0.17985473260635818,0.19999095190417335,0.45663556723064386
2024-09-06,0.0,0.5430188660683716,0.566919921002065,0.4538969365143079
2024-09-09,0.0,0.1335564299479425,0.12663113048864932,0.45718773934040563
2024-09-10,0.0,0.038806799154943485,0.03818172975606878,0.45745996361114727
2024-09-11,0.0,0.1079683644372412,0.11722406653676076,0.452243963366134
2024-09-12,0.0,0.03050958631335072,0.03166491393274229,0.45336316756633044
2024-09-13,0.0,0.3407653459758683,0.3151822126275278,0.44601568227388283
2024-09-16,0.0,0.12716583924799765,0.1146528678753908,0.44596987815961436
2024-09-17,0.0,0.08658817132891244,0.08008557790613888,0.4428481296543419
2024-09-18,0.0,0.041894909605555405,0.04039881511214384,0.4430308682559152
2024-09-19,0.0,0.02005540140896967,0.01911417162525623,0.452216336421648
2024-09-20,0.0,0.39980056488814303,0.41863461695447135,0.44905014784625513
2024-09-23,0.0,0.28984832080338196,0.2296661569930279,0.4452116706454176
2024-09-24,0.0,0.014741453239375158,0.012627101449424354,0.44469634167528865
2024-09-25,0.0,0.3239742772621036,0.2869243692234054,0.44497735955247913
2024-09-26,0.0,0.25815049842667576,0.2241879774872981,0.44342079622836156
2024-09-27,0.0,0.3906733510524896,0.37996158121606544,0.4436013492190971
2024-09-30,0.0,0.1501929041668973,0.14733035791387963,0.44097650553324524
2024-10-01,0.0,0.11440793880031186,0.11140881837351771,0.42502044544342943
2024-10-02,0.0,0.30659926968051604,0.29179013506780893,0.42465151835792264
2024-10-03,0.0,0.46199472766888094,0.44183193587278785,0.4241664582491546
2024-10-04,0.0,0.3551157762454341,0.30039651837571935,0.40737883165657035
2024-10-07,0.0,0.2832085173303823,0.2355021741759108,0.4108686033667767
2024-10-08,0.0,0.26104085745594063,0.20387312720615272,0.4134682781328
2024-10-09,0.0,0.11612296752545782,0.10834778761422563,0.4110651143546079
2024-10-10,0.0,0.4533832331459614,0.3924153913861315,0.4102419582538242
2024-10-11,0.0,0.48998906684548627,0.47903625363208074,0.4105137927666699
2024-10-14,0.0,0.02414140644128762,0.016395355538971968,0.41226232680812647
2024-10-15,0.0,0.05082275654820488,0.05404112074038431,0.4165165601319236
2024-10-16,0.0,0.2416279217465102,0.2433787342527789,0.41585757731013945
2024-10-17,0.0,0.05819672463729157,0.056569780733764785,0.4035858618128963
2024-10-18,0.0,0.15382250062463382,0.1545455297180252,0.403415277919243
2024-10-21,0.0,0.27933583829742104,0.2548004681199697,0.4038386019646751
2024-10-22,0.0,0.23324430860041967,0.22504691690321663,0.4038700837336514
2024-10-23,0.0,0.1341923597921769,0.14976041535914228,0.4089624310552476
2024-10-24,0.0,0.12247267148450383,0.13651175581190747,0.408468230806383
2024-10-25,0.0,0.12449804286124476,0.12186798529308461,0.4083288827832274
2024-10-28,0.0,0.15531920160666784,0.15465584061206764,0.4078456972608368
2024-10-29,0.0,0.059057497588407754,0.05991428860795655,0.40217697679874304
2024-10-30,0.0,0.0794137087651991,0.08922204245643962,0.4031945797407897
2024-10-31,0.0,0.4954765455568314,0.5583021934446251,0.4214392745454158
2024-11-01,0.0,0.5176720682750245,0.50532396609567,0.41846018645062893
2024-11-04,0.0,0.3423433453517965,0.3255058522576521,0.41440982655327485
2024-11-05,0.0,0.056413561275233,0.0510804012157775,0.4171014859158146
2024-11-06,0.0,0.825448000347499,0.8118325994927886,0.4408759050268505
2024-11-07,0.0,0.8427048659000672,0.8259997606440533,0.44176426990031614
2024-11-08,0.0,0.6677005014736761,0.6941167846645759,0.4411961243871877
2024-11-11,0.0,0.029879888215734764,0.02830782090670228,0.43968736023700805
2024-11-12,0.0,0.03289767766943439,0.036111782845218786,0.4372770437760993
2024-11-13,0.0,0.13061119276690167,0.1373500750452157,0.4368926813585083
2024-11-14,0.0,0.3173228033754128,0.3396033441075483,0.4388182885464223
2024-11-15,0.0,0.5154625243098313,0.5472329404485001,0.4454354925070809
2024-11-18,0.0,0.1636751585888228,0.14580582476268628,0.4457760915898264
2024-11-19,0.0,0.044429561565216366,0.040979160952021344,0.44618123059549875
2024-11-20,0.0,0.16098562221918614,0.1635787310906094,0.4425087143164927
2024-11-21,0.0,0.056023168847562074,0.057160922363952975,0.4431291935297199
2024-11-22,0.0,0.1073959808616681,0.11654883961172645,0.4432051327516194
2024-11-25,0.0,0.6432055475155986,0.6147154273582244,0.4432440662667095
2024-11-26,0.0,0.06983809086039439,0.0660666730121986,0.4438954423005524
2024-11-27,0.0,0.08820939277214451,0.08717906039132355,0.44408670839320197
2024-11-29,0.0,0.46049011730296413,0.42442920653095567,0.4273223440506329
2024-12-02,0.0,0.42041985772211693,0.4021023288764804,0.42725244360652775
2024-12-03,0.0,0.016076294105465152,0.014442158652716565,0.4261236435121379
2024-12-04,0.0,0.0038781833185759524,0.003989308769805909,0.42259123396181225
2024-12-05,0.0,0.011415017714102273,0.011418640724581087,0.39431286075573185
2024-12-06,0.0,0.0757699781048239,0.06889913162354971,0.3917999585988998
2024-12-09,0.0,0.029729302315116824,0.023938684607694424,0.3943201481125679
2024-12-10,0.0,0.017036204209980626,0.014309762609358486,0.3950216724666777
2024-12-11,0.0,0.012262914093635306,0.012687858228893302,0.3978858353491273
2024-12-12,0.0,0.0971235581314022,0.09263650547381237,0.400126884475983
2024-12-13,0.0,0.08327684971269586,0.07180334841581396,0.3973949891025289
2024-12-16,0.0,0.02362368445056131,0.016309289125809784,0.3833388830208267
2024-12-17,1.0,0.06711428756502383,0.05793244291216613,0.38512712670275123
2024-12-18,0.0,0.22115531926796472,0.1814422875280255,0.4321469123608231
2024-12-19,0.0,0.24257907637049506,0.2330354285395527,0.4321505675731881
2024-12-20,0.0,0.5040185658824402,0.42949849557349573,0.4358781752291093
2024-12-23,0.0,0.1625203576726928,0.1329891890558261,0.4375011097977729
2024-12-24,0.0,0.6262281073734166,0.5915104572120027,0.4416591270527012
2024-12-26,0.0,0.1797374432453459,0.17181167428467575,0.44057558090248095
2024-12-27,0.0,0.07868223697994757,0.07706037337793274,0.4445961552649258
2024-12-30,0.0,0.047017204368613834,0.049103465302955826,0.44690492040330826
2024-12-31,0.0,0.0332091700367694,0.03351957151421672,0.4467787672022656
2025-01-02,0.0,0.0171984365233089,0.01863515825801978,0.4466769992352862
2025-01-03,0.0,0.03394598033439047,0.037102495201618714,0.4516059221422522
2025-01-06,0.0,0.41742621827020193,0.42143915408597116,0.4530382734242824
2025-01-07,0.0,0.16677110180411922,0.17477532526498907,0.45597410893143653
2025-01-08,0.0,0.10076335370218355,0.12127705761913113,0.45544471448872037
2025-01-10,0.0,0.4589145603982905,0.47888846876663554,0.46182819767022903
2025-01-13,0.0,0.6591184604798871,0.6589110049690878,0.4589475313672254
2025-01-14,0.0,0.03965282347197893,0.03552366601356605,0.4588318060986212
2025-01-15,0.0,0.14515320739277215,0.14432488711557345,0.4708014326404509
2025-01-16,0.0,0.12961513611059297,0.14166751301604594,0.47016760502046634
2025-01-17,0.0,0.21114122941106178,0.23880597140127904,0.4733172275568694
2025-01-21,0.0,0.0878876453068799,0.076300575574713,0.4460277796779641
2025-01-22,0.0,0.007779021930179038,0.007796806299989761,0.4465023753468536
2025-01-23,0.0,0.04349702808803787,0.04504961853428128,0.4439219852357951
2025-01-24,0.0,0.2630052202824584,0.2648465894793988,0.44326728021416417
2025-01-27,0.0,0.2968925171742991,0.26725876275814126,0.44742037913011623
2025-01-28,0.0,0.07240873274928726,0.06991756159251052,0.45039272422097554
2025-01-29,0.0,0.06639737850843588,0.06465473906131906,0.4466189139012023
2025-01-30,0.0,0.17824108027115426,0.18399452397536076,0.4422423014243838
2025-01-31,0.0,0.6294563783559143,0.639575343020956,0.442587686448845
2025-02-03,0.0,0.45826390545438206,0.46007810121219794,0.4450380219873051
2025-02-04,0.0,0.04530934031554981,0.04527625151859155,0.4414684796486907
2025-02-05,0.0,0.30170816056696964,0.34379709501299255,0.4409841833663467
2025-02-06,0.0,0.40869910943263865,0.4230185854867861,0.43543043676471593
2025-02-07,0.0,0.19520578105532205,0.20350501188758158,0.4398741315501278
2025-02-10,0.0,0.21222384389629223,0.20344523705469883,0.42951804350918515
2025-02-11,0.0,0.0894530390202402,0.08672757548926004,0.4296277805772289
2025-02-12,0.0,0.0995984099886096,0.0908617014609502,0.4304942485451592
2025-02-13,0.0,0.15667222016548873,0.14314412335982588,0.4217226836153828
2025-02-14,0.0,0.22420047074571262,0.2370857853177906,0.42124986465237063
2025-02-18,0.0,0.0273776109770023,0.019555559710346112,0.417795006410214
2025-02-19,0.0,0.22740382779813817,0.19576830139198564,0.41494823939816605
2025-02-20,0.0,0.1830104012337865,0.16604010211652082,0.41457329693693773
2025-02-21,0.0,0.747609290764644,0.7090896299029316,0.42613716200455576
2025-02-24,0.0,0.24929459077817034,0.23394096826274444,0.42669047762386636
2025-02-25,0.0,0.1777437212330717,0.14573807166198877,0.4187219867933337
2025-02-26,0.0,0.5326533043039674,0.529388100161214,0.41402415631210243
2025-02-27,0.0,0.686173689253106,0.640409416535079,0.42357446129550685
2025-02-28,0.0,0.8492770529983302,0.8508053358578056,0.4341196468501034
2025-03-03,0.0,0.17447459194204437,0.1667382781781745,0.44386391016228616
2025-03-04,0.0,0.05290405728398335,0.05082779666929323,0.4466495976407231
2025-03-05,0.0,0.2945391914812444,0.3162930862629054,0.4497061538354503
2025-03-06,0.0,0.538346796386759,0.5154343181348875,0.4568672744472352
2025-03-07,1.0,0.419778676704401,0.39437879875519144,0.4577671404160531
2025-03-10,0.0,0.3342891394703933,0.3558623983432676,0.47433245065571283
2025-03-11,0.0,0.2659993493568519,0.24883991102404435,0.47145033888535576
2025-03-12,0.0,0.6190975462807151,0.6274431526805144,0.4732618443181933
2025-03-13,0.0,0.8044370117073416,0.8053460908261902,0.47593322977522556
2025-03-14,0.0,0.7369517681407063,0.7156688795318875,0.4881111610376626
2025-03-17,0.0,0.7006199446439789,0.6901364860356961,0.4905304282818327
2025-03-18,0.0,0.3482991849858869,0.36491402646860205,0.4906207735168465
2025-03-19,0.0,0.7295472921207918,0.7578184903432971,0.4953181583365528
2025-03-20,0.0,0.46321454501281273,0.5105651570341188,0.49538093133471844
2025-03-21,0.0,0.10124091001064868,0.11950196613221706,0.4909063233427392
2025-03-24,0.0,0.5304954316926193,0.5449976118123736,0.5009453973719956
2025-03-25,0.0,0.174429956853444,0.17175983340443032,0.5009574854166744
2025-03-26,0.0,0.720085275155984,0.7258522926275378,0.5030777242287064
2025-03-27,0.0,0.6993877816716193,0.7239055599483514,0.4981265265552455
2025-03-28,0.0,0.9210472603920639,0.9126369035383302,0.4975484504183183
2025-03-31,0.0,0.5666874711905238,0.5878842625170595,0.4934352192539859
2025-04-01,0.0,0.297142777642837,0.3193776508144318,0.4912243972466035
2025-04-02,1.0,0.3781115614826529,0.420615180996091,0.4888091878461687
2025-04-03,1.0,0.9058070876495985,0.922775147979473,0.5332373059224824
2025-04-04,0.0,0.9781128544017772,0.9854900017312113,0.5867717908959886
2025-04-07,0.0,0.8807311722812599,0.8969714925436472,0.5794878943241081
2025-04-08,0.0,0.8560209524395591,0.8795563044432874,0.5812233091293596
2025-04-09,1.0,0.9273055513479894,0.954455115805436,0.6993918519098966
2025-04-10,0.0,0.8154376440699027,0.8748188714771536,0.7081050827976274
2025-04-11,0.0,0.8660086662152137,0.9027318098025179,0.7068638549154006
2025-04-14,0.0,0.7265190997552078,0.802182459934571,0.7071185337133324
2025-04-15,1.0,0.34595334290464,0.441833266869214,0.7064025946012579
2025-04-16,0.0,0.5462247389495192,0.6224358877978217,0.7084617447060033
2025-04-17,1.0,0.6881550934668156,0.7407421713322427,0.7086310079298107
2025-04-21,0.0,0.48867298383111013,0.5835718179920658,0.7119887427087297
2025-04-22,0.0,0.12189808636551146,0.18355127526126852,0.7153132314765602
2025-04-23,0.0,0.29454792601277896,0.3892538434910674,0.7185850320153346
2025-04-24,0.0,0.16983550276535772,0.25320281400674394,0.7222366025258635
2025-04-25,0.0,0.5572435784449625,0.6666411274677454,0.7228274327017873
2025-04-28,0.0,0.4794216078414489,0.6299189081146526,0.7197288833070705
2025-04-29,0.0,0.4233436894608362,0.5755404219284611,0.7197541835913077
2025-04-30,0.0,0.6274910467523381,0.7461243964843847,0.7196500938514107
2025-05-01,0.0,0.4703811276645681,0.6231148508586565,0.7196019275800198
2025-05-02,0.0,0.21594359809879315,0.3167656717245503,0.6989564993136402
2025-05-05,0.0,0.7303278044773625,0.8030478415704397,0.657324689824506
2025-05-06,0.0,0.6629158861201353,0.7643015515526993,0.6586299523193166
2025-05-07,0.0,0.7567756538578837,0.8239877749544395,0.6532220478881565
2025-05-08,0.0,0.4768078147088483,0.532200022710285,0.5232193833445546
2025-05-09,0.0,0.3264070912737298,0.33886616874197156,0.48974238888445176
2025-05-12,0.0,0.3291198946838666,0.36277321351710073,0.5053942142270567
2025-05-13,0.0,0.18640914161301386,0.2163963248028339,0.5052852567108128
2025-05-14,0.0,0.17375120863542406,0.19109123075540185,0.5046453512413286
2025-05-15,0.0,0.30662097168039937,0.3399907697590073,0.48505193805479635
2025-05-16,0.0,0.1973015295411518,0.19146765755333153,0.4844908397246373
2025-05-19,0.0,0.44105139887219047,0.4634238414690143,0.4579652135657844
2025-05-20,0.0,0.18520645679005512,0.1906628414777039,0.45003456121743607
2025-05-21,0.0,0.6956708208083029,0.6856158635191524,0.4606373183894079
2025-05-22,0.0,0.3916218880499092,0.3725124261905964,0.45206957840955225
2025-05-23,0.0,0.12893603267719791,0.12015502039335572,0.4544990412093266
2025-05-27,0.0,0.23816051976386193,0.25080915800711256,0.4642885784594839
2025-05-28,0.0,0.169782303177567,0.17987904960254636,0.46648837830526885
2025-05-29,0.0,0.35647278251788794,0.38599044217442285,0.4664507762588452
2025-05-30,0.0,0.3039093657779286,0.2954494625334526,0.4663633945681109
2025-06-02,0.0,0.36847588719258967,0.37261752733284753,0.4616960707353857
2025-06-03,0.0,0.12614078482981236,0.12466492999306295,0.45949121874704385
2025-06-04,0.0,0.31222942784398117,0.3293649534277577,0.45598951931307025
2025-06-05,0.0,0.36313776748570115,0.3579837092542785,0.45817915329349174
2025-06-06,0.0,0.37525390473186937,0.3573771885191263,0.45971183381947395
2025-06-09,0.0,0.18927701804622857,0.20137217561139042,0.45940558467175435
2025-06-10,0.0,0.17297531509453729,0.17353749537971205,0.42563109606037186
2025-06-11,0.0,0.2921136841476043,0.28400709453137996,0.4248977338585943
2025-06-12,0.0,0.15766633955485407,0.15261982884404704,0.42518998819677395
2025-06-13,0.0,0.16438656393452347,0.13511064957652963,0.4311148038988158
2025-06-16,0.0,0.4042163518602284,0.39656333283286893,0.4326087660729544
2025-06-17,0.0,0.1874275778474168,0.17451425783898933,0.4357018893450086
2025-06-18,0.0,0.5114734284330578,0.4946111922004211,0.43502584787799103
2025-06-20,0.0,0.6773465264367262,0.6590660532433882,0.4233891848370098
2025-06-23,0.0,0.34136004117647256,0.32277738312934845,0.426278739658375
2025-06-24,0.0,0.02753324781603919,0.023830826344357913,0.4265715992470852
2025-06-25,0.0,0.6396468414769513,0.6253621877550847,0.410617775810052
2025-06-26,0.0,0.2681088368059197,0.23265238261615453,0.40983436613015906
2025-06-27,0.0,0.7774878406593618,0.7583032000048715,0.41014429247453427
2025-06-30,0.0,0.06799211504301596,0.05931711444783861,0.41026980620835035
2025-07-01,0.0,0.04741951774043513,0.03800362220486389,0.4107126679063171
2025-07-02,0.0,0.3058982847917655,0.26247019523229376,0.41037253611102353
2025-07-03,0.0,0.15591896640517744,0.1564623626032058,0.41195945163572895
2025-07-07,0.0,0.07984445670885207,0.06240386367710565,0.4143033494495406
2025-07-08,0.0,0.11727033899347182,0.10787165088661191,0.41137831025150506
2025-07-09,0.0,0.03749069245146915,0.03031723703204614,0.41216388563499773
2025-07-10,0.0,0.02719514527626722,0.02600041568453192,0.41158943916812957
2025-07-11,0.0,0.3342584594706979,0.2835463242973862,0.41187097197883193
2025-07-14,0.0,0.060415814957180056,0.053755305035074856,0.4116938711310668
2025-07-15,0.0,0.03755565477460801,0.030960341856156256,0.4041316707269214
2025-07-16,0.0,0.06748460580314702,0.04960113222910086,0.40111690569561365
2025-07-17,0.0,0.0826298169219545,0.06977317965828174,0.39486435982225127
2025-07-18,0.0,0.10911825940992387,0.09065109674660947,0.39478622480817577
2025-07-21,0.0,0.21154415253676068,0.2026894704221658,0.39336080132954937
2025-07-22,0.0,0.08289585319056057,0.08106781853646798,0.3902454615898332
2025-07-23,0.0,0.20072915904377056,0.16576001856628356,0.38683800132259766
2025-07-24,0.0,0.06564251988250794,0.052387834119149,0.3866498853463799
2025-07-25,0.0,0.08961391293608774,0.08064718836766521,0.3842684599875815
2025-07-28,0.0,0.04145743976851714,0.03677642873996747,0.3836141380605399
2025-07-29,0.0,0.018091044570242902,0.013751659120873094,0.38415459828309495
2025-07-30,0.0,0.03789954703143659,0.03211952845715521,0.3842052585958651
2025-07-31,0.0,0.26454736140848367,0.2363067647234082,0.38496171447301775
2025-08-01,0.0,0.40571053920848027,0.3493905446963136,0.3984805545699268
2025-08-04,0.0,0.2836794682116752,0.2739138684250184,0.4067370705960122
2025-08-05,0.0,0.0369548360986175,0.03556475570816186,0.40829189844434405
2025-08-06,0.0,0.10624237532185951,0.08836656861550983,0.409070749454092
2025-08-07,0.0,0.03852452744207639,0.03330424775609479,0.4089228933562556
2025-08-08,0.0,0.08757096361222665,0.08004123003200551,0.41064126904215875
2025-08-11,0.0,0.06031050911819206,0.0603124081201375,0.4112430146184898
2025-08-12,0.0,0.018354966209519565,0.01765611670612222,0.41502032622122315
2025-08-13,0.0,0.05455636390953075,0.04928635921501923,0.41502602826649665
2025-08-14,0.0,0.07618014367292346,0.07484570649898846,0.4143526819457875
2025-08-15,0.0,0.041315136931634466,0.03868368120153332,0.41512189769831265
2025-08-18,0.0,0.11206003530818412,0.09410781540616975,0.4152005173601733
2025-08-19,0.0,0.03053908161479031,0.024034731834214104,0.41745631119378906
2025-08-20,0.0,0.26594984338461763,0.24368585446170782,0.41535658992390173
2025-08-21,0.0,0.24138512007750781,0.23506353661814278,0.41620019723039375
2025-08-22,0.0,0.063371977686893,0.054648291243648485,0.4256977606068016
2025-08-25,0.0,0.14814656135087298,0.15126338730179933,0.42669057426292967
2025-08-26,0.0,0.03317224774897907,0.036102625767955934,0.42668838214919075
2025-08-27,0.0,0.18016951186615265,0.17861872721653851,0.4265974824024195
2025-08-28,0.0,0.05873276829061984,0.05961774746604048,0.42576884654224134
2025-08-29,0.0,0.06840977760588791,0.06552356153988083,0.41445477928098634
2025-09-02,0.0,0.2636508762635564,0.24578343534068287,0.40852995312837714
2025-09-03,0.0,0.005777516965819241,0.004762475445715729,0.40766254130274376
2025-09-04,0.0,0.029268970027635843,0.02781416282125312,0.408411921887461
2025-09-05,0.0,0.16581346474010936,0.14275695602921978,0.4092028814868237
2025-09-08,0.0,0.1010831533281062,0.08482084658495817,0.4067890513452382
2025-09-09,0.0,0.031222786950929855,0.027178973124565395,0.40629496058454806
2025-09-10,0.0,0.08414552870855359,0.06426552799741553,0.40034095060341374
2025-09-11,0.0,0.24037557823491498,0.20539597179701602,0.4034105671061235
2025-09-12,0.0,0.1007917908788384,0.09052703463920321,0.403500624225746
2025-09-15,0.0,0.10733499988267006,0.10228940166651217,0.40333873879673865
2025-09-16,0.0,0.09023737706657882,0.06690012526947134,0.4036004746178905
2025-09-17,0.0,0.48145648732976337,0.4153466811152738,0.4009227886374906
2025-09-18,0.0,0.008176535862840008,0.006700768675373009,0.4005240624529034
2025-09-19,0.0,0.25072866958143736,0.21084655719616632,0.3988151792465422
2025-09-22,0.0,0.030690719018562677,0.021800495191141647,0.38776925446555044
2025-09-23,0.0,0.03834028581743027,0.02626317400988026,0.3889323160818427
2025-09-24,0.0,0.06678244115438149,0.050016826685153094,0.3897697548580892
2025-09-25,0.0,0.12657819002104095,0.10427880447138084,0.392242205265162
2025-09-26,0.0,0.25322407962903604,0.2019084207478614,0.3935164415852244
2025-09-29,0.0,0.026515942042041114,0.016865695577329906,0.3896091738111132
2025-09-30,0.0,0.11125361426976725,0.08346230282817552,0.38439728880751034
2025-10-01,0.0,0.3134685650719754,0.26365009332612743,0.38381974504559774
2025-10-02,0.0,0.07818207057231026,0.05847564905408928,0.3805115947382968
2025-10-03,0.0,0.3518525841767349,0.30438410208842553,0.3787341963489662
2025-10-06,0.0,0.5733703189542088,0.5119450493965608,0.37901342864739024
2025-10-07,0.0,0.29289601431540063,0.24911400386970725,0.3814654570285774
2025-10-08,0.0,0.0804805769987979,0.06701831789322191,0.3827445877234492
2025-10-09,1.0,0.1990751170373727,0.1712915653895238,0.38005378229280856
2025-10-10,0.0,0.3455788599829157,0.3097034729499006,0.4239634831130774
2025-10-13,0.0,0.44910490998425884,0.431987034831082,0.43329877067646083
2025-10-14,0.0,0.05036396652341189,0.042482823089060893,0.4333379871587519
2025-10-15,0.0,0.6546161442804743,0.6340671148840336,0.43377827226108423
2025-10-16,0.0,0.5411404362478485,0.5209261388501643,0.4347061892279585
2025-10-17,0.0,0.19806040704842107,0.1882773294432862,0.43486224361523834
2025-10-20,0.0,0.11738227927289883,0.1081026982494227,0.43848750665087294
2025-10-21,0.0,0.03899085827100153,0.034905888385591125,0.4371004030643092
2025-10-22,0.0,0.41990861731366136,0.41007868156688193,0.43800484776057624
2025-10-23,0.0,0.0815592062485945,0.07236333018898092,0.4377036475583168
2025-10-24,0.0,0.0354997662364973,0.038699650695191185,0.43860730066948
2025-10-27,0.0,0.015175071919516567,0.01590293804222858,0.44306404281404493
2025-10-28,0.0,0.11553069537940458,0.10933846232218775,0.4428471529004882
2025-10-29,0.0,0.19641591060360022,0.18974549789125653,0.44278687305945647
2025-10-30,0.0,0.14725224767761488,0.15038795584381554,0.4472082615991184
2025-10-31,0.0,0.12898763248170408,0.13237045979188716,0.447290209702654
2025-11-03,0.0,0.33211607755439065,0.3593697883281592,0.4470446183821489
2025-11-04,0.0,0.016726513554867324,0.017352987990300425,0.45176832309783505
2025-11-05,0.0,0.27897510913959034,0.3018996894018104,0.4511143223851949
2025-11-06,0.0,0.4209968434733829,0.4383394481786591,0.4552220778682433
2025-11-07,0.0,0.389164727931349,0.36990849351633964,0.4259391568262862
2025-11-10,0.0,0.1013099995325098,0.10673113932877182,0.4256950148547346
2025-11-11,0.0,0.06667915409238812,0.07023710197491681,0.4253186869917444
2025-11-12,0.0,0.05282420124506261,0.05851378308833035,0.42505447239967076
2025-11-13,0.0,0.07826567372409524,0.07773250262454479,0.43578008970176585
2025-11-14,0.0,0.3684862679274705,0.37419427854437337,0.43500575480006676
2025-11-17,0.0,0.46114937973918035,0.45502508928609214,0.4338981700156054
2025-11-18,0.0,0.11413593248699457,0.10305375610866786,0.43619499546725565
2025-11-19,0.0,0.4444784633460401,0.45437818510465067,0.4360737466815057
2025-11-20,0.0,0.39110939489353846,0.38300999216541337,0.44255330338241666
2025-11-21,0.0,0.41299192292171183,0.42027574567369386,0.44402016145080386
2025-11-24,0.0,0.3492334673197307,0.3631912031452055,0.4475266650080101
2025-11-25,0.0,0.07025964017309103,0.08229004114984935,0.45074694499010903
2025-11-26,0.0,0.12906021724216504,0.1503879340795049,0.45273695567689637
2025-11-28,0.0,0.4434532838968708,0.4190068435593586,0.4504791771316195
2025-12-01,0.0,0.05790400628765708,0.06278226844464992,0.4512511941786568
2025-12-02,0.0,0.015992089590711155,0.01696850089707381,0.45136541438595773
2025-12-03,0.0,0.043732262219556874,0.04774735381589535,0.4465408282994617
2025-12-04,0.0,0.021218053493311302,0.02287875298468351,0.4462022681443747
2025-12-05,0.0,0.051922744996355054,0.0499846363671055,0.44092013625683474
2025-12-08,0.0,0.1036169001806255,0.10906161283997107,0.44168300042421693
2025-12-09,0.0,0.044295459933008235,0.04115172240929837,0.43306963489910083
2025-12-10,0.0,0.21429444274776865,0.20268525973586066,0.43465714062254895
2025-12-11,0.0,0.12959593388579135,0.1412035475440394,0.4347726458948048
2025-12-12,0.0,0.0875861368542586,0.08256330181239849,0.4278733874460458
2025-12-15,0.0,0.20048498380551377,0.22041161187379144,0.4280336417153212
2025-12-16,0.0,0.02969421642563081,0.027282040548064893,0.4241515402574746
2025-12-17,0.0,0.09024525391989709,0.09256100759933254,0.42730398602726377
2025-12-18,0.0,0.02723274343188725,0.028043390714801452,0.42906157323708716
2025-12-19,0.0,0.460419089640803,0.4683598083833838,0.41817136799318544
2025-12-22,0.0,0.0619132127785601,0.06256699833554495,0.4162349840715287
2025-12-23,0.0,0.004995095993320561,0.004311319798777413,0.40708806881780296
2025-12-24,0.0,0.283967845943316,0.29105022652216933,0.40402314990866356
2025-12-26,0.0,0.08269895672513511,0.0756053246827223,0.4021755362260557
2025-12-29,0.0,0.0072178844407003815,0.006481149234953029,0.40188596180142466
2025-12-30,0.0,0.017939555097876595,0.017208992080262404,0.4000939855114213
2025-12-31,0.0,0.00545883050820424,0.00613837639451809,0.4033143796713435
2026-01-02,0.0,0.013762854476591455,0.014277128963329864,0.40302686412463595
2026-01-05,0.0,0.12912907212226576,0.14658761280914434,0.40510360357983133
2026-01-06,0.0,0.06565759497898276,0.05845602351503363,0.40679180315274527
2026-01-07,0.0,0.03768121232757153,0.044236969676452756,0.40677555849077
2026-01-08,0.0,0.016030649039817352,0.017679991565177182,0.4066741389720808
2026-01-09,0.0,0.027719157137243888,0.02809990375533248,0.4064950559928418
2026-01-12,0.0,0.021567087869265054,0.024538667421406344,0.4064268385509112
2026-01-13,0.0,0.08489988946820598,0.08156588377505948,0.3993732029951299
2026-01-14,0.0,0.1825999604757806,0.18108303363093683,0.4013057477205629
2026-01-15,0.0,0.11200611465241103,0.11524567645816537,0.40081662786506733
2026-01-16,1.0,0.11937734409244365,0.11447560275440845,0.39047078945261815
2026-01-20,0.0,0.16838996493060285,0.1669400039805269,0.4142624404417682
2026-01-21,0.0,0.12414938186799605,0.11910056332217507,0.41694656273560493
2026-01-22,0.0,0.18771558935351057,0.20668507646076947,0.41642945944675114
2026-01-23,0.0,0.14527308528982408,0.12920566421726673,0.4154996402521805
2026-01-26,0.0,0.21940203339769096,0.21586163784214848,0.4161939806886091
2026-01-27,0.0,0.0369362168171686,0.03469224564196968,0.416881517534302
2026-01-28,0.0,0.11351260975525969,0.11342030771645785,0.41614378149865305
2026-01-29,0.0,0.13800947434375535,0.13226489556611604,0.4161286796310804
2026-01-30,0.0,0.39609170103799396,0.4093945257719635,0.4141984984431154
2026-02-02,0.0,0.2554352037295826,0.2398583984055895,0.4151814374210373
2026-02-03,0.0,0.0324484054661975,0.029078424661920337,0.4173642647028422
2026-02-04,0.0,0.21870222248619667,0.20661291739733725,0.41659963757148033
2026-02-05,0.0,0.3148461218148055,0.2792793975219974,0.4225112240482228
2026-02-06,0.0,0.39472566492436617,0.3735285567041171,0.439238889970405
2026-02-09,0.0,0.7396447120316708,0.7575501917177179,0.4384792892089787
2026-02-10,0.0,0.41903728500393356,0.4076862416259311,0.43876815828831595
2026-02-11,0.0,0.623388997124782,0.62835501336169,0.4386481713608696
2026-02-12,0.0,0.660134471099571,0.6664223418722878,0.4464564873234104
2026-02-13,0.0,0.29261075585361,0.28511530628880905,0.446119787778437
2026-02-17,0.0,0.16068473639241954,0.16228405855488623,0.44622884985421035
2026-02-18,0.0,0.12886882427860324,0.11531296307213633,0.4309835373178271
2026-02-19,0.0,0.5760619053540731,0.563915072550507,0.425965872595918
2026-02-20,0.0,0.5378695921554454,0.5209587120903723,0.4267539401987347
2026-02-23,0.0,0.5158352003322384,0.5042068553970444,0.43107160512618226
2026-02-24,0.0,0.06577232647352577,0.0633005550617064,0.43255240829243985
2026-02-25,0.0,0.5300355693688006,0.5538714507630537,0.4346569033885985
2026-02-26,0.0,0.5361211290175089,0.5336925581081615,0.43566485024949797
2026-02-27,0.0,0.6328310475379816,0.6370590738217501,0.4362139454837178
2026-03-02,0.0,0.29185658999935765,0.2816978222256177,0.43567333393599117
2026-03-03,0.0,0.2538332991900908,0.2380726446113934,0.43716310056886093
2026-03-04,0.0,0.666099666817161,0.6474925264633685,0.4376640462088655
2026-03-05,0.0,0.41814634673714896,0.3945844657416014,0.4378891376086455
2026-03-06,0.0,0.4444131940756106,0.3766951609765305,0.4388746113593499
2026-03-09,0.0,0.41170465907514037,0.3927582683683627,0.4251296933734378
2026-03-10,0.0,0.3894575516116098,0.33592243935776134,0.42366991035164714
2026-03-11,0.0,0.37461410674464185,0.32999259353760085,0.4234881946779044
2026-03-12,0.0,0.41647114193798457,0.40474202193429715,0.431407530054394
2026-03-13,0.0,0.6062567926086158,0.556761073532641,0.4238702596445052
2026-03-16,0.0,0.24628753829626268,0.24262715504809682,0.42932384514411287
2026-03-17,0.0,0.08490936653419882,0.08052783823411555,0.42965726983261177
2026-03-18,0.0,0.3649810056579539,0.35552889510046126,0.43381697964189453
2026-03-19,0.0,0.4967460438173294,0.4565605840443893,0.4338115259118381
2026-03-20,0.0,0.07238234562960227,0.07705005665899654,0.43677517446584263
2026-03-23,0.0,0.48469083229230375,0.420449223246739,0.44173899628283236
2026-03-24,0.0,0.3368654690285743,0.3292566066638358,0.4381545486985224
2026-03-25,0.0,0.5530382081434337,0.5493198383898875,0.43617626828190414
2026-03-26,0.0,0.9184724035730519,0.9044811845948348,0.4439958548466478
2026-03-27,0.0,0.7661702093568546,0.7059222971691039,0.4502663021845509
2026-03-30,0.0,0.6796340898634667,0.6423604313246806,0.44961350393395516
2026-03-31,0.0,0.08222381219575992,0.08877412259215912,0.4807928867876961
2026-04-01,0.0,0.14813626947445407,0.1430191749513647,0.4804756784006793
2026-04-02,0.0,0.38778714075135634,0.4231249400146255,0.4803561729485232
2026-04-06,0.0,0.2409955927044345,0.2726438016662134,0.47723560690825023
2026-04-07,0.0,0.3737555125619034,0.3804531379174764,0.47477040916728486
2026-04-08,0.0,0.27609900568221546,0.29423090882242614,0.4929227035054572
2026-04-09,0.0,0.10502664075577785,0.12535408916431912,0.4938003724988436
2026-04-10,0.0,0.4257941667552026,0.4714558230201703,0.48709435143869434
2026-04-13,0.0,0.05811814806021476,0.0665959095147793,0.4875411322214377
2026-04-14,0.0,0.01706759216114338,0.02106106088602746,0.4883386973124486
2026-04-15,0.0,0.07352154283885341,0.09384221654033421,0.48923800626738034
2026-04-16,0.0,0.05590783775377193,0.06788782891810484,0.4819546306158947
2026-04-17,0.0,0.24116993199897985,0.2808329891515685,0.4829071350478108
2026-04-20,0.0,0.2547987154199191,0.3039965133723784,0.4734384544559106
2026-04-21,0.0,0.03306338931239471,0.039954768575662755,0.4750121883119062
2026-04-22,0.0,0.19352876187541487,0.21499217378333546,0.47450779439057533
2026-04-23,0.0,0.3248055562456471,0.37735446880775175,0.4764247267569169
2026-04-24,0.0,0.1828326117730568,0.20440397790301282,0.46222198120677827
2026-04-27,0.0,0.11100251137826074,0.1281192467047773,0.4459632163862183
2026-04-28,0.0,0.031641073285722986,0.037424321139724624,0.4466779448408137
2026-04-29,0.0,0.0633499083580519,0.07369617251756967,0.42528944689127224
2026-04-30,0.0,0.12242121623430474,0.13680945915624032,0.426399151610219
2026-05-01,0.0,0.04134211151011807,0.045688595172043725,0.4259812640489699
2026-05-04,0.0,0.4244790450932804,0.4648460738355365,0.4291373425598691
2026-05-05,0.0,0.01924807770589929,0.021213735378407015,0.4291073704144812
2026-05-06,0.0,0.07587055111961061,0.07452538976786095,0.4143678099567732
2026-05-07,0.0,0.2493750310064951,0.2798789402241095,0.4170020207643834
2026-05-08,0.0,0.006672532894066932,0.008461512395945264,0.416777961474567
2026-05-11,0.0,0.07768162491636559,0.08781063650566025,0.4150821937640383
2026-05-12,0.0,0.05724566678001538,0.06733523118786902,0.41280623509618075
2026-05-13,0.0,0.19627703542320005,0.19547557485690933,0.41196269787308
2026-05-14,0.0,0.06334506669838634,0.06184635427958656,0.41301757552559937
2026-05-15,0.0,0.01764128747543702,0.020822533469158258,0.41948291955011663
2026-05-18,0.0,0.041954531225786795,0.04815650904655804,0.4189364163489615
2026-05-19,0.0,0.20010269682908496,0.21244077389074378,0.4192010525725543
2026-05-20,0.0,0.055141815179406625,0.051300634386604045,0.41946726955876845
2026-05-21,0.0,0.09971758410052997,0.0934711083735776,0.41758995409945004
2026-05-22,0.0,0.056272909509068735,0.05629405210522518,0.41611633263466896
2026-05-26,0.0,0.08531709373864868,0.08770037787008556,0.4167831824240147
2026-05-27,0.0,0.06764798661682267,0.06844622405165968,0.4143851857770819
2026-05-28,0.0,0.14540741848526226,0.15230325403657466,0.4143219738263214
2026-05-29,0.0,0.1610950232962834,0.174126204104903,0.41150803667905267
2026-06-01,0.0,0.5147496825176954,0.5343021679297064,0.4115002140218913
2026-06-02,0.0,0.05334642798176935,0.05628131671263835,0.4092618935149145
2026-06-03,0.0,0.08715116101993696,0.10947913574936406,0.4124890604630142
2026-06-04,1.0,0.12517561348845743,0.13959673253316535,0.4040007222654572
2026-06-05,0.0,0.24049799479758754,0.2799328123259176,0.43745074890545255
2026-06-08,0.0,0.1363727996807865,0.14429820755666958,0.4350892946931756
2026-06-09,0.0,0.1400118003452994,0.15037895489418227,0.43520146776364066
2026-06-10,0.0,0.5847102362444007,0.6062117139700253,0.44457228828959133
2026-06-11,0.0,0.6361803834097514,0.6715208877846863,0.4546654942592614
2026-06-12,0.0,0.3271831274759982,0.3352552714444767,0.4534663706863686
2026-06-15,0.0,0.0476048271007579,0.04833709838450127,0.4569415182691817
2026-06-16,0.0,0.019974368244645144,0.02344038555195564,0.45828866636042365
2026-06-17,0.0,0.33130035090817905,0.3521363128225549,0.46186525649858157
2026-06-18,0.0,0.8890491577635606,0.8936705465667372,0.46190113930059673
2026-06-22,0.0,0.14497211045464603,0.17126228232154792,0.4623747185108096
2026-06-23,0.0,0.04897386616004018,0.05304395288237516,0.4681528309204831
2026-06-24,0.0,0.41882009423253613,0.4148362134265201,0.466660347765426
2026-06-25,0.0,0.7634982406154769,0.8011761046444597,0.4666428979717579
2026-06-26,0.0,0.7083437229410143,0.7202121565626798,0.46515380337844425
2026-06-29,0.0,0.34367851112382847,0.3748745409983636,0.46991956537533613
2026-06-30,0.0,0.01602865598903868,0.016842854439878364,0.47183672969162194
2026-07-01,0.0,0.3997259277153735,0.4615258989591506,0.4717824697551448
2026-07-02,0.0,0.19113867113770563,0.2213821701234766,0.4704119152124642
2026-07-06,0.0,0.11188375149496745,0.12667819319627205,0.4715585001516166
2026-07-07,0.0,0.032466012014062455,0.03526020792083497,0.44906955629728035
2026-07-08,0.0,0.05012252736309142,0.05364021119389486,0.4493251578219086
2026-07-09,0.0,0.27690543802977036,0.3135371809454288,0.45079848613516965
2026-07-10,0.0,0.10130995238874008,0.09165949799897778,0.43945164526398695
2026-07-13,0.0,0.11686672506799854,0.11118732269948826,0.4327746355638571
2026-07-14,0.0,0.01845636213695527,0.01753895903604763,0.4324039778011851
2026-07-15,0.0,0.005250728196242277,0.005329593547335702,0.4217646039204019
2026-07-16,0.0,0.15547251600212336,0.1955387319284451,0.4214696397659034
2026-07-17,0.0,0.19739106877174167,0.18968011487827044,0.4193211544450648
2026-07-20,0.0,0.12415454734259623,0.1338341440642425,0.4137794905948362
2026-07-21,0.0,0.038070276007542085,0.03733012852322861,0.41699854009453163
2026-07-22,0.0,0.10905497284882452,0.11020618670349701,0.40575098248696945
2026-07-23,0.0,0.375572557251377,0.41845229756947105,0.41405368649837443
2026-07-24,0.0,0.18924135928383043,0.1789656296403701,0.4140433005457356
2026-07-27,0.0,0.3974147476164487,0.3857466299925366,0.4140081010550478
2026-07-28,0.0,0.3790154765214684,0.4001948159331381,0.40728791771777384
2026-07-29,0.0,0.67721059686281,0.6743477658659385,0.4143797689309203
2026-07-30,0.0,0.3254372738087658,0.34929505432123265,0.42807125433773785
2026-07-31,0.0,0.08279289933653353,0.08469284460875083,0.4302034877220386
2026-08-03,0.0,0.07703803664942532,0.0805361447225843,0.4367833732700742
2026-08-04,0.0,0.02345904916465497,0.025308600266729448,0.4464059198468813
2026-08-05,0.0,0.023161204369467774,0.024759815805617768,0.44608820214823014
2026-08-06,0.0,0.016669249976140527,0.020676572767079755,0.4447771981441845
2026-08-07,0.0,0.05069191600535691,0.05493329742135726,0.4453580268825578
2026-08-10,0.0,0.034307656570310055,0.03711720579307526,0.4422801985726018
2026-08-11,0.0,0.031982087064307475,0.034275314881752963,0.4428784642597716
2026-08-12,0.0,0.16606458235549598,0.20473419016564617,0.4427000205111201
