date,label,kronos_small_128,kronos_small_128_plus_chop,choppiness_fitted
2016-01-04,0.0,0.40290890461558926,0.41726911501901676,0.48035447278129395
2016-01-05,0.0,0.4728288556772376,0.4986792988423496,0.4658711163955396
2016-01-06,1.0,0.396848051673784,0.4115588531897433,0.4690876391781307
2016-01-07,0.0,0.47701513737399637,0.46348962557181245,0.48234014215824217
2016-01-08,0.0,0.5541967638694617,0.5176708611889452,0.48347689656254367
2016-01-11,0.0,0.5917826809274054,0.5471976563362491,0.4830954318706003
2016-01-12,1.0,0.6791720729780926,0.6560669262248535,0.47771401229821736
2016-01-13,0.0,0.81008017689971,0.7870997699354972,0.49074366787817014
2016-01-14,1.0,0.6694559447042151,0.6413293532364166,0.49633823552839507
2016-01-15,0.0,0.8621566308981844,0.8504678082996953,0.49566871485433134
2016-01-19,0.0,0.8351210340345852,0.8136065724591154,0.49324375907162804
2016-01-20,0.0,0.8708138385913968,0.8538233107571721,0.4895539369377898
2016-01-21,0.0,0.8759845636959976,0.8568669082157949,0.48806024877305243
2016-01-22,0.0,0.8044767105537541,0.7848042652346555,0.4994232391193587
2016-01-25,0.0,0.6719114015445894,0.6350572313401469,0.4958920056957242
2016-01-26,0.0,0.7296940041978063,0.6983246370761355,0.5046433705548166
2016-01-27,0.0,0.7933909645823073,0.7696681494554508,0.5057250404894106
2016-01-28,0.0,0.8531868777715086,0.8454677865889566,0.5024298673899638
2016-01-29,0.0,0.7958084623616144,0.7786676108426239,0.5221975950883064
2016-02-01,0.0,0.6300009606060397,0.6189384185947484,0.521278324936649
2016-02-02,0.0,0.695596877715346,0.6967120082852893,0.5235955141214834
2016-02-03,0.0,0.8342418330361413,0.8374259915915941,0.5244401652676072
2016-02-04,0.0,0.8662529423608418,0.8742885194791279,0.5219737991969642
2016-02-05,0.0,0.7508056008708096,0.7474439305642738,0.5171678991357839
2016-02-08,0.0,0.7647494963242941,0.7633970070993877,0.5188907841099881
2016-02-09,0.0,0.8310565424506706,0.8204000373725958,0.5187574286808343
2016-02-10,0.0,0.7601039046250853,0.7220750561753985,0.5165377735979525
2016-02-11,0.0,0.8589588798312299,0.851045354823572,0.5060106483248626
2016-02-12,0.0,0.7535611921888208,0.7321388873462054,0.5088116579208143
2016-02-16,0.0,0.6921000088956211,0.6689645956998935,0.5047823142608856
2016-02-17,0.0,0.5478149410754655,0.5224653519673873,0.5109206255159047
2016-02-18,0.0,0.5974768538633874,0.5946549331332429,0.5075209851254431
2016-02-19,0.0,0.6215642961493352,0.6253905112821823,0.507236566190184
2016-02-22,0.0,0.48306899110738927,0.4861441560012342,0.502402294706966
2016-02-23,0.0,0.6073985095502372,0.6147272345587635,0.49986081657870884
2016-02-24,0.0,0.6946534496450658,0.7137840697832394,0.49555697430809087
2016-02-25,0.0,0.5269615433948601,0.5557663872069588,0.49425896028104016
2016-02-26,0.0,0.5505919952854356,0.5676019360207097,0.4942015865574565
2016-02-29,0.0,0.6318819212160474,0.6525076319215459,0.4798869366483229
2016-03-01,0.0,0.4440539199242617,0.4450660154050243,0.49541184060682464
2016-03-02,0.0,0.5743994262594802,0.5825766922302724,0.4839218432926807
2016-03-03,0.0,0.5215015415936346,0.528041891647548,0.4837424441521304
2016-03-04,0.0,0.6554212087709239,0.6576182596763175,0.48376632531104125
2016-03-07,0.0,0.5909532232700587,0.5911967694051188,0.47024184289352816
2016-03-08,0.0,0.6154625992223969,0.6283239060725034,0.46726240293560767
2016-03-09,0.0,0.503623812032502,0.4838660339957328,0.4667837682804897
2016-03-10,0.0,0.7227651756818056,0.7143643713695138,0.4667019763839623
2016-03-11,0.0,0.5344809531821633,0.5485542073687488,0.46231902401113645
2016-03-14,0.0,0.38393332678685604,0.3859326403621341,0.4558212691564121
2016-03-15,0.0,0.4289257982687377,0.4142499176360938,0.4508991114156887
2016-03-16,0.0,0.4949810532476984,0.46611949070944,0.4442510223717061
2016-03-17,0.0,0.294172194910377,0.285656390980919,0.4426024277654475
2016-03-18,0.0,0.6240511047686601,0.6250717590578192,0.44223529846772
2016-03-21,0.0,0.26506462540474535,0.25288773307854856,0.43721134992685895
2016-03-22,0.0,0.1926027178317137,0.17887802387317014,0.42775633760302734
2016-03-23,0.0,0.3698007374251051,0.3554587566209355,0.4314935125866784
2016-03-24,0.0,0.34893396828074275,0.34389178809032794,0.4283973072558463
2016-03-28,0.0,0.41047859658397984,0.41765494474102355,0.4277872408867566
2016-03-29,0.0,0.269369550592572,0.26082282845631627,0.42422543366112614
2016-03-30,0.0,0.1939420661882627,0.19241016176208026,0.4011049543642322
2016-03-31,0.0,0.3056101632428226,0.3143368160277221,0.4017956461581889
2016-04-01,0.0,0.29260316851088136,0.2933675997339033,0.40279195388365563
2016-04-04,0.0,0.26823352635336006,0.260988782875169,0.40410896167935373
2016-04-05,0.0,0.4317958675423679,0.4288726922709884,0.4113285913868989
2016-04-06,0.0,0.24039819946491017,0.23607065366341334,0.40664565766381533
2016-04-07,0.0,0.4625858461775577,0.4617069651797486,0.415945210895368
2016-04-08,0.0,0.24545190584038304,0.24751878485541154,0.4159651923162288
2016-04-11,0.0,0.2905649177284455,0.2900476625268723,0.40408268981363815
2016-04-12,0.0,0.27089760909415334,0.2658216636024275,0.40824036141673725
2016-04-13,0.0,0.18495378220137254,0.1756343008619142,0.4117173683008777
2016-04-14,0.0,0.22810775857033297,0.22048758917366956,0.4109344110439241
2016-04-15,0.0,0.24833501455663767,0.24522689102744705,0.40963206415036263
2016-04-18,0.0,0.1888859980654714,0.18616665441640498,0.41063478465970105
2016-04-19,0.0,0.20242322979296792,0.18508255691845688,0.41082989424345917
2016-04-20,0.0,0.1930437988686568,0.18304213558189134,0.4106046690752103
2016-04-21,0.0,0.2933348005606997,0.2876388517498646,0.4097062038606784
2016-04-22,0.0,0.33760787206016224,0.33562254810659503,0.4096370435361046
2016-04-25,0.0,0.2256524884201061,0.22261210697116668,0.41012422464741866
2016-04-26,0.0,0.2366637219000335,0.2319971851140783,0.40692078196500614
2016-04-27,0.0,0.2423998045758744,0.2459053648243315,0.4062742847440444
2016-04-28,0.0,0.2965632016302492,0.29474009946118834,0.4111021758376538
2016-04-29,0.0,0.4728880003268864,0.4623828259736811,0.4104899404467748
2016-05-02,0.0,0.29707882436218497,0.2822930570265152,0.41299943578514137
2016-05-03,0.0,0.49143614578262956,0.47665646023875985,0.4115040317892442
2016-05-04,0.0,0.5092248334635266,0.4778649767430424,0.4075810474060346
2016-05-05,0.0,0.4643825718432622,0.43523097114958087,0.39943464109346377
2016-05-06,0.0,0.3647367772314438,0.3550922484465566,0.3995634597878907
2016-05-09,0.0,0.47061144432857915,0.46537583234901897,0.3990006889116239
2016-05-10,0.0,0.13528678527917498,0.13179742870023692,0.4025526445375216
2016-05-11,0.0,0.28600210007383253,0.2798020168965627,0.40217200483911025
2016-05-12,0.0,0.457345772713236,0.44259650934155786,0.4021548951824689
2016-05-13,0.0,0.2758202042945882,0.2704712451663876,0.40567477322014517
2016-05-16,0.0,0.16400569871858073,0.1581131133291292,0.40885244579181995
2016-05-17,0.0,0.450902928383467,0.4434591185212659,0.41176898863828515
2016-05-18,0.0,0.47190765708888566,0.4392433103023793,0.4116664780163103
2016-05-19,0.0,0.4477205025162878,0.411279135289256,0.41117069999819444
2016-05-20,0.0,0.23947052281460834,0.22552276823842202,0.4137066652230109
2016-05-23,0.0,0.3891196540523545,0.38017172168689595,0.4137349670251059
2016-05-24,0.0,0.14485237358249084,0.13802025366959683,0.4233601076004176
2016-05-25,0.0,0.12257311648282836,0.1187631640664991,0.4255596643348161
2016-05-26,0.0,0.15340630372782058,0.16330221744021753,0.4215223813392806
2016-05-27,0.0,0.2641540107320684,0.25684811607567815,0.4206495525525694
2016-05-31,0.0,0.29464209500291305,0.29898469937116334,0.4182941816151775
2016-06-01,0.0,0.24594908652692588,0.23927698291300298,0.41399859433764485
2016-06-02,0.0,0.18934895118305375,0.1811545168653014,0.41159913069392057
2016-06-03,0.0,0.2606801188856635,0.2513894462549447,0.41238534886867617
2016-06-06,0.0,0.16970546343710752,0.16426234573540588,0.41288331591905175
2016-06-07,0.0,0.15614839485588353,0.1507810347437852,0.41286855230469377
2016-06-08,0.0,0.18234164859291666,0.17843777081697323,0.40618101684555924
2016-06-09,0.0,0.21539805971161083,0.21664869502551334,0.4001352164262004
2016-06-10,0.0,0.3594242923244804,0.3462266574529912,0.4060462608068878
2016-06-13,0.0,0.1538349322351892,0.13333584775829802,0.40567791589972596
2016-06-14,0.0,0.19824021095551153,0.17980629193868125,0.4010268101538954
2016-06-15,0.0,0.17392923576676028,0.15113854613610908,0.3953969714810988
2016-06-16,0.0,0.4445109173670854,0.4010296921309125,0.3957682988545408
2016-06-17,0.0,0.42429703759590065,0.3950434632744932,0.3955253692382573
2016-06-20,0.0,0.24363998313181817,0.23492084502189425,0.39538619849531575
2016-06-21,0.0,0.1743450374706769,0.16351446900720712,0.39503651638370985
2016-06-22,0.0,0.18148333994157823,0.1699591811121543,0.38340718993355727
2016-06-23,1.0,0.11932263241770641,0.11473494495062714,0.39237298567730644
2016-06-24,0.0,0.797558870304785,0.7957529849433046,0.4516233009347346
2016-06-27,0.0,0.6032273490992139,0.5894891034883887,0.4596592443696692
2016-06-28,0.0,0.6299414963485838,0.6357648609724144,0.4722360899336267
2016-06-29,0.0,0.34117675702958294,0.337511008862392,0.48196892070891423
2016-06-30,0.0,0.2851891105175723,0.2942385522764779,0.48727611041378904
2016-07-01,0.0,0.27205097116369487,0.292926084763597,0.4871314040833805
2016-07-05,0.0,0.35638467154862236,0.3701720590741486,0.48769526210962955
2016-07-06,0.0,0.43785330691674956,0.44876542283088994,0.4885337002053064
2016-07-07,0.0,0.3533215187058394,0.3712709072050087,0.48816850593943106
2016-07-08,0.0,0.12707193169150693,0.13464369923381742,0.49455255100767814
2016-07-11,0.0,0.20781068146311918,0.21602726148474596,0.4920543284300984
2016-07-12,0.0,0.1962118278842129,0.20194330162604576,0.4903911756364143
2016-07-13,0.0,0.10192324847796677,0.10551196794177413,0.49010103393112997
2016-07-14,0.0,0.08963584717859457,0.09179778592929488,0.4899545381709251
2016-07-15,0.0,0.15841759510418263,0.15926501765959983,0.49019361795285743
2016-07-18,0.0,0.16160258434898345,0.16939383124344326,0.48936168562045734
2016-07-19,0.0,0.1480899086554673,0.15407502697257394,0.4893481220875861
2016-07-20,0.0,0.09607314603722095,0.09844121920055053,0.48947769989609247
2016-07-21,0.0,0.12460976631343322,0.13639580483424296,0.48998715353330247
2016-07-22,0.0,0.21382263495841128,0.23332025968343031,0.4863833706690862
2016-07-25,0.0,0.17505346713494574,0.17782574601217724,0.4384044689818375
2016-07-26,0.0,0.15015863242959337,0.14887988828790846,0.41814111680022853
2016-07-27,0.0,0.18954228426450612,0.19499434337767158,0.40907994352166493
2016-07-28,0.0,0.24164810843602133,0.24385294051347634,0.3973846118474969
2016-07-29,0.0,0.22874907936287528,0.2262434154421129,0.3886206020538241
2016-08-01,0.0,0.1945547795361975,0.18638294941585817,0.38923006804281973
2016-08-02,0.0,0.33365552258386605,0.3123597758749142,0.3886667122375831
2016-08-03,0.0,0.34030010389238063,0.3207132509924122,0.3878198569938862
2016-08-04,0.0,0.3743929436178999,0.36626368020163746,0.3875277767555441
2016-08-05,0.0,0.14793552614832475,0.14560975016595873,0.37639899962218615
2016-08-08,0.0,0.07205184856148708,0.06785143740563894,0.3763048523479373
2016-08-09,0.0,0.15333557535420186,0.1433549068835037,0.37283889150312655
2016-08-10,0.0,0.15312820939217153,0.14448303246775696,0.37395945040619977
2016-08-11,0.0,0.18428652704357076,0.174503065174946,0.3735199086402154
2016-08-12,0.0,0.3421415988617257,0.3324817745049093,0.37348540187815804
2016-08-15,0.0,0.17422476495724248,0.16856392826973796,0.3736443711464528
2016-08-16,0.0,0.19942649072978363,0.18855241774798315,0.37651217174681484
2016-08-17,0.0,0.24820396286813826,0.23663926143067976,0.3753128551860116
2016-08-18,0.0,0.21146361553047174,0.21768359387944683,0.3741734879216737
2016-08-19,0.0,0.32388778290337444,0.32904046016975447,0.3728199043600464
2016-08-22,0.0,0.410739712928734,0.4171721969598307,0.3718460675829507
2016-08-23,0.0,0.17516706198965037,0.17089461551023524,0.3720893338586955
2016-08-24,0.0,0.24316959312264425,0.2414024409839559,0.3747813369031464
2016-08-25,0.0,0.2757894380752925,0.2854485511485428,0.37478969207582724
2016-08-26,0.0,0.2300715023249737,0.22358881064528385,0.3747632593172265
2016-08-29,0.0,0.3758430300470736,0.3890115362567767,0.37699124325189765
2016-08-30,0.0,0.19977881414043985,0.19754213011298843,0.3733941538904979
2016-08-31,0.0,0.4395543204982246,0.42814378352576127,0.37332080350752794
2016-09-01,0.0,0.43965781904158147,0.4338775369922622,0.3733245931854874
2016-09-02,0.0,0.20308116030573325,0.2047398009021128,0.36767776372960637
2016-09-06,0.0,0.335742619067235,0.31407455039203885,0.36851252340480317
2016-09-07,0.0,0.26706620850889756,0.25843108056049285,0.36851222339159645
2016-09-08,1.0,0.39726048162713495,0.38993576007880243,0.36814800153301397
2016-09-09,0.0,0.48867529602241444,0.4572352385751591,0.40737899379356207
2016-09-12,0.0,0.4347284456714741,0.42089229355726837,0.41981869465415905
2016-09-13,0.0,0.49335185207636667,0.4827599231969978,0.4279452186532596
2016-09-14,0.0,0.5377085623683969,0.5186986134322558,0.4271989501353753
2016-09-15,0.0,0.2507528970823611,0.24928772504269034,0.4321863331644554
2016-09-16,0.0,0.5811820413793547,0.5452586522616804,0.43211587128090095
2016-09-19,0.0,0.4858560030553684,0.45017105449500733,0.4321532500616446
2016-09-20,0.0,0.3299830055420249,0.2840570893872142,0.4322154638411974
2016-09-21,0.0,0.3628461511836923,0.3264780801987037,0.4375436204506966
2016-09-22,0.0,0.31653293660630716,0.29625501880295846,0.43834758715548655
2016-09-23,0.0,0.42530480155613914,0.4045394759007329,0.4395778579381231
2016-09-26,0.0,0.4905065750796703,0.4644746966687002,0.44220759261201126
2016-09-27,0.0,0.5078739690945053,0.49512494077369484,0.4428029961139451
2016-09-28,0.0,0.4304853115498312,0.41702913066845654,0.44387947007647405
2016-09-29,0.0,0.6288563034684956,0.6258413323218237,0.4468357239166041
2016-09-30,0.0,0.582876111329055,0.600951803895951,0.44932521368074957
2016-10-03,0.0,0.5305385275224496,0.5274711802933799,0.4489542089697336
2016-10-04,0.0,0.6696883984043773,0.6513764687255666,0.4491871225550926
2016-10-05,0.0,0.5848113758451938,0.5769193530270234,0.45008510394720064
2016-10-06,0.0,0.655272696330323,0.6520136922359354,0.45001126086244
2016-10-07,0.0,0.6595158681350317,0.6312852387843125,0.42600453703878727
2016-10-10,0.0,0.5045891232701312,0.48928591663411974,0.41725734881029947
2016-10-11,0.0,0.519561617282036,0.4835556722906151,0.4139662902900626
2016-10-12,0.0,0.443033417385389,0.40053187249415534,0.41396403901996875
2016-10-13,0.0,0.6204983883099198,0.5704324366226947,0.40913879734558883
2016-10-14,0.0,0.46430099361753735,0.43199468253161266,0.4084710113041099
2016-10-17,0.0,0.57261386043258,0.5146470895216428,0.4089031444992966
2016-10-18,0.0,0.4039738695140758,0.3469373216537855,0.41099697630482035
2016-10-19,0.0,0.5886437629005455,0.5327242474930648,0.40456875410344256
2016-10-20,0.0,0.6531588412009465,0.6198337109102007,0.4016784157161674
2016-10-21,0.0,0.6571800204454984,0.6133069109039004,0.4001764448270255
2016-10-24,0.0,0.49263464609697666,0.4564844458888358,0.3973717651837377
2016-10-25,0.0,0.6566988616374373,0.6153698884736334,0.3955058705261661
2016-10-26,0.0,0.6897099034953857,0.650331364237408,0.39337671549059866
2016-10-27,0.0,0.7697860344947994,0.7370773541465779,0.3885397273974982
2016-10-28,0.0,0.7290240375099495,0.6943610812188635,0.38342271849857484
2016-10-31,0.0,0.7203097888681411,0.6847911705821977,0.3830305153374155
2016-11-01,0.0,0.7305328481278746,0.6993249192277153,0.3844450618114356
2016-11-02,0.0,0.8295892866004851,0.8053577321004572,0.3843521776283117
2016-11-03,0.0,0.8712842401209454,0.8439728089642289,0.3846554184998638
2016-11-04,0.0,0.8510547707362245,0.8150820772804929,0.3844595708523794
2016-11-07,0.0,0.5772250405223764,0.5459708215965574,0.41539902584286725
2016-11-08,0.0,0.6502174056962586,0.6120724905570933,0.4086348318632689
2016-11-09,0.0,0.7502871755710872,0.748484293309876,0.41462021297247903
2016-11-10,0.0,0.6588861523996664,0.6578621425012052,0.4139648566107311
2016-11-11,0.0,0.6570570389857948,0.6387790576045392,0.4141908099817113
2016-11-14,0.0,0.6364243845395919,0.6241072202258428,0.4134759908916271
2016-11-15,0.0,0.5091704678123982,0.501807107911256,0.41426683569418316
2016-11-16,0.0,0.47252612040485104,0.4504340926908728,0.41448316206668445
2016-11-17,0.0,0.3309979341931949,0.31233553308311635,0.4149236325864251
2016-11-18,0.0,0.4826382316957436,0.4705465588895808,0.41544494782291
2016-11-21,0.0,0.22034516574510132,0.21438850114280025,0.4168106307684284
2016-11-22,0.0,0.2949944036963038,0.2806121522097826,0.41558891308946294
2016-11-23,0.0,0.3145210986392084,0.30802360676838875,0.4150969786768876
2016-11-25,0.0,0.6689521012464299,0.6779088382038464,0.41423791042470964
2016-11-28,0.0,0.3031373779270445,0.3027103927622032,0.4155331629671352
2016-11-29,0.0,0.21047008795947658,0.21830766099432294,0.4153592203161398
2016-11-30,0.0,0.5899640781421568,0.6105315046524381,0.41256162165537286
2016-12-01,0.0,0.7209022495810824,0.7180228755036647,0.41031581167655573
2016-12-02,0.0,0.506537470103417,0.5012181255344759,0.40807895103417763
2016-12-05,0.0,0.2310073744855358,0.23161426873349208,0.40763515037348674
2016-12-06,0.0,0.23892036645871925,0.23052405052891264,0.38219755682893697
2016-12-07,0.0,0.03723132642352212,0.03465273243085,0.3909644038337673
2016-12-08,0.0,0.07971220534842016,0.07356119099579081,0.3852188379541589
2016-12-09,0.0,0.06974376000623261,0.06106573829393445,0.38637638472955355
2016-12-12,0.0,0.0632165471305577,0.05482222895882729,0.3862472239475366
2016-12-13,0.0,0.061349214897587954,0.05303875410158776,0.38716415086360095
2016-12-14,0.0,0.09681025687725295,0.08595866379471616,0.3923061051524535
2016-12-15,0.0,0.13428352318867257,0.12950819239813535,0.3918333441353572
2016-12-16,0.0,0.20394429937456424,0.18685943118449982,0.39209898414078354
2016-12-19,0.0,0.1609243504597188,0.1485241790456443,0.39096138725814583
2016-12-20,0.0,0.1494746053603356,0.13796211502516464,0.38893358992601185
2016-12-21,0.0,0.16531981356952397,0.1528572874924961,0.3900116321996175
2016-12-22,0.0,0.15604003537210778,0.14240361055714967,0.3906993852777087
2016-12-23,0.0,0.3886153498656531,0.4032082378512399,0.3901935872872748
2016-12-27,0.0,0.2233204535473773,0.2329559567387337,0.3871861772401907
2016-12-28,0.0,0.14034715829671401,0.13637588962701402,0.39358008100194963
2016-12-29,0.0,0.23998445872819785,0.2595699601184969,0.3927807751185967
2016-12-30,0.0,0.13024908080306236,0.12797318682394676,0.39355139237200354
2017-01-03,0.0,0.1225751809230472,0.12845794232215232,0.39682300519671887
2017-01-04,0.0,0.17129162202200504,0.18142276802937227,0.3967698018216972
2017-01-05,0.0,0.1547715519806641,0.16292438097450507,0.3968042359616056
2017-01-06,0.0,0.13353408605025754,0.13522038412313975,0.38733546759508314
2017-01-09,0.0,0.14466070494217806,0.13825803042020807,0.3884421228982366
2017-01-10,0.0,0.1801411502746405,0.17473547984947643,0.3862012395881951
2017-01-11,0.0,0.19484216826927575,0.20243836429643686,0.3865109982610599
2017-01-12,0.0,0.34887199177277983,0.35670826801054667,0.38390433586155465
2017-01-13,0.0,0.19376577780788415,0.19979106292807086,0.3785005710973137
2017-01-17,0.0,0.33161646286909174,0.31860329794301445,0.3783256737541072
2017-01-18,0.0,0.21251118970324542,0.21136796665502022,0.37819519493543946
2017-01-19,0.0,0.2659171658214836,0.2590894379147066,0.3791301715274104
2017-01-20,0.0,0.271913835591578,0.27936223280071754,0.3789718601305393
2017-01-23,0.0,0.3280901591451372,0.32566255806495364,0.3790730312889101
2017-01-24,0.0,0.14160520293361725,0.14693635469995345,0.3820057901985293
2017-01-25,0.0,0.11586491614094963,0.11992687457099524,0.3861935613098769
2017-01-26,0.0,0.08306866606597184,0.08342515399068864,0.3861656911403684
2017-01-27,0.0,0.1462157259499581,0.13060391364821147,0.3798355569808444
2017-01-30,0.0,0.3025687664411078,0.26683237441945745,0.3834913880122689
2017-01-31,0.0,0.4384504496867385,0.41564670424858075,0.3813866982316448
2017-02-01,0.0,0.31125087083659525,0.3165595893541034,0.3762742331474224
2017-02-02,0.0,0.5531003219002831,0.5534083203618984,0.37365139337900455
2017-02-03,0.0,0.25290478635470204,0.2623784221919746,0.37772147770775216
2017-02-06,0.0,0.2649554156657843,0.2540472836546095,0.37751508192108346
2017-02-07,0.0,0.3064625985884785,0.28682545725820663,0.3761212598939355
2017-02-08,0.0,0.4425536240311629,0.4276318379330933,0.3760956616623343
2017-02-09,0.0,0.23742200011239012,0.2502317525168573,0.3779588370609994
2017-02-10,0.0,0.17431327879941114,0.17950291410955344,0.37781209737566146
2017-02-13,0.0,0.09532768788724115,0.08251523616512117,0.3792293943364237
2017-02-14,0.0,0.09543495865736208,0.08272758698969135,0.37825480159629526
2017-02-15,0.0,0.059296632736080525,0.05130906215070851,0.3792233161895027
2017-02-16,0.0,0.10607635978772288,0.09708319803266396,0.3773574079190799
2017-02-17,0.0,0.13618351377741808,0.1319615312634446,0.3771387919997035
2017-02-21,0.0,0.07315606054982639,0.06481233341574442,0.37671747493697116
2017-02-22,0.0,0.10659859607248108,0.09845180464379531,0.3756847246921214
2017-02-23,0.0,0.08906232796520352,0.08077810341242,0.3719530680376099
2017-02-24,0.0,0.14774591280333804,0.1366427502284249,0.3714779788182849
2017-02-27,0.0,0.08722770906431139,0.08231074163224913,0.3709194942439585
2017-02-28,0.0,0.21692991799777273,0.19478155417573484,0.36658519600364825
2017-03-01,0.0,0.10316875242668287,0.09711990453321422,0.3784792317424836
2017-03-02,0.0,0.14526296866635816,0.14090536746583388,0.38359920999843156
2017-03-03,0.0,0.1360072228748996,0.1237765329161737,0.38361631777078753
2017-03-06,0.0,0.1395429009320396,0.12619892842958186,0.3835298453106052
2017-03-07,0.0,0.19179694367541156,0.16164901832938933,0.3840419568635461
2017-03-08,0.0,0.19733806680036955,0.1801123983627598,0.3850343971686347
2017-03-09,0.0,0.3311481177945575,0.30783695221156054,0.38502207969129276
2017-03-10,0.0,0.35516069921867616,0.35099955337818994,0.3838678094488022
2017-03-13,0.0,0.23618394505565482,0.21297079354686052,0.3835456880862927
2017-03-14,0.0,0.22931330594656232,0.20386275062218173,0.3836571947753262
2017-03-15,0.0,0.07744495117306023,0.07176911817931604,0.38710823081306484
2017-03-16,0.0,0.18223628422790417,0.16443294257736135,0.38630583296838483
2017-03-17,0.0,0.3848409863519301,0.35851749467100213,0.38642291365060333
2017-03-20,0.0,0.2364204432568373,0.22050038880785394,0.38682287663255477
2017-03-21,0.0,0.3498134719733924,0.31012316122812567,0.39491220107889435
2017-03-22,0.0,0.24688356012468998,0.215937504297114,0.39520677505066637
2017-03-23,0.0,0.15754858744065234,0.14245712770997418,0.39520516154381974
2017-03-24,0.0,0.33699711089885925,0.3447119461824777,0.39497993925135966
2017-03-27,0.0,0.2932092014596214,0.2872243915515619,0.3948398693490737
2017-03-28,0.0,0.22966354152187554,0.23279679483657958,0.39815583864843834
2017-03-29,0.0,0.14284036650379456,0.14754334240846953,0.38485925709461327
2017-03-30,0.0,0.1312268425140331,0.13394907030681255,0.383570826981892
2017-03-31,0.0,0.2728741715095914,0.2577560751320879,0.38379344587881653
2017-04-03,0.0,0.4003640196430777,0.40546021032729157,0.3832679915788398
2017-04-04,0.0,0.2635073032991538,0.2643982627605369,0.3827672937152828
2017-04-05,0.0,0.30490363955775207,0.3189647129095179,0.38306643770222076
2017-04-06,0.0,0.22473612146443359,0.22313655867375992,0.38333693611654956
2017-04-07,0.0,0.18454404246557984,0.18533542448066062,0.3823949430649032
2017-04-10,0.0,0.1913185795408053,0.17944185223894352,0.38243905338295625
2017-04-11,0.0,0.15795212279773918,0.1487086522485107,0.38178579945774715
2017-04-12,0.0,0.17376156930633072,0.1700227828751781,0.3759586150494631
2017-04-13,0.0,0.12111773835198901,0.11759575915575127,0.37887825492312843
2017-04-17,0.0,0.0737161752109921,0.07883828748123752,0.3859330790210212
2017-04-18,0.0,0.0833701384858136,0.08339526830480064,0.3861743890093609
2017-04-19,0.0,0.18395126647462626,0.17882000985148358,0.37447587144843175
2017-04-20,0.0,0.11884094322591993,0.12421825986751617,0.37915316548793593
2017-04-21,0.0,0.1471950283892353,0.14734038372643343,0.3798639455045344
2017-04-24,0.0,0.18794926927846517,0.1802513571476243,0.3881717341628808
2017-04-25,0.0,0.10318795880147885,0.09525126776716396,0.3898831798904775
2017-04-26,0.0,0.1968614781955246,0.19238029376073532,0.3870546397131762
2017-04-27,0.0,0.1981235794159158,0.2023266927726582,0.38703806567851445
2017-04-28,0.0,0.20056534519305408,0.19892908462626782,0.38700962719308046
2017-05-01,0.0,0.13135962519843425,0.12033979485980449,0.38659565787789835
2017-05-02,0.0,0.2458359735103987,0.23434541768821399,0.3862433803746338
2017-05-03,0.0,0.3228973940010123,0.31952333266181443,0.3865129455769118
2017-05-04,0.0,0.3583306206618633,0.3656686732008427,0.3854754336220699
2017-05-05,0.0,0.2529809094900032,0.2392547806576642,0.3861727610243133
2017-05-08,0.0,0.2240229468416367,0.2157430298884897,0.3860059131448114
2017-05-09,0.0,0.27592787983895806,0.2686998150225859,0.38627362326575965
2017-05-10,0.0,0.3522709186356896,0.3423579255820767,0.385870799313321
2017-05-11,0.0,0.37962100029805096,0.37509034303754785,0.3849207911426613
2017-05-12,0.0,0.29415179747010384,0.29113705752334507,0.38045530035236486
2017-05-15,0.0,0.21110591762452305,0.1954959544627738,0.376905990598482
2017-05-16,0.0,0.24149294196901022,0.21680250757003885,0.37573464075473245
2017-05-17,0.0,0.38363740997306517,0.35665141081400636,0.40102110554519627
2017-05-18,0.0,0.2501600921899443,0.21803809292366716,0.3985474491407747
2017-05-19,0.0,0.22623133886081967,0.2255440831183167,0.4002079735655403
2017-05-22,0.0,0.10694064879640447,0.10873037450925606,0.39496821996174875
2017-05-23,0.0,0.122842874547265,0.11110639234546987,0.39294381793581945
2017-05-24,0.0,0.1796746331930692,0.16512990219180884,0.3932236499781009
2017-05-25,0.0,0.1354652819445238,0.13638569728505612,0.3942612972970526
2017-05-26,0.0,0.365787837811719,0.36640823541496537,0.3938499153582138
2017-05-30,0.0,0.22497951888883086,0.2093644786184315,0.3939782880606956
2017-05-31,0.0,0.30165371113786793,0.2949241858144178,0.3940038809926076
2017-06-01,0.0,0.19158019213745325,0.19480574120021624,0.3968189886500993
2017-06-02,0.0,0.11721694430209162,0.11743014773771465,0.3972814179279212
2017-06-05,0.0,0.14326910969354453,0.13633549717179472,0.39693138152475715
2017-06-06,0.0,0.20018138481225944,0.1848601883641758,0.3976602486456299
2017-06-07,0.0,0.163073757730384,0.15397623836748775,0.39752251348891
2017-06-08,0.0,0.19152592345981279,0.1918899084510943,0.39752718549437965
2017-06-09,0.0,0.2773178974891984,0.2846672833797892,0.3971534162939337
2017-06-12,0.0,0.4954830023970331,0.4974613955211637,0.39702667230067323
2017-06-13,0.0,0.12797949447844256,0.12378441427313981,0.39689926601457715
2017-06-14,0.0,0.23037901718586734,0.2212141232981443,0.39696248091607034
2017-06-15,0.0,0.283320516452905,0.25281044629873584,0.3684448124251039
2017-06-16,0.0,0.34212941281051695,0.3095764756660739,0.36808944071222066
2017-06-19,0.0,0.08448070732520668,0.0752474373287024,0.3701046832067114
2017-06-20,0.0,0.1752671374056085,0.1560173281826168,0.374600201466614
2017-06-21,0.0,0.29958976561680184,0.27848299472196897,0.37469295553762033
2017-06-22,0.0,0.37359649513686627,0.35592897101451265,0.37452259137221433
2017-06-23,0.0,0.3762332739514747,0.3671199412569181,0.3732062271464343
2017-06-26,0.0,0.23243251402101173,0.2225832942343933,0.3732060565293588
2017-06-27,0.0,0.30808649978822994,0.2812619913847391,0.379249570048913
2017-06-28,0.0,0.27969505168906766,0.26313680465561645,0.38484091868065606
2017-06-29,0.0,0.3477342520452483,0.3436262505383568,0.38656136899049365
2017-06-30,0.0,0.22738310932325895,0.21666655308616517,0.385635898463496
2017-07-03,0.0,0.49239768440434656,0.4993855976912732,0.38603987774563486
2017-07-05,0.0,0.17710467988988737,0.16914872675919945,0.3856424158043062
2017-07-06,0.0,0.2922713915207391,0.28217692679081224,0.39139578210202824
2017-07-07,0.0,0.16745609798141314,0.17375188554337,0.3943730505291494
2017-07-10,0.0,0.15211058116467885,0.14807073195908246,0.39441178115790837
2017-07-11,0.0,0.1391063710457723,0.14035434216445677,0.3943911798221081
2017-07-12,0.0,0.14626886845032752,0.1466708428943934,0.3965026442974417
2017-07-13,0.0,0.13417058096193715,0.13367058311690097,0.39660927159905096
2017-07-14,0.0,0.26356851375269763,0.2727083788186096,0.3973261019281102
2017-07-17,0.0,0.10714158107279081,0.10564423854479461,0.3973444768391318
2017-07-18,0.0,0.03663854866726231,0.03417169514254033,0.3932490623609417
2017-07-19,0.0,0.03418549713016154,0.031371223025259194,0.3914369360865404
2017-07-20,0.0,0.0702474094686497,0.0713390377324644,0.39137052141740836
2017-07-21,0.0,0.07028474700554894,0.06687492381103133,0.39135622676779047
2017-07-24,0.0,0.0651462841921743,0.0600612289089584,0.3915246345765436
2017-07-25,0.0,0.1038592794824682,0.09358451457625715,0.3918414936152724
2017-07-26,0.0,0.1328697260013678,0.13188616716062704,0.3860767245370391
2017-07-27,0.0,0.20206308835399253,0.19606743044843003,0.3816305708810635
2017-07-28,0.0,0.24528458334449402,0.2328298979334731,0.37432688270083025
2017-07-31,0.0,0.2784635260469188,0.26158317749868887,0.37458497351575915
2017-08-01,0.0,0.18706956537849703,0.18607671528252134,0.3746208755517041
2017-08-02,0.0,0.18965494119939097,0.18644401743604755,0.3746163908224065
2017-08-03,0.0,0.28144851657387127,0.26795549570588184,0.36439176362713155
2017-08-04,0.0,0.2611405860531477,0.2637981776345636,0.36105003285665843
2017-08-07,0.0,0.20551978769279847,0.20071282947520602,0.36109004135901146
2017-08-08,0.0,0.21316304649521597,0.21272715888895802,0.36220214997449207
2017-08-09,0.0,0.28626337362068194,0.26634405196155553,0.35657346216518016
2017-08-10,0.0,0.3477117108280997,0.31449376788516403,0.3794848915454604
2017-08-11,0.0,0.1883139321547332,0.17822115064963834,0.3776130382335233
2017-08-14,0.0,0.15407770583112235,0.15555759028844757,0.38583800013342046
2017-08-15,0.0,0.12895653502375168,0.1280389257288764,0.3858491666011079
2017-08-16,0.0,0.13172450096418276,0.13375996855391903,0.38381643491455236
2017-08-17,0.0,0.35538172067909435,0.3514748978563694,0.39898706979763504
2017-08-18,0.0,0.24803942943913204,0.22417654819945246,0.39902171751417487
2017-08-21,0.0,0.3064726842191925,0.2913259172409907,0.3992756838427266
2017-08-22,0.0,0.210560890024079,0.20892809661919753,0.4050884906830016
2017-08-23,0.0,0.21778570712791992,0.20920059744558656,0.4055123561290089
2017-08-24,0.0,0.2604823379549516,0.25833615475046867,0.4056143871373815
2017-08-25,0.0,0.4665785486762633,0.47501856492458244,0.40588874277318027
2017-08-28,0.0,0.365457238106012,0.36767611984115817,0.40594600151059057
2017-08-29,0.0,0.28775175323448343,0.28813793201210325,0.40555135783013385
2017-08-30,0.0,0.27725167298017234,0.29981392536705986,0.40694495573261374
2017-08-31,0.0,0.13163033452489373,0.13476411952063747,0.40863236202177466
2017-09-01,0.0,0.21868161295733812,0.23072738616948238,0.40865177770835115
2017-09-05,0.0,0.4166199955673282,0.40182615459774756,0.41132479324305155
2017-09-06,0.0,0.23204192152704467,0.21516625936684092,0.41170999857187013
2017-09-07,0.0,0.29110035296858255,0.28405264973719757,0.4117079552447166
2017-09-08,0.0,0.3278181256251034,0.322921565816854,0.3998951522098682
2017-09-11,0.0,0.09282408207524656,0.08562697026462711,0.40579985342527014
2017-09-12,0.0,0.08515741882193409,0.08406321307542115,0.401270901355491
2017-09-13,0.0,0.09643934922422939,0.0953260960934746,0.40119139690334804
2017-09-14,0.0,0.09979564498687488,0.09773223015226735,0.4013323843768574
2017-09-15,0.0,0.16853507875747434,0.1619366847386723,0.38326905229968533
2017-09-18,0.0,0.11907629760404935,0.10635215454255338,0.38239050382368367
2017-09-19,0.0,0.10752711239003339,0.09973428639791374,0.38239431566404347
2017-09-20,0.0,0.13651279590208415,0.12669132269072172,0.37629664378887345
2017-09-21,0.0,0.10362320503677547,0.09551453740339501,0.37597800269678233
2017-09-22,0.0,0.21834400204698978,0.2132201178849124,0.3750290480705661
2017-09-25,0.0,0.3303537399355659,0.3112805838027099,0.37605704998047906
2017-09-26,0.0,0.1874957270694901,0.18155070572744192,0.37611637361910993
2017-09-27,0.0,0.15256718226863983,0.1560445843218785,0.37686775922642013
2017-09-28,0.0,0.16350422809051662,0.16793871827819176,0.3758026658289669
2017-09-29,0.0,0.1486620866742841,0.14939766149359862,0.37444617310802275
2017-10-02,0.0,0.0836484169143047,0.07776902369088666,0.3751110099717466
2017-10-03,0.0,0.06297221563390383,0.056350808415361865,0.36741946281084215
2017-10-04,0.0,0.07080745525890353,0.06270407778845383,0.3671343477853659
2017-10-05,0.0,0.07303648415980687,0.066130046585647,0.3685662234073659
2017-10-06,0.0,0.12362198150048988,0.10877645624327341,0.3682989069210413
2017-10-09,0.0,0.2860369667906455,0.2612526249013645,0.3588772722933045
2017-10-10,0.0,0.07964267994793994,0.06902904371797944,0.358361866699097
2017-10-11,0.0,0.05465401903140037,0.0465865105484951,0.358415259663033
2017-10-12,0.0,0.08853226026759733,0.0850412729419341,0.35883285371716117
2017-10-13,0.0,0.175031088322397,0.1804653971959398,0.35875407100367207
2017-10-16,0.0,0.0868659344101525,0.07211232061218283,0.35879951784633246
2017-10-17,0.0,0.08228424233020136,0.06787598199194284,0.358819665072472
2017-10-18,0.0,0.1295082949917541,0.11383894180589954,0.3588087557331556
2017-10-19,0.0,0.13246973148563035,0.11926057509617666,0.35632717836275274
2017-10-20,0.0,0.18361958042941498,0.17390022276758912,0.3583911955538282
2017-10-23,0.0,0.10322147354724204,0.09209338309381945,0.36056225277360004
2017-10-24,0.0,0.12377480520241504,0.11405015497405893,0.3603363140217101
2017-10-25,0.0,0.24642634612045602,0.21900409647397115,0.36367501628737464
2017-10-26,0.0,0.15864986793859964,0.15975409849415936,0.3636789083939358
2017-10-27,0.0,0.22228707173424436,0.2305598613449726,0.36840408604725433
2017-10-30,0.0,0.14791122330953402,0.1452439572764482,0.3694384204711149
2017-10-31,0.0,0.16362452247006726,0.1529124487214029,0.36925686673697466
2017-11-01,0.0,0.15498120344959784,0.15048457458285,0.3693006550816874
2017-11-02,0.0,0.25027029474545937,0.24355297056277175,0.36667916117258914
2017-11-03,0.0,0.20315569725235647,0.19631356610626227,0.3670132490404156
2017-11-06,0.0,0.15560121701694388,0.14426002340487595,0.366262015256573
2017-11-07,0.0,0.14618932327402756,0.13553778240179343,0.36613667971247066
2017-11-08,0.0,0.17538233166141154,0.16076816969432858,0.36606759362360847
2017-11-09,0.0,0.26888588559021537,0.2510558724477125,0.36764548970844146
2017-11-10,0.0,0.2969369389047568,0.2721838555520477,0.36788560478335264
2017-11-13,0.0,0.1499543404408944,0.13935462317850597,0.3677507713230576
2017-11-14,0.0,0.301942986482434,0.2859757255515299,0.36856548286107915
2017-11-15,0.0,0.37014793457344636,0.32890030246093743,0.37190068153415845
2017-11-16,0.0,0.14803994235019985,0.1552411633127143,0.3776588182484323
2017-11-17,0.0,0.3111106321684482,0.30358934862996884,0.3763388067018202
2017-11-20,0.0,0.10014883661985931,0.09398736095048332,0.37486806163753855
2017-11-21,0.0,0.14336032819496092,0.139189859224387,0.3780181609567653
2017-11-22,0.0,0.20713912943857282,0.20138884076916394,0.3756913171391048
2017-11-24,0.0,0.6275379086866613,0.6235925689340364,0.37581285475314263
2017-11-27,0.0,0.06681403162827677,0.0627694762160008,0.37062596112970386
2017-11-28,0.0,0.076488637496841,0.07695838644029175,0.3769816899749277
2017-11-29,0.0,0.10419805072016075,0.10049857693847197,0.3771490267565779
2017-11-30,0.0,0.1636065191386577,0.16686167403703991,0.381282471974099
2017-12-01,0.0,0.15453155481447384,0.1576581634966222,0.3820525146709457
2017-12-04,0.0,0.11463426820657932,0.11196303241215252,0.3821032582738037
2017-12-05,0.0,0.15813624220158393,0.14528506798899174,0.3837504670320696
2017-12-06,0.0,0.23132113204205756,0.2157031085348308,0.38374009009022125
2017-12-07,0.0,0.12486649371541182,0.12702173831711452,0.38406046769486313
2017-12-08,0.0,0.10471825008732603,0.10196555012678138,0.38380023487242987
2017-12-11,0.0,0.0804016633674939,0.07574142962676253,0.38365046208330034
2017-12-12,0.0,0.0981468182442064,0.09114543637303402,0.38362956103096657
2017-12-13,0.0,0.09840889453357957,0.0915937591266426,0.38278538715428734
2017-12-14,0.0,0.12655851722873138,0.11814411635894614,0.3812968300509966
2017-12-15,0.0,0.1929927499040093,0.18530603145206154,0.3821517639697511
2017-12-18,0.0,0.1329630455301629,0.12450523858863054,0.38144501543194015
2017-12-19,0.0,0.09374579543590299,0.08110585207552148,0.38356388115569906
2017-12-20,0.0,0.14271671156307747,0.13891404565470192,0.38224765706678354
2017-12-21,0.0,0.09867447496314094,0.09184399263446112,0.38182204819103877
2017-12-22,0.0,0.5256061751083144,0.5248895320855634,0.38214334856551113
2017-12-26,0.0,0.5149544931118689,0.5072487776499396,0.3823825849176794
2017-12-27,0.0,0.30001110926683916,0.31866665406966194,0.37627168732019656
2017-12-28,0.0,0.24926693897345392,0.26584419998375036,0.3761241984903798
2017-12-29,0.0,0.08887093662328979,0.08372137176627915,0.37449063024934054
2018-01-02,0.0,0.07627831312902675,0.06718231438374504,0.3788304743741113
2018-01-03,0.0,0.0824507526624048,0.07114877687412989,0.3806518520179608
2018-01-04,0.0,0.09950112538250973,0.08503887714726927,0.37880609036979784
2018-01-05,0.0,0.13235111563882032,0.11626116953986146,0.3805940142751099
2018-01-08,0.0,0.07355810396552369,0.06042189506780226,0.3805527773545024
2018-01-09,0.0,0.10134562687417466,0.08327009502527816,0.3795536617483042
2018-01-10,0.0,0.10883184713475465,0.09367861658714419,0.3800559856707285
2018-01-11,0.0,0.07492945134085084,0.06733705544705894,0.38227952076371635
2018-01-12,0.0,0.1074839846473723,0.10117263612768977,0.3834573010118691
2018-01-16,0.0,0.13424489284891652,0.12125646964776876,0.3829403075860396
2018-01-17,0.0,0.12562578903703822,0.12179489005817441,0.383411836825914
2018-01-18,0.0,0.1025584785435887,0.08974048493267821,0.38371112851090144
2018-01-19,0.0,0.1018616247484088,0.09442516664642943,0.3818150430733762
2018-01-22,0.0,0.0580503063810541,0.05642781777920179,0.3832698074775543
2018-01-23,0.0,0.07982161181680793,0.06893840977824053,0.38324851657577985
2018-01-24,0.0,0.11080240155712101,0.09144363826375972,0.3833009523408434
2018-01-25,0.0,0.08939822231892766,0.0794903999685426,0.3825026071634631
2018-01-26,0.0,0.08682771441731707,0.08682742806932256,0.38773603828490216
2018-01-29,0.0,0.07599765127349103,0.06432936763304044,0.3943756279977006
2018-01-30,0.0,0.24620266674946498,0.19529262304722825,0.4020547316221073
2018-01-31,0.0,0.2865467594268188,0.25847231616794125,0.4003312629922761
2018-02-01,1.0,0.2745456444000644,0.25839324632303906,0.39972624519604166
2018-02-02,1.0,0.6121765064778402,0.6017592997520108,0.42560792282888127
2018-02-05,0.0,0.5527143468578081,0.6264481240459958,0.4819800651205647
2018-02-06,0.0,0.36306777782757826,0.4081162693790472,0.4917339227921841
2018-02-07,1.0,0.4259937435731874,0.4665874174668979,0.4920141381460898
2018-02-08,0.0,0.3097667402614595,0.3671722622472544,0.5236811062461965
2018-02-09,0.0,0.47919663892790304,0.5574586717203607,0.5286823360942754
2018-02-12,0.0,0.5568843131255622,0.6080695806135369,0.532781679513089
2018-02-13,0.0,0.5980401790106676,0.6272614539607279,0.5332331612711766
2018-02-14,0.0,0.34590771219760846,0.40005955720708236,0.5355583515920612
2018-02-15,0.0,0.2711652646675263,0.3228979392332114,0.5394936597737305
2018-02-16,0.0,0.4143737811802654,0.4700615375206826,0.5388810199110604
2018-02-20,0.0,0.3745683363036156,0.3962864882196265,0.537236104423135
2018-02-21,0.0,0.41129795304616457,0.4226125641831826,0.5370672273940484
2018-02-22,0.0,0.37654974343493475,0.38892741269941616,0.537235277534112
2018-02-23,0.0,0.3228685495145406,0.3661269416815707,0.5439446214925209
2018-02-26,0.0,0.2134933005136683,0.22508685729057012,0.5438976769557134
2018-02-27,0.0,0.44441545260334225,0.47788395461053124,0.5459032057397296
2018-02-28,0.0,0.6879872557700084,0.7225889135084902,0.5459781608052274
2018-03-01,0.0,0.6336637947422662,0.6615759555630996,0.5483958059318808
2018-03-02,0.0,0.5407715597530253,0.5977583662204187,0.5494675297433574
2018-03-05,0.0,0.22130231232477515,0.2214786754918442,0.5445954548432103
2018-03-06,0.0,0.35315298944100704,0.35725497937901957,0.5050951117700102
2018-03-07,0.0,0.40033167758329574,0.39384527285661985,0.49818858929556825
2018-03-08,0.0,0.31130307764901394,0.3268638468942098,0.4975956253604201
2018-03-09,0.0,0.23163901131875128,0.23299162887859595,0.4555472258473947
2018-03-12,0.0,0.18497840606163696,0.17871772776654016,0.4516755987187442
2018-03-13,0.0,0.30322854182957876,0.27980160918240393,0.44989241140505337
2018-03-14,0.0,0.3373368452298991,0.3278529067350329,0.45195897738094976
2018-03-15,0.0,0.38864893055060135,0.37428326465535766,0.4467158779978365
2018-03-16,0.0,0.648539224859961,0.6398748283282477,0.4417828150749026
2018-03-19,0.0,0.39642195985202394,0.38370521615984765,0.44948001805159754
2018-03-20,0.0,0.2033508709165475,0.18489577145696073,0.4483711042979654
2018-03-21,1.0,0.3993507239323768,0.386036742453288,0.4473333435400515
2018-03-22,1.0,0.22315558714530342,0.23097994496502178,0.46841552533405606
2018-03-23,0.0,0.0937332662060507,0.08780288516610607,0.469536316701658
2018-03-26,0.0,0.34954296642790955,0.37219433380686817,0.48974010248954264
2018-03-27,0.0,0.41286915250206196,0.4407895256214272,0.4929697870828896
2018-03-28,0.0,0.49331663190207975,0.532186531552923,0.49078172789983504
2018-03-29,1.0,0.4192319974212724,0.4426608558545622,0.49305392336385356
2018-04-02,0.0,0.5104917423251716,0.5214282687470816,0.5037648101653074
2018-04-03,0.0,0.6974273425683468,0.7446827391065309,0.5048880427759516
2018-04-04,0.0,0.3367424489326363,0.37421474639728003,0.5088732807681593
2018-04-05,1.0,0.4658117274266775,0.5028448211648636,0.5105146133739918
2018-04-06,0.0,0.4583181997397932,0.49391663338228753,0.5194610511635703
2018-04-09,0.0,0.41817016837720816,0.46846304535083777,0.5105053837090933
2018-04-10,0.0,0.42422276423231636,0.4325755845004685,0.5195936274196985
2018-04-11,0.0,0.4054353995154527,0.4525557995646425,0.5194444290689985
2018-04-12,0.0,0.3328411586151491,0.36010492660323384,0.5214803480071272
2018-04-13,0.0,0.5854921095564489,0.6242720707912371,0.5215108254763774
2018-04-16,0.0,0.40111337435915373,0.40776319331923655,0.5234034800000008
2018-04-17,0.0,0.32503591423674244,0.35767784696294774,0.5220872467308175
2018-04-18,0.0,0.3869956411680833,0.42858312869193976,0.5220510802496339
2018-04-19,0.0,0.5984187970768674,0.6556657585852382,0.5227116070488672
2018-04-20,0.0,0.5423221341914831,0.5927857311494648,0.509019114260503
2018-04-23,0.0,0.4168013493995116,0.4458159367919045,0.49636785077213014
2018-04-24,0.0,0.5580369194137795,0.5919871534911562,0.48209387780450796
2018-04-25,0.0,0.7522517730730263,0.7830066686329109,0.4730700257545398
2018-04-26,0.0,0.6008260725338201,0.6143908755302849,0.4754240538422971
2018-04-27,0.0,0.6522463500253664,0.6649021165522877,0.4702812188888871
2018-04-30,0.0,0.6421582474952237,0.6653842328575161,0.45495288303903886
2018-05-01,0.0,0.7258640939433944,0.7340507229385214,0.4502384896193636
2018-05-02,0.0,0.6602240752431408,0.6748722667497173,0.4476868994993889
2018-05-03,0.0,0.7097153515862709,0.7186152182127579,0.44586397496959274
2018-05-04,0.0,0.5250792733082196,0.5354177950736646,0.4324404278197195
2018-05-07,0.0,0.5964434406216913,0.5727740298956149,0.4324634888308163
2018-05-08,0.0,0.727667240937373,0.7245226650385849,0.4210958213691662
2018-05-09,0.0,0.6212514642512493,0.6028695748335484,0.42307096665929295
2018-05-10,0.0,0.43284223077639067,0.4256316555956013,0.42386671507055285
2018-05-11,0.0,0.4308345867544252,0.43846046914480474,0.4230933499979795
2018-05-14,0.0,0.3286917921768732,0.3177451496166825,0.42084859574384154
2018-05-15,0.0,0.5064785332777801,0.4986181316038983,0.4185801350683454
2018-05-16,0.0,0.3687820426086708,0.3549758015592504,0.41928004965763616
2018-05-17,0.0,0.5068427195113995,0.4866594883304131,0.41753776411350474
2018-05-18,0.0,0.5364357896639191,0.5188656612483119,0.413855135346408
2018-05-21,0.0,0.2506803177273368,0.24821734600608894,0.4158626446385118
2018-05-22,0.0,0.43667719188461235,0.4070316891871708,0.40538097043424326
2018-05-23,0.0,0.4211288468308651,0.38995964466801747,0.40550944225030516
2018-05-24,0.0,0.5466766959799019,0.5372286468822242,0.40157475435505635
2018-05-25,0.0,0.6251778334239348,0.5925572169668232,0.40225771782775555
2018-05-29,0.0,0.5388976283382118,0.5373835946168523,0.4063898240400392
2018-05-30,0.0,0.3587311285289795,0.35060774682887114,0.41347585534744025
2018-05-31,0.0,0.6814977248495363,0.6811849968858531,0.4131967433296354
2018-06-01,0.0,0.4726860537925365,0.455549009857005,0.4166821312244075
2018-06-04,0.0,0.4308761892507277,0.40818168537941635,0.41084947639212355
2018-06-05,0.0,0.51409279721453,0.4786345991810749,0.4106794719753532
2018-06-06,0.0,0.3869737686696854,0.3567402038255649,0.4129814517987362
2018-06-07,0.0,0.3827280776433342,0.34910972103315935,0.4098548509932433
2018-06-08,0.0,0.35012211181701813,0.34044029137870274,0.4064260790861431
2018-06-11,0.0,0.25863072617851407,0.23137234157748732,0.4063999511627073
2018-06-12,0.0,0.36539635833238854,0.32695561372830284,0.4064274697183457
2018-06-13,0.0,0.3602555583860005,0.3191512083506469,0.4043573172413319
2018-06-14,0.0,0.35172652082066636,0.3043319862242747,0.4039737207489338
2018-06-15,0.0,0.7271116884003632,0.7141104175174273,0.4040112766056744
2018-06-18,0.0,0.5380001588205602,0.5024769156719457,0.403809327874874
2018-06-19,0.0,0.4637486338891171,0.4217708665269304,0.4027019519112545
2018-06-20,0.0,0.3160807910779204,0.29085022108882924,0.4019175019831401
2018-06-21,0.0,0.49357569160127107,0.4846281876277303,0.4042503796818916
2018-06-22,0.0,0.7003373277605012,0.6695951916198561,0.4040313062679438
2018-06-25,0.0,0.4620377076150791,0.46058987774088045,0.4141249770519353
2018-06-26,0.0,0.44286431753631067,0.38620158843019986,0.4069013826620281
2018-06-27,0.0,0.41593329667988527,0.4062654049675386,0.40219894718335275
2018-06-28,0.0,0.7045099106349804,0.6805889911602574,0.4018271301631141
2018-06-29,0.0,0.5565366874722507,0.5284177390153325,0.3945736357906571
2018-07-02,0.0,0.6301260188654388,0.5989383234145327,0.39382064035269104
2018-07-03,0.0,0.5309697545288645,0.4917602948315502,0.3950131164983771
2018-07-05,0.0,0.46725689199915527,0.4205913432585788,0.3950765696509938
2018-07-06,0.0,0.5251059276835832,0.49599694842540826,0.3999788525654268
2018-07-09,0.0,0.212016429187303,0.20103200022616607,0.4039879922231405
2018-07-10,0.0,0.1578112413986456,0.1567869674725354,0.40456307622844967
2018-07-11,0.0,0.28294049562637347,0.2718869511853748,0.40720859841901064
2018-07-12,0.0,0.20491547724593034,0.2090679470639319,0.41031348272033896
2018-07-13,0.0,0.5832153950363528,0.6015080314236434,0.41010921672253353
2018-07-16,0.0,0.2366305691543925,0.24165621201322532,0.4101108308429988
2018-07-17,0.0,0.1931296011254042,0.19711934045682328,0.41037932713159925
2018-07-18,0.0,0.19075523537572603,0.20126928313486941,0.4092290104386795
2018-07-19,0.0,0.3084339892938374,0.30816533659579065,0.41040448176678485
2018-07-20,0.0,0.48610602012070125,0.4944375009182509,0.4078155075390788
2018-07-23,0.0,0.46193500124104986,0.4824792521897794,0.4078131802324054
2018-07-24,0.0,0.3194590744905934,0.32384939350420244,0.3949442152290937
2018-07-25,0.0,0.16728143746095028,0.1800579436020926,0.39807406133701134
2018-07-26,0.0,0.2179324943640933,0.2240655201121383,0.3922139849136105
2018-07-27,0.0,0.39306485922910883,0.36572956640152854,0.3961608110190539
2018-07-30,0.0,0.5162242379560175,0.5234159656213583,0.39954693512272993
2018-07-31,0.0,0.3197287009299936,0.31426529767667943,0.40007006918322036
2018-08-01,0.0,0.5952653501722985,0.6050469070874017,0.3978201145318511
2018-08-02,0.0,0.5498358936671187,0.5586192556165814,0.39547840039708926
2018-08-03,0.0,0.2562762420199518,0.2617312499145939,0.3929720638646581
2018-08-06,0.0,0.17555017990777577,0.16207311334890623,0.3894730027930019
2018-08-07,0.0,0.14798599808765422,0.1372067534623841,0.38929307221573156
2018-08-08,0.0,0.1660854270576518,0.15304472812305803,0.38429763765411773
2018-08-09,0.0,0.10067946872134163,0.09522840564130104,0.3804178891800604
2018-08-10,0.0,0.28461255405984154,0.27053530511331925,0.3852863536958792
2018-08-13,0.0,0.19134241808601032,0.1707279591723278,0.38661892762192934
2018-08-14,0.0,0.27200288843496817,0.27364319065668213,0.3882581158828196
2018-08-15,0.0,0.4462103379916838,0.42621487756892357,0.39233843894072534
2018-08-16,0.0,0.2508324769032633,0.26143560091009727,0.39487499817108146
2018-08-17,0.0,0.2310923728838948,0.23688778920229478,0.39510956610359543
2018-08-20,0.0,0.35120981897789855,0.35246746723228495,0.3952043623634105
2018-08-21,0.0,0.17822697253732409,0.17622159156669476,0.39429457006785606
2018-08-22,0.0,0.28603822105209115,0.2878309363710629,0.389388894176535
2018-08-23,0.0,0.18732656339505646,0.18647490469672598,0.3888828995697001
2018-08-24,0.0,0.33180306067996723,0.3308681124994163,0.3873233655973899
2018-08-27,0.0,0.11091742901522066,0.10635805965613065,0.38660100117081553
2018-08-28,0.0,0.2102221328145846,0.19770242970368526,0.38590036348037
2018-08-29,0.0,0.1360093088288722,0.12644539360161347,0.3866257582694023
2018-08-30,0.0,0.16708584375089844,0.1548930284219817,0.38836575426608294
2018-08-31,0.0,0.16302635394063708,0.14514982230959123,0.3875897211133675
2018-09-04,0.0,0.1439472692522333,0.14137330265444303,0.38759286703855894
2018-09-05,0.0,0.17275323905134382,0.17578314097589384,0.388130333670327
2018-09-06,0.0,0.30105986907654214,0.2876072674155198,0.3892864048650682
2018-09-07,0.0,0.42337712136479916,0.43237252563455114,0.3895213916069357
2018-09-10,0.0,0.4885584115865558,0.48419755691892596,0.3854051298860492
2018-09-11,0.0,0.23391243200794676,0.23204592001376345,0.38411146115302996
2018-09-12,0.0,0.18728936759416295,0.19023461544380443,0.38189155640398204
2018-09-13,0.0,0.17953243546066103,0.184159078353172,0.37684910946243405
2018-09-14,0.0,0.18276365446906423,0.18943383764240992,0.37296496504825727
2018-09-17,0.0,0.23071664137569378,0.21070661481249725,0.37627721133945385
2018-09-18,0.0,0.1395903184340045,0.13673661769243553,0.37789181993296433
2018-09-19,0.0,0.2137502841917769,0.19856657422112947,0.37777211995980914
2018-09-20,0.0,0.11308420217510122,0.11042551874520044,0.38150395783960495
2018-09-21,0.0,0.232609899563625,0.2101907493280906,0.3810222978996492
2018-09-24,0.0,0.38197146636845664,0.35397020075885416,0.3805178872787168
2018-09-25,0.0,0.37295404652342246,0.3414455510990801,0.37651594099351476
2018-09-26,0.0,0.456446456694179,0.43714199029561385,0.37760462623114444
2018-09-27,0.0,0.2667388506494059,0.2727798062796662,0.37544961073117816
2018-09-28,0.0,0.31732793017617855,0.31240231053391676,0.3735460945874846
2018-10-01,0.0,0.148590523949109,0.14611280893945644,0.3745727379432172
2018-10-02,0.0,0.19361279391868608,0.18343830768648692,0.37423385471188325
2018-10-03,0.0,0.326342727512221,0.3253095164518752,0.37318027195291037
2018-10-04,0.0,0.4523858917900539,0.4195021315626364,0.37839611166533244
2018-10-05,0.0,0.41825199702700194,0.38577020753649127,0.3807123975881465
2018-10-08,0.0,0.47581320061670884,0.4443880259966391,0.3805032692890505
2018-10-09,1.0,0.5134808225305909,0.494321699300495,0.3795209438502433
2018-10-10,1.0,0.451447337122022,0.46930871003474706,0.4353222598071157
2018-10-11,0.0,0.48612593102553503,0.4950795038379461,0.4459618375459389
2018-10-12,0.0,0.5412684700488849,0.5441271264544042,0.4560564730548592
2018-10-15,0.0,0.5763454299874543,0.5569445468404023,0.4561350212640368
2018-10-16,0.0,0.35623335790485217,0.3465597579398695,0.47255116541889874
2018-10-17,0.0,0.5880167752668162,0.572980707002932,0.4723508329133465
2018-10-18,0.0,0.4901804219872503,0.48114530592599564,0.4738080843797096
2018-10-19,0.0,0.7286374666433351,0.7327185840139462,0.47380918469310274
2018-10-22,0.0,0.6130728748316632,0.6035215091766306,0.47386307066081157
2018-10-23,1.0,0.6990044679779402,0.6851858438889863,0.47398968419168325
2018-10-24,0.0,0.795921403752369,0.7875822594804673,0.4952928531646241
2018-10-25,0.0,0.6016459298496589,0.5956873070462907,0.5075116229564133
2018-10-26,0.0,0.8663783630423907,0.8616617396615354,0.5115196089765235
2018-10-29,0.0,0.8694621957512849,0.8688712234291825,0.509857596239995
2018-10-30,0.0,0.7118868071303618,0.7210111505653629,0.5194186943449048
2018-10-31,0.0,0.7959440979963871,0.7968784830194431,0.5240377630971883
2018-11-01,0.0,0.7262518022753036,0.7491527600849869,0.5278222735575774
2018-11-02,0.0,0.8082017102072514,0.82953373561674,0.5279354763605655
2018-11-05,0.0,0.8577173287824444,0.8761362447200516,0.5293552448122455
2018-11-06,0.0,0.7699828771360053,0.7756421944516262,0.5309786369299601
2018-11-07,0.0,0.3988583593329164,0.4202801231201632,0.5182887176047876
2018-11-08,0.0,0.5918073979039139,0.6191739031827185,0.5070892466091443
2018-11-09,0.0,0.5082100535278893,0.537419149845055,0.5052025342834255
2018-11-12,0.0,0.5686320776279987,0.6095262217542041,0.5140379287352701
2018-11-13,0.0,0.6626002670684179,0.6766730532378914,0.5013319757801199
2018-11-14,0.0,0.7474167345055408,0.7455073869631632,0.5021836692325987
2018-11-15,0.0,0.5657649701764424,0.593261995942934,0.501324482084597
2018-11-16,0.0,0.665977025803305,0.6691053372641479,0.5015253022587542
2018-11-19,0.0,0.5067475903728079,0.49059270850853215,0.5076706943901792
2018-11-20,0.0,0.7907980535295559,0.7855750154785711,0.5142086205296377
2018-11-21,0.0,0.6760811204606414,0.6345108239936201,0.4912528000627713
2018-11-23,0.0,0.8210084044496975,0.7638966191398522,0.4815937086066129
2018-11-26,0.0,0.6567289218664504,0.5854405263474715,0.48078104476993816
2018-11-27,0.0,0.784361104850179,0.7496303747704627,0.4794743015514504
2018-11-28,0.0,0.5270767573978906,0.5359679557320111,0.4872697832234827
2018-11-29,0.0,0.5315411292901501,0.5208489092263799,0.4846821874766545
2018-11-30,0.0,0.6190176234635324,0.5726895670659882,0.4834524611794528
2018-12-03,1.0,0.5248939701515037,0.5548683152175321,0.484906670171196
2018-12-04,0.0,0.571386132261702,0.5797161084503504,0.5126129210456595
2018-12-06,1.0,0.8035355155790389,0.8104197484026193,0.5113942055662002
2018-12-07,0.0,0.8776224838692949,0.8663575269217417,0.509053041818589
2018-12-10,0.0,0.8308607989006577,0.8089800467582835,0.50964018564194
2018-12-11,0.0,0.735342982484724,0.7155755868097247,0.508757745193738
2018-12-12,0.0,0.7574798733962835,0.7586697493437637,0.5020639980881719
2018-12-13,0.0,0.8779816935244236,0.863790481686911,0.5020933166897886
2018-12-14,1.0,0.9004069939036065,0.887950653448645,0.5090452832688066
2018-12-17,0.0,0.8204514924656744,0.8173760239455683,0.5129137099179366
2018-12-18,0.0,0.8774155772183156,0.8640522419886656,0.512429923957242
2018-12-19,0.0,0.8848918773100068,0.8737919317674666,0.5116566116763437
2018-12-20,1.0,0.8642638007928307,0.8656799897016727,0.5100499320937507
2018-12-21,1.0,0.8875056484936378,0.8854881742228456,0.515702058667299
2018-12-24,0.0,0.9293757086850964,0.9412903040722114,0.5271169952065824
2018-12-26,0.0,0.880546475521202,0.8893751162847072,0.5779662886219128
2018-12-27,0.0,0.9219869179274441,0.9244214812514147,0.5797696854306418
2018-12-28,0.0,0.8069406839074782,0.8046921820968371,0.5665272388219171
2018-12-31,0.0,0.6980991333473865,0.7152070478289453,0.5695741033190234
2019-01-02,1.0,0.8176527833480514,0.8179980711533542,0.5672297081589274
2019-01-03,0.0,0.8718517642344406,0.8811693440045317,0.5691377940038729
2019-01-04,0.0,0.88706605791698,0.8931923901907377,0.5827502004566466
2019-01-07,0.0,0.8340732239366071,0.8451844529201772,0.5843947498820127
2019-01-08,0.0,0.8339748338564836,0.8418238282139242,0.5785782047489855
2019-01-09,0.0,0.8674902704050017,0.8787220573016398,0.5788948891539268
2019-01-10,0.0,0.8471869024605183,0.8621804255740476,0.5793770051599082
2019-01-11,0.0,0.8533396411499763,0.8718944984367248,0.5787134536064799
2019-01-14,0.0,0.8747081572492055,0.8948766035236844,0.5790237324554647
2019-01-15,0.0,0.8318814929401799,0.8483690948911867,0.5749711164510202
2019-01-16,0.0,0.8567783994609384,0.865209245374965,0.5663202311510915
2019-01-17,0.0,0.6911780894048166,0.7113228069041758,0.5669214211195817
2019-01-18,0.0,0.6340785687088857,0.6532845188638123,0.5629070293694971
2019-01-22,0.0,0.7559382042258097,0.7909079294495075,0.5617736042807286
2019-01-23,0.0,0.6179940464298954,0.6487470468342695,0.5499195280955016
2019-01-24,0.0,0.6791541409024087,0.7065842158158687,0.5277477458993092
2019-01-25,0.0,0.6608520199855369,0.6643974217447607,0.47602897842384806
2019-01-28,0.0,0.7787510921304419,0.7981339178689713,0.47914531378029307
2019-01-29,0.0,0.6821295330788932,0.6918679456474631,0.47920225699725316
2019-01-30,0.0,0.5830813128829714,0.603826142596605,0.48286023534527045
2019-01-31,0.0,0.6186234609874159,0.6274856845759463,0.4834239114546125
2019-02-01,0.0,0.7433745326955713,0.7613050891179767,0.45677642527648044
2019-02-04,0.0,0.6261333224770987,0.6325026313684057,0.4211123339377634
2019-02-05,0.0,0.5696223240775703,0.5772487957062465,0.4206307108562258
2019-02-06,0.0,0.6961024077153871,0.7046976415307281,0.42012659558803417
2019-02-07,0.0,0.5803806213613365,0.5837139535803322,0.4266805627585337
2019-02-08,0.0,0.6341950205849813,0.6457324634313095,0.4265521844669202
2019-02-11,0.0,0.6588487558531486,0.6565334037114389,0.42640928989960236
2019-02-12,0.0,0.40302527236224833,0.40814748351427754,0.42832932178719685
2019-02-13,0.0,0.5201758830444226,0.5182877691245887,0.42559558678438586
2019-02-14,0.0,0.6584528232166855,0.6635639778052544,0.4268132932550859
2019-02-15,0.0,0.43518990251946166,0.4640075186221687,0.4287607628289238
2019-02-19,0.0,0.5018748242634276,0.50023995479201,0.4234959338412431
2019-02-20,0.0,0.41307161262826253,0.40884850914955695,0.4099484164167337
2019-02-21,0.0,0.5166467781794262,0.5304641853194864,0.41196203575412227
2019-02-22,0.0,0.2738060655091849,0.28807998663910217,0.4126023401709578
2019-02-25,0.0,0.34646502751885727,0.35565566185544656,0.41090132358566184
2019-02-26,0.0,0.45693038989232987,0.4411812007990646,0.40560402834177034
2019-02-27,0.0,0.4506626363922959,0.4435579717003588,0.4052147022066546
2019-02-28,0.0,0.48714344230843754,0.4858251600198246,0.39648966582427303
2019-03-01,0.0,0.35666182681810005,0.3572554996258231,0.39521616769639817
2019-03-04,0.0,0.46725311246085516,0.4621418337240886,0.39714936244819415
2019-03-05,0.0,0.39080513146886675,0.3667794368834203,0.39571620879787434
2019-03-06,0.0,0.47571826322451255,0.46008094168084557,0.3982694995697931
2019-03-07,0.0,0.34863797663981694,0.3334067300955902,0.4022662822109569
2019-03-08,0.0,0.34715440617841337,0.3500703064209969,0.39679806009811014
2019-03-11,0.0,0.30602657733168653,0.3018418629276222,0.4076285571013807
2019-03-12,0.0,0.1863585175125968,0.19339926286378298,0.4077222918361408
2019-03-13,0.0,0.2833529404295974,0.2675764628607594,0.4019746693670451
2019-03-14,0.0,0.31841178422236716,0.31804516687826523,0.4019894490498224
2019-03-15,0.0,0.6497619243869591,0.6398671044542938,0.40195600141691595
2019-03-18,0.0,0.41760337491457883,0.40750607215351475,0.39666833433864873
2019-03-19,0.0,0.3029020493471056,0.28469149495191076,0.3967321335780553
2019-03-20,0.0,0.4274215399932771,0.41971752693524206,0.39756998490010687
2019-03-21,0.0,0.29362281718754196,0.2806391858457152,0.4020488856873304
2019-03-22,0.0,0.37322682451450584,0.3802154132988924,0.4208489521602599
2019-03-25,0.0,0.3575017606635643,0.3518559041060458,0.4208333344592079
2019-03-26,0.0,0.19667159073657572,0.19548876087942163,0.4230194117625885
2019-03-27,0.0,0.17077427154027247,0.17300188542368508,0.424134217979286
2019-03-28,0.0,0.2647579237695483,0.2916144195677717,0.4241125500946887
2019-03-29,0.0,0.286798959415414,0.2837993690373769,0.4240205456595211
2019-04-01,0.0,0.209056520175216,0.207951606679609,0.4280275132209773
2019-04-02,0.0,0.19595103511571685,0.2009685764574162,0.4278318738190166
2019-04-03,0.0,0.29365801659268975,0.28206784142004765,0.4248755447726977
2019-04-04,0.0,0.38996553977119,0.41144216841125886,0.42002110860697484
2019-04-05,0.0,0.22618884298376907,0.23050914524762953,0.4192034094388767
2019-04-08,0.0,0.20303765041822533,0.20850086210925423,0.41169458219001487
2019-04-09,0.0,0.1645635540318013,0.16840165880643,0.41477582286137005
2019-04-10,0.0,0.1531130435236767,0.15696619968869593,0.41345541336620617
2019-04-11,0.0,0.18189965400814567,0.19613316771950304,0.4132871204051926
2019-04-12,0.0,0.17390442889374322,0.18813926782852547,0.41400491528221633
2019-04-15,0.0,0.15087638956123817,0.15097530459464956,0.41394235052038125
2019-04-16,0.0,0.1630999985700805,0.1655090756051603,0.4138698295139432
2019-04-17,0.0,0.18916167733500805,0.20008134052448784,0.41360028351519645
2019-04-18,0.0,0.2811860506142716,0.2898049302066009,0.4086450351062805
2019-04-22,0.0,0.33809392111599185,0.34245825232536586,0.3820644283288087
2019-04-23,0.0,0.20289897637612905,0.2102811494468943,0.384865085195647
2019-04-24,0.0,0.26206261741613485,0.2657832889841259,0.3843579257165017
2019-04-25,0.0,0.2534598216614108,0.2655381929463022,0.38133650566963656
2019-04-26,0.0,0.10712424958670264,0.10570931417078135,0.38168631985669227
2019-04-29,0.0,0.10722354011029483,0.09957349278916662,0.37996604299797604
2019-04-30,0.0,0.2725435753021502,0.26913914192983057,0.3710901019427453
2019-05-01,0.0,0.26944720495805546,0.2629842248358221,0.37790083733892965
2019-05-02,0.0,0.43942418538235256,0.43234390877369955,0.3785307988635282
2019-05-03,0.0,0.13964391735010365,0.13970359330425308,0.3844683895410404
2019-05-06,0.0,0.3063920378614178,0.29464678152136087,0.3856152056350198
2019-05-07,0.0,0.35415359146288783,0.3229793737847167,0.4037595337422504
2019-05-08,0.0,0.32738988511919204,0.3079036082094268,0.4018136325454107
2019-05-09,0.0,0.3745858316534825,0.3619268289008845,0.40154313455784674
2019-05-10,1.0,0.3387836361961461,0.34019696293346313,0.4024381268806857
2019-05-13,0.0,0.32765895540899237,0.310385141780257,0.4268999171776131
2019-05-14,0.0,0.09567310052849032,0.08500369999780799,0.4307720386910712
2019-05-15,0.0,0.17340840495982182,0.15998074216225155,0.43270222503790673
2019-05-16,0.0,0.14356231336467196,0.14278049534860604,0.43639145449617006
2019-05-17,0.0,0.20764596826765894,0.20056238642868118,0.437333910079847
2019-05-20,0.0,0.26534192278979235,0.26090981532086305,0.43853684722350483
2019-05-21,0.0,0.1701377276628824,0.16526291653792866,0.4382641402499381
2019-05-22,0.0,0.16948634600122472,0.16625248447808075,0.4383319681915736
2019-05-23,0.0,0.3489790538846374,0.3335249756646943,0.44258522100140435
2019-05-24,0.0,0.3285055497704172,0.35730759519702676,0.4413181094291109
2019-05-28,0.0,0.48009178309602113,0.4781439441553743,0.44241069557430923
2019-05-29,0.0,0.3718993597333077,0.3716982759237254,0.4426403002347085
2019-05-30,0.0,0.19710122111715445,0.18692558302043802,0.4425353047123446
2019-05-31,0.0,0.477585083755274,0.46071617171215096,0.44681492233845227
2019-06-03,0.0,0.6350121162279294,0.6264708982298283,0.44049166331214673
2019-06-04,0.0,0.32923144509545577,0.31986000158261535,0.4617972381765705
2019-06-05,0.0,0.29168644060872395,0.29680168097028714,0.45743428824481763
2019-06-06,0.0,0.22936612184687383,0.23084768573679715,0.459054131913623
2019-06-07,0.0,0.23020352669341818,0.23457242170425227,0.46269105720973347
2019-06-10,0.0,0.1888849773743621,0.17541578618367334,0.4629461094158071
2019-06-11,0.0,0.2905466521631614,0.26624858770002435,0.4406462452899322
2019-06-12,0.0,0.3756234565570614,0.35840318153659406,0.439123416232014
2019-06-13,0.0,0.2811824449351182,0.262332800888008,0.43853999933811416
2019-06-14,0.0,0.29264194401886107,0.2875610433995058,0.4358416890533594
2019-06-17,0.0,0.34858889743612614,0.3454332767543379,0.4342507123764221
2019-06-18,0.0,0.1808605848509298,0.16307069010281525,0.43495644021436947
2019-06-19,0.0,0.20450673358177654,0.19091915406448465,0.43288456500655365
2019-06-20,0.0,0.16883553533388315,0.1614826541790115,0.43485071276840087
2019-06-21,0.0,0.2698971259537383,0.25482945498253456,0.4270099942803121
2019-06-24,0.0,0.371357075124663,0.3550217995518776,0.4276572579454624
2019-06-25,0.0,0.40820415870063614,0.3897646949071551,0.428742992614232
2019-06-26,0.0,0.4314714089630383,0.4125342458081183,0.4255854331222531
2019-06-27,0.0,0.2353792147736818,0.22695547518064954,0.4256775594195698
2019-06-28,0.0,0.4681555556553828,0.4580196700945815,0.4137039028275822
2019-07-01,0.0,0.26583599650811546,0.2469076625097691,0.4124542506457739
2019-07-02,0.0,0.08514701916570862,0.07558777476992161,0.39372429471991577
2019-07-03,0.0,0.5434888300891026,0.553478398105176,0.393404201700244
2019-07-05,0.0,0.3134400014392072,0.30915853804623905,0.39399627917442726
2019-07-08,0.0,0.047028081619615046,0.04262413562845117,0.3926200716696255
2019-07-09,0.0,0.10498187608508852,0.10121302457973541,0.39203958504747694
2019-07-10,0.0,0.1228773466481415,0.11986419259649896,0.39227602038588866
2019-07-11,0.0,0.1366998347466423,0.13248717773710184,0.39121076035864577
2019-07-12,0.0,0.09959841089940225,0.09222431957457719,0.391373624956416
2019-07-15,0.0,0.08461775028402659,0.07576977946512134,0.3906791560138078
2019-07-16,0.0,0.1105811176809147,0.10476101351554006,0.39261443601684537
2019-07-17,0.0,0.1726693245406025,0.1604110877536522,0.3925173197461417
2019-07-18,0.0,0.1706421684086888,0.16639218599377822,0.39268660540419525
2019-07-19,0.0,0.30713367263037256,0.30092417021820994,0.3908541353727401
2019-07-22,0.0,0.22599709280224278,0.22691426014128346,0.3910180110315606
2019-07-23,0.0,0.18259127580076137,0.18277917949432038,0.39303723925541395
2019-07-24,0.0,0.1663484557141119,0.17378196842774415,0.3855063593307056
2019-07-25,0.0,0.20043332695287427,0.19858248400628734,0.3883720804416774
2019-07-26,0.0,0.11026903490088506,0.10912900216765946,0.3903635161443872
2019-07-29,0.0,0.1539523509601546,0.1490879636584693,0.3898053580619264
2019-07-30,0.0,0.18836401352856924,0.1804540055336386,0.38768233938565844
2019-07-31,0.0,0.5446698815600224,0.5377119923979765,0.3959969579384113
2019-08-01,0.0,0.5441144777248543,0.5403507614277248,0.3968038564593639
2019-08-02,1.0,0.4398609660185001,0.4281064552580395,0.39931146630108477
2019-08-05,0.0,0.17439323740149304,0.17190047380165951,0.4373557673707516
2019-08-06,0.0,0.42352245106382713,0.42426438215784934,0.44570744768883946
2019-08-07,0.0,0.6230764351509943,0.5918575001798672,0.4444647781163724
2019-08-08,0.0,0.33752672078749557,0.3399990534160559,0.4586878373442351
2019-08-09,0.0,0.49405532241098754,0.5055895803803654,0.45847579600187577
2019-08-12,0.0,0.4868555916557021,0.480024141295658,0.4620428127913591
2019-08-13,1.0,0.38480039716190956,0.37647892526408927,0.4711698662365767
2019-08-14,0.0,0.48039653269298493,0.4833992903620378,0.4927057740164773
2019-08-15,0.0,0.5124335051300546,0.5249438930622061,0.4923704009265566
2019-08-16,0.0,0.4675595536400983,0.4544562531185228,0.4991222504661873
2019-08-19,0.0,0.3069812362058714,0.2923024059099529,0.5033312048491816
2019-08-20,0.0,0.5794669367923259,0.5654991752834085,0.502728084327933
2019-08-21,0.0,0.33765769392195377,0.33687044554472906,0.5042149135910609
2019-08-22,1.0,0.45062343598327625,0.450307184650703,0.5038487279773828
2019-08-23,0.0,0.48345695783623416,0.47568923914316563,0.5157994469964134
2019-08-26,0.0,0.32179850241389024,0.3178337635348915,0.5202040243549091
2019-08-27,0.0,0.4685845620653894,0.4568479430073224,0.5202206941367057
2019-08-28,0.0,0.42000339353901284,0.4186187860701909,0.5200031204373083
2019-08-29,0.0,0.3437699194822919,0.35140105502291347,0.5228273516923705
2019-08-30,0.0,0.4456655761734987,0.45141173320746875,0.5216663876209998
2019-09-03,0.0,0.6707566888229693,0.6755896909562217,0.5001588921427995
2019-09-04,0.0,0.3729344509843294,0.3755321574802909,0.49891163791786197
2019-09-05,0.0,0.2398805180201825,0.2676705111596491,0.5024775097667213
2019-09-06,0.0,0.30894673674181633,0.3260697733701467,0.4942698653453531
2019-09-09,0.0,0.3963295689499974,0.40012867347247205,0.4927378325246028
2019-09-10,0.0,0.4884371563306489,0.4947348127241147,0.48750186142986995
2019-09-11,0.0,0.2828412840774313,0.288838945377697,0.4831075723424724
2019-09-12,0.0,0.17180830824769533,0.18515874134312724,0.45116369764432906
2019-09-13,0.0,0.21348483145556926,0.219876404714024,0.45162285053677464
2019-09-16,0.0,0.4309616877511052,0.40637924090428346,0.4473520784830775
2019-09-17,0.0,0.3436408371896974,0.3257518783106015,0.4432393635487553
2019-09-18,0.0,0.42636557265525227,0.38649932740512905,0.43973512563031186
2019-09-19,0.0,0.36075553977555636,0.3558911352935044,0.4380862678500641
2019-09-20,0.0,0.5846963898574595,0.5596654825821906,0.4394988683382274
2019-09-23,0.0,0.4976240967397541,0.4793480357474643,0.40334159263672764
2019-09-24,0.0,0.580387535169154,0.5537465125945279,0.4049534733423149
2019-09-25,0.0,0.5824077098448451,0.5641582627868291,0.4046531786190807
2019-09-26,0.0,0.4494599817767116,0.4229702183201033,0.4043608278633003
2019-09-27,0.0,0.625661656354723,0.597852107596014,0.39887583675642607
2019-09-30,0.0,0.4786510652222068,0.45420780983152087,0.3999899938600286
2019-10-01,0.0,0.3661477551902075,0.3470924280402089,0.40636523925207024
2019-10-02,0.0,0.2768907014362162,0.27355900138800937,0.41660783492870695
2019-10-03,0.0,0.45883627136435196,0.44389624850630766,0.4107238398411978
2019-10-04,0.0,0.3825840300314544,0.3620789844807081,0.4217067306133518
2019-10-07,0.0,0.4334621852150206,0.3891390782195144,0.42242387805144427
2019-10-08,0.0,0.4709044931802157,0.45668851851341186,0.4317189920505155
2019-10-09,0.0,0.40453478857675074,0.38941735638114233,0.43323606380953983
2019-10-10,0.0,0.5630281351625217,0.524739983923508,0.434978182251953
2019-10-11,0.0,0.3463908370653679,0.3129578183258056,0.4406184563496764
2019-10-14,0.0,0.5851702413207069,0.5814438754172543,0.44038078701391975
2019-10-15,0.0,0.299083706568776,0.2760727250592184,0.44415966993227785
2019-10-16,0.0,0.4244456416694925,0.4074912487946885,0.4442748140456303
2019-10-17,0.0,0.20933524381894872,0.2073807872184912,0.4446039496525697
2019-10-18,0.0,0.38096904390930675,0.37466827318689605,0.4442810406558073
2019-10-21,0.0,0.17446516004055526,0.16536318556543111,0.44601605680908757
2019-10-22,0.0,0.3479853378431988,0.34093384284544903,0.44364888506086986
2019-10-23,0.0,0.3842772785015209,0.3779010422606958,0.44261076954710066
2019-10-24,0.0,0.29486671281568233,0.29672505270353056,0.4423644669737844
2019-10-25,0.0,0.32450328580001003,0.320345745578673,0.44130825210519375
2019-10-28,0.0,0.17764452775151016,0.18364566205470012,0.4414860859577725
2019-10-29,0.0,0.19620683501091157,0.1924681131479036,0.4341835477178247
2019-10-30,0.0,0.1830182154221835,0.19338029451519742,0.41594688531064217
2019-10-31,0.0,0.3811944166321618,0.38768575348205614,0.4159019819998057
2019-11-01,0.0,0.17313859890511227,0.18423579158240863,0.4113039141173539
2019-11-04,0.0,0.1525797986845637,0.1483642888213849,0.4091162291121247
2019-11-05,0.0,0.19760019684375568,0.1793039803530588,0.38984293828721284
2019-11-06,0.0,0.3933030130795668,0.37181304407743127,0.3873939044401673
2019-11-07,0.0,0.17295854945095018,0.17370275842343352,0.3863034881812061
2019-11-08,0.0,0.16979249689613177,0.1626408045715584,0.3804549339778317
2019-11-11,0.0,0.21826785553465133,0.20475992466896806,0.3808013689677305
2019-11-12,0.0,0.15289100012297546,0.14361599337373954,0.37509476042848106
2019-11-13,0.0,0.20282594294131331,0.19359667391236113,0.3739465905760876
2019-11-14,0.0,0.2191054245664561,0.21177131979957392,0.37390152526387443
2019-11-15,0.0,0.11060731681901709,0.10548015906129893,0.37383923473143044
2019-11-18,0.0,0.10096812494228896,0.09547563963195688,0.37184325324084455
2019-11-19,0.0,0.1075368064292791,0.09879368459127356,0.3694217710618192
2019-11-20,0.0,0.23844500184961537,0.21986936207977267,0.37248990792519504
2019-11-21,0.0,0.19434756563071542,0.1927817014392652,0.37345870472262493
2019-11-22,0.0,0.19241981117977913,0.19024222259639623,0.37286834212562064
2019-11-25,0.0,0.07628872299896032,0.07407954081631415,0.37469243010167363
2019-11-26,0.0,0.09622666504669951,0.08512185265815578,0.3741739499433644
2019-11-27,0.0,0.11361998717468189,0.10754497525773615,0.3745155976786466
2019-11-29,0.0,0.5485557986572236,0.5394451760406948,0.37545719446667836
2019-12-02,0.0,0.12298351520125132,0.11581761179706739,0.37774310099116865
2019-12-03,0.0,0.23743376791325566,0.213985609549775,0.3811473971120467
2019-12-04,0.0,0.1749225707194462,0.17922397500486809,0.38367074817903735
2019-12-05,0.0,0.2753143396489204,0.28212237931116685,0.38372680851323787
2019-12-06,0.0,0.08855714557829052,0.09479447634308566,0.3885602941638158
2019-12-09,0.0,0.08708853511132465,0.08585860486441067,0.38948273264935496
2019-12-10,0.0,0.16162930609336143,0.14673248341809145,0.3892095813399456
2019-12-11,0.0,0.09347589685219317,0.10246736736562838,0.3894846623148116
2019-12-12,0.0,0.0824917165615854,0.0819879787921407,0.39336765924720163
2019-12-13,0.0,0.09733229038870668,0.1055349576806845,0.3934411140196351
2019-12-16,0.0,0.08658208842488463,0.07996177101423206,0.392987185178757
2019-12-17,0.0,0.09367766907951426,0.08666940076875083,0.3930030760948788
2019-12-18,0.0,0.12237042665576545,0.11000336344611669,0.392968097921774
2019-12-19,0.0,0.18996684691548194,0.17894480823418427,0.3918795105768152
2019-12-20,0.0,0.1742634399678928,0.16480890964267036,0.3918531703131926
2019-12-23,0.0,0.1159673882110353,0.10724070050853672,0.39190979138710935
2019-12-24,0.0,0.44391881300094216,0.44047564236021847,0.3897571763696989
2019-12-26,0.0,0.19264358885888785,0.19889014599389104,0.3906356444756291
2019-12-27,0.0,0.18264600208182233,0.17325497580396193,0.3902718718337878
2019-12-30,0.0,0.07071468616576991,0.0672399126353414,0.3917742448414489
2019-12-31,0.0,0.062495652708151515,0.05792184054317505,0.3844794098155135
2020-01-02,0.0,0.07434226648412688,0.06974635821390607,0.3812901960448364
2020-01-03,0.0,0.15865422970816925,0.14606369963445717,0.38670166133563894
2020-01-06,0.0,0.15158254946910757,0.14635637220037523,0.3868593981914263
2020-01-07,0.0,0.15310891151358752,0.14210771340895928,0.3843172811689291
2020-01-08,0.0,0.10585251765582628,0.09793200772943562,0.38336066579736283
2020-01-09,0.0,0.11902205718394376,0.11387854507419945,0.38424551114072364
2020-01-10,0.0,0.05497857473218688,0.0512310232568676,0.3860297877445482
2020-01-13,0.0,0.08457381256031213,0.07355714316403934,0.38462311806915517
2020-01-14,0.0,0.1325800101234782,0.12308749444278229,0.3852320360102821
2020-01-15,0.0,0.14725813725970466,0.14199485064439626,0.38292379721533465
2020-01-16,0.0,0.07880159182892955,0.07109783454302579,0.38613227527294386
2020-01-17,0.0,0.12973576517206725,0.12205876657999748,0.3859330622066069
2020-01-21,0.0,0.10891582795789387,0.09347560309730253,0.38703434608961984
2020-01-22,0.0,0.11745798835016005,0.10830045269975777,0.38638493586482964
2020-01-23,0.0,0.11438034231151273,0.10684869611941712,0.3863626638268477
2020-01-24,0.0,0.23208882183100515,0.20770677807262639,0.39367710946613893
2020-01-27,0.0,0.3130270746577456,0.2767362540244463,0.40828044601778957
2020-01-28,0.0,0.27695339221351045,0.2714023407430615,0.41325842777956884
2020-01-29,0.0,0.3386688672562723,0.34421603267973316,0.41121038567171986
2020-01-30,0.0,0.25352027543013234,0.2667064076172732,0.4112540488015134
2020-01-31,0.0,0.6669341300734943,0.6659963365099532,0.4236243072985458
2020-02-03,0.0,0.5766963957185973,0.5806062236302985,0.42390275323721777
2020-02-04,0.0,0.22842569770691476,0.2219563293409914,0.4326891291303313
2020-02-05,0.0,0.1485900457613269,0.1522029738711801,0.43626190930876196
2020-02-06,0.0,0.1843707908518251,0.18894911520443966,0.435921167610129
2020-02-07,0.0,0.22715798483786595,0.21902986105546726,0.4364260648440922
2020-02-10,0.0,0.13803723368544854,0.12981676293759375,0.4373748896929135
2020-02-11,0.0,0.13147335614106315,0.12136314563539029,0.436029577805888
2020-02-12,0.0,0.0918228981779637,0.08687269951785084,0.43680793480987784
2020-02-13,0.0,0.16999723582951917,0.1666657301340619,0.437170582939656
2020-02-14,0.0,0.15643068320566966,0.15627231798769023,0.43505101252380696
2020-02-18,0.0,0.18275132167914426,0.16444190207247633,0.43524084992620166
2020-02-19,0.0,0.17911275397218532,0.17338903704637962,0.4353641121870989
2020-02-20,0.0,0.26660244356443064,0.26849208946362096,0.43626456477272535
2020-02-21,1.0,0.44275828049540034,0.4579190148499149,0.4411272347298935
2020-02-24,1.0,0.6279935507941539,0.6470170646689393,0.47622714232922997
2020-02-25,0.0,0.23398968087415348,0.25938928878189865,0.4943591561192639
2020-02-26,1.0,0.4195090131186978,0.4591822431949203,0.4903774078009117
2020-02-27,0.0,0.6492863068884641,0.6626247613351074,0.5312708952218966
2020-02-28,0.0,0.9045198583119091,0.9164265798982917,0.5300896760926587
2020-03-02,1.0,0.7666889881565065,0.7972206047557185,0.5753707538620306
2020-03-03,0.0,0.7085845397777476,0.747483997709379,0.5848042414644782
2020-03-04,1.0,0.5018979562455099,0.5481208348059387,0.6126278604777299
2020-03-05,0.0,0.44199942450845564,0.49370222359671934,0.6230961406951357
2020-03-06,1.0,0.7703618920598395,0.800488459826276,0.6241066251839137
2020-03-09,0.0,0.8499370875488049,0.8828973596485308,0.6828494461544707
2020-03-10,1.0,0.8587285462879382,0.8784887458834851,0.7138983444531599
2020-03-11,1.0,0.9233057198395009,0.9394238105880639,0.7278203580285039
2020-03-12,0.0,0.8073524034027748,0.8720803109715846,0.7772878150885646
2020-03-13,1.0,0.8611840587665981,0.9035501150596528,0.8360140165102682
2020-03-16,0.0,0.7656553795336265,0.8717935639789482,0.8766435858551539
2020-03-17,1.0,0.8458973405958702,0.9033754738938736,0.8916205366072456
2020-03-18,0.0,0.7210121643742731,0.8467891982245955,0.8942441983314207
2020-03-19,1.0,0.829700339638801,0.9108062038321872,0.8949134727962695
2020-03-20,1.0,0.8483535608373532,0.9249371356283994,0.8966358372696799
2020-03-23,0.0,0.8795098099609973,0.9408996230113329,0.8963404088441791
2020-03-24,0.0,0.9079735124245542,0.9555869881332205,0.9195073228211916
2020-03-25,0.0,0.9452931302983221,0.975083592664308,0.9202534758401021
2020-03-26,1.0,0.8796704712464769,0.9391931313766289,0.9259551375936088
2020-03-27,0.0,0.7744794529655021,0.870753147902538,0.9272144690951618
2020-03-30,0.0,0.779691189527815,0.8843267831229868,0.9254208335981472
2020-03-31,1.0,0.824552734305356,0.9132975294028672,0.9248018763402972
2020-04-01,0.0,0.9025265218569619,0.9574711073068216,0.9228550220688265
2020-04-02,0.0,0.879546851524463,0.944473138787369,0.9234311544269931
2020-04-03,0.0,0.879315451495322,0.9390483788721743,0.9233749009873747
2020-04-06,0.0,0.7469811228927,0.8660669455450039,0.9236785913684694
2020-04-07,0.0,0.7401005813429209,0.8584107507705167,0.9193695521647925
2020-04-08,0.0,0.7525141181009962,0.8757662587555831,0.9172633643793432
2020-04-09,0.0,0.8121306858601811,0.8928456318723795,0.8967629589103756
2020-04-13,0.0,0.8057314340210489,0.8980401416920413,0.8764438837854651
2020-04-14,1.0,0.5785661429443429,0.7036930226475312,0.8169192556458735
2020-04-15,0.0,0.6985198141623771,0.8146075434267128,0.807196079213449
2020-04-16,0.0,0.8711961120389854,0.9184441697455262,0.7872112548480982
2020-04-17,0.0,0.6814652591195034,0.7675611621313365,0.7890447806862204
2020-04-20,1.0,0.7052313895770668,0.8003532379102833,0.7758196285676041
2020-04-21,0.0,0.6843580654850475,0.7834954352044385,0.776564485150425
2020-04-22,0.0,0.7665219796937256,0.8425522904595929,0.7227173393382409
2020-04-23,0.0,0.77609588828352,0.8329604699957452,0.723019719308153
2020-04-24,0.0,0.6459572611318811,0.7133210716646051,0.6923324359222727
2020-04-27,0.0,0.6035013225662075,0.6572149778822243,0.6767392455708072
2020-04-28,0.0,0.6723043384016908,0.7381880292051707,0.6691786193942075
2020-04-29,0.0,0.6979061841922912,0.7421250554885742,0.668747481717267
2020-04-30,1.0,0.713471552240465,0.7874490318692872,0.6386889155826452
2020-05-01,0.0,0.6993589233679611,0.7628044913345473,0.6517975512842961
2020-05-04,0.0,0.6776239550843582,0.733725969439313,0.645869709854903
2020-05-05,0.0,0.667506232442767,0.7017966886599536,0.5829384567406535
2020-05-06,0.0,0.6996764704229932,0.7342717500409789,0.5844372192131068
2020-05-07,0.0,0.7562487121386515,0.7916130393799694,0.5685054607319883
2020-05-08,0.0,0.7549803284287756,0.7881151686745358,0.5696661981493546
2020-05-11,1.0,0.7788955499592963,0.803457952518892,0.5666702019892387
2020-05-12,0.0,0.7109944601389503,0.74506366669944,0.560471759937405
2020-05-13,0.0,0.628410180846942,0.6647952597347485,0.5568334757764002
2020-05-14,0.0,0.8057156499415318,0.8373871355331112,0.5585609943899588
2020-05-15,0.0,0.7762732796611349,0.7914811658931495,0.5448770087314286
2020-05-18,0.0,0.5760689983975043,0.606897342285948,0.5561562005302837
2020-05-19,0.0,0.7501489474185442,0.7573219186358915,0.5365268478309115
2020-05-20,0.0,0.7690104716427212,0.7837095252111658,0.5319646424292529
2020-05-21,0.0,0.8042588981170574,0.8135827928746396,0.5342303496906541
2020-05-22,0.0,0.7674470627396993,0.7973785213125087,0.5313210919287842
2020-05-26,0.0,0.6330923058424333,0.6623866183641162,0.5300841703786137
2020-05-27,0.0,0.6656774478935964,0.6943157233859755,0.5320970133857489
2020-05-28,0.0,0.7182921831587543,0.7420269230160609,0.5190336172910405
2020-05-29,0.0,0.8218177143696348,0.8306952623427459,0.5162339761227264
2020-06-01,0.0,0.7783879250601434,0.796804192284321,0.49112294568995074
2020-06-02,0.0,0.47804622146468834,0.49100115175982756,0.49161233139979915
2020-06-03,0.0,0.4274984015105245,0.4473473444936644,0.49342336236225903
2020-06-04,0.0,0.6431801536977866,0.6539867873075429,0.49151112528454105
2020-06-05,0.0,0.5809845446097271,0.615724444035719,0.5025519037695799
2020-06-08,0.0,0.7495634791174,0.7746956001994459,0.5001913609379219
2020-06-09,0.0,0.5885470807639632,0.6053969522004691,0.5037719901800334
2020-06-10,1.0,0.5992133762822707,0.5882244118348576,0.4891202397480787
2020-06-11,0.0,0.7198684745043218,0.7596224244664375,0.5686130882353214
2020-06-12,0.0,0.5853001478241183,0.6105927612950074,0.5691239104573569
2020-06-15,0.0,0.7625820441305373,0.7795515622680468,0.5695520509568125
2020-06-16,0.0,0.624165267200586,0.6375172319725138,0.5591104269906713
2020-06-17,0.0,0.5525727058407927,0.5737958144661806,0.5563660313488938
2020-06-18,0.0,0.6588494424713932,0.6714322749698317,0.5527185873476059
2020-06-19,0.0,0.7941047155683707,0.7974605907748342,0.551926883789595
2020-06-22,0.0,0.6360338066028449,0.6647539697652318,0.5522112430841362
2020-06-23,1.0,0.4029093476802437,0.4094145058044855,0.5503811306615506
2020-06-24,0.0,0.6653572150639343,0.6941293238057894,0.5614985166068304
2020-06-25,1.0,0.6199252671150398,0.6304310650376805,0.563354828601586
2020-06-26,0.0,0.8182302144762779,0.8410845467771413,0.5741670737132456
2020-06-29,0.0,0.8001251268944591,0.8365849929622013,0.5778398520129588
2020-06-30,0.0,0.4560433116851775,0.4919284882877795,0.5807652311970483
2020-07-01,0.0,0.2815715419439176,0.32156071204949804,0.5780046407713234
2020-07-02,0.0,0.25831385510521004,0.298145625849045,0.5780955675158101
2020-07-06,0.0,0.375409114767051,0.42344277436250827,0.5702991590699561
2020-07-07,0.0,0.37962567702496114,0.4223317852987193,0.5692521931665387
2020-07-08,0.0,0.33040504901731915,0.3835046578290933,0.5697278597477307
2020-07-09,0.0,0.4741139367122231,0.53287556333964,0.5697896078335123
2020-07-10,0.0,0.20461295554437886,0.238100841397424,0.4904391984285592
2020-07-13,0.0,0.27499770961008013,0.295331710293869,0.49122226435596356
2020-07-14,0.0,0.19988534884134584,0.2121822926898156,0.4937002407299763
2020-07-15,0.0,0.17239963151995907,0.18901785599193904,0.4870220539342355
2020-07-16,0.0,0.24271640846318684,0.2876655067398128,0.48696466139510924
2020-07-17,0.0,0.16389762727246496,0.18878630206397304,0.4869619911037478
2020-07-20,0.0,0.14368875680705104,0.16598702146170705,0.486342703099997
2020-07-21,0.0,0.12581595715787652,0.13796777230669052,0.48587176538502175
2020-07-22,0.0,0.12483448548728869,0.14587416124531097,0.48609725472907045
2020-07-23,0.0,0.1499192754903566,0.16831219395709618,0.4682518466639701
2020-07-24,0.0,0.3655005743989499,0.41119750559678325,0.4684677117516926
2020-07-27,0.0,0.08395035884673765,0.09062607677265025,0.44329531522794524
2020-07-28,0.0,0.07756798912916073,0.08429119920762958,0.4418123597035401
2020-07-29,0.0,0.11492592255078761,0.12101587693622867,0.4391456666171875
2020-07-30,0.0,0.10633136209459809,0.11771670269559667,0.4403110247335016
2020-07-31,0.0,0.1694292793280594,0.1761110368985791,0.44128282215015885
2020-08-03,0.0,0.16241373977207538,0.16914708916345164,0.4346071280672104
2020-08-04,0.0,0.1668552051322751,0.1707542635681123,0.4274627262595965
2020-08-05,0.0,0.15877216209615336,0.16574325136023088,0.42688715597051574
2020-08-06,0.0,0.17981431816584545,0.1817532070635238,0.4243059715897133
2020-08-07,0.0,0.2420034049557103,0.2469383931121811,0.42182235259016804
2020-08-10,0.0,0.17941254255856515,0.17717228952532377,0.41454897491728715
2020-08-11,0.0,0.25950235955970846,0.24453186078707972,0.4143858280598111
2020-08-12,0.0,0.32734688148277497,0.3391038991051375,0.41890213820018046
2020-08-13,0.0,0.3763304882892518,0.39876748488196717,0.41822953758137926
2020-08-14,0.0,0.2813424831750708,0.2969549608701138,0.4185248745126424
2020-08-17,0.0,0.11343058054250549,0.11475733822064427,0.4166145858501955
2020-08-18,0.0,0.10224349187646872,0.10332258952886722,0.4166139137429664
2020-08-19,0.0,0.15340653259997017,0.1579307456772597,0.4177030512987093
2020-08-20,0.0,0.1525897750605506,0.15768436426223992,0.40734999034844566
2020-08-21,0.0,0.1737713890319738,0.17857323877124556,0.4031271328133322
2020-08-24,0.0,0.09012024675084285,0.08473180235180061,0.40490711528280776
2020-08-25,0.0,0.09975410631964322,0.095263712421854,0.3995108750682552
2020-08-26,0.0,0.06446762700760088,0.06008799513161269,0.39732703463965263
2020-08-27,0.0,0.06829634222633804,0.06433109033716142,0.39424395337434226
2020-08-28,0.0,0.10133598303243692,0.09179051649098169,0.3937950857711818
2020-08-31,0.0,0.1564648940938439,0.16479511332917507,0.39475503453034927
2020-09-01,0.0,0.09525062065594708,0.08839087350257498,0.395970838022849
2020-09-02,1.0,0.12517018675333996,0.12087357795006727,0.4039595814071713
2020-09-03,0.0,0.24189041307894155,0.2476625162946705,0.4632224553466094
2020-09-04,1.0,0.28077820548835025,0.2917861064137697,0.46618888342274434
2020-09-08,0.0,0.34406354049609233,0.3592020505534013,0.48992404490654207
2020-09-09,0.0,0.16443772134655293,0.18076736154649706,0.49872754916574935
2020-09-10,0.0,0.2146992732950454,0.22985531849977403,0.5021502271690387
2020-09-11,0.0,0.18714312686671386,0.20829121413073723,0.5021104915385244
2020-09-14,0.0,0.12940212979091933,0.13822807077967755,0.5063452641122177
2020-09-15,0.0,0.15288899208599346,0.16280448892143146,0.506811892410577
2020-09-16,0.0,0.2725542655721616,0.2831979739151665,0.5072892371420428
2020-09-17,0.0,0.42536350865553596,0.42655991024879186,0.5085719783722624
2020-09-18,0.0,0.492460945205455,0.47558780451240246,0.5110674223097865
2020-09-21,0.0,0.40178635314415234,0.4039708637038989,0.5131426327545034
2020-09-22,1.0,0.12589986256907038,0.12100506338155043,0.5134196999964045
2020-09-23,0.0,0.3978960703977726,0.40323270641603715,0.5235367682062094
2020-09-24,0.0,0.4319762082485219,0.44330756789974624,0.520242222228933
2020-09-25,0.0,0.2859509548158679,0.3102589044120268,0.5280643059437942
2020-09-28,0.0,0.11794946109965436,0.1297700962351879,0.5338560555560992
2020-09-29,0.0,0.17353718890392222,0.1952742940406697,0.5340035340362741
2020-09-30,0.0,0.1744704015685145,0.1870079501045856,0.5343291896073149
2020-10-01,0.0,0.20486173758640575,0.2234908034026418,0.5285640360987558
2020-10-02,0.0,0.34018886689569394,0.3657739622058829,0.503590173126187
2020-10-05,0.0,0.22995234048546312,0.25372559926567184,0.5111910153592034
2020-10-06,0.0,0.35331836742023737,0.36334007871471924,0.49619738708870875
2020-10-07,0.0,0.23117530570116399,0.2424753235127628,0.4934571427586173
2020-10-08,0.0,0.1983266721792687,0.20635992699502334,0.4851037558939474
2020-10-09,0.0,0.14272249534065998,0.150072709402183,0.486431986582302
2020-10-12,0.0,0.14078196560284145,0.14833910424154012,0.4890210939136506
2020-10-13,0.0,0.17126207224615336,0.1755231471930487,0.4906421045866152
2020-10-14,0.0,0.21521629093872233,0.22783233661142624,0.4914503732612071
2020-10-15,0.0,0.255098014425418,0.27060407145626203,0.4888628431521538
2020-10-16,0.0,0.2607919139981172,0.27995292075335815,0.4838574979347085
2020-10-19,0.0,0.3623026017928156,0.3538214633051314,0.4883090967402183
2020-10-20,0.0,0.33831697333077004,0.3339849099884823,0.4864920893806811
2020-10-21,0.0,0.44037731284968534,0.4502865873597656,0.46622607740779953
2020-10-22,0.0,0.515008891564735,0.5271589644736059,0.4663729804902607
2020-10-23,0.0,0.5218532867281303,0.5363716591378757,0.4606538886229794
2020-10-26,0.0,0.4236102277354539,0.423208540917405,0.4672957573112805
2020-10-27,1.0,0.3672132178538316,0.36625959201711994,0.4667457903409279
2020-10-28,0.0,0.25913215263973094,0.28598501946128546,0.5004528751913706
2020-10-29,0.0,0.43234912034413125,0.45046303716781977,0.5038396744772162
2020-10-30,0.0,0.5843261696541501,0.6024617199239093,0.5051301626308374
2020-11-02,0.0,0.5435609505588844,0.5593648126907144,0.5003126528912832
2020-11-03,0.0,0.33638131598667703,0.35037946569797107,0.5044473901590724
2020-11-04,0.0,0.2770528451409798,0.2821321938266521,0.5090336882652462
2020-11-05,0.0,0.21859166028885582,0.2503714418514714,0.5163627728906771
2020-11-06,0.0,0.3919416147056375,0.3945898714205541,0.5148381289276749
2020-11-09,0.0,0.19767113269779552,0.19806205802195154,0.5116879113272221
2020-11-10,0.0,0.5193052730883001,0.5271973244697444,0.5106405893545194
2020-11-11,0.0,0.25099366968566716,0.2725205870669426,0.5103472044155077
2020-11-12,0.0,0.43500221115290566,0.4442135799932,0.5132002412691744
2020-11-13,0.0,0.32920726465564465,0.35586102026394234,0.5169156497247036
2020-11-16,0.0,0.17690832574760326,0.19330967596357018,0.5106528264355458
2020-11-17,0.0,0.29897045906007863,0.32486793387188295,0.511940741188521
2020-11-18,0.0,0.4849553766968326,0.50480370920057,0.5161077791216625
2020-11-19,0.0,0.4154951323874444,0.43220620697412626,0.5159463261769535
2020-11-20,0.0,0.5044371667417338,0.5172388736044081,0.51759441527054
2020-11-23,0.0,0.5022107083115618,0.5203750983146173,0.5074556844311587
2020-11-24,0.0,0.24489382024014486,0.26519329199799624,0.510790110131731
2020-11-25,0.0,0.3404544746506172,0.3692018843500212,0.46744205393438637
2020-11-27,0.0,0.6374309230968321,0.6660899414547659,0.4661151103193467
2020-11-30,0.0,0.4814642471006024,0.5112238568982603,0.4594081196337484
2020-12-01,0.0,0.20175158720963302,0.21503836523773817,0.4589315056626617
2020-12-02,0.0,0.1977474781728638,0.2179075533369583,0.4532421378221979
2020-12-03,0.0,0.19514341117866207,0.21079154333996314,0.4414408627598205
2020-12-04,0.0,0.22306901448033353,0.23561605187470003,0.4316953999041234
2020-12-07,0.0,0.14953983961048448,0.1488659775813556,0.432217078266664
2020-12-08,0.0,0.14559761006034305,0.14748238864581556,0.42844983523472696
2020-12-09,0.0,0.19617271136113035,0.19743856131757603,0.43220040337373
2020-12-10,0.0,0.3130149746284872,0.31199802016906053,0.43097198788214597
2020-12-11,0.0,0.33010151189586234,0.326088012082418,0.4254587431694884
2020-12-14,0.0,0.39847484478400724,0.39113776363705566,0.41997344972505757
2020-12-15,0.0,0.1364393496080799,0.14361126702167062,0.4213441022950336
2020-12-16,0.0,0.0824644248465944,0.07870236733919271,0.4197105790038157
2020-12-17,0.0,0.11648003005337904,0.1160931550660782,0.41174120890860944
2020-12-18,0.0,0.19691174798538055,0.1723531681451117,0.4130829124865983
2020-12-21,0.0,0.2683798714951913,0.2525488625876889,0.41092678424379137
2020-12-22,0.0,0.1862696087923105,0.18283832362678334,0.41087950161571185
2020-12-23,0.0,0.17542344380561772,0.17927692169489046,0.3980912799598056
2020-12-24,0.0,0.5475630794288195,0.5588479796630794,0.3981471441582855
2020-12-28,0.0,0.052252730083976406,0.04769696290570548,0.4014900818942072
2020-12-29,0.0,0.0865318477696054,0.0821447433758442,0.4001375651256293
2020-12-30,0.0,0.12433085053595692,0.12272745488304408,0.3937886719763141
2020-12-31,0.0,0.07550765727712451,0.07352358988083159,0.3956189460635183
2021-01-04,0.0,0.4684640082711571,0.46679470568906173,0.4096133094156209
2021-01-05,0.0,0.2227999068844378,0.23576299648669496,0.40819355452516226
2021-01-06,0.0,0.1775808427100071,0.17320393656461086,0.4092684983942416
2021-01-07,0.0,0.1307481425102822,0.13792352238779973,0.41875218504469824
2021-01-08,0.0,0.13564742384654815,0.1388491783855275,0.41485456405227
2021-01-11,0.0,0.1349925583145877,0.13399988229956306,0.4179003289547909
2021-01-12,0.0,0.18624071711890725,0.18376942197600374,0.4175307321221114
2021-01-13,0.0,0.184357513560188,0.18195690114993449,0.41551206864355933
2021-01-14,0.0,0.1668935827236261,0.1696828227343259,0.4107244417381622
2021-01-15,0.0,0.45929878476103986,0.46872688856525474,0.41429029726151306
2021-01-19,0.0,0.3556631267221995,0.35375290890323347,0.4157166872791895
2021-01-20,0.0,0.13370145720615517,0.14425092901058306,0.4220070225204832
2021-01-21,0.0,0.14875764799566626,0.1663445336724585,0.42049162307022897
2021-01-22,0.0,0.20579842288478595,0.20277184452626382,0.42090352254395763
2021-01-25,0.0,0.22789649074997123,0.2274319527355518,0.420912678445665
2021-01-26,1.0,0.3118161241030579,0.29843765297951685,0.42141903561206506
2021-01-27,0.0,0.7928003832668248,0.8135616159493755,0.4487081410052028
2021-01-28,0.0,0.6184999398483729,0.6406808264672381,0.4515323510884535
2021-01-29,0.0,0.6511665081804511,0.6742787960028104,0.46479429401403627
2021-02-01,0.0,0.4437771852290334,0.46285286286422095,0.4717061581018437
2021-02-02,0.0,0.288330234337619,0.3023648288044005,0.46909383365364304
2021-02-03,0.0,0.3538781805362398,0.3758337004752814,0.46813227426683557
2021-02-04,0.0,0.24642778349820196,0.26565010537923595,0.4703413979768842
2021-02-05,0.0,0.28192471463029184,0.29990884478446483,0.4647100404564214
2021-02-08,0.0,0.1569928000585941,0.16161701241198895,0.46536949937158517
2021-02-09,0.0,0.15327017202200213,0.15948310510680777,0.4635039333682273
2021-02-10,0.0,0.31765796937903634,0.3319810812837876,0.4635769833150545
2021-02-11,0.0,0.2862955207559682,0.32393421173912074,0.4635557703090039
2021-02-12,0.0,0.16460475933310637,0.1757712175132924,0.462899939127786
2021-02-16,0.0,0.2520854577701951,0.2527640970142755,0.4602719016397921
2021-02-17,0.0,0.2619072364169137,0.2824940955092085,0.4591576319988189
2021-02-18,0.0,0.4038720073877682,0.42843645033927436,0.4547486275195005
2021-02-19,0.0,0.44894572653199694,0.4878657430756028,0.45498797502899807
2021-02-22,0.0,0.6824042036493579,0.692249400840071,0.45696939618488747
2021-02-23,0.0,0.7421057147718545,0.7530288957409121,0.4566419354916484
2021-02-24,1.0,0.38955949720908456,0.426198609462737,0.4603739422676265
2021-02-25,0.0,0.6525415507940856,0.6591710955592583,0.4582314899432296
2021-02-26,0.0,0.625736790040334,0.6249761025903222,0.45643777879994585
2021-03-01,0.0,0.4231176031623135,0.4345568379692923,0.4588303068061245
2021-03-02,0.0,0.528656526444326,0.5519708175174018,0.4553537433741407
2021-03-03,0.0,0.6639658706328,0.6795108287191538,0.4557671912553016
2021-03-04,0.0,0.7580020440984258,0.7695037222694977,0.4615185310448622
2021-03-05,0.0,0.7086171455953071,0.739116289639112,0.47038500658215304
2021-03-08,0.0,0.596237690852093,0.6427392282024529,0.4704849033457931
2021-03-09,0.0,0.34562953146965186,0.3616062950280204,0.4752828830955831
2021-03-10,0.0,0.37374999473675957,0.39149098910994606,0.47647625384914244
2021-03-11,0.0,0.22050860693035124,0.23592915510759244,0.4796177052605695
2021-03-12,0.0,0.37415726677712957,0.38230740045579453,0.47958237732607917
2021-03-15,0.0,0.2697791205707876,0.27833375499171825,0.4801286974679847
2021-03-16,0.0,0.31429866891122643,0.29876702716011017,0.48022037608414714
2021-03-17,0.0,0.27539697785316386,0.2713428503232492,0.48036346813676206
2021-03-18,0.0,0.44413270979247155,0.4311466661626095,0.48635487847777703
2021-03-19,0.0,0.70463422009307,0.7018778230239809,0.4862581308173742
2021-03-22,0.0,0.36890877949626727,0.3734251596919368,0.48551703216249786
2021-03-23,0.0,0.33921456555115787,0.3269487466911263,0.4874760821102516
2021-03-24,0.0,0.40737456205563594,0.4131738116581103,0.48466362198589574
2021-03-25,0.0,0.43188935113338056,0.4353548785222035,0.4665324009135921
2021-03-26,0.0,0.2049865183614341,0.21099597973668294,0.4724121621470502
2021-03-29,0.0,0.23070581180624974,0.22857227481827389,0.45627393080968914
2021-03-30,0.0,0.2236936597100617,0.22793340355867386,0.4539598638029617
2021-03-31,0.0,0.2630588374874854,0.26272342636669394,0.44625044812901965
2021-04-01,0.0,0.08747244346215165,0.09460067657095736,0.43953410092770495
2021-04-05,0.0,0.09062940843563957,0.09338800250098493,0.43382908679051707
2021-04-06,0.0,0.07472733051893614,0.07386879582068413,0.4314966267399582
2021-04-07,0.0,0.07198264080133053,0.07082992660414637,0.4260614129744189
2021-04-08,0.0,0.0851285288475361,0.0878580218153303,0.4256430453920909
2021-04-09,0.0,0.1408203871611902,0.13947057487403677,0.42403505145786474
2021-04-12,0.0,0.10379540085490674,0.10092457552219235,0.4242498436603615
2021-04-13,0.0,0.07511756462834995,0.07060923076612906,0.4234706934459413
2021-04-14,0.0,0.08310536798548813,0.08204126638946481,0.4246060578658987
2021-04-15,0.0,0.08751028024815218,0.08795904571503987,0.42810115562948947
2021-04-16,0.0,0.11221998868970764,0.11965122784473119,0.413361650875986
2021-04-19,0.0,0.09143127340965986,0.09004065522313555,0.4162964686057204
2021-04-20,0.0,0.22367019297449617,0.21873500729762468,0.4198843419768063
2021-04-21,0.0,0.10166257468442554,0.10284725421237771,0.4165622617467255
2021-04-22,0.0,0.26516554754846255,0.27398195965646305,0.4203788539235655
2021-04-23,0.0,0.14690668743699759,0.16189598486643453,0.4229646310249444
2021-04-26,0.0,0.10937579551339664,0.11128733599649288,0.41405074052478424
2021-04-27,0.0,0.09529808744266006,0.09732058997635254,0.4138387413700129
2021-04-28,0.0,0.1006804791642745,0.10440688871912589,0.4127193930912642
2021-04-29,0.0,0.14144725949707176,0.1608203087801756,0.41347016912153967
2021-04-30,0.0,0.22576426213764975,0.23223655700558454,0.4137616274416993
2021-05-03,0.0,0.20948602086193127,0.22011253150786375,0.4051423551808705
2021-05-04,0.0,0.31194157254844235,0.30922233163348817,0.40834718417074284
2021-05-05,0.0,0.2683510940511944,0.28626283540061404,0.4083481519084848
2021-05-06,0.0,0.24488792069761062,0.27883126962501964,0.4104636136804324
2021-05-07,0.0,0.10991676557910203,0.12075308424117231,0.41023341234461796
2021-05-10,0.0,0.19452003129178075,0.2061535636872028,0.4168423277570251
2021-05-11,1.0,0.3096212525093831,0.27954903267624703,0.42047537648660993
2021-05-12,0.0,0.31492858503026,0.3196651501203613,0.43926665795503145
2021-05-13,0.0,0.29386221052847017,0.29799774157212966,0.44032336704004266
2021-05-14,0.0,0.12221304241868831,0.14255948313592576,0.4486639403958964
2021-05-17,0.0,0.3107277623586532,0.3186847626159249,0.4478621381801862
2021-05-18,0.0,0.2950424484551285,0.2919544398182211,0.44883643759092956
2021-05-19,0.0,0.311603994205363,0.31532999520217075,0.44559838712657696
2021-05-20,0.0,0.10420494093230452,0.11944435585179092,0.44684306997076007
2021-05-21,0.0,0.22233718087790874,0.24516896790430484,0.44233758566010045
2021-05-24,0.0,0.22129863658631385,0.25324104164482897,0.4460134789834107
2021-05-25,0.0,0.23955145216796958,0.24945182121820506,0.44619730409804803
2021-05-26,0.0,0.2553902396918202,0.2685332549037203,0.44627757278899516
2021-05-27,0.0,0.2548527147386788,0.2799228941279127,0.44461598401193664
2021-05-28,0.0,0.3666769591962945,0.3913163578769748,0.4425763887272724
2021-06-01,0.0,0.3160443368455004,0.3295890573028413,0.44235021311866507
2021-06-02,0.0,0.34044295374138067,0.3689420859992639,0.4404591616611488
2021-06-03,0.0,0.5734484454219173,0.6109429108874922,0.4411112295479116
2021-06-04,0.0,0.13496723086935875,0.1556345275405719,0.4415385500851286
2021-06-07,0.0,0.32335865258707097,0.31124745383782715,0.4395248603789472
2021-06-08,0.0,0.38928894459598823,0.3815043572636653,0.43490612984904986
2021-06-09,0.0,0.4080832765693621,0.4102632475437453,0.4314985059453624
2021-06-10,0.0,0.4255192034272086,0.43690943920968006,0.40664737418362107
2021-06-11,0.0,0.3664391048100232,0.3712970854224423,0.4005769791677085
2021-06-14,0.0,0.2500354137381142,0.24195463183632432,0.3885837196945664
2021-06-15,0.0,0.20531497229775394,0.20136443979435212,0.3883434709687223
2021-06-16,0.0,0.37132027722847627,0.34435110198068775,0.3846542441174667
2021-06-17,0.0,0.323817390709583,0.30756996295495964,0.3835377579345187
2021-06-18,0.0,0.5839712941838989,0.557809277045438,0.3903582718418142
2021-06-21,0.0,0.2817015613399746,0.26474807236358966,0.40186884731829464
2021-06-22,0.0,0.14252327522131883,0.13806494637692995,0.39795200181579027
2021-06-23,0.0,0.1690279615981906,0.16555480873010842,0.3976643990754496
2021-06-24,0.0,0.10016344641145336,0.097664064922485,0.39915940484814494
2021-06-25,0.0,0.19109268120938686,0.17929274156447342,0.3995128318039118
2021-06-28,0.0,0.20434915996647376,0.20581373098702604,0.3996151056965934
2021-06-29,0.0,0.15759808054490254,0.15797588921617806,0.3995071433714646
2021-06-30,0.0,0.2679541735096442,0.2654320714128679,0.39950256460902495
2021-07-01,0.0,0.10666227496882381,0.10518608190098926,0.39897514438945714
2021-07-02,0.0,0.2396946741058292,0.23413854016742483,0.3978792011367508
2021-07-06,0.0,0.09827363242000155,0.0926825842466741,0.39830534112124866
2021-07-07,0.0,0.0852067624715592,0.07633030550005987,0.39842538921100107
2021-07-08,0.0,0.17377588277486267,0.16531294595702736,0.4036683179716233
2021-07-09,0.0,0.13069329800637874,0.12984841266739358,0.4085311620753666
2021-07-12,0.0,0.1297230525997929,0.12103119468281669,0.40871417671904947
2021-07-13,0.0,0.09218197097747327,0.08451149561739246,0.41004184042499614
2021-07-14,0.0,0.14889575473611522,0.14659264581378226,0.40941703052274087
2021-07-15,0.0,0.1539285810458275,0.15542370590030152,0.40806792217720916
2021-07-16,0.0,0.23258284170960877,0.24010455672296382,0.4121514090546255
2021-07-19,0.0,0.39789147620113324,0.37130164359973866,0.4165083997005996
2021-07-20,0.0,0.27628288954798913,0.27830214204348375,0.4180376631055001
2021-07-21,0.0,0.14816782467854078,0.15511888925279368,0.4196712172851745
2021-07-22,0.0,0.1868521295114027,0.1891979972072168,0.4193919847399478
2021-07-23,0.0,0.16446815366057557,0.1697240773463805,0.4220121592889222
2021-07-26,0.0,0.11342401328097533,0.11371810649440241,0.4219076293436489
2021-07-27,0.0,0.19085244395186543,0.1890718053509095,0.42365185622958845
2021-07-28,0.0,0.22788512421907278,0.2317303407679342,0.4237049129901489
2021-07-29,0.0,0.2180394658147538,0.23320906676697806,0.42407870973396494
2021-07-30,0.0,0.30901770784494154,0.30620068274835927,0.42528739424663414
2021-08-02,0.0,0.20677647862250162,0.21562645465155164,0.4234358780717639
2021-08-03,0.0,0.19566811808428713,0.20091488210448438,0.42568209952855385
2021-08-04,0.0,0.19421831796521813,0.19727087302928895,0.42666633174211344
2021-08-05,0.0,0.17951708510620096,0.1855714542162986,0.4237937491144491
2021-08-06,0.0,0.2599929778845403,0.2538964362215187,0.41886846544545286
2021-08-09,0.0,0.14315202931035936,0.1384348872575972,0.41862204978297457
2021-08-10,0.0,0.13031718645129267,0.1298751248405893,0.41777243533005926
2021-08-11,0.0,0.1421158838918781,0.14259887651398007,0.4177770543968944
2021-08-12,0.0,0.15006832092445532,0.14532717223492636,0.41738667522705536
2021-08-13,0.0,0.2655944821897826,0.25793914964447184,0.41339583431324306
2021-08-16,0.0,0.09993253924143759,0.09096668575529691,0.39505380923892275
2021-08-17,0.0,0.11215716860832704,0.1065663859639525,0.38889430745046893
2021-08-18,0.0,0.15668440710029338,0.15641978749665028,0.3945796938398388
2021-08-19,0.0,0.25263674299606076,0.23887953173558243,0.394464568895962
2021-08-20,0.0,0.146872669463357,0.15184177438693564,0.3921518339131019
2021-08-23,0.0,0.09462810214053462,0.09107794892055336,0.3961163494122999
2021-08-24,0.0,0.11252144554088493,0.11331749459925598,0.3941858846901071
2021-08-25,0.0,0.14665189484343796,0.14025472761829283,0.3941827634164253
2021-08-26,0.0,0.17053002254222582,0.17071804000972085,0.39630124819451845
2021-08-27,0.0,0.1414067935377954,0.12571530646310047,0.3976540042534568
2021-08-30,0.0,0.08586578347477544,0.07828380594020015,0.39748747347821667
2021-08-31,0.0,0.07775536854872016,0.07379789341805038,0.39499477547181633
2021-09-01,0.0,0.06173933795946547,0.057784773246000565,0.3927885554345755
2021-09-02,0.0,0.06423413031177931,0.060328661179530604,0.39145870714371933
2021-09-03,0.0,0.15034330162519163,0.1364033404034411,0.39159351960095956
2021-09-07,0.0,0.15474850571169352,0.1418970642101796,0.3926560460783377
2021-09-08,0.0,0.19784985478235312,0.1875507315173034,0.39299307925142596
2021-09-09,0.0,0.23687977029297275,0.23977238185712604,0.3948350931243901
2021-09-10,0.0,0.3955638248294427,0.40366202188735434,0.39794262680437964
2021-09-13,0.0,0.3194070350734506,0.2880583745003503,0.3981025904326436
2021-09-14,0.0,0.3689543959322802,0.3542450150694247,0.3995087087223438
2021-09-15,0.0,0.40891687625677325,0.40650485232128153,0.40083981535723984
2021-09-16,0.0,0.4496784045383869,0.4440790950029445,0.39304911399556636
2021-09-17,0.0,0.5603564634475706,0.50967537408584,0.3989821350511958
2021-09-20,0.0,0.49054075893768984,0.47445904514970144,0.4106565423161616
2021-09-21,0.0,0.39921292245148615,0.36154895178903373,0.4055628938599299
2021-09-22,0.0,0.245354055733403,0.2252348069952467,0.4113839442558501
2021-09-23,0.0,0.23924533222207695,0.22943473162110614,0.41925643156372294
2021-09-24,0.0,0.3685052103044605,0.37124204764156343,0.4179453847930435
2021-09-27,1.0,0.32648063061313787,0.31397896875900216,0.41397683533170704
2021-09-28,0.0,0.5416465648336086,0.530266220399058,0.4294530885333011
2021-09-29,0.0,0.42048102769235607,0.40538770669389507,0.4299570548370034
2021-09-30,0.0,0.3043165533791276,0.29519485563027975,0.4337924892931172
2021-10-01,0.0,0.6148259828131752,0.6183612616598868,0.4403808330490981
2021-10-04,0.0,0.45790917914051404,0.4629540337690092,0.4446660184606749
2021-10-05,0.0,0.6095447447449376,0.6068712907206716,0.45072128556059077
2021-10-06,0.0,0.3611612509353272,0.34419870718021395,0.45197036593077067
2021-10-07,0.0,0.2806224055656949,0.26403085810221877,0.45489350042301074
2021-10-08,0.0,0.6549581746867454,0.6589360854298835,0.45326048722682716
2021-10-11,0.0,0.5348386494446372,0.5064636403514183,0.45414036930288576
2021-10-12,0.0,0.5494317078811722,0.528179859516436,0.45343097292083673
2021-10-13,0.0,0.39939772201780066,0.3734144942186849,0.4507229929841305
2021-10-14,0.0,0.18629538439271254,0.19116850220463158,0.4618675864615413
2021-10-15,0.0,0.23382631058997305,0.23201881832894747,0.46087136032041853
2021-10-18,0.0,0.19307602455439105,0.19378900667484494,0.44970962816300325
2021-10-19,0.0,0.11766416411151825,0.1149257772681856,0.45066177796210305
2021-10-20,0.0,0.14431094682528506,0.14955557868528527,0.44858465169275635
2021-10-21,0.0,0.14645187926387865,0.15597679900454645,0.44433426287843136
2021-10-22,0.0,0.23013592508200895,0.23680727353281011,0.44450910546985467
2021-10-25,0.0,0.1425231558908241,0.15578183981603694,0.44437383923288204
2021-10-26,0.0,0.1425590967688738,0.1491028873139307,0.4235465353389857
2021-10-27,0.0,0.18528636279755079,0.1835599567954994,0.4260112071540396
2021-10-28,0.0,0.1616984210963747,0.1768445859775051,0.4183651723293677
2021-10-29,0.0,0.2220179221686193,0.23152981277673865,0.41489305149089334
2021-11-01,0.0,0.13290759937901425,0.13928309857913454,0.40077758011919534
2021-11-02,0.0,0.1449791119397291,0.15004085853593888,0.39767101836342655
2021-11-03,0.0,0.14659930707703478,0.1502367330803255,0.3982621916641533
2021-11-04,0.0,0.12115490619148496,0.11830095551696027,0.39671064909103304
2021-11-05,0.0,0.1447790401616431,0.1388452602256221,0.39503166357508074
2021-11-08,0.0,0.10851585368719777,0.101924540698927,0.38813009566059836
2021-11-09,0.0,0.13371765840975935,0.1262469939528842,0.3891590769318438
2021-11-10,0.0,0.25145764591016967,0.23522177177656786,0.3980893536953942
2021-11-11,0.0,0.1566646068371084,0.15002687430133904,0.3844698823275866
2021-11-12,0.0,0.16306519925720497,0.15593073777707375,0.38428856353535346
2021-11-15,0.0,0.13826912180392356,0.1282467847353889,0.3845746488279437
2021-11-16,0.0,0.148232524722303,0.14018595932680725,0.3826337496666677
2021-11-17,0.0,0.15437653340224106,0.14919938447984946,0.3838874674185968
2021-11-18,0.0,0.15635925345479487,0.15621617993176487,0.38397801600422693
2021-11-19,0.0,0.19369615493133271,0.19916847238735613,0.3841233347270071
2021-11-22,0.0,0.20472439754880287,0.2031693804875627,0.38495832616790104
2021-11-23,0.0,0.22194171454794112,0.2116675607751614,0.38494671703379313
2021-11-24,1.0,0.19269846839400026,0.18266463118086604,0.38173086487791485
2021-11-26,0.0,0.35297149694163577,0.33948989816817204,0.4115156987154141
2021-11-29,0.0,0.282433687527215,0.2733984912875723,0.41970686143444474
2021-11-30,0.0,0.6001853039308584,0.6319889812985905,0.43555447159205823
2021-12-01,0.0,0.549376204323962,0.5645417034785041,0.4395762775134347
2021-12-02,0.0,0.3989511509059953,0.42194631415594697,0.44639146961845066
2021-12-03,0.0,0.6587845622678673,0.6728118138845615,0.4472963317532045
2021-12-06,0.0,0.5209097987471796,0.5495567135991042,0.4525865792741276
2021-12-07,0.0,0.15943582943561185,0.18062020599769502,0.4679247109115359
2021-12-08,0.0,0.18140741130339502,0.19123796450737132,0.4678112252072124
2021-12-09,0.0,0.2725215021939532,0.2705602908340645,0.46727467643455106
2021-12-10,0.0,0.19194627197397898,0.2073219638902657,0.46989778086535455
2021-12-13,0.0,0.3820129768811231,0.3805276818488479,0.4712177435750694
2021-12-14,0.0,0.396358053661193,0.3954707649557437,0.4728367518691613
2021-12-15,0.0,0.13905175879954165,0.14852104233233426,0.4806187148114278
2021-12-16,0.0,0.45693162195647,0.46519745118059536,0.4826737912571061
2021-12-17,0.0,0.44407596309552777,0.44837406904843913,0.48502828574743984
2021-12-20,0.0,0.5788255226133655,0.593339665073846,0.4880625044256867
2021-12-21,0.0,0.29540725557940767,0.30015820122770803,0.497415461419456
2021-12-22,0.0,0.253114585472841,0.28270786294035916,0.5001289900931689
2021-12-23,0.0,0.2044584076354145,0.22626073105636954,0.500959706143317
2021-12-27,0.0,0.22686973655851847,0.2434948400238312,0.489653383218215
2021-12-28,0.0,0.19707169595082746,0.20951889991484016,0.4862057027748419
2021-12-29,0.0,0.1600687477117696,0.16443161764751021,0.47315197493741534
2021-12-30,0.0,0.10958848459915693,0.10969430204080666,0.467503408827428
2021-12-31,0.0,0.23601963323210262,0.2465561621850476,0.46389041718006996
2022-01-03,0.0,0.14215159809990335,0.15591805021102972,0.46042853755617263
2022-01-04,0.0,0.15430307086838407,0.15471796042389674,0.4578561881329477
2022-01-05,0.0,0.4763825167377508,0.48777878700938787,0.4593483375346629
2022-01-06,0.0,0.5329762386091009,0.5358013506957907,0.45908080912599286
2022-01-07,0.0,0.5895223005977707,0.6021934869520358,0.4578560226961246
2022-01-10,0.0,0.484424119944992,0.4843509711392325,0.4546462890595905
2022-01-11,0.0,0.36095506673929656,0.3474380384521548,0.4545863893498462
2022-01-12,0.0,0.34535969542757594,0.34181539201045874,0.4523110297652122
2022-01-13,0.0,0.3224846575526919,0.3213681720348681,0.4505663671022442
2022-01-14,0.0,0.5145520425520962,0.516225194339472,0.4479590558212976
2022-01-18,0.0,0.25876490401956787,0.27242304550211127,0.4562013833008241
2022-01-19,0.0,0.2684743059230078,0.2696580430331048,0.45499001110017023
2022-01-20,0.0,0.30739729247512493,0.3213653561497117,0.445658821435125
2022-01-21,0.0,0.4729140160057068,0.4766991031826731,0.44968949195491276
2022-01-24,0.0,0.5659853049318684,0.5515733919859175,0.4476919894498876
2022-01-25,0.0,0.6929661967786719,0.6574390638287883,0.43782038670892803
2022-01-26,0.0,0.7365236332431055,0.6980894426625438,0.43768394344129274
2022-01-27,0.0,0.7333452419799318,0.7048306328134534,0.43607371098964115
2022-01-28,0.0,0.5783219246818952,0.5729891824640646,0.4660093393289418
2022-01-31,0.0,0.45648376629892023,0.4447034915527015,0.48108699176402037
2022-02-01,0.0,0.5727640818783313,0.5583960764025228,0.4813537893129919
2022-02-02,1.0,0.5407473639586255,0.547017431036958,0.48531063280246955
2022-02-03,0.0,0.6335466728152148,0.678781917119475,0.4908761645623198
2022-02-04,0.0,0.5279312747639384,0.5619896991418928,0.492334869151909
2022-02-07,0.0,0.6201969302919009,0.6330914864336851,0.4922995258878416
2022-02-08,0.0,0.6474238163925502,0.6584973109334502,0.49513735781697177
2022-02-09,0.0,0.529114554408653,0.5461336379629572,0.49894839564810967
2022-02-10,0.0,0.6741717830459882,0.715474992514437,0.5053428247107139
2022-02-11,0.0,0.5693079392880822,0.6042594977490809,0.5087423767686189
2022-02-14,0.0,0.7189022312344802,0.7331106519874658,0.508470321115046
2022-02-15,0.0,0.595644691849169,0.6108126825853758,0.5095375594932341
2022-02-16,1.0,0.5961953604535041,0.5920717962855232,0.5076277898236379
2022-02-17,0.0,0.6604346958545342,0.6570741010401178,0.5153112875280002
2022-02-18,0.0,0.6953856192125641,0.6806311297202224,0.5081761312830513
2022-02-22,0.0,0.6999120463672975,0.6756727175710401,0.5100511264848581
2022-02-23,0.0,0.8173108690938834,0.7851159975852064,0.5143682180720438
2022-02-24,0.0,0.8469323865711246,0.8303758335299952,0.5204830705895408
2022-02-25,0.0,0.6509744045733326,0.6498731689267183,0.5311912693266897
2022-02-28,0.0,0.7763953608018322,0.7845563012763512,0.5177689181449703
2022-03-01,0.0,0.826083587144015,0.8259704256800628,0.5125600917940284
2022-03-02,0.0,0.8499228192797172,0.86587797185478,0.520916913412487
2022-03-03,0.0,0.8962741313188745,0.9012684954887504,0.5180357455421036
2022-03-04,1.0,0.8538829438363199,0.8402432026786418,0.5065471909804823
2022-03-07,0.0,0.8752846299111162,0.8750286960706343,0.5229449447383966
2022-03-08,0.0,0.9146192352753173,0.909843568541662,0.5232819053119138
2022-03-09,0.0,0.8869464348742574,0.8789220710326999,0.5388336281009701
2022-03-10,0.0,0.9028722981866205,0.8863065688158241,0.5320739231751909
2022-03-11,0.0,0.861711813929859,0.8467869007661286,0.529285342585227
2022-03-14,0.0,0.8640661871595533,0.845339834825576,0.5239215951683408
2022-03-15,0.0,0.9090662745256636,0.9045735161838464,0.5362786691737867
2022-03-16,0.0,0.9404772136615102,0.9325791109326417,0.5420661589251794
2022-03-17,0.0,0.9154745117486455,0.9101477928619324,0.545660526607857
2022-03-18,0.0,0.8515110027591754,0.8424078095682468,0.5387313030862132
2022-03-21,0.0,0.8368118973418632,0.8438699597847193,0.5372707352415919
2022-03-22,0.0,0.6733700805707529,0.6708205873147131,0.5360101700153296
2022-03-23,0.0,0.7776480715550521,0.7904695675817309,0.5311445936636241
2022-03-24,0.0,0.48052067051366043,0.49596683234386474,0.5308188577630596
2022-03-25,0.0,0.7412657257116156,0.7494740683686894,0.5217803602362034
2022-03-28,0.0,0.677089272454806,0.7060526747042523,0.5218839557862501
2022-03-29,0.0,0.4805037796020835,0.5041364869840528,0.515726925026679
2022-03-30,0.0,0.6351431967011933,0.6637993135769149,0.5120062859538042
2022-03-31,0.0,0.6088674063700837,0.6457576738250357,0.5184141731084615
2022-04-01,0.0,0.6985112345406753,0.7166650457980478,0.5159477885248004
2022-04-04,0.0,0.6190210385560287,0.6244267421579042,0.48806829311814465
2022-04-05,0.0,0.6971094753719067,0.7162749634101949,0.49228783058483544
2022-04-06,0.0,0.6788068920449024,0.6951606287855059,0.4828022772385546
2022-04-07,0.0,0.7504516651938511,0.7553806126012464,0.48148541676961626
2022-04-08,0.0,0.6311895308773551,0.6271848761045589,0.4747264135267659
2022-04-11,0.0,0.7071516463085589,0.705162426647494,0.4833599379006603
2022-04-12,0.0,0.7966730555701582,0.7946536400687914,0.47327131853193993
2022-04-13,0.0,0.7177493467306568,0.7064761919788808,0.4621096375246553
2022-04-14,0.0,0.7976135685823631,0.7861732970709847,0.4626751821535251
2022-04-18,0.0,0.7467107902243215,0.728772020102142,0.45768371943355746
2022-04-19,0.0,0.7151003511704752,0.7074218668404141,0.4666958829373462
2022-04-20,0.0,0.7461317393023409,0.7297981998860007,0.46231475584595844
2022-04-21,1.0,0.7929698144053268,0.7992005399258116,0.46444363868755467
2022-04-22,0.0,0.7515588871696873,0.7192569952909232,0.4776894228052881
2022-04-25,1.0,0.7279035190635766,0.6857285202447291,0.4779991365977606
2022-04-26,0.0,0.8449321645432297,0.8054289777955502,0.49203157702159633
2022-04-27,0.0,0.7871863347237716,0.7367617713710831,0.4851943790604595
2022-04-28,1.0,0.8170571217845285,0.8142852377281473,0.5076948521502838
2022-04-29,0.0,0.8008947882613049,0.7595076277361731,0.5293464938222741
2022-05-02,0.0,0.837654867373737,0.819731265597968,0.530259656766009
2022-05-03,0.0,0.8353571634361628,0.8143693562492307,0.5286602862082687
2022-05-04,1.0,0.6628459664373798,0.6529300182398139,0.5506531543150781
2022-05-05,0.0,0.7051242193288236,0.6874881236424234,0.5703169959293072
2022-05-06,1.0,0.8564234577501628,0.8453918101876824,0.5691267553456778
2022-05-09,0.0,0.8293598031751311,0.827592856305086,0.5822375066880349
2022-05-10,0.0,0.7994174521504769,0.7714630045550822,0.5808688911046724
2022-05-11,0.0,0.8714758687400226,0.8677018137961067,0.5831058521475007
2022-05-12,0.0,0.8932340442872096,0.8872322251214183,0.5784617922477623
2022-05-13,0.0,0.801278296481394,0.7787671696079416,0.5920116386809678
2022-05-16,0.0,0.7415726340561923,0.7039475744135282,0.5917376001700014
2022-05-17,1.0,0.7767099896642576,0.7521939198718981,0.5947866185327012
2022-05-18,0.0,0.8265266602708188,0.8261851692115418,0.6140067397138564
2022-05-19,0.0,0.8336748085124307,0.8321039580534078,0.6128299714220872
2022-05-20,0.0,0.8211338276535394,0.8125606545954236,0.6052750838940162
2022-05-23,0.0,0.7142824789698072,0.6951044105896661,0.6116762263172391
2022-05-24,0.0,0.7696951352095459,0.746027652847762,0.602352419716621
2022-05-25,0.0,0.8177751592670705,0.8148259172586831,0.6042727797251644
2022-05-26,0.0,0.7965676611021935,0.8092242142951893,0.6004501073964226
2022-05-27,0.0,0.5342118241040625,0.5227229908252353,0.590937828758027
2022-05-31,0.0,0.8254262898119907,0.8277137844302175,0.5911428525282606
2022-06-01,0.0,0.8606884177263378,0.8756012861102748,0.5915255088778087
2022-06-02,0.0,0.6653032085003024,0.6809877405283887,0.5817078560580049
2022-06-03,0.0,0.7615666262203737,0.7638519936947209,0.5639804581346312
2022-06-06,0.0,0.6753378844270873,0.6782517374814446,0.5635848050544346
2022-06-07,0.0,0.7000738554175472,0.6890979839724333,0.5429226393175849
2022-06-08,1.0,0.7007858962882053,0.7017986184147577,0.5462678505470859
2022-06-09,1.0,0.5444807301392992,0.5326998786425313,0.5526938408112304
2022-06-10,1.0,0.8035148162541424,0.7903181826576086,0.5695036912138228
2022-06-13,0.0,0.8677258366599383,0.8651094855943677,0.5822693476232133
2022-06-14,0.0,0.8353848150831329,0.8160418790072452,0.5822661995488099
2022-06-15,1.0,0.8354741798722644,0.8066812790634901,0.5781719226158635
2022-06-16,0.0,0.8686357429485296,0.8605228957982988,0.5687077339347214
2022-06-17,0.0,0.9080525567707699,0.8969776886785016,0.5690658196818961
2022-06-21,0.0,0.8282455859378055,0.8086452712444417,0.5817830464487025
2022-06-22,0.0,0.8070573711600217,0.7887527213586785,0.5742097102869299
2022-06-23,0.0,0.8568931415039219,0.8412511430563253,0.5760278467061607
2022-06-24,0.0,0.8727734351208164,0.8593669595569744,0.5915152991844715
2022-06-27,1.0,0.8431621587130127,0.8462843895799905,0.5839944715858442
2022-06-28,0.0,0.7857318558388763,0.7779433671546399,0.5757351859253308
2022-06-29,0.0,0.7958593173363048,0.7895588927666638,0.5758169478240363
2022-06-30,0.0,0.8005150777237449,0.7867137975411838,0.5760153097048833
2022-07-01,0.0,0.7934913012637744,0.7830303973289355,0.5707132528636105
2022-07-05,0.0,0.7821460082680293,0.7767388274672554,0.5683175090054802
2022-07-06,0.0,0.7832573684924802,0.7716508645496346,0.5684256601991399
2022-07-07,0.0,0.7605038554998754,0.7511197230191405,0.5715228449521976
2022-07-08,0.0,0.8612525832409308,0.8518928763929413,0.5704125531234068
2022-07-11,0.0,0.7110268370566154,0.6897877583628655,0.5633114952891167
2022-07-12,0.0,0.6190165284192254,0.5648220843640283,0.5494098473005162
2022-07-13,0.0,0.680240903389382,0.6344564692049912,0.5167329112569335
2022-07-14,0.0,0.6512986257330386,0.6161809225293454,0.5165762404709298
2022-07-15,0.0,0.592882426087811,0.5532901624987268,0.5200865978093173
2022-07-18,0.0,0.5347305178329932,0.4622766225317464,0.4929205066930054
2022-07-19,0.0,0.3546635616245239,0.30938550454255237,0.5089633940355349
2022-07-20,0.0,0.3583518896228981,0.316435746863753,0.4972860331604434
2022-07-21,0.0,0.33404218411387554,0.29728010320847853,0.4981172458189053
2022-07-22,0.0,0.5445388694874215,0.5157352062418705,0.5007122865229028
2022-07-25,0.0,0.5225028998922463,0.4867718807186707,0.4768903238522498
2022-07-26,0.0,0.39003662798649696,0.362037948289775,0.48089997297217607
2022-07-27,0.0,0.36627829210979634,0.34780255660480247,0.48500100461639284
2022-07-28,0.0,0.35876888734091206,0.3372342708674257,0.4870204127741899
2022-07-29,0.0,0.580975472734409,0.5609354696579473,0.48552058622637095
2022-08-01,0.0,0.6243352130085289,0.6066522974456164,0.48570448853633086
2022-08-02,0.0,0.6190750475549,0.6071181359913881,0.48857109072371463
2022-08-03,0.0,0.5472713600276585,0.5521574698001506,0.49257408245556933
2022-08-04,0.0,0.6846414791279475,0.6865608877709923,0.4894854369248822
2022-08-05,0.0,0.7132593116459104,0.7115905766380053,0.4896810779442048
2022-08-08,0.0,0.6181690226688756,0.6121325082104851,0.4839414193342801
2022-08-09,0.0,0.5528118552041175,0.5444354256446338,0.4808601986216842
2022-08-10,0.0,0.4193865487444627,0.43336823369292404,0.4866610215724789
2022-08-11,0.0,0.5214151351243798,0.5275504337214241,0.4857289847521999
2022-08-12,0.0,0.36231460936886367,0.37798362324063406,0.4843188466781916
2022-08-15,0.0,0.22456909675885606,0.23091270574315223,0.4787111339369375
2022-08-16,0.0,0.3359691572619917,0.33460320537162386,0.463153764736427
2022-08-17,0.0,0.25831786409831764,0.2517137463959931,0.4673550295643635
2022-08-18,0.0,0.34432165714246843,0.35653642203619484,0.4661841622724779
2022-08-19,1.0,0.28766415852282906,0.28409049233780925,0.46952280349065006
2022-08-22,0.0,0.30719693111312274,0.29413798537603975,0.48701241348675717
2022-08-23,0.0,0.2907496939024716,0.2665915575914579,0.4819991610905205
2022-08-24,0.0,0.2829749534043034,0.25869690907592535,0.4639601574270098
2022-08-25,1.0,0.19337241694233734,0.1833813857785615,0.4654521837470224
2022-08-26,0.0,0.33073674588080093,0.32253593721662815,0.4943423982872055
2022-08-29,0.0,0.2530177086894078,0.23374393777174335,0.4951458448764194
2022-08-30,0.0,0.3880224258559471,0.3649955531768412,0.4969703002018995
2022-08-31,0.0,0.5970768456784918,0.5856493476538347,0.48960916070609356
2022-09-01,0.0,0.6704859412529942,0.659847185065734,0.49032903791771343
2022-09-02,0.0,0.6964069462158001,0.7052681573029017,0.4922274487633843
2022-09-06,0.0,0.7056842114195913,0.6909379434032306,0.492217388406293
2022-09-07,0.0,0.568315366152242,0.5565132484652178,0.5034305857795667
2022-09-08,0.0,0.6617663326193487,0.6436877697307791,0.4908287614714191
2022-09-09,0.0,0.48162998180767824,0.4805110663728933,0.4989025965043665
2022-09-12,1.0,0.4341875833437362,0.4150955619653998,0.4931764130148596
2022-09-13,0.0,0.6814994962745502,0.6838697039343722,0.5315748229985857
2022-09-14,0.0,0.6498602289883117,0.6551089153996893,0.532038862234385
2022-09-15,0.0,0.7246556881654077,0.7373749666831649,0.5329341623826385
2022-09-16,0.0,0.7841468751026577,0.786261605149981,0.5320063588843016
2022-09-19,0.0,0.6638058268298912,0.6581659271849447,0.5332237199982641
2022-09-20,0.0,0.7005082207580382,0.693341927684799,0.5274683383355928
2022-09-21,0.0,0.8131534360992245,0.8052186043570095,0.5314193586345664
2022-09-22,0.0,0.8164462182133894,0.7952438184027937,0.5305660570579094
2022-09-23,0.0,0.8784963716890162,0.8568208879236567,0.5249648310983197
2022-09-26,0.0,0.7926668553873059,0.75021304002684,0.506533587962845
2022-09-27,0.0,0.8527590114180406,0.8171867241550387,0.5066756344972732
2022-09-28,1.0,0.868429978133867,0.8625147986109412,0.5194148945375263
2022-09-29,0.0,0.8418127008125473,0.8121088839680155,0.5261070679053674
2022-09-30,0.0,0.8973295284921439,0.8787057849967996,0.5273938995141682
2022-10-03,0.0,0.8734352790459172,0.8788360982105752,0.5458216155989475
2022-10-04,0.0,0.7598631680227999,0.745191526691125,0.5669634440073601
2022-10-05,0.0,0.7749082313021229,0.7719265462784819,0.5591674893916987
2022-10-06,1.0,0.8517067565234081,0.854284284687252,0.5585211355383928
2022-10-07,0.0,0.8184051219996962,0.801003808179561,0.5619716456255864
2022-10-10,0.0,0.7431444326976707,0.7083150334354921,0.5567859210190226
2022-10-11,0.0,0.8412095317462086,0.8066338592564858,0.5264602605592035
2022-10-12,0.0,0.8597518804311574,0.838222774556686,0.5250281697464781
2022-10-13,1.0,0.8910657854582367,0.8842102278250806,0.5433562248165189
2022-10-14,0.0,0.8169283080255657,0.8022192672890373,0.551554418694196
2022-10-17,0.0,0.7783035526633095,0.7869438365797478,0.5667585646761631
2022-10-18,0.0,0.6464227457035657,0.6465144074271709,0.5686887694735111
2022-10-19,0.0,0.8476407026616118,0.8469344391919579,0.564564350900898
2022-10-20,0.0,0.8971376381453655,0.904657578129606,0.5644362194475658
2022-10-21,0.0,0.8210158328395811,0.8354587386132051,0.5695131112885409
2022-10-24,0.0,0.7387412733603808,0.7496078110388548,0.5688982960586224
2022-10-25,0.0,0.6159447263690129,0.6175738945466843,0.5719755847366337
2022-10-26,0.0,0.7101345764543072,0.726783886577383,0.5681522910118108
2022-10-27,0.0,0.7823582817846862,0.8092051031086305,0.5592103161618066
2022-10-28,0.0,0.5321547667791078,0.5637801798584274,0.5613541969130842
2022-10-31,0.0,0.664392414343335,0.6924215973337693,0.5539467686577085
2022-11-01,1.0,0.6778382153159883,0.6903960481903826,0.5375367273804634
2022-11-02,0.0,0.6637802915872463,0.6990213415986362,0.5509063195230826
2022-11-03,0.0,0.7458177160160187,0.7672814468324312,0.5510474519038453
2022-11-04,0.0,0.7882922670150976,0.8031084831027254,0.5370386360139758
2022-11-07,0.0,0.7696986726296603,0.7847220949217646,0.5361047974535703
2022-11-08,1.0,0.7775029317403471,0.7742947439200596,0.5342446278689721
2022-11-09,0.0,0.8586389725771211,0.8779561134809533,0.545417195923799
2022-11-10,0.0,0.6769079240856067,0.7262521115752906,0.5869176886919865
2022-11-11,0.0,0.5758559175482324,0.6253704614405394,0.5730228196717435
2022-11-14,0.0,0.5787270385624712,0.6015009553458536,0.5677182635930539
2022-11-15,0.0,0.45147022291804595,0.47313074514207665,0.5670774213616588
2022-11-16,0.0,0.6434982519525341,0.6598770417539311,0.5677337762592951
2022-11-17,0.0,0.6468590578285562,0.6671998511830937,0.5660481089954512
2022-11-18,0.0,0.4613007256754514,0.4869782555743895,0.5581479180853783
2022-11-21,0.0,0.6405321272245467,0.6544916681953785,0.5572284655292041
2022-11-22,0.0,0.42321246903877136,0.4584844635022703,0.5558663156484879
2022-11-23,0.0,0.6422114695825095,0.6874367420300754,0.5542567299065766
2022-11-25,0.0,0.6317513796348887,0.6751556944805044,0.5528724017654937
2022-11-28,0.0,0.24298122841383046,0.2647164584272846,0.5485608028530334
2022-11-29,0.0,0.36235686669024525,0.3973221197742043,0.5472116470961733
2022-11-30,0.0,0.4607541744539788,0.507663476392305,0.562946002527097
2022-12-01,0.0,0.26653793466807346,0.3049355175667503,0.547135841525957
2022-12-02,0.0,0.43133278402182973,0.490870594314584,0.5431041713645036
2022-12-05,0.0,0.5310923862980419,0.5736888332054833,0.5509101082914566
2022-12-06,0.0,0.4624609470646598,0.5002104432419522,0.5555909321653753
2022-12-07,0.0,0.4941866155581403,0.5185621001143021,0.5555391053124376
2022-12-08,0.0,0.5357434677296891,0.5679790995688703,0.545391644819968
2022-12-09,0.0,0.5762352729023066,0.590271702986824,0.47432525382834795
2022-12-12,0.0,0.43887587977305564,0.42904723561756875,0.4779680584601471
2022-12-13,0.0,0.4366705304301777,0.45039834493720055,0.4767285248682303
2022-12-14,1.0,0.5509918796415958,0.5529275380675007,0.4759596950881991
2022-12-15,0.0,0.4743988291880527,0.4776086199635253,0.4917267813393021
2022-12-16,0.0,0.6006694018358082,0.581271009654277,0.4944631341050426
2022-12-19,0.0,0.5319708930336465,0.5179156652551908,0.49495094058107714
2022-12-20,0.0,0.5243101054698551,0.5054054574234165,0.4950236084559872
2022-12-21,0.0,0.45343265483651146,0.44569815780517313,0.49612358251377564
2022-12-22,0.0,0.55179394124769,0.566686778292039,0.4985828471848217
2022-12-23,0.0,0.6729730260098706,0.7049993999246205,0.5002660848036201
2022-12-27,0.0,0.49190127932156036,0.47970968374128414,0.4955067690804029
2022-12-28,0.0,0.4091135126570815,0.3982805017104456,0.4982527149415349
2022-12-29,0.0,0.4458124792058406,0.44951358305917655,0.47784908392684006
2022-12-30,0.0,0.40794353202315514,0.38966637284029665,0.47772973112030187
2023-01-03,0.0,0.5923731373919942,0.6059219569508325,0.47766187913836206
2023-01-04,0.0,0.5008475633147356,0.5016178624610013,0.47338575286088996
2023-01-05,0.0,0.5698532562102785,0.5968854987311203,0.47144201307536177
2023-01-06,0.0,0.5155631248203161,0.5420577779785576,0.48840341625362116
2023-01-09,0.0,0.5923775696405146,0.5995078518212499,0.4865147671811047
2023-01-10,0.0,0.5643544928071483,0.5655305898962756,0.48675562302513453
2023-01-11,0.0,0.4515859177257966,0.45728822453514667,0.48563166897728766
2023-01-12,0.0,0.4546477809357638,0.4731667039991526,0.4843703295282086
2023-01-13,0.0,0.5273218600181153,0.5435936381910721,0.48385006769983724
2023-01-17,0.0,0.352138576205868,0.3505111227882825,0.4637727993773906
2023-01-18,0.0,0.3972149813424278,0.40498407816482784,0.467962367364896
2023-01-19,0.0,0.3570545050061154,0.36055960212677124,0.4671318495714637
2023-01-20,0.0,0.38343625568889905,0.39538764593654296,0.47657955724949325
2023-01-23,0.0,0.24099150448396256,0.2511159601520063,0.4744857076548123
2023-01-24,0.0,0.2866482315602857,0.29114357485524023,0.4659677378299748
2023-01-25,0.0,0.37795566526650565,0.39326761684676287,0.4657878629926253
2023-01-26,0.0,0.23856114094638542,0.23472969034499605,0.46663743671510577
2023-01-27,0.0,0.362258726527595,0.3658357662407102,0.4587753090115093
2023-01-30,0.0,0.4024889411661064,0.4100963311521602,0.4602465051221283
2023-01-31,0.0,0.2920678526082799,0.29513749270432504,0.46419088340118214
2023-02-01,0.0,0.3106809224403462,0.3153782829665195,0.4640109565993516
2023-02-02,0.0,0.1745555727054417,0.18286709935994047,0.4673650657473095
2023-02-03,0.0,0.3846607996010165,0.3911547037237306,0.46609412731087807
2023-02-06,0.0,0.3603078242440704,0.35109727252720824,0.45656988483043087
2023-02-07,0.0,0.23315541848766308,0.22749920239702245,0.4593592230389135
2023-02-08,0.0,0.36633986906429183,0.3713533988421873,0.4654360570546527
2023-02-09,0.0,0.3290674079418128,0.3288668671188476,0.46540241598302723
2023-02-10,0.0,0.45744400595857493,0.4745346127275849,0.46529106895268874
2023-02-13,0.0,0.23701779207070406,0.24357181753422588,0.4682667061338929
2023-02-14,0.0,0.31873187903387956,0.3128752744685755,0.46793410527273177
2023-02-15,0.0,0.3386610626410907,0.34028969317698127,0.4572844859417817
2023-02-16,0.0,0.3921017403928646,0.410822205296338,0.4628548543021587
2023-02-17,1.0,0.4151876892770298,0.4319224233989929,0.45364472369266295
2023-02-21,0.0,0.37318228821297084,0.3664696372799304,0.46383462907234885
2023-02-22,0.0,0.3932060109394238,0.3921201166191868,0.463885599697937
2023-02-23,0.0,0.36616924465922607,0.373093046533328,0.46486986915077577
2023-02-24,0.0,0.4552966364970851,0.4773278091117827,0.4637759974840935
2023-02-27,0.0,0.36065185290125557,0.36800005951122844,0.46392308843339114
2023-02-28,0.0,0.569750083405069,0.5743032195298284,0.4591052163136041
2023-03-01,0.0,0.5462399229062079,0.5472446050897445,0.45092239205090745
2023-03-02,0.0,0.4353777914044653,0.4299699096728746,0.44868977766768614
2023-03-03,0.0,0.3322457700350305,0.3412783948019541,0.45050375172766216
2023-03-06,0.0,0.2744959976024679,0.26726749265992195,0.447633979944533
2023-03-07,0.0,0.35585911129768566,0.34707456532690617,0.4539666962993848
2023-03-08,0.0,0.299931075131726,0.28593964303207564,0.4464906231593859
2023-03-09,0.0,0.1947911663708715,0.20200257932039378,0.4532627282234441
2023-03-10,0.0,0.39582888639020725,0.39283659057675147,0.4568774932603876
2023-03-13,0.0,0.4348369689588288,0.4240376618039778,0.45606214476169377
2023-03-14,0.0,0.5325471917018612,0.511985335615909,0.46183156508991224
2023-03-15,0.0,0.595541879587286,0.5893063859656607,0.4621960757630201
2023-03-16,0.0,0.5404141855471142,0.545492343957136,0.4743426010855527
2023-03-17,0.0,0.756675670981899,0.7411000547518151,0.4725849719599629
2023-03-20,0.0,0.6504877095724465,0.6627154003625165,0.47611313536160205
2023-03-21,0.0,0.4239881663828992,0.43973647545191447,0.4703022887832283
2023-03-22,0.0,0.5144570528946326,0.5370355615880882,0.4783636771518001
2023-03-23,0.0,0.5611403351782754,0.5625861744848554,0.4776805216617141
2023-03-24,0.0,0.7240326611046172,0.7339169393010911,0.47559717672631907
2023-03-27,0.0,0.48885415229646734,0.5026423234330187,0.4753943316891773
2023-03-28,0.0,0.6691799082092645,0.6830900410802274,0.4751841456456906
2023-03-29,0.0,0.38159056094380966,0.3831891232290251,0.48000500851136174
2023-03-30,0.0,0.32496566087193096,0.33987189208189666,0.47937348252750367
2023-03-31,0.0,0.29325307770721887,0.3049111040912735,0.4778935784339002
2023-04-03,0.0,0.3472175564803368,0.34287278125530113,0.478124708798844
2023-04-04,0.0,0.43766223940633076,0.4315514004873928,0.4712020803715851
2023-04-05,0.0,0.5336201706635975,0.5482122994644893,0.47167214023401843
2023-04-06,0.0,0.46863237028908356,0.4906241206228619,0.4582525348998789
2023-04-10,0.0,0.3961850153859952,0.40602618504122595,0.44771943942825737
2023-04-11,0.0,0.2887437377966932,0.29317604122857754,0.4472847582679517
2023-04-12,0.0,0.3586038864195984,0.37202211998838663,0.4418322760121601
2023-04-13,0.0,0.16310717136371083,0.17241160106828604,0.44252649506403235
2023-04-14,0.0,0.33282324745538294,0.34981011493496006,0.4345968466726898
2023-04-17,0.0,0.30227141644754685,0.3129351818725651,0.4266549649150959
2023-04-18,0.0,0.16823032201847402,0.17184788368632772,0.4250974423691938
2023-04-19,0.0,0.29792989839136086,0.3037640162951009,0.4199506102084707
2023-04-20,0.0,0.3726387385338994,0.3721067573872111,0.405485513411088
2023-04-21,0.0,0.41944641671592,0.43070517985367684,0.4055822229063469
2023-04-24,0.0,0.4374471362515613,0.45231123783574456,0.4050126171926898
2023-04-25,0.0,0.5165585413338933,0.5311754243876335,0.4206653530502533
2023-04-26,0.0,0.475224880854974,0.47066256865425943,0.42148760465714935
2023-04-27,0.0,0.3148293704614656,0.344594402675555,0.4290535171763836
2023-04-28,0.0,0.2803059965671274,0.3128472927501869,0.4302818482185748
2023-05-01,0.0,0.15086680400597258,0.1574395920915099,0.4224196453231679
2023-05-02,0.0,0.3991102427974146,0.4061688571160809,0.42835412569609466
2023-05-03,0.0,0.48722345175845233,0.49740063195249673,0.42902116956442593
2023-05-04,0.0,0.6168093551688848,0.6256934376879931,0.43092279941104056
2023-05-05,0.0,0.3695260081238715,0.3803662232157761,0.44417246880584904
2023-05-08,0.0,0.35975855569869825,0.3815337129128632,0.444159093593726
2023-05-09,0.0,0.49868188131954855,0.5130144216716811,0.4450560914077823
2023-05-10,0.0,0.5447962047817037,0.5533868716314511,0.44492210395826776
2023-05-11,0.0,0.540894415006426,0.5623714217043329,0.43841027870250004
2023-05-12,0.0,0.5469972196885046,0.5454259748066423,0.4383444239442385
2023-05-15,0.0,0.39259326835897423,0.4021086371417602,0.4382528332719109
2023-05-16,0.0,0.46171697683568463,0.45557196027473346,0.4396614698731484
2023-05-17,0.0,0.3004136394354973,0.308412923645269,0.44535003179254956
2023-05-18,0.0,0.2055699007181825,0.22715648111118542,0.4468279744372932
2023-05-19,0.0,0.23576260297348842,0.2570039820452636,0.4470169891587897
2023-05-22,0.0,0.29247819517440915,0.29426268307014947,0.4470285721263735
2023-05-23,0.0,0.4072743139886351,0.39015564743480435,0.4419973480880379
2023-05-24,0.0,0.6557321182123589,0.6451244958270708,0.44373000839550747
2023-05-25,0.0,0.43235808777177215,0.431600483002465,0.4317851522155158
2023-05-26,0.0,0.2245556357858472,0.24819635717971653,0.43591958771239736
2023-05-30,0.0,0.19005409461036676,0.20720695559973162,0.43589783838307655
2023-05-31,0.0,0.5013782815718706,0.5118473494350984,0.4315561999862638
2023-06-01,0.0,0.24614151944902535,0.260846901757028,0.4319153305989558
2023-06-02,0.0,0.10050981930039685,0.10414197748728794,0.4346843224961163
2023-06-05,0.0,0.09407222403651908,0.09226972282131274,0.4238674126815876
2023-06-06,0.0,0.1352770978057485,0.13384582715276247,0.423813729766601
2023-06-07,0.0,0.2088885620791825,0.21892048890364707,0.4233921189161867
2023-06-08,0.0,0.08882325164398445,0.09153860806961345,0.42394011028806206
2023-06-09,0.0,0.10965962890274131,0.11623267642838203,0.4233576339663884
2023-06-12,0.0,0.10498553509207184,0.10324384653793597,0.4249263402147368
2023-06-13,0.0,0.08358263585112535,0.07611569597752098,0.42574473961331494
2023-06-14,0.0,0.1365673573359599,0.13248862430705532,0.42196284931550054
2023-06-15,0.0,0.08705669566184766,0.08309704724959958,0.4222015859123386
2023-06-16,0.0,0.20661144145708862,0.20749133830674116,0.4221129043210623
2023-06-20,0.0,0.11755036553286874,0.1116884436077182,0.423785941118135
2023-06-21,0.0,0.1865372701404631,0.17934431606846574,0.4261059047281341
2023-06-22,0.0,0.14994453297243582,0.14325194638062644,0.4174622479106732
2023-06-23,0.0,0.3468622786502666,0.3395150409706831,0.4178039233526876
2023-06-26,0.0,0.23447565055817624,0.24422612408038993,0.4182099763056114
2023-06-27,0.0,0.1607055889534955,0.16038157911540502,0.41662271682428753
2023-06-28,0.0,0.2013490548896856,0.21258896708156175,0.41670318186830013
2023-06-29,0.0,0.134193650710105,0.14080778101452407,0.41340538476519134
2023-06-30,0.0,0.16425320976011212,0.1692214229058764,0.41546840763057047
2023-07-03,0.0,0.42650607456967626,0.43750424548549627,0.40778014612387536
2023-07-05,0.0,0.09913543919122557,0.09503625138324646,0.4077648047940077
2023-07-06,0.0,0.16527002131152066,0.167893406840683,0.4126997468392137
2023-07-07,0.0,0.16892012707191797,0.1863155512793602,0.4122249527747408
2023-07-10,0.0,0.2376326724818536,0.2522384215300115,0.41109940096627207
2023-07-11,0.0,0.08971266697039075,0.09366774056822753,0.41252958430486164
2023-07-12,0.0,0.1391331093696232,0.13633536912745392,0.41118143476645835
2023-07-13,0.0,0.16601011112339858,0.16274159088034484,0.4121639785627558
2023-07-14,0.0,0.2017829530580346,0.19805929243533066,0.4124819229383452
2023-07-17,0.0,0.12824353459955212,0.12053167382522859,0.4065165169816108
2023-07-18,0.0,0.12532507211335664,0.11612013225893728,0.4069352777469082
2023-07-19,0.0,0.12658124778539664,0.11888157994839553,0.40455201198163004
2023-07-20,0.0,0.16398677664673272,0.17075608126703962,0.40590486033713946
2023-07-21,0.0,0.17861118556459998,0.16993534333919139,0.4058360887419434
2023-07-24,0.0,0.13502680627533822,0.1302716038573105,0.40063941359673355
2023-07-25,0.0,0.12455044389224662,0.12043001757267013,0.3976621559617335
2023-07-26,0.0,0.18640073028231616,0.18767105381192709,0.3928344905972459
2023-07-27,0.0,0.18127822470661503,0.1913461172473071,0.3970270593438307
2023-07-28,0.0,0.20998757151952038,0.2140667914706143,0.40047789881227575
2023-07-31,0.0,0.1409163741615191,0.13948706353034238,0.39365236196949754
2023-08-01,0.0,0.20044782426331217,0.19706210641880503,0.394750641658236
2023-08-02,0.0,0.34905473159007216,0.32563811756610117,0.40736433130913646
2023-08-03,0.0,0.43295534511134187,0.4241206393274955,0.40367222334754144
2023-08-04,0.0,0.5386552421434165,0.5304511813366877,0.40507014003798336
2023-08-07,0.0,0.3460761088242268,0.35684564446325995,0.4084604440738683
2023-08-08,0.0,0.49346305347285546,0.4753777353037648,0.40810784912985454
2023-08-09,0.0,0.552875207192621,0.5439180204611163,0.40833301950551565
2023-08-10,0.0,0.6464665727899246,0.6747305757654286,0.4041357216915303
2023-08-11,0.0,0.516882109039094,0.5289007057388341,0.4041388371643118
2023-08-14,0.0,0.5211304407471644,0.5153816718940458,0.4052542668463281
2023-08-15,0.0,0.47324201018995077,0.4784670732789755,0.40814171817712236
2023-08-16,0.0,0.43098692839903285,0.4154017192866952,0.4092831924650706
2023-08-17,0.0,0.4407595604762694,0.4279890117150064,0.4098377570774163
2023-08-18,0.0,0.29519140415886863,0.28111638515800114,0.40974076149300254
2023-08-21,0.0,0.20124236422207745,0.20391461311011078,0.41190744950474995
2023-08-22,0.0,0.18734011921032243,0.19421805466068495,0.410815578593895
2023-08-23,0.0,0.17877267227012447,0.183257592453037,0.41887890661317806
2023-08-24,0.0,0.25406375470317416,0.29320707253525585,0.4243792152605688
2023-08-25,0.0,0.31162958317325473,0.3362264655468145,0.4214067217420595
2023-08-28,0.0,0.2824477379149997,0.3102996941516467,0.4239371737789569
2023-08-29,0.0,0.06306076759672397,0.06716411582517114,0.43469464197722474
2023-08-30,0.0,0.0913013425684773,0.10440761285753938,0.42772430073529605
2023-08-31,0.0,0.20354531353352798,0.2066190426690456,0.4275441132235127
2023-09-01,0.0,0.24674834017044397,0.26664395309225647,0.42626616975315756
2023-09-05,0.0,0.3138793743657836,0.3204229952211283,0.4235067439947431
2023-09-06,0.0,0.32169028197428073,0.32745796215276635,0.42484460677775754
2023-09-07,0.0,0.30611824850681596,0.3047674280895035,0.4231368488844997
2023-09-08,0.0,0.18615365912517023,0.20363205718541427,0.4232421018561158
2023-09-11,0.0,0.10543674558639507,0.10846794033555833,0.42518957437701893
2023-09-12,0.0,0.25527038559063603,0.26339679230276214,0.42516372534703545
2023-09-13,0.0,0.39519793716362184,0.3929103279166122,0.4189625393822739
2023-09-14,0.0,0.36382110729936423,0.36661818707055766,0.4184711118493906
2023-09-15,0.0,0.6002629689731913,0.6061674545770067,0.42308987732077064
2023-09-18,0.0,0.3287128554538704,0.3426509328409883,0.4230361214226354
2023-09-19,0.0,0.4480360461185611,0.4228070798643813,0.42167935774589355
2023-09-20,0.0,0.44203594697018894,0.4390018026815285,0.42560098671782165
2023-09-21,0.0,0.4882732691068193,0.45745828894174523,0.4308797739373253
2023-09-22,0.0,0.3849686240466169,0.3534223665955333,0.4239739198476531
2023-09-25,0.0,0.37200129800198845,0.34572665012545156,0.422466615174268
2023-09-26,0.0,0.4180422001048956,0.37613594277921075,0.42808227296651974
2023-09-27,0.0,0.6463315902230687,0.6252082697735125,0.4153266690691511
2023-09-28,0.0,0.8121715522663042,0.7936245230421564,0.41682663704220907
2023-09-29,0.0,0.7859941692107866,0.7636505845013807,0.41679478157143873
2023-10-02,0.0,0.7856028130818091,0.7853238181410459,0.41620745329723513
2023-10-03,0.0,0.7882438816011073,0.7813380843585488,0.4218835384528691
2023-10-04,0.0,0.849688313656591,0.8411242255186834,0.42633793590554486
2023-10-05,0.0,0.8378260746107344,0.8212791486625728,0.4263337764980082
2023-10-06,0.0,0.6253181329610542,0.6176250796411978,0.4340084175402376
2023-10-09,0.0,0.5660149841871385,0.5540699161906333,0.43372104479277335
2023-10-10,0.0,0.6557305049302308,0.618067898458878,0.43478477455157866
2023-10-11,0.0,0.6515991277175471,0.6282991963602294,0.43575084660535107
2023-10-12,0.0,0.8351456177530645,0.8306360555497966,0.4327567487890318
2023-10-13,0.0,0.7785313764661316,0.766424278215007,0.4284251983525845
2023-10-16,0.0,0.6252773538691477,0.5924741203765661,0.43415062697672774
2023-10-17,0.0,0.7852533868356358,0.7614374634783024,0.4340986679449918
2023-10-18,0.0,0.6685555592367838,0.6392498935990372,0.43756419452154477
2023-10-19,0.0,0.8043660994755996,0.7845612161467849,0.42982590360923845
2023-10-20,0.0,0.4995021614884571,0.45233522123283804,0.43557152125483434
2023-10-23,0.0,0.7108875998012062,0.6876660065210395,0.43443716439671937
2023-10-24,0.0,0.7806745044990725,0.7526420196253265,0.4289794743008734
2023-10-25,0.0,0.8203643209525923,0.7931030754968493,0.43686247151166074
2023-10-26,0.0,0.8798443086204406,0.8524141835034561,0.439042776857079
2023-10-27,0.0,0.8221164554506429,0.777898909531375,0.4393456585406884
2023-10-30,0.0,0.906655866011599,0.9005041866722177,0.44649772729580134
2023-10-31,0.0,0.9369403080785238,0.9286813254812875,0.4422520811153828
2023-11-01,0.0,0.9250826531339775,0.9186875029286586,0.4440368424676422
2023-11-02,0.0,0.6277312466055351,0.6113232208213766,0.4566163017395955
2023-11-03,0.0,0.6600346554404344,0.6746693310273327,0.4549311943911748
2023-11-06,0.0,0.7416826878382189,0.7624538331260269,0.4537954580456317
2023-11-07,0.0,0.6984551762958641,0.6882356716482398,0.4531721598762315
2023-11-08,0.0,0.6362019129211947,0.6344357308982772,0.4525934216528727
2023-11-09,0.0,0.7235703807353554,0.7258190504106496,0.4535440424009306
2023-11-10,0.0,0.5086831296130994,0.5264831196301256,0.46037993525647747
2023-11-13,0.0,0.6150776912649957,0.6222279310684582,0.45715213455419895
2023-11-14,0.0,0.40926316735357937,0.43038434374617435,0.46807497374337037
2023-11-15,0.0,0.3120014688491039,0.32100589893721787,0.46043652682778213
2023-11-16,0.0,0.33409634158210527,0.33098483262263734,0.45639274455416884
2023-11-17,0.0,0.35282890538762113,0.35199265504220056,0.447723915328205
2023-11-20,0.0,0.12374199365955571,0.12465118523343786,0.4472229133895709
2023-11-21,0.0,0.2552474163237256,0.2472039484731204,0.4478909472397992
2023-11-22,0.0,0.28484027680379526,0.303959012778789,0.4349743803404554
2023-11-24,0.0,0.7018597634704886,0.7216074219593547,0.4239404508835046
2023-11-27,0.0,0.15408953463897676,0.15620014680280983,0.4217397359350443
2023-11-28,0.0,0.20930267889611057,0.21083594797177496,0.4199325281950256
2023-11-29,0.0,0.334426511670006,0.34590054927487457,0.4210144695460948
2023-11-30,0.0,0.30861248935410057,0.3366358693198867,0.418964669967372
2023-12-01,0.0,0.3843464397757861,0.4178504551068879,0.40708173946523524
2023-12-04,0.0,0.5144078237211179,0.5405897709802592,0.40832120873408617
2023-12-05,0.0,0.455221654412237,0.46040738013715854,0.40875771664456967
2023-12-06,0.0,0.5638078834406439,0.584083702714753,0.4106550356060753
2023-12-07,0.0,0.35969683683920795,0.37296234020578967,0.4123827531480335
2023-12-08,0.0,0.32336181411839926,0.33979927137212496,0.4064103811946754
2023-12-11,0.0,0.17813749788010033,0.17768981352187282,0.39652580912468827
2023-12-12,0.0,0.06684451762444922,0.06586429101375456,0.39613910588436413
2023-12-13,0.0,0.09561088838837464,0.08568292719192105,0.38581752459691177
2023-12-14,0.0,0.13426588862192754,0.12670781466347988,0.38578418834038203
2023-12-15,0.0,0.2183994618312129,0.21193865273556892,0.3861170782125712
2023-12-18,0.0,0.10581900687449564,0.09598496719606964,0.38636863755950607
2023-12-19,0.0,0.08906110952497606,0.07760106726696099,0.38541789093492856
2023-12-20,0.0,0.2222762682308385,0.21186697086110728,0.4026565611810234
2023-12-21,0.0,0.10227134133012866,0.1013244285707933,0.4063895859834556
2023-12-22,0.0,0.22966785374985754,0.22391106079049908,0.4062761490999684
2023-12-26,0.0,0.350577825414969,0.3576864540257773,0.40549461288659877
2023-12-27,0.0,0.22978733918777705,0.23000463426600787,0.4054324039702037
2023-12-28,0.0,0.24432826953107187,0.2466858264683362,0.4050224330895768
2023-12-29,0.0,0.16191154223078974,0.157671123616951,0.4064044868901042
2024-01-02,0.0,0.23250452937747432,0.23618814358872092,0.40866099460118155
2024-01-03,0.0,0.43749827844420197,0.4329042755936174,0.4109531292687033
2024-01-04,0.0,0.4806046067825931,0.4845589363290379,0.4119701783827139
2024-01-05,0.0,0.5338752404748816,0.5466161299087422,0.41045825818601406
2024-01-08,0.0,0.08550200153625052,0.0864689287381875,0.4162847628118705
2024-01-09,0.0,0.19381245894968144,0.20211417133810478,0.41654928291398385
2024-01-10,0.0,0.0894847556784762,0.08742869975153629,0.41708178581453054
2024-01-11,0.0,0.12708998129127216,0.1324245077627761,0.41689523201931644
2024-01-12,0.0,0.20334493805159976,0.2115055339396679,0.40886775359520033
2024-01-16,0.0,0.36868065270814837,0.37665738424003875,0.4096947756387952
2024-01-17,0.0,0.4960915799199295,0.49606492050886697,0.41157465089683404
2024-01-18,0.0,0.2650347488875811,0.2723895901361317,0.4143555507071266
2024-01-19,0.0,0.1612698753572796,0.17130129778284398,0.4197327332874043
2024-01-22,0.0,0.08276427726964371,0.07938996704981033,0.4068868322258152
2024-01-23,0.0,0.1283977802269165,0.12641213589334638,0.40255764139386135
2024-01-24,0.0,0.09818609846836965,0.09171673124130524,0.40255621756038534
2024-01-25,0.0,0.11484127221156598,0.11997205954377414,0.40297610274951584
2024-01-26,0.0,0.09386867523870916,0.0872662342999087,0.403171018538812
2024-01-29,0.0,0.10040893215890331,0.09688367631829589,0.40532728315540284
2024-01-30,0.0,0.10445585742288564,0.1006526743050354,0.40450412274899933
2024-01-31,0.0,0.4072206770576591,0.3771184194867819,0.4179041271151355
2024-02-01,0.0,0.2287420849659713,0.2489223577461841,0.419154711806229
2024-02-02,0.0,0.24221840899706812,0.2531446670529562,0.4207082206336895
2024-02-05,0.0,0.1729967310422247,0.17468324910903454,0.42230015541575966
2024-02-06,0.0,0.1881094331145159,0.1703852550050037,0.41555057924987776
2024-02-07,0.0,0.18842794624123618,0.17108835451946763,0.41666279344922197
2024-02-08,0.0,0.17037760289000442,0.1675157814530358,0.416273023465837
2024-02-09,0.0,0.17299864548722557,0.1648797940266459,0.4163732483902451
2024-02-12,0.0,0.1261257784998524,0.11536417493480888,0.4168089822880104
2024-02-13,0.0,0.35941768057460416,0.3235903393882065,0.42695577232617077
2024-02-14,0.0,0.27295601142274356,0.2769288250924322,0.4264747900031956
2024-02-15,0.0,0.2020519087979607,0.21284444624678567,0.42522004615287134
2024-02-16,0.0,0.2845598306995743,0.29428087061659775,0.4226841471878094
2024-02-20,0.0,0.40668894595542154,0.3933103509791772,0.4252478766548981
2024-02-21,0.0,0.3570520945902703,0.35583152992660483,0.425122793958554
2024-02-22,0.0,0.09128938794081856,0.09392764360805375,0.44093627862255114
2024-02-23,0.0,0.07336267041870005,0.07840716298142963,0.4406678374794508
2024-02-26,0.0,0.1519298314427309,0.14717579312545895,0.4416847868528987
2024-02-27,0.0,0.19607072119869945,0.194651765772286,0.44032848873169345
2024-02-28,0.0,0.2454008856677801,0.2683903100157721,0.4405493124531049
2024-02-29,0.0,0.2623828013972798,0.2648761235319789,0.4272483869521582
2024-03-01,0.0,0.23760613532204178,0.24475743576836598,0.42408962493975577
2024-03-04,0.0,0.24335354892628472,0.24274952768262148,0.421094642268189
2024-03-05,0.0,0.4064580675630621,0.39632409180770944,0.42640331460745645
2024-03-06,0.0,0.28063900688011195,0.2806847700096183,0.4269772659938918
2024-03-07,0.0,0.1643889507887688,0.17340620521612177,0.4283813812702533
2024-03-08,0.0,0.2829732306913153,0.2770947777728267,0.43111053930188187
2024-03-11,0.0,0.29647082184117324,0.28558841896291526,0.43039760317824644
2024-03-12,0.0,0.24702830727832775,0.2381828800746927,0.4344039239742863
2024-03-13,0.0,0.3542548166788211,0.3429659313509498,0.4245597922973339
2024-03-14,0.0,0.4792007926817818,0.48301450821986575,0.42279740610419053
2024-03-15,0.0,0.709382039486058,0.7191782572332978,0.42452370299627185
2024-03-18,0.0,0.3588546566869596,0.3396216304303831,0.42410868569490856
2024-03-19,0.0,0.313800020934254,0.29758847341004685,0.4220470774709613
2024-03-20,0.0,0.20519673555915655,0.20739008351573265,0.4240722430125381
2024-03-21,0.0,0.12233862024942253,0.11723464725289433,0.4056783606598393
2024-03-22,0.0,0.22046642936387112,0.2143374369431704,0.4060684064537397
2024-03-25,0.0,0.19447188875708585,0.1887133122063578,0.40567112844480413
2024-03-26,0.0,0.2096267625306278,0.19483443692741997,0.4066218558093063
2024-03-27,0.0,0.1456632972771766,0.14167558393544236,0.40885654471240773
2024-03-28,0.0,0.13469971041804268,0.13138198110874122,0.40817945523006355
2024-04-01,0.0,0.18966067191674005,0.18650639654044146,0.406309078225268
2024-04-02,0.0,0.32146974161062886,0.3070296534723797,0.4096699212392109
2024-04-03,0.0,0.39565957952848513,0.3770961860813557,0.40267459422839047
2024-04-04,0.0,0.440292548817744,0.4462234847313558,0.41127015571023123
2024-04-05,0.0,0.4088384013305517,0.4344770885705797,0.41211927605612053
2024-04-08,0.0,0.34077215780889325,0.3518389707992765,0.4094764801597948
2024-04-09,0.0,0.2298139142383398,0.23893695514189014,0.40928855207935844
2024-04-10,0.0,0.310605799918807,0.31599751225520095,0.40822166747841
2024-04-11,0.0,0.25537762964011773,0.270665721393738,0.41087253714772287
2024-04-12,0.0,0.26230980823648664,0.25510868005512666,0.42105307444852896
2024-04-15,0.0,0.2840530039187866,0.2760812464116231,0.4255867512603471
2024-04-16,0.0,0.3151681627065425,0.2954887175927428,0.4234060954240147
2024-04-17,0.0,0.29227059770845015,0.28238235868418593,0.4221828599685506
2024-04-18,0.0,0.2711001076784444,0.26119861213886664,0.41671489063253797
2024-04-19,0.0,0.4134711826313936,0.41856774651288314,0.417186718128611
2024-04-22,0.0,0.1886073329707902,0.17660361424276658,0.42304700015282265
2024-04-23,0.0,0.1755315865504292,0.17547500809903846,0.4313661680235641
2024-04-24,0.0,0.16129995119233442,0.1652464974131124,0.4313751383102683
2024-04-25,0.0,0.31008910629003367,0.31288054926536485,0.42722055329378417
2024-04-26,0.0,0.13731169153285536,0.14844907132445234,0.43299965493952025
2024-04-29,0.0,0.10996630331825796,0.12068166967336526,0.43383273010947765
2024-04-30,0.0,0.3112293138894418,0.3122703770829575,0.44077522551091014
2024-05-01,0.0,0.4066156961132874,0.4210921358559632,0.4405736018225532
2024-05-02,0.0,0.39647977268694334,0.4210232576998596,0.4400818117804068
2024-05-03,0.0,0.20699971336743142,0.21813179176489078,0.44152549793856993
2024-05-06,0.0,0.14873124466928087,0.15076951614793233,0.44598094142276357
2024-05-07,0.0,0.2042661801231902,0.19441884667473816,0.44596886268030683
2024-05-08,0.0,0.2425667418429557,0.22975837890652348,0.44249679254289914
2024-05-09,0.0,0.24378072818481675,0.2435875050421056,0.441388993731549
2024-05-10,0.0,0.2809299550191858,0.2767885722129534,0.4320922889320874
2024-05-13,0.0,0.2268323676939894,0.21584870566612768,0.42440477950403654
2024-05-14,0.0,0.38141599508065976,0.3858809038598622,0.4241770037302658
2024-05-15,0.0,0.1278176299642164,0.12780783763577092,0.4251416682407906
2024-05-16,0.0,0.193075605376508,0.18253676158876947,0.42508494394405894
2024-05-17,0.0,0.19875759079283845,0.19346118355286446,0.4187261788469631
2024-05-20,0.0,0.26001613016040936,0.2527141737403198,0.4174209483492242
2024-05-21,0.0,0.2332232961909179,0.22015129138270606,0.41309849488735917
2024-05-22,0.0,0.2550129875394831,0.24981501174342685,0.41417374922527767
2024-05-23,0.0,0.2175824230987244,0.21794411946392528,0.416476538944579
2024-05-24,0.0,0.44515235456872515,0.4586820440213496,0.4143801115415204
2024-05-28,0.0,0.2850304739173255,0.2752471144601478,0.4144407337173272
2024-05-29,0.0,0.24149849985870725,0.23863791026445416,0.40210643004780705
2024-05-30,0.0,0.27752630637416154,0.27429215805952123,0.4041308345795223
2024-05-31,0.0,0.3581125471264069,0.37608842886035426,0.40331510086845296
2024-06-03,0.0,0.3783485737721155,0.3817987700732247,0.3963674386125532
2024-06-04,0.0,0.26486678232747835,0.25238502899569526,0.39101013606326435
2024-06-05,0.0,0.09234920688500871,0.0890004532421872,0.3981745221437101
2024-06-06,0.0,0.2274893935327101,0.2271941586781727,0.3982149230043464
2024-06-07,0.0,0.24344899526322994,0.23555973592694718,0.3977861258019678
2024-06-10,0.0,0.19480807949662365,0.18765840527165809,0.39788050213032555
2024-06-11,0.0,0.13689580805704166,0.1286009328893869,0.39782243280345647
2024-06-12,0.0,0.06065629464319905,0.05722196359411816,0.40010629229640715
2024-06-13,0.0,0.039793233164440486,0.03414526242732258,0.3935014957453863
2024-06-14,0.0,0.08176820510836208,0.07507698858325602,0.39295237692462354
2024-06-17,0.0,0.0842785766283124,0.07445988631337058,0.39547985008425185
2024-06-18,0.0,0.08261681723399039,0.07649156754354972,0.3954977690240386
2024-06-20,0.0,0.09511212695120164,0.09758795959824877,0.3964923590072851
2024-06-21,0.0,0.22314641392227721,0.19723357643980224,0.39597366527496336
2024-06-24,0.0,0.18186220852880497,0.166556257195927,0.3921377860975091
2024-06-25,0.0,0.19584616541275424,0.18431143261837363,0.3905319003645124
2024-06-26,0.0,0.2510646224347057,0.24690829141133233,0.3904111123679782
2024-06-27,0.0,0.14267853010047654,0.1400538673895437,0.38437293910464226
2024-06-28,0.0,0.3834493228427975,0.3611508950823781,0.3822915039010954
2024-07-01,0.0,0.2648792622862056,0.2564988655334428,0.3793627395919276
2024-07-02,0.0,0.15065233037002276,0.13731793268360487,0.3807694479835815
2024-07-03,0.0,0.5437726550122228,0.5444177637471095,0.38140777569024237
2024-07-05,0.0,0.12518126098345592,0.11574351506105993,0.374219839785114
2024-07-08,0.0,0.1584375444470909,0.14171783041199665,0.3738616277869356
2024-07-09,0.0,0.12023454971075527,0.10629651143883066,0.3730728101253437
2024-07-10,0.0,0.1265740506317373,0.11473425062785143,0.3786585877651776
2024-07-11,0.0,0.17645102338309604,0.17549800772595334,0.3879757054945838
2024-07-12,0.0,0.18918016157570566,0.1833350062065309,0.38572398917870365
2024-07-15,0.0,0.11180807437143646,0.10105962804790367,0.38578138708873694
2024-07-16,0.0,0.11459088725327096,0.10302644819972483,0.3868131361389697
2024-07-17,0.0,0.18291121843185804,0.16813298194487508,0.4002436070997045
2024-07-18,0.0,0.22905157329321763,0.22190030044558676,0.40439654764491517
2024-07-19,0.0,0.3125212370072538,0.30311505238866676,0.40710652199167063
2024-07-22,0.0,0.09926550473521359,0.09794616418739904,0.4123704817760065
2024-07-23,1.0,0.2241870001335626,0.22495017546030707,0.4118585436766889
2024-07-24,0.0,0.47305412480895304,0.479981167929046,0.43646974168408575
2024-07-25,0.0,0.3885715068974961,0.3860640174234063,0.4371615262358456
2024-07-26,0.0,0.34104597511485635,0.3686676357795416,0.44236912762235303
2024-07-29,0.0,0.3551771544188663,0.37708614541173757,0.44176651612496426
2024-07-30,0.0,0.44192159239595197,0.449523135046607,0.44237185453418926
2024-07-31,0.0,0.23960475729013933,0.2518074455741892,0.4503775909772307
2024-08-01,0.0,0.5037842463576586,0.5185252487191092,0.45575051907635594
2024-08-02,1.0,0.44768526975898315,0.46854462100076383,0.46401742898090687
2024-08-05,0.0,0.25318433035445853,0.26998495277465745,0.4863331217797597
2024-08-06,0.0,0.4747513575771951,0.49034675494596397,0.49111833243171266
2024-08-07,0.0,0.48748530246967575,0.4818296525672049,0.48633958232493957
2024-08-08,0.0,0.5210478274536088,0.5060650839588126,0.504084754401754
2024-08-09,0.0,0.5156255452679924,0.5226793155145243,0.5037590878732524
2024-08-12,0.0,0.5321187524350687,0.5286565074639107,0.5031985807139583
2024-08-13,0.0,0.337446326129942,0.34026353021146316,0.510574149559655
2024-08-14,0.0,0.26501849072525724,0.2949916140986274,0.5074594320856444
2024-08-15,0.0,0.15226392258639274,0.170523970820356,0.5130415077657181
2024-08-16,0.0,0.173497607783865,0.19938975932176217,0.5117420336789976
2024-08-19,0.0,0.10947749947395218,0.11407512047364368,0.5112256771967303
2024-08-20,0.0,0.22982595995204624,0.25356521651295805,0.5112732184890943
2024-08-21,0.0,0.15729102189806,0.17610242378861704,0.4962581207346681
2024-08-22,0.0,0.32739411332763746,0.3757420660110659,0.4980441523121107
2024-08-23,0.0,0.15995504089035825,0.17969456971618852,0.4982461455808225
2024-08-26,0.0,0.20372898715053328,0.23001393598515005,0.49882421040429137
2024-08-27,0.0,0.19937998360878142,0.2266804644703805,0.4976656138518941
2024-08-28,0.0,0.18406773347665809,0.21303039619635672,0.4933492443880773
2024-08-29,0.0,0.1952404239259543,0.22893221326591845,0.48731165479792216
2024-08-30,1.0,0.29140240600300216,0.3369643354318332,0.4768646379506672
2024-09-03,0.0,0.4497597456843792,0.46423743347067525,0.4607250358588164
2024-09-04,0.0,0.39090941225463455,0.39160848109669677,0.4595701278950549
2024-09-05,0.0,0.49256757751714036,0.5008831603845468,0.45692202373173485
2024-09-06,0.0,0.5177162976032489,0.5261210672220352,0.45406843457386203
2024-09-09,0.0,0.41486858781713376,0.40418743041869204,0.45749738622060343
2024-09-10,0.0,0.37653857119205153,0.3477323136640968,0.45778104488543836
2024-09-11,0.0,0.29889759361140905,0.2964668728907348,0.4523461277407149
2024-09-12,0.0,0.21160392096978464,0.2146253939257301,0.4535122722166821
2024-09-13,0.0,0.28707982635484647,0.30537124221682355,0.445857020694146
2024-09-16,0.0,0.17026349411719274,0.16686963981547262,0.4458093011347629
2024-09-17,0.0,0.150561577085862,0.14400656407016355,0.44255711180411333
2024-09-18,0.0,0.3365672893004623,0.3135875250114106,0.44274748015368576
2024-09-19,0.0,0.15087576108198245,0.1565298862561362,0.452317342349388
2024-09-20,0.0,0.4950404879332936,0.47839131871136703,0.44901847436950676
2024-09-23,0.0,0.2706858217860989,0.2711743971317906,0.4450193930559643
2024-09-24,0.0,0.2681466383208325,0.28349480797151866,0.4444825251322491
2024-09-25,0.0,0.24673281184939033,0.27323511433894043,0.44477528787750836
2024-09-26,0.0,0.20632544150907567,0.2150963163564325,0.4431536910193206
2024-09-27,0.0,0.2927732952836122,0.3060102550503038,0.4433417848260464
2024-09-30,0.0,0.29293763519568744,0.2978573448282085,0.4406073877435851
2024-10-01,0.0,0.5104733761357597,0.5169834989316332,0.42398943147603874
2024-10-02,0.0,0.552999618777634,0.5541135963518947,0.42360529697481925
2024-10-03,0.0,0.572709957801277,0.5770206903538043,0.4231002498735253
2024-10-04,0.0,0.4794504614121641,0.4867244555600406,0.40562677527222885
2024-10-07,0.0,0.5871039887112094,0.577977589609162,0.40925809684754605
2024-10-08,0.0,0.42843678038309624,0.4292053920408278,0.4119635880432576
2024-10-09,0.0,0.2660648529269776,0.2772906396343146,0.40946259574219157
2024-10-10,0.0,0.32069213611780456,0.326273369848623,0.40860599148464016
2024-10-11,0.0,0.17756508134001434,0.17209540571873697,0.40888886822986037
2024-10-14,0.0,0.1379449337421851,0.12988691917747205,0.4107085117557565
2024-10-15,0.0,0.23547656141081214,0.22807740214811772,0.4151363291537236
2024-10-16,0.0,0.2608422499990752,0.2597584043890553,0.4144504065353943
2024-10-17,0.0,0.15846405276448586,0.16163394357612848,0.4016806377493686
2024-10-18,0.0,0.25878461824575943,0.25128716222852465,0.4015031826291266
2024-10-21,0.0,0.2452627290993834,0.23659616471665787,0.40194356121784425
2024-10-22,0.0,0.2684513889937618,0.2682428484260189,0.4019763116714472
2024-10-23,0.0,0.35111648157641695,0.33689529527475537,0.40727453531806984
2024-10-24,0.0,0.39599185098633277,0.3839843577102093,0.4067602991411056
2024-10-25,0.0,0.40976298381765214,0.40594853612841125,0.4066153037833768
2024-10-28,0.0,0.47835565173557915,0.48524047807664517,0.4061125435812508
2024-10-29,0.0,0.3382307500278552,0.3318704300099588,0.40021504773150485
2024-10-30,0.0,0.5342263385105158,0.5435653246105417,0.4012735968435414
2024-10-31,0.0,0.5920023231552164,0.574724396068504,0.4202608546114854
2024-11-01,0.0,0.5713283061440746,0.5594084896037067,0.4171595187350053
2024-11-04,0.0,0.4680620617011173,0.4560907074294994,0.4129435359829976
2024-11-05,0.0,0.3751969430017191,0.3668618070942698,0.4157451826037566
2024-11-06,0.0,0.16831295173858465,0.16522725670035404,0.440502591688404
2024-11-07,0.0,0.17075807184047928,0.17184514185785138,0.4414280142506972
2024-11-08,0.0,0.16009491983567115,0.16109667097253716,0.4408361666600764
2024-11-11,0.0,0.12500456074790894,0.12006821334256784,0.43926449734189776
2024-11-12,0.0,0.15542258468192008,0.15142207163985713,0.4367538066857424
2024-11-13,0.0,0.1736815931931985,0.17000389486518516,0.4363534522027834
2024-11-14,0.0,0.22767529035851897,0.22157067363537128,0.4383592170574634
2024-11-15,0.0,0.40339090396479577,0.39548519676772936,0.4452525716379875
2024-11-18,0.0,0.38134567717031137,0.3724137278522375,0.44560741123823294
2024-11-19,0.0,0.46907323502230686,0.4618178956893979,0.44602949230429817
2024-11-20,0.0,0.4717368377397455,0.48210241400120607,0.44220352713358047
2024-11-21,0.0,0.2843005085850951,0.30705636255650026,0.4428499110421954
2024-11-22,0.0,0.23483966965379632,0.25432952282725,0.4429290212888249
2024-11-25,0.0,0.2376680495458077,0.24080196730214687,0.4429695806167853
2024-11-26,0.0,0.19392617618075977,0.20987798465584423,0.44364816228756176
2024-11-27,0.0,0.13476706092411622,0.13352497607310362,0.4438474186606524
2024-11-29,0.0,0.5777710358429032,0.5887145426538597,0.42638632479241195
2024-12-02,0.0,0.1752629085445986,0.16866018860387622,0.426313536983654
2024-12-03,0.0,0.18052337547969877,0.18302782690612074,0.42513813311010784
2024-12-04,0.0,0.13007169145545006,0.1306066321573915,0.4214601779317302
2024-12-05,0.0,0.1470647888812426,0.14686396696182719,0.3920364136896271
2024-12-06,0.0,0.18517489553972746,0.19015207417422464,0.38942376428028785
2024-12-09,0.0,0.32460530254732206,0.3072040617466898,0.3920439908607158
2024-12-10,0.0,0.29914083975233785,0.2815950693275205,0.3927734291331484
2024-12-11,0.0,0.1676287234028875,0.16855606398167194,0.39575185479253167
2024-12-12,0.0,0.27620821899995457,0.26886888228931166,0.3980826320196552
2024-12-13,0.0,0.3186506397892343,0.3188245147740438,0.39524139337159675
2024-12-16,0.0,0.3846422785683521,0.37548172713919653,0.3806297452573932
2024-12-17,1.0,0.3724024344276319,0.35548498291011943,0.38248796798917867
2024-12-18,0.0,0.6232700096676607,0.6037201533670913,0.4314105706868377
2024-12-19,0.0,0.44067299509123975,0.43007402625940155,0.4314143774607223
2024-12-20,0.0,0.6314688191481707,0.6491870796400729,0.4352967551549523
2024-12-23,0.0,0.36367376128876183,0.38831001487716815,0.4369871971966552
2024-12-24,0.0,0.5481928509953896,0.588710326406239,0.4413184844421907
2024-12-26,0.0,0.10538102671270448,0.1133630102740473,0.44018974399359406
2024-12-27,0.0,0.3463850703450213,0.35523676225671863,0.44437815193691566
2024-12-30,0.0,0.3204150820955531,0.3472535795535716,0.446783453574539
2024-12-31,0.0,0.20301198936168366,0.2242484045612793,0.44665202271448834
2025-01-02,0.0,0.4356388761507292,0.45743176994103546,0.44654599748328744
2025-01-03,0.0,0.3093005035344904,0.339484860277821,0.4516813354494964
2025-01-06,0.0,0.5580952075745685,0.5975032164001062,0.4531737497708594
2025-01-07,0.0,0.6491997213469524,0.6828392562415047,0.45623279033018815
2025-01-08,0.0,0.590759713226366,0.6141851847086776,0.455681170400137
2025-01-10,0.0,0.5279488853218545,0.5467023663122939,0.46233287360379804
2025-01-13,0.0,0.5487453912086155,0.5372363601952349,0.45933111133931304
2025-01-14,0.0,0.5804006359746703,0.5772017152522982,0.4592105230771402
2025-01-15,0.0,0.2524627402277762,0.25701923182067976,0.47168372161323974
2025-01-16,0.0,0.40055667135449063,0.4030248667801933,0.4710232083607132
2025-01-17,0.0,0.2696111702721538,0.2706083530460525,0.47430544569715277
2025-01-21,0.0,0.20400668827541416,0.18830907738757885,0.44586962399692953
2025-01-22,0.0,0.18153070834396223,0.1726477330310822,0.44636406902804215
2025-01-23,0.0,0.17496168058211511,0.17021547303712606,0.4436758140252675
2025-01-24,0.0,0.3123245222242616,0.3004553229452502,0.44299376396466866
2025-01-27,0.0,0.5770721542471136,0.559640375950561,0.447320479941215
2025-01-28,0.0,0.3698392578778569,0.36593440898739954,0.4504172905138172
2025-01-29,0.0,0.5358337785521041,0.5300815682142798,0.44648548235537017
2025-01-30,0.0,0.33624704781895476,0.3507961216920331,0.4419259943471264
2025-01-31,0.0,0.4739925537283473,0.5031418434749849,0.44228579582409133
2025-02-03,0.0,0.6730553144366963,0.687003357227539,0.4448384858601189
2025-02-04,0.0,0.44395842213491055,0.4315498245963252,0.4411198831681962
2025-02-05,0.0,0.4625093723599865,0.4887005518754335,0.4406153857911189
2025-02-06,0.0,0.43485848351684514,0.45048281061197903,0.4348304053872208
2025-02-07,0.0,0.5716860939499812,0.5964633435759729,0.4394590526975645
2025-02-10,0.0,0.5355683552976732,0.5254408653144911,0.42867280538190244
2025-02-11,0.0,0.5084550447023962,0.49706988376243644,0.42878708371251284
2025-02-12,0.0,0.564245007056649,0.5692782566043613,0.42968942249726916
2025-02-13,0.0,0.38281671716789006,0.37505827387191965,0.4205559116087313
2025-02-14,0.0,0.5030208401596274,0.5102501384441466,0.420063661822682
2025-02-18,0.0,0.3786921047530813,0.36317712786299133,0.4164670916024683
2025-02-19,0.0,0.4383936751108701,0.420940553461314,0.4135039246338098
2025-02-20,0.0,0.47765703033332213,0.48559852734501396,0.4131136772190972
2025-02-21,0.0,0.6963085999750604,0.6711021764145862,0.42515220946619897
2025-02-24,0.0,0.6431103740965698,0.6308316156631908,0.4257283640810661
2025-02-25,0.0,0.601484853266562,0.5852217812335004,0.41743204790338995
2025-02-26,0.0,0.5057387285394487,0.4907674493034912,0.41254213207183055
2025-02-27,0.0,0.30062066854078384,0.3095147268954195,0.42248387123707654
2025-02-28,0.0,0.6170652567743931,0.623333106586213,0.4334651621703995
2025-03-03,0.0,0.5331360130097264,0.5518553781674301,0.44361531294841844
2025-03-04,0.0,0.5321205002914436,0.5307692156629902,0.4465174496318422
2025-03-05,0.0,0.5540182827458534,0.5666308100944013,0.44970195607908786
2025-03-06,0.0,0.4783116068029091,0.4570284366175729,0.45716346182856277
2025-03-07,1.0,0.5776008797422687,0.5808414136137887,0.45810112529689456
2025-03-10,0.0,0.6764181925611684,0.6707987373558825,0.47536341738354815
2025-03-11,0.0,0.7243908012078203,0.7098889111858013,0.4723599493928114
2025-03-12,0.0,0.736755680058046,0.698075222380634,0.4742477304193878
2025-03-13,0.0,0.8443424230861294,0.8100599248417387,0.477031601163525
2025-03-14,0.0,0.7589659902347363,0.7464613319858774,0.4897220063831012
2025-03-17,0.0,0.6703760571081678,0.6530324107217912,0.49224294887493647
2025-03-18,0.0,0.6486817615049597,0.6018377607719559,0.4923370898264253
2025-03-19,0.0,0.8559595011709377,0.8557080484711499,0.4972316849079204
2025-03-20,0.0,0.8238382537093445,0.8047520877902745,0.49729709122997884
2025-03-21,0.0,0.9401881805439458,0.926743287593541,0.49263463596331747
2025-03-24,0.0,0.7249922169205477,0.7326935303499963,0.5030947305444755
2025-03-25,0.0,0.6751392924234089,0.6695071719538229,0.5031073245305691
2025-03-26,0.0,0.8013310055530611,0.8125285561121329,0.5053162612003322
2025-03-27,0.0,0.7799534145603638,0.7853830918951101,0.5001578036201526
2025-03-28,0.0,0.8288694602743061,0.8008292071684954,0.4995555000852146
2025-03-31,0.0,0.6885275470224312,0.6733674645017077,0.49526972997445085
2025-04-01,0.0,0.8615149434661228,0.8500643919359913,0.49296607141873094
2025-04-02,1.0,0.7488390747327947,0.7521513590966503,0.4904493757267926
2025-04-03,1.0,0.8556837560144059,0.8622990972345338,0.5367243079777619
2025-04-04,0.0,0.8912589229083074,0.914387357841774,0.592368065958093
2025-04-07,0.0,0.8577304556244147,0.8726063204441382,0.5848083160473797
2025-04-08,0.0,0.7163047961637147,0.7493145372787543,0.5866098286297091
2025-04-09,1.0,0.8904927708617495,0.9022337757308584,0.7085217921806174
2025-04-10,0.0,0.8096633513085514,0.8496131292383745,0.7174325103153013
2025-04-11,0.0,0.9129660991332592,0.926540285924637,0.7161639801973452
2025-04-14,0.0,0.8554599085810681,0.8833695579696695,0.7164242837586895
2025-04-15,1.0,0.8153461560895874,0.835344783698046,0.715692502729717
2025-04-16,0.0,0.8672858661389372,0.8813837882545406,0.7177969655494485
2025-04-17,1.0,0.9081988913965571,0.9209595338977109,0.7179699191729154
2025-04-21,0.0,0.7789426660344991,0.8068284727839268,0.7213997730992919
2025-04-22,0.0,0.8029142023942294,0.8198777985754648,0.7247935998862526
2025-04-23,0.0,0.8430446010789696,0.8806714758513773,0.7281315958285625
2025-04-24,0.0,0.7600685967969045,0.8265265956258463,0.7318546078050919
2025-04-25,0.0,0.8445330543599608,0.8950406325910001,0.7324567524701298
2025-04-28,0.0,0.747594731558594,0.816495294849566,0.7292981047992574
2025-04-29,0.0,0.6413894713291426,0.7164084381803658,0.7293239033760055
2025-04-30,0.0,0.7660891103125956,0.8344143084025144,0.7292177627797822
2025-05-01,0.0,0.6137857436279351,0.700954933413568,0.7291686467887535
2025-05-02,0.0,0.5694833995938868,0.6479767814244058,0.708076220618994
2025-05-05,0.0,0.6959581247875063,0.7536219574157732,0.665326253850027
2025-05-06,0.0,0.748512461052436,0.796635586576655,0.6666704914000113
2025-05-07,0.0,0.6940033193367986,0.7574785153514204,0.6610996016152144
2025-05-08,0.0,0.612043844062645,0.6131295144423766,0.5262949658131661
2025-05-09,0.0,0.6894620539507176,0.6999667745815243,0.4914217972636482
2025-05-12,0.0,0.43127527634851615,0.4849842691729468,0.5077295533517461
2025-05-13,0.0,0.46408485804426886,0.503731536750813,0.507616045283622
2025-05-14,0.0,0.4625081187084612,0.4914387335572881,0.5069494092457165
2025-05-15,0.0,0.43790010162208987,0.4660003751089663,0.4865341313241154
2025-05-16,0.0,0.44956379773348043,0.4768997289026957,0.4859494282694815
2025-05-19,0.0,0.32236710510033356,0.3120674536885429,0.4583075195234881
2025-05-20,0.0,0.38696978076364147,0.3775460438991632,0.450044121144787
2025-05-21,0.0,0.43444676918978675,0.4268467677931201,0.4610919227147618
2025-05-22,0.0,0.5317458690309355,0.5345502709895593,0.45216443071775314
2025-05-23,0.0,0.4257307798465282,0.42108595981780433,0.4546958046262888
2025-05-27,0.0,0.26643979197886863,0.2641595345779698,0.46489674240556156
2025-05-28,0.0,0.4147286120616223,0.42236329313757237,0.4671891071232683
2025-05-29,0.0,0.4656078269237186,0.4574478291891634,0.4671499225777944
2025-05-30,0.0,0.6863800345272131,0.6833786802301196,0.46705886342029435
2025-06-02,0.0,0.6623565198510536,0.6603059014245841,0.46219519061945596
2025-06-03,0.0,0.2879916352876428,0.2936691378362202,0.4598976474535238
2025-06-04,0.0,0.3085947675165739,0.31227690379257583,0.4562488477396148
2025-06-05,0.0,0.5268566234639855,0.5255296849324583,0.4585304474043222
2025-06-06,0.0,0.2758524992739282,0.3137497657725278,0.46012753489235214
2025-06-09,0.0,0.3346645710911818,0.3282479560823509,0.45980841435078096
2025-06-10,0.0,0.3525387077512546,0.3292008456200284,0.4246252642359264
2025-06-11,0.0,0.41273324391048505,0.38370107928173264,0.4238616610949668
2025-06-12,0.0,0.3912695592903649,0.3790912241009044,0.42416596453440525
2025-06-13,0.0,0.28211384099312053,0.2664780491996579,0.4303356828849099
2025-06-16,0.0,0.25487314509832015,0.22442628795838845,0.43189157815774787
2025-06-17,0.0,0.3133254969368854,0.2795378979460661,0.4351131408621213
2025-06-18,0.0,0.33027788017640747,0.27793714331796077,0.43440900367452623
2025-06-20,0.0,0.45441118002050007,0.43980181754632564,0.42229096673403504
2025-06-23,0.0,0.6146657355812355,0.6128650275533348,0.4252996299485551
2025-06-24,0.0,0.23299060355071208,0.21702661147252503,0.4256045779075647
2025-06-25,0.0,0.2998339896471206,0.2857813176129176,0.40899707610004216
2025-06-26,0.0,0.2676932709143668,0.24627025106173872,0.40818184901091953
2025-06-27,0.0,0.23315668764785427,0.22579062763642552,0.40850435925580075
2025-06-30,0.0,0.15543104773249056,0.1495602737537712,0.4086349704958566
2025-07-01,0.0,0.27040353544989043,0.2590894574925258,0.4090958240991833
2025-07-02,0.0,0.28627741088896697,0.2905462737231444,0.4087418731328703
2025-07-03,0.0,0.6556903857041952,0.6808613868227393,0.4103933091684424
2025-07-07,0.0,0.2962453317211927,0.29911363217777287,0.4128327144223438
2025-07-08,0.0,0.5304600397766108,0.546926076309425,0.40978852633017054
2025-07-09,0.0,0.3560538202121763,0.3745181766007482,0.41060606343972345
2025-07-10,0.0,0.2520253958715369,0.2649908156402674,0.41000824240257555
2025-07-11,0.0,0.26467217124235204,0.2772427035763817,0.4103012290644287
2025-07-14,0.0,0.41146776848348815,0.4168648983927474,0.41011692264009864
2025-07-15,0.0,0.389650369170267,0.39283964430890145,0.4022484423510701
2025-07-16,0.0,0.3299263457364505,0.32420922793247625,0.3991123801691509
2025-07-17,0.0,0.16994613355543473,0.16464537444114363,0.3926098544391843
2025-07-18,0.0,0.26238590490464153,0.24921458319010206,0.39252860969217884
2025-07-21,0.0,0.24969799977680399,0.23239108172861364,0.39104651852074424
2025-07-22,0.0,0.27655139085879704,0.27311725053094316,0.3878077555360996
2025-07-23,0.0,0.17093317410129022,0.17016412758930832,0.38426599271025663
2025-07-24,0.0,0.16017133296018038,0.1620058257956208,0.3840704839873137
2025-07-25,0.0,0.1292741965014358,0.11289415039596913,0.3815956724439301
2025-07-28,0.0,0.1740528345974535,0.15723523541522264,0.3809157578076408
2025-07-29,0.0,0.11707380627636148,0.10547094051413658,0.3814773551599689
2025-07-30,0.0,0.29797001502600706,0.2835671974481355,0.3815299977794447
2025-07-31,0.0,0.37981771824103666,0.37592177765307605,0.38231607373281157
2025-08-01,0.0,0.5071688418542643,0.488069403361674,0.39637035836542767
2025-08-04,0.0,0.3860866783300061,0.3755453786297259,0.4049590477563787
2025-08-05,0.0,0.3799121037912397,0.37889697407472417,0.4065768207441553
2025-08-06,0.0,0.3597854471956605,0.3555414802869011,0.407387246743689
2025-08-07,0.0,0.2945812040752017,0.29149077232688786,0.40723339424432425
2025-08-08,0.0,0.2736565979989717,0.28360080957393174,0.4090215239312017
2025-08-11,0.0,0.2336264651668579,0.23892931309941953,0.4096477289569639
2025-08-12,0.0,0.1563646760595935,0.15620137474179138,0.413578954704339
2025-08-13,0.0,0.10634891120163836,0.10312589644103647,0.4135848895692006
2025-08-14,0.0,0.12285248031011343,0.12156849793347715,0.41288405971109116
2025-08-15,0.0,0.19075872537527583,0.18020383611415405,0.41368467364649714
2025-08-18,0.0,0.2290531236603333,0.23418164025416702,0.4137665038895604
2025-08-19,0.0,0.17376669984742515,0.17543114481059033,0.4161145297689998
2025-08-20,0.0,0.1988162523793159,0.2071620360970523,0.4139289507608761
2025-08-21,0.0,0.24524072379689726,0.26881868288510186,0.4148070307545251
2025-08-22,0.0,0.13793340629596143,0.14695138881757808,0.4246946787131444
2025-08-25,0.0,0.24485667725108234,0.2687768990579893,0.4257284647099937
2025-08-26,0.0,0.11206385392255072,0.10934842884971056,0.42572618209218255
2025-08-27,0.0,0.1322364407502883,0.137251638901192,0.42563152958603456
2025-08-28,0.0,0.14897828869292473,0.15524663382082932,0.42476869713627174
2025-08-29,0.0,0.18701589966143578,0.18412155005005384,0.41299032301200644
2025-09-02,0.0,0.36303270734761584,0.347963626378,0.4068245231737157
2025-09-03,0.0,0.18217153325829083,0.18485906966954443,0.40592197063378443
2025-09-04,0.0,0.19329348573262653,0.1947355020000291,0.4067017080866667
2025-09-05,0.0,0.14549040356808074,0.14443838915356547,0.4075247383641284
2025-09-08,0.0,0.18764007606209118,0.18194076378023502,0.4050131309531173
2025-09-09,0.0,0.21389609694204237,0.2036355507504729,0.4044990613085623
2025-09-10,0.0,0.11232566989538982,0.1006073406345131,0.39830528353500927
2025-09-11,0.0,0.06620039244679095,0.06269146769244391,0.40149828208302507
2025-09-12,0.0,0.13597009824579284,0.1362573960631188,0.40159196654893603
2025-09-15,0.0,0.10212548192134445,0.09305015688842216,0.40142356095603593
2025-09-16,0.0,0.14555888728738844,0.13066548969688632,0.40169583923785335
2025-09-17,0.0,0.16298907190766693,0.15218316743010057,0.39891046951589276
2025-09-18,0.0,0.09610805895995798,0.09306765814997082,0.3984957412967359
2025-09-19,0.0,0.2723500566236607,0.23843258031937567,0.3967183742592939
2025-09-22,0.0,0.10018046111652455,0.08608970314062422,0.38523387684727456
2025-09-23,0.0,0.13412075604169463,0.1223624251168943,0.3864427659151697
2025-09-24,0.0,0.22332477248099225,0.21147846210102722,0.3873132549794638
2025-09-25,0.0,0.3203039382346302,0.3073350579941422,0.3898835378566767
2025-09-26,0.0,0.36343363127462935,0.35004696755526704,0.3912083403703432
2025-09-29,0.0,0.2493922415290089,0.23654536078917143,0.3871463330310934
2025-09-30,0.0,0.1035757069803324,0.1000082706408738,0.3817295435770663
2025-10-01,0.0,0.08330469743491299,0.07621433730634798,0.38112940366040127
2025-10-02,0.0,0.15220850075598905,0.1430782499941062,0.37769226117421334
2025-10-03,0.0,0.10567596958954117,0.09953603482917106,0.3758458726452634
2025-10-06,0.0,0.1916590515221317,0.1834257638206607,0.37613592858597766
2025-10-07,0.0,0.14825720317475383,0.1352844831743691,0.37868323933864195
2025-10-08,0.0,0.1256703318112163,0.11598208092154795,0.38001224126040073
2025-10-09,1.0,0.17030695053964684,0.16019140837627485,0.37721665730366444
2025-10-10,0.0,0.44891787273737976,0.41978387226841496,0.422888913656624
2025-10-13,0.0,0.37874903532205606,0.33659856351745543,0.43261021029385893
2025-10-14,0.0,0.34297492351744024,0.30870194403095547,0.4326510542531248
2025-10-15,0.0,0.2717968633420142,0.24387713872013544,0.4331096142391537
2025-10-16,0.0,0.3068218279601601,0.3083686502287492,0.43407606480129163
2025-10-17,0.0,0.3781948538311213,0.371791744487829,0.43423860210479226
2025-10-20,0.0,0.05698783766104244,0.05426591724531446,0.4380146587003403
2025-10-21,0.0,0.1219923478009861,0.10537862939814063,0.43656981603531164
2025-10-22,0.0,0.2678690059978673,0.25891079617964025,0.437511903054821
2025-10-23,0.0,0.22574173499680134,0.2305952053898588,0.43719816470313316
2025-10-24,0.0,0.2080768235724013,0.2096182937537832,0.4381394415941222
2025-10-27,0.0,0.08313673765136302,0.07916788183941367,0.44278203990552756
2025-10-28,0.0,0.08332469345488487,0.07738452599999628,0.44255609427062703
2025-10-29,0.0,0.16807989683018107,0.15005656775859738,0.44249329777848745
2025-10-30,0.0,0.28934491483330893,0.28600936973363283,0.44709948643314423
2025-10-31,0.0,0.3000105125499316,0.28909919246228943,0.4471848635196428
2025-11-03,0.0,0.38800796449571523,0.4034662872360909,0.44692899623036175
2025-11-04,0.0,0.4833087899417556,0.47684265497950595,0.4518505447419875
2025-11-05,0.0,0.4196383229144394,0.43686912177398013,0.4511691289994843
2025-11-06,0.0,0.5181706903691149,0.545976707032445,0.4554491879932914
2025-11-07,0.0,0.5557662724071335,0.5676980681384661,0.4249460339079919
2025-11-10,0.0,0.33149494715022626,0.3207844490102372,0.4246918196949438
2025-11-11,0.0,0.27408618102671084,0.2605221434692462,0.4242999703113164
2025-11-12,0.0,0.2721019527760689,0.26675563243046746,0.42402486129248707
2025-11-13,0.0,0.3575277107561189,0.33889624506026417,0.4351945919912217
2025-11-14,0.0,0.4144077582166731,0.41194921441002175,0.43438807574331856
2025-11-17,0.0,0.3395380902677636,0.3178929828099136,0.433234489572733
2025-11-18,0.0,0.29784685718414594,0.28825092704605293,0.43562674815375785
2025-11-19,0.0,0.2225467566740886,0.21270405201924966,0.4355004577534566
2025-11-20,0.0,0.21957982651685154,0.22139478655209682,0.442249977477054
2025-11-21,0.0,0.4267788085824036,0.45563516164999174,0.4437780915802003
2025-11-24,0.0,0.3620574012178969,0.4081944488487944,0.44743121364046684
2025-11-25,0.0,0.18295135898840328,0.19641782902341298,0.45078635465624356
2025-11-26,0.0,0.16177438461941282,0.17179810391393946,0.4528597941248203
2025-11-28,0.0,0.6653848358905274,0.6969277378078842,0.4505073659743916
2025-12-01,0.0,0.09173368228742507,0.09995078573860837,0.4513117377300686
2025-12-02,0.0,0.12248755181459492,0.12665985087860393,0.45143074567945735
2025-12-03,0.0,0.191066764947753,0.2028180097075226,0.44640413042605764
2025-12-04,0.0,0.27290381407887154,0.28274856087911004,0.44605140969080076
2025-12-05,0.0,0.2862164233160634,0.30261685992235315,0.4405486675537366
2025-12-08,0.0,0.35504277133860945,0.3635998222058076,0.44134335387897206
2025-12-09,0.0,0.2420179940494042,0.24817806204627504,0.4323715663401476
2025-12-10,0.0,0.18051495708724447,0.18242353131477404,0.4340249787302445
2025-12-11,0.0,0.2644631808496366,0.27125129887290844,0.4341452821702136
2025-12-12,0.0,0.27937593884051826,0.2998719450318545,0.4269601358672373
2025-12-15,0.0,0.3513607974646233,0.3412564543711415,0.42712701335792036
2025-12-16,0.0,0.24682636446207995,0.2335596786793798,0.42308471731909747
2025-12-17,0.0,0.22950622477157367,0.21034165113893125,0.4263672084413885
2025-12-18,0.0,0.2602869795387474,0.2478255404078565,0.4281974491660491
2025-12-19,0.0,0.3580299087372173,0.34639875523554803,0.41685886747005885
2025-12-22,0.0,0.11056964882373187,0.1133778871254664,0.41484323975788767
2025-12-23,0.0,0.2214340357803836,0.23068584588395505,0.40532424528371275
2025-12-24,0.0,0.31252735920699415,0.32202344583459824,0.40213554699614457
2025-12-26,0.0,0.30834066063431576,0.313307799088934,0.4002135492320672
2025-12-29,0.0,0.05121052859247855,0.05024311038361731,0.39991233299644896
2025-12-30,0.0,0.0832865233528888,0.08008568046451066,0.39804841382335787
2025-12-31,0.0,0.07879442505474839,0.07776514287152264,0.4013982208509825
2026-01-02,0.0,0.1992917997376131,0.20438289981273502,0.40109912895526345
2026-01-05,0.0,0.24821400003413555,0.25904553500979977,0.4032595813821799
2026-01-06,0.0,0.2379562449226455,0.23444089206041754,0.4050159940657757
2026-01-07,0.0,0.3242589437352426,0.30779105768168963,0.40499909234490794
2026-01-08,0.0,0.5315041637683457,0.5134967089464579,0.40489357093826117
2026-01-09,0.0,0.2417915694708842,0.24659136709837462,0.4047072462402989
2026-01-12,0.0,0.37660804113587476,0.35714192683071017,0.40463627065648666
2026-01-13,0.0,0.3901908036038048,0.3533490539160987,0.3972987432122037
2026-01-14,0.0,0.5221281014065808,0.5050868344300252,0.39930880595336876
2026-01-15,0.0,0.38978536046953177,0.379882706574073,0.3988000473624816
2026-01-16,1.0,0.6577479019811087,0.6496772861956822,0.3880419903947715
2026-01-20,0.0,0.46427478653226806,0.44365257524290025,0.412790136386054
2026-01-21,0.0,0.32187675738146365,0.31670884651901565,0.4155839205529787
2026-01-22,0.0,0.31884539486276964,0.30912502163318545,0.4150456666584947
2026-01-23,0.0,0.48186045499295255,0.46938210674615355,0.41407784446646906
2026-01-26,0.0,0.3354948769231485,0.30166249512743804,0.41480056007231925
2026-01-27,0.0,0.20876690612423893,0.190859250514377,0.4155162142480224
2026-01-28,0.0,0.1628456120306725,0.1559202335078518,0.41474830873353846
2026-01-29,0.0,0.6489551506166357,0.648222745674074,0.4147325895208116
2026-01-30,0.0,0.7407662938466744,0.7567969220045099,0.4127235857934922
2026-02-02,0.0,0.6107636427140166,0.6225071192987544,0.41374664476077094
2026-02-03,0.0,0.8329594036099647,0.837070275813606,0.41601871559938697
2026-02-04,0.0,0.7885377701806053,0.8091986357128689,0.41522280417952323
2026-02-05,0.0,0.8307434233203473,0.8341597494823881,0.42137687670359986
2026-02-06,0.0,0.26704703622318454,0.28010097881874046,0.43879733982436697
2026-02-09,0.0,0.3274770307039909,0.32523114289265515,0.43800609905307
2026-02-10,0.0,0.43498026164257525,0.4185675896731281,0.43830699878405444
2026-02-11,0.0,0.5853122610721164,0.6065714908731931,0.43818201444867444
2026-02-12,0.0,0.8241160258026966,0.8365821218425948,0.44631626159714044
2026-02-13,0.0,0.6515101556103005,0.6641812187708133,0.4459654798619605
2026-02-17,0.0,0.5810614343659112,0.551917026547398,0.44607910312041327
2026-02-18,0.0,0.35920797396180787,0.34329211407797566,0.4301989778827314
2026-02-19,0.0,0.6865744607843117,0.6738044054688822,0.4249738519823792
2026-02-20,0.0,0.4152035922014026,0.40208249823958114,0.4257944468572451
2026-02-23,0.0,0.5808046484147193,0.566774801707994,0.4302906943119315
2026-02-24,0.0,0.5018244529490115,0.4900368956249419,0.4318328827887962
2026-02-25,0.0,0.25248319157494015,0.2482904491183054,0.43402473164182886
2026-02-26,0.0,0.4712344179431078,0.47018929647700275,0.43507456211899426
2026-02-27,0.0,0.8087467458310732,0.8047526719335703,0.4356464861627477
2026-03-02,0.0,0.5526686482883385,0.5405319811530718,0.4350833984534594
2026-03-03,0.0,0.3232618902258196,0.33848492497771404,0.4366351222579449
2026-03-04,0.0,0.4945385516715555,0.4846644770980818,0.4371569150353675
2026-03-05,0.0,0.563710695836232,0.5878112250972718,0.43739137591874416
2026-03-06,0.0,0.266806035800213,0.258406485711488,0.43841788589385305
2026-03-09,0.0,0.3086755934398123,0.28913647886733357,0.42410318361705024
2026-03-10,0.0,0.44114930848211775,0.3791545946676039,0.42258325053640894
2026-03-11,0.0,0.556005673010276,0.4825575098587,0.4223940527654868
2026-03-12,0.0,0.45363203415566294,0.421669574835901,0.4306405387355231
2026-03-13,0.0,0.814596642049497,0.7689258601245126,0.42279185057407703
2026-03-16,0.0,0.7497855259034328,0.721150685473712,0.4284705714442068
2026-03-17,0.0,0.6089837538647902,0.5526826907593377,0.4288177933921332
2026-03-18,0.0,0.8799737172446587,0.8256544152304824,0.43314992851836387
2026-03-19,0.0,0.9146514454506541,0.8830563124410872,0.43314424837946325
2026-03-20,0.0,0.9445198645378869,0.9245640104802633,0.43623105703035797
2026-03-23,0.0,0.9091434827708769,0.8776130296031787,0.4414016860976112
2026-03-24,0.0,0.8536382114888829,0.7869126363722981,0.437667836527502
2026-03-25,0.0,0.8851959377087084,0.8441453837581218,0.43560724225155106
2026-03-26,0.0,0.8143609940598766,0.749884959471705,0.4437527695408825
2026-03-27,0.0,0.7674264882397406,0.715156595419657,0.4502855713737471
2026-03-30,0.0,0.7179101273855687,0.6661388308624323,0.44960542522180297
2026-03-31,0.0,0.8403572123294261,0.8096476262194607,0.4820958556631469
2026-04-01,0.0,0.8035257089828357,0.8014393361829905,0.4817652948526934
2026-04-02,0.0,0.7228100168025019,0.6884589173844002,0.4816407588774128
2026-04-06,0.0,0.7355387860496329,0.7008401068175255,0.47838881600580946
2026-04-07,0.0,0.6217852277388587,0.5740360179950827,0.4758198173148396
2026-04-08,0.0,0.3765095278412986,0.3534742467210851,0.4947356983873551
2026-04-09,0.0,0.549739593710075,0.5894537180758703,0.4956502104765489
2026-04-10,0.0,0.5249250731283209,0.5547677188606407,0.4886624452506676
2026-04-13,0.0,0.3308493242023942,0.3667226738691419,0.48912801203761874
2026-04-14,0.0,0.21670134623509113,0.25041944782069336,0.48995910800284087
2026-04-15,0.0,0.16399873669516016,0.20205015943514743,0.4908962176478737
2026-04-16,0.0,0.19710853140256218,0.24783116861199145,0.48330649726088565
2026-04-17,0.0,0.05269153472923481,0.06160384580676421,0.48429908714650555
2026-04-20,0.0,0.09355823285521629,0.09561355757891637,0.4744317771422905
2026-04-21,0.0,0.22094670730109814,0.23243810504459136,0.47607177719869215
2026-04-22,0.0,0.08747560682491744,0.09598822210018083,0.47554614444059895
2026-04-23,0.0,0.26916244952568624,0.3267106876336273,0.4775437933604827
2026-04-24,0.0,0.1213316942457695,0.1299429166466999,0.46274321699687637
2026-04-27,0.0,0.14823345795831555,0.15809587285972052,0.44580236078164726
2026-04-28,0.0,0.19909206724379433,0.22319376493307777,0.4465469826454248
2026-04-29,0.0,0.20604734194741053,0.22723022562859757,0.42426952442354104
2026-04-30,0.0,0.09410420408895591,0.1087500654408553,0.4254250117844586
2026-05-01,0.0,0.13929345705479304,0.14494616468064211,0.4249898785051682
2026-05-04,0.0,0.1912929947292468,0.20833680785808392,0.4282763528863815
2026-05-05,0.0,0.09797154475004138,0.0992387211782778,0.42824514084170473
2026-05-06,0.0,0.11212056121092523,0.11493650067902837,0.41289980497450873
2026-05-07,0.0,0.13764186111806492,0.14083482929885738,0.41564164759897376
2026-05-08,0.0,0.15692537388530095,0.15620957781231232,0.41540842191031097
2026-05-11,0.0,0.12040544540291176,0.11125236899639833,0.41364334842941564
2026-05-12,0.0,0.1818886294312168,0.1809406171685994,0.4112745682804574
2026-05-13,0.0,0.14915529128342395,0.14091254434820658,0.4103966875096999
2026-05-14,0.0,0.13302947936458212,0.12907340929247102,0.41149451820877164
2026-05-15,0.0,0.22828699700430555,0.22320965144835217,0.41822418016200974
2026-05-18,0.0,0.12256154125936525,0.11598677017469397,0.41765526705969264
2026-05-19,0.0,0.18186389207174508,0.17111534296989264,0.4179307534504052
2026-05-20,0.0,0.16263207756053485,0.17229284419793292,0.4182078882604255
2026-05-21,0.0,0.22928420804079735,0.24528579776482756,0.41625364361885014
2026-05-22,0.0,0.2112319816559115,0.22612095714040062,0.4147197378020911
2026-05-26,0.0,0.09021729468285625,0.08816373761298969,0.4154138564279009
2026-05-27,0.0,0.14200295986119696,0.1507718275908446,0.41291788977465993
2026-05-28,0.0,0.1606904217511427,0.18095524111910544,0.41285209867119954
2026-05-29,0.0,0.16508024409516805,0.17501085111955564,0.40992352882180516
2026-06-01,0.0,0.16046894955138527,0.1610845166095799,0.4099153879897601
2026-06-02,0.0,0.16879855348677986,0.16742126390783668,0.4075861443292854
2026-06-03,0.0,0.1920677082658564,0.19238278054290678,0.41094447649811905
2026-06-04,1.0,0.15412165675672315,0.15045356013331745,0.40211221535766417
2026-06-05,0.0,0.38360525125933015,0.3655605708944454,0.43693474042284297
2026-06-08,0.0,0.44277244580876846,0.4365835366911306,0.4344750867358891
2026-06-09,0.0,0.6402718120236507,0.6325018742961346,0.4345919209325552
2026-06-10,0.0,0.534979268797808,0.527132474117779,0.4443532875937026
2026-06-11,0.0,0.3853770353126899,0.40122702476754574,0.45486924325622835
2026-06-12,0.0,0.38483062070976953,0.41671998517845193,0.4536198047234389
2026-06-15,0.0,0.0886113399652261,0.0905046072612858,0.4572408237707152
2026-06-16,0.0,0.16554458279400322,0.16701823341618915,0.4586445616007651
2026-06-17,0.0,0.3407747850636726,0.33797888222305233,0.4623714908155492
2026-06-18,0.0,0.297159821300392,0.31491265826062664,0.46240888255890483
2026-06-22,0.0,0.5540084832818924,0.5682490224604325,0.4629023777589742
2026-06-23,0.0,0.44980944569779896,0.4496141416196097,0.46892361641563224
2026-06-24,0.0,0.39276528520188847,0.3982441074618975,0.46736831409665874
2026-06-25,0.0,0.6132629970999188,0.631957722902786,0.4673501299028103
2026-06-26,0.0,0.6929200871434895,0.7145645123584592,0.4657983711778295
2026-06-29,0.0,0.49127088416000136,0.5089249438835262,0.4707647259812612
2026-06-30,0.0,0.15404839368547338,0.1553582217653652,0.4727626092172139
2026-07-01,0.0,0.33491670523259176,0.3481697215977749,0.47270606464428233
2026-07-02,0.0,0.3838379863578572,0.3851975991206819,0.47127780445339695
2026-07-06,0.0,0.10326247752333587,0.1083997888527074,0.47247266476902855
2026-07-07,0.0,0.2804425150155854,0.27637038300507527,0.4490386955994827
2026-07-08,0.0,0.39941282945287987,0.4011559300693071,0.44930500173634547
2026-07-09,0.0,0.468647087814475,0.4808733723036128,0.4508400557756445
2026-07-10,0.0,0.5789619618662066,0.6134284129443012,0.4390189597580661
2026-07-13,0.0,0.20314895440439767,0.20431124523316135,0.43206432808365874
2026-07-14,0.0,0.16857820645013727,0.17255399184059186,0.4316782962106543
2026-07-15,0.0,0.1995084175085867,0.19859497581960148,0.4205995550729482
2026-07-16,0.0,0.3153997192831511,0.32037775490336534,0.4202924676747092
2026-07-17,0.0,0.26546056577988947,0.26688886296147996,0.418055780467924
2026-07-20,0.0,0.27077761525074995,0.2550370944450669,0.41228748845816915
2026-07-21,0.0,0.2150608636910955,0.21366351175185902,0.415638024516737
2026-07-22,0.0,0.21504086216302243,0.21810364942276786,0.4039331012215332
2026-07-23,0.0,0.30936644812074926,0.29816240792548376,0.41257286672977245
2026-07-24,0.0,0.227158797398188,0.22287592328037745,0.4125620571524677
2026-07-27,0.0,0.21186067619620008,0.21774212749542807,0.41252542197213343
2026-07-28,0.0,0.32857049888456336,0.32522809555390614,0.4055321816056702
2026-07-29,0.0,0.4143895768535347,0.40063481428916353,0.4129122519052967
2026-07-30,0.0,0.2697739514784782,0.2701562539707036,0.42716618061492245
2026-07-31,0.0,0.2845393223733258,0.2874531233386666,0.42938662180679343
2026-08-03,0.0,0.18463506367526447,0.18217413243052022,0.4362395968921714
2026-08-04,0.0,0.08808377843527618,0.08708932329853704,0.44626357902978836
2026-08-05,0.0,0.12418826362379089,0.12829106138872978,0.44593257330609004
2026-08-06,0.0,0.20560719013416176,0.19578268345634053,0.4445667607457144
2026-08-07,0.0,0.10439104467038442,0.10490757722314151,0.4451718674970117
2026-08-10,0.0,0.24649135061593241,0.24401680972533374,0.44196547319651436
2026-08-11,0.0,0.17173588734507803,0.16996331574471438,0.44258871289507823
2026-08-12,0.0,0.16022022749882123,0.1613705287786815,0.4424028193285938
