date,label,kronos_small,kronos_small_plus_chop,choppiness_fitted
2016-01-04,0.0,0.612718995830751,0.6114801881822792,0.47912184850584777
2016-01-05,0.0,0.568557673558967,0.566702394665147,0.46522361124748673
2016-01-06,1.0,0.6521958221693631,0.649987153504016,0.468310228156801
2016-01-07,0.0,0.6818269476357154,0.6797076657726572,0.4810273060440249
2016-01-08,0.0,0.7113287728683365,0.7089198442746341,0.48211814803768216
2016-01-11,0.0,0.6737260332723858,0.6714819548737789,0.48175208967148614
2016-01-12,1.0,0.6398580040425028,0.638181479989101,0.4765880680411695
2016-01-13,0.0,0.7143078433036107,0.711939639623413,0.48909160942880364
2016-01-14,1.0,0.6419301683581282,0.6403963507178339,0.494460685724666
2016-01-15,0.0,0.7627487839274092,0.7605578255706561,0.493818131492308
2016-01-19,0.0,0.7048335150628268,0.702596862461124,0.4914908910480588
2016-01-20,0.0,0.7896818803092198,0.7876636833820917,0.4879498722823157
2016-01-21,0.0,0.6889865189763148,0.6864628582246445,0.4865164566682274
2016-01-22,0.0,0.6379165282334212,0.636561407692354,0.49742151030879006
2016-01-25,0.0,0.6874609967228337,0.6856759567651325,0.49403242817414894
2016-01-26,0.0,0.6373137316265574,0.6367506189289688,0.5024318438246311
2016-01-27,0.0,0.7025570942114164,0.7012192474493029,0.5034700988665293
2016-01-28,0.0,0.6947450675443244,0.6935187339276672,0.5003072476875717
2016-01-29,0.0,0.6623173675544621,0.6622696495215669,0.5192846044895529
2016-02-01,0.0,0.6421993084102907,0.6421647613777351,0.5184018797682328
2016-02-02,0.0,0.6955952485523167,0.6951123167957913,0.5206269956253493
2016-02-03,0.0,0.6916973155485325,0.6911888441553673,0.5214381232734633
2016-02-04,0.0,0.6357245578544343,0.6361672342445438,0.5190697033749182
2016-02-05,0.0,0.7713686645571932,0.7701056298206447,0.5144551442504782
2016-02-08,0.0,0.7869096773215568,0.7860263146087515,0.516109363912991
2016-02-09,0.0,0.7581500077982367,0.7566669090464925,0.5159813205878224
2016-02-10,0.0,0.6881723584644215,0.6869756774906443,0.5138501512104781
2016-02-11,0.0,0.8266695114001626,0.8255719029450204,0.5037442468441744
2016-02-12,0.0,0.6783373750848575,0.6769624234639398,0.5064329499040727
2016-02-16,0.0,0.6293709135483604,0.6284617982332367,0.5025652095815668
2016-02-17,0.0,0.6292092048297773,0.6293407407179904,0.5084574625722178
2016-02-18,0.0,0.6204431972691473,0.6202166881278923,0.5051940077193158
2016-02-19,0.0,0.6429377141168328,0.6424821336330492,0.5049209928014032
2016-02-22,0.0,0.5976796675503345,0.5977539985465087,0.5002807830023683
2016-02-23,0.0,0.6443716991929642,0.6435384968164541,0.49784148501584885
2016-02-24,0.0,0.6608852769218991,0.6597103370565311,0.493710892088176
2016-02-25,0.0,0.6301993174143937,0.6296534933135993,0.4924651757453658
2016-02-26,0.0,0.6380013363720124,0.6366581885478466,0.49241011409484126
2016-02-29,0.0,0.693663756690339,0.6918371582315271,0.47867320057523965
2016-03-01,0.0,0.622570050355477,0.6226481489163218,0.49357160490281465
2016-03-02,0.0,0.6414379752862418,0.6408599166528295,0.4825451254808348
2016-03-03,0.0,0.6833158303480334,0.6829098860692774,0.48237297129971446
2016-03-04,0.0,0.6914767864319583,0.6901811817071978,0.4823958880184822
2016-03-07,0.0,0.6400961861782472,0.6392454476572986,0.46941780627359697
2016-03-08,0.0,0.7126017765794048,0.7108449283639428,0.46655871398737786
2016-03-09,0.0,0.6268678317529986,0.6249442612052889,0.4660994090175034
2016-03-10,0.0,0.6481784877908394,0.6463088837824316,0.46602092017284696
2016-03-11,0.0,0.6087885110017567,0.6069875534172718,0.4618149069699055
2016-03-14,0.0,0.5946254459541551,0.5924954895143056,0.45557916882594146
2016-03-15,0.0,0.5907454170989694,0.5880468178353638,0.4508551663805659
2016-03-16,0.0,0.5722812811381804,0.5696372878364462,0.4444741250447957
2016-03-17,0.0,0.5909032997984172,0.5882301698350239,0.44289162946928756
2016-03-18,0.0,0.5963684191566644,0.59305651302742,0.44253921256961487
2016-03-21,0.0,0.5512563082105562,0.5486704841559412,0.43771630589795524
2016-03-22,0.0,0.5475221455937888,0.5443061062953535,0.42863798118393603
2016-03-23,0.0,0.5764069843857216,0.5732413581459029,0.4322265519528868
2016-03-24,0.0,0.5842695019511988,0.580705408760935,0.4292534917462229
2016-03-28,0.0,0.5630199059090454,0.5593497568120128,0.42866765727612444
2016-03-29,0.0,0.525198600147405,0.5218101706961698,0.4252471022595267
2016-03-30,0.0,0.4821235510236181,0.47805059315828596,0.4030324641009831
2016-03-31,0.0,0.5349315794996709,0.5304682628453735,0.40369641621154956
2016-04-01,0.0,0.4697140379725877,0.4654153196047307,0.40465411378311
2016-04-04,0.0,0.5243198472253572,0.5201509726188644,0.405920014023736
2016-04-05,0.0,0.6437697760482292,0.6399442769655426,0.4128581437553771
2016-04-06,0.0,0.46899259579687497,0.4651682880961548,0.40835805450390955
2016-04-07,0.0,0.6042777190492298,0.6006957289868309,0.4172936501777757
2016-04-08,0.0,0.5618507955096197,0.557850393031237,0.4173128459559943
2016-04-11,0.0,0.562636711628363,0.5584366153397672,0.40589476242116107
2016-04-12,0.0,0.5233645003730254,0.5190734780554865,0.4098905957870906
2016-04-13,0.0,0.39900474300552224,0.39602767855369636,0.41323170063214376
2016-04-14,0.0,0.463416131572592,0.45970272526020195,0.41247938882140545
2016-04-15,0.0,0.4661762726189215,0.46228660193455257,0.41122796187316535
2016-04-18,0.0,0.428405812805099,0.4249304737848015,0.41219148350169216
2016-04-19,0.0,0.3929122224388576,0.389900725667245,0.4123789610174693
2016-04-20,0.0,0.436847047661887,0.4342154811462379,0.4121625458064544
2016-04-21,0.0,0.5225526492154354,0.518780463808065,0.41129920467960834
2016-04-22,0.0,0.4286251159230702,0.4248878296369411,0.41123274670354715
2016-04-25,0.0,0.4970504894462527,0.49323172848578445,0.41170088768807533
2016-04-26,0.0,0.42331398011002597,0.41938387853715003,0.40862246203202823
2016-04-27,0.0,0.4734238699819425,0.46942951959197143,0.40800114231564794
2016-04-28,0.0,0.6067940275926159,0.602980083780211,0.4126405892581113
2016-04-29,0.0,0.6814988320964648,0.6782975840261504,0.4120523041406015
2016-05-02,0.0,0.4795445533584872,0.47607663014734675,0.41446353477486575
2016-05-03,0.0,0.6287324573310507,0.6244903854382436,0.4130267166725073
2016-05-04,0.0,0.6598042983744841,0.6552494687558859,0.409256995303418
2016-05-05,0.0,0.6287270686503997,0.6239145537694619,0.40142672354995856
2016-05-06,0.0,0.5897343138546247,0.5848068062958505,0.40155056693637825
2016-05-09,0.0,0.5588611931918397,0.5540593972259626,0.40100952587621314
2016-05-10,0.0,0.41947211489930125,0.4157490041259618,0.4044240825974758
2016-05-11,0.0,0.5703596140209899,0.5658730129689645,0.40405819512532815
2016-05-12,0.0,0.5900572336346922,0.5854996193272738,0.4040417484214626
2016-05-13,0.0,0.6541351047082289,0.6488590121544613,0.4074249623175533
2016-05-16,0.0,0.5495598706445899,0.5454933362082349,0.4104787922830577
2016-05-17,0.0,0.6554360943227037,0.6512452236254267,0.4132812996581935
2016-05-18,0.0,0.625458468334398,0.6210435017149764,0.41318280296852167
2016-05-19,0.0,0.6687707769639548,0.6644993505229673,0.41270643185759703
2016-05-20,0.0,0.5751959926436255,0.5711055458134364,0.4151430264682159
2016-05-23,0.0,0.5483684154987218,0.5444044933936203,0.4151702178641046
2016-05-24,0.0,0.41540401187624487,0.4126237832043819,0.4244160332598706
2016-05-25,0.0,0.38746857844002786,0.3850782107303816,0.4265284662629584
2016-05-26,0.0,0.3757521659385187,0.3729491748224953,0.42265097949942954
2016-05-27,0.0,0.389112049126122,0.38553819136988915,0.42181262728797914
2016-05-31,0.0,0.5061850885057321,0.5030532167730358,0.41955016279882174
2016-06-01,0.0,0.4056769701773116,0.40220072776380894,0.41542350042346077
2016-06-02,0.0,0.36273251662900846,0.3594770284728674,0.4131180924880385
2016-06-03,0.0,0.4210255144959525,0.4170723464670278,0.4138735167667746
2016-06-06,0.0,0.3722081369720319,0.3687520845592066,0.41435196731195734
2016-06-07,0.0,0.3518196867149293,0.34855869884360774,0.4143377824578152
2016-06-08,0.0,0.34318159676744997,0.33961265596643553,0.40791150520050046
2016-06-09,0.0,0.33939315540603515,0.33568329880512265,0.40210023134496076
2016-06-10,0.0,0.5643578454983679,0.5598310480656062,0.40778199435264456
2016-06-13,0.0,0.5121838515600372,0.5077024962251346,0.4074279827324731
2016-06-14,0.0,0.5518189884238007,0.547418423787648,0.4029573437961654
2016-06-15,0.0,0.541314423550694,0.5366125574289391,0.3975445903021581
2016-06-16,0.0,0.5503687906313685,0.5453030561653454,0.3979016473078233
2016-06-17,0.0,0.6011203779220268,0.5961778528437258,0.39766805442925945
2016-06-20,0.0,0.4376541652395118,0.4335118201754304,0.3975342312260683
2016-06-21,0.0,0.42006488149472937,0.41589531462272983,0.39719798109449017
2016-06-22,0.0,0.39706181806559937,0.3924499359401261,0.38601165578102925
2016-06-23,1.0,0.26229472172465407,0.2588198475130886,0.3946365565104252
2016-06-24,0.0,0.6239972342179712,0.6207204591093083,0.45155022261970135
2016-06-27,0.0,0.7162079373155358,0.7130453894214117,0.45926243097550506
2016-06-28,0.0,0.6193470887429522,0.617459637771126,0.47133148377057793
2016-06-29,0.0,0.47778708889188953,0.4773886153928025,0.48067107909650175
2016-06-30,0.0,0.4305124872139257,0.4308913983168346,0.4857639664635626
2016-07-01,0.0,0.3566317639414025,0.3561387655064641,0.48562510103547474
2016-07-05,0.0,0.530408229907916,0.5298133873401545,0.4861662004495304
2016-07-06,0.0,0.4563625141922978,0.45555501531528975,0.4869708016731194
2016-07-07,0.0,0.3992779858600044,0.3987993722975031,0.48662034489482797
2016-07-08,0.0,0.22783303338380292,0.227483658141875,0.4927469358082706
2016-07-11,0.0,0.24379625366580265,0.24349495573827454,0.49034941319200614
2016-07-12,0.0,0.2290521224639881,0.22878154972682385,0.4887533354089944
2016-07-13,0.0,0.21386313224023762,0.21359701784578897,0.488474897787731
2016-07-14,0.0,0.20049232248954527,0.19969854094431772,0.488334311835708
2016-07-15,0.0,0.223814329419681,0.22289829665382843,0.4885637469617944
2016-07-18,0.0,0.21755956066014617,0.21692235590363673,0.48776537755990745
2016-07-19,0.0,0.22010346345551116,0.21957924161596198,0.4877523612748657
2016-07-20,0.0,0.23117040438092684,0.23062550730507228,0.48787671107174513
2016-07-21,0.0,0.24026017871752078,0.24002160349470192,0.4883656114402065
2016-07-22,0.0,0.2169774012910836,0.21619051235097492,0.4849072634584206
2016-07-25,0.0,0.2336121248632286,0.23152584337919546,0.43886173096377745
2016-07-26,0.0,0.23663514510741626,0.23415692851966413,0.41940312883376674
2016-07-27,0.0,0.2575812007003345,0.2550458225350675,0.41069740745939776
2016-07-28,0.0,0.2386571094512416,0.23555886912905385,0.3994557641310069
2016-07-29,0.0,0.21738738279199452,0.2142351535827466,0.3910273858716096
2016-08-01,0.0,0.3688545856186252,0.3645555932215099,0.3916136427652948
2016-08-02,0.0,0.3045659184286439,0.30055048633666004,0.3910717408438668
2016-08-03,0.0,0.21580946352064131,0.21279416920423155,0.39025710295310273
2016-08-04,0.0,0.21944316951364887,0.21630244336000068,0.3899761252628173
2016-08-05,0.0,0.20035193403007595,0.1967251156443135,0.37926667838000255
2016-08-08,0.0,0.22392616524077494,0.22024656526876893,0.3791760464362504
2016-08-09,0.0,0.20743014509905228,0.20392694458725016,0.37583910381968133
2016-08-10,0.0,0.21793003476313597,0.21430484379496056,0.37691803570976146
2016-08-11,0.0,0.19145470324976385,0.18796123804554188,0.37649483202251355
2016-08-12,0.0,0.21700697023618332,0.21324724243670345,0.3764616073675488
2016-08-15,0.0,0.1986949153994773,0.19500377178007283,0.3766146694479654
2016-08-16,0.0,0.21729177901208288,0.2137065228723145,0.3793756240692243
2016-08-17,0.0,0.18224341274975694,0.1791193619719554,0.378221054822045
2016-08-18,0.0,0.17407658552097505,0.17109861011274327,0.37712411274634966
2016-08-19,0.0,0.1871131444430471,0.18350562753061023,0.37582082130999317
2016-08-22,0.0,0.1977925143085905,0.19403417454987837,0.37488309273300213
2016-08-23,0.0,0.19667860213946373,0.1930131345560539,0.37511734499753063
2016-08-24,0.0,0.2281891814656603,0.22441473405067672,0.3777093384350009
2016-08-25,0.0,0.22305819575054964,0.21941464748347697,0.3777173824734783
2016-08-26,0.0,0.23480134255652585,0.23082002483053135,0.37769193401609014
2016-08-29,0.0,0.19447797017083862,0.19047301502017858,0.3798367955916676
2016-08-30,0.0,0.22362036042365566,0.21959568172286834,0.3763737493458115
2016-08-31,0.0,0.21536781438076344,0.21190935627575738,0.37630312361753143
2016-09-01,0.0,0.24011819714444926,0.23634290717886208,0.3763067725337053
2016-09-02,0.0,0.1966540863547082,0.19285580426963028,0.37086862152341254
2016-09-06,0.0,0.18910205435891353,0.18574740434591372,0.3716726691184687
2016-09-07,0.0,0.21464914546339353,0.21084328347264716,0.37167238015185045
2016-09-08,1.0,0.1974228533285788,0.1938873003524163,0.3713215644885265
2016-09-09,0.0,0.49475984170612053,0.4907899773395124,0.40906281818827717
2016-09-12,0.0,0.31800144924834756,0.3145364755127054,0.42101456410142213
2016-09-13,0.0,0.49831102851611403,0.49540374513565305,0.4288193611939325
2016-09-14,0.0,0.4117907335998169,0.4089324304660637,0.4281027231287119
2016-09-15,0.0,0.34002318024174344,0.33767183521900784,0.4328917808391996
2016-09-16,0.0,0.4341473066421143,0.4312903610490038,0.43282412569904966
2016-09-19,0.0,0.3929458351262155,0.3905212935747792,0.43286001556863024
2016-09-20,0.0,0.41636769430974707,0.4140225797722924,0.43291975110049513
2016-09-21,0.0,0.24622515240597728,0.24432831528392931,0.4380352974836112
2016-09-22,0.0,0.20463537630981035,0.20286089013628192,0.43880712368651653
2016-09-23,0.0,0.308260120811728,0.30607176539462144,0.4399881830533496
2016-09-26,0.0,0.3780948275148723,0.3758010925745827,0.44251261689188137
2016-09-27,0.0,0.31920461838560577,0.3168388241782478,0.44308415906242643
2016-09-28,0.0,0.237264739634334,0.23544129812443296,0.444117474459345
2016-09-29,0.0,0.42024400622220637,0.4181982267040129,0.4469550917245694
2016-09-30,0.0,0.25445687102724573,0.2528789826905346,0.449344557267666
2016-10-03,0.0,0.31091222843082383,0.30905737816696033,0.448988465507834
2016-10-04,0.0,0.3496270089108661,0.3472546694087527,0.4492120171281539
2016-10-05,0.0,0.32651443843941985,0.3242713112700898,0.45007389607178633
2016-10-06,0.0,0.3076824709376618,0.3055585861898546,0.45000302225194677
2016-10-07,0.0,0.3538617411271384,0.35070062596645757,0.4269556993544711
2016-10-10,0.0,0.3056629266518136,0.30210444352322624,0.4185541654968884
2016-10-11,0.0,0.3982982133206468,0.39478367126032765,0.41539246413188063
2016-10-12,0.0,0.35350823963501665,0.34996392000568777,0.4153903012102554
2016-10-13,0.0,0.43133099020921706,0.4276718349610239,0.41075396301121864
2016-10-14,0.0,0.3553150037906882,0.35182982474816366,0.4101122459152846
2016-10-17,0.0,0.38307053599093893,0.37965906507539754,0.41052751166671725
2016-10-18,0.0,0.3183897023983744,0.3151431467554106,0.41253950613996077
2016-10-19,0.0,0.34430568010603774,0.34080764031103916,0.4063619455131682
2016-10-20,0.0,0.3607657020496041,0.35711399783948033,0.4035837258278905
2016-10-21,0.0,0.4083172723088489,0.4040246247184472,0.40213986611379315
2016-10-24,0.0,0.30945162526094594,0.3052586118869771,0.39944341231977337
2016-10-25,0.0,0.3807887893355191,0.3764338617423268,0.3976493050004869
2016-10-26,0.0,0.3789089434820253,0.37417228909145495,0.3956018514640206
2016-10-27,0.0,0.47602797280444215,0.4711945452726582,0.3909495894747723
2016-10-28,0.0,0.43983153969970445,0.4346041861360189,0.38602659784770355
2016-10-31,0.0,0.4251791344465276,0.4197060307524788,0.38564920347897985
2016-11-01,0.0,0.5104699289810023,0.5053849348083391,0.3870102973636478
2016-11-02,0.0,0.5673050224360683,0.5619648779986183,0.38692092663776684
2016-11-03,0.0,0.5297350747753948,0.5242147281099276,0.38721269521169327
2016-11-04,0.0,0.5347049177203519,0.528375483805054,0.3870242575374178
2016-11-07,0.0,0.3794096152674819,0.375801368983768,0.4167689346554526
2016-11-08,0.0,0.3673547099668021,0.363923030174174,0.410269672986704
2016-11-09,0.0,0.21666185469022198,0.2139560445097231,0.4160207162073675
2016-11-10,0.0,0.20095062972159947,0.19827653571189036,0.4153910867156445
2016-11-11,0.0,0.3092754447877862,0.30642840608038935,0.4156081718378756
2016-11-14,0.0,0.30406442189436916,0.3008178128764582,0.4149214013734508
2016-11-15,0.0,0.26237814198876336,0.25987424551312155,0.41568121324513707
2016-11-16,0.0,0.27461641176952956,0.2717918257061829,0.415889046763147
2016-11-17,0.0,0.20682541312659966,0.20445935683438746,0.4163122191761393
2016-11-18,0.0,0.21346717488431846,0.210927626634594,0.41681305195407076
2016-11-21,0.0,0.18505819153093106,0.18292104747573987,0.41812502944991525
2016-11-22,0.0,0.18488914537739576,0.1829574570856834,0.4169513590405226
2016-11-23,0.0,0.22049284409479047,0.21805819381710617,0.41647875563457354
2016-11-25,0.0,0.2564161705822183,0.2511310171969247,0.4156534234310392
2016-11-28,0.0,0.19791701123284847,0.19556520027833335,0.41689780012321703
2016-11-29,0.0,0.22644305484544056,0.22385545734580267,0.4167306933768452
2016-11-30,0.0,0.2198715010146864,0.21715758224645684,0.41404288211556867
2016-12-01,0.0,0.2445314225142017,0.24239349066295393,0.4118849844155401
2016-12-02,0.0,0.22270319100066677,0.21967586598562566,0.40973548217112704
2016-12-05,0.0,0.20262794220986943,0.200147715524012,0.4093089889234585
2016-12-06,0.0,0.2012946986167733,0.1981732665471339,0.3848476657490942
2016-12-07,0.0,0.18263587026189315,0.1794904572585313,0.3932818228893013
2016-12-08,0.0,0.1698146866924489,0.1667853095205625,0.3877547851532795
2016-12-09,0.0,0.17722736326838295,0.173043934334851,0.3888684534740556
2016-12-12,0.0,0.16694832775767654,0.16396169172197683,0.3887441924857912
2016-12-13,0.0,0.18891726946070794,0.18376601113301208,0.38962631486791643
2016-12-14,0.0,0.16325201683685495,0.1599205381785721,0.3945722351072423
2016-12-15,0.0,0.14983527266963304,0.14690788796040244,0.3941175571484667
2016-12-16,0.0,0.1708580436378125,0.1674022732553788,0.39437303790011446
2016-12-19,0.0,0.16262156629881747,0.15902104990570787,0.39327892152038746
2016-12-20,0.0,0.17274976846932666,0.16894560114782695,0.39132845738248256
2016-12-21,0.0,0.17298891893595214,0.16948394141242482,0.39236541451639056
2016-12-22,0.0,0.15732687316008093,0.15414837685450353,0.3930269238601021
2016-12-23,0.0,0.18132351108131564,0.17693712695844208,0.39254042891924923
2016-12-27,0.0,0.1664540807400707,0.16133473232164158,0.38964750459089026
2016-12-28,0.0,0.17211002279102108,0.16712786983753244,0.3957974233198
2016-12-29,0.0,0.17823352121999267,0.17330451015876097,0.395028737196605
2016-12-30,0.0,0.18880824655740655,0.18460819329522005,0.39576983426487056
2017-01-03,0.0,0.17152189833575637,0.16875740652195015,0.39891578294176183
2017-01-04,0.0,0.18836743997730107,0.18527141861902252,0.3988646274310561
2017-01-05,0.0,0.19228383852830552,0.18923462935592628,0.39889773617392726
2017-01-06,0.0,0.2159604141949552,0.21146549291878908,0.38979112356072093
2017-01-09,0.0,0.19613801855141477,0.19246748423666352,0.390855699528728
2017-01-10,0.0,0.1801252754126749,0.1767433888354001,0.38869995234367183
2017-01-11,0.0,0.20844392905653197,0.20514560130091725,0.38899795935556647
2017-01-12,0.0,0.190282927531394,0.18704329119584165,0.38649001801469485
2017-01-13,0.0,0.19145600797416115,0.18739976049147963,0.38128963498189244
2017-01-17,0.0,0.20152758154526423,0.19836468744543342,0.3811212906540966
2017-01-18,0.0,0.17347595883782,0.1699782068525751,0.380995699352197
2017-01-19,0.0,0.1880963995881887,0.18483399607098241,0.3818956300349624
2017-01-20,0.0,0.1873707332729539,0.1838659424151943,0.3817432564480931
2017-01-23,0.0,0.20627256392438362,0.20283557368607386,0.3818406331419666
2017-01-24,0.0,0.18650012892357215,0.18325512546626738,0.3846631271047304
2017-01-25,0.0,0.18546533637353266,0.18127347713863842,0.38869256529587853
2017-01-26,0.0,0.1817728912377297,0.17792868573815435,0.38866575218999927
2017-01-27,0.0,0.17891875791898704,0.1750713481620365,0.382574539807256
2017-01-30,0.0,0.20445948429937644,0.2014226219379017,0.3860926736135792
2017-01-31,0.0,0.19796045427604053,0.195002692868761,0.3840673547368643
2017-02-01,0.0,0.17906917491653843,0.17615900709459154,0.3791465703937351
2017-02-02,0.0,0.19638653678239815,0.19313006587111217,0.37662143070116566
2017-02-03,0.0,0.1711370925501756,0.16723006283164668,0.38053971787632423
2017-02-06,0.0,0.17885511649029864,0.17558598388981858,0.380341045074681
2017-02-07,0.0,0.16551240009324023,0.16258697139651707,0.3789993074563961
2017-02-08,0.0,0.1824795439358753,0.17926518662084565,0.37897466463228896
2017-02-09,0.0,0.17907344531260222,0.17573350229883908,0.380768192352612
2017-02-10,0.0,0.1846971057238787,0.1802291051921522,0.3806269458674506
2017-02-13,0.0,0.18424784516162174,0.17990340767116075,0.38199113049348365
2017-02-14,0.0,0.16653886944809443,0.16273152322050985,0.3810530733790038
2017-02-15,0.0,0.16855743637609152,0.16434392152583643,0.38198528038604346
2017-02-16,0.0,0.16775049528172228,0.16354825351360233,0.380189269174599
2017-02-17,0.0,0.17487575598502036,0.17038050299969076,0.37997882842931113
2017-02-21,0.0,0.1895403697744115,0.1842928766703942,0.37957325810365644
2017-02-22,0.0,0.171513952255768,0.16740863251349167,0.3785790594298932
2017-02-23,0.0,0.15808832232959755,0.15394987766072044,0.3749861288672045
2017-02-24,0.0,0.15769950539627922,0.15306935286621878,0.3745286356758494
2017-02-27,0.0,0.17186493692439492,0.16788758913687238,0.3739908165903632
2017-02-28,0.0,0.16513515894920897,0.16148793923627536,0.3698161778299404
2017-03-01,0.0,0.16978227711179714,0.1644884380056507,0.38126909526680736
2017-03-02,0.0,0.16185125279236998,0.15822982505607924,0.38619642244977614
2017-03-03,0.0,0.15761363837765682,0.1537724569539697,0.38621288388594577
2017-03-06,0.0,0.1718130740867969,0.1680348306057609,0.3861296782031724
2017-03-07,0.0,0.17165005730323202,0.168292419061747,0.3866224367297485
2017-03-08,0.0,0.17667526096721672,0.17357744471433637,0.3875773287968408
2017-03-09,0.0,0.16843107338138566,0.16538518373780678,0.38756547768991984
2017-03-10,0.0,0.28215067644351777,0.27773804275228714,0.38645487217195623
2017-03-13,0.0,0.18756893632364524,0.18405420630645938,0.3861449224993433
2017-03-14,0.0,0.19600047715879998,0.19266862277479466,0.38625221647722313
2017-03-15,0.0,0.18151325515666566,0.17688287278014772,0.38957251877208515
2017-03-16,0.0,0.16162494440139283,0.1579062119605716,0.38880057825424436
2017-03-17,0.0,0.1910253790779817,0.18763318838829535,0.3889132170608941
2017-03-20,0.0,0.1717233510879216,0.16788108098628685,0.38929800018191824
2017-03-21,0.0,0.16948230184237167,0.16732702464324392,0.3970784394948731
2017-03-22,0.0,0.16592296864329947,0.16346471083695582,0.39736170056200865
2017-03-23,0.0,0.16304470593849407,0.16064652711279756,0.3973601490327103
2017-03-24,0.0,0.19102991313322987,0.18843140054934035,0.3971435766200281
2017-03-27,0.0,0.22275728111132614,0.2198136230207943,0.3970088849412443
2017-03-28,0.0,0.17691763929393567,0.17431879108184697,0.40019726854073945
2017-03-29,0.0,0.19974309334890594,0.19663996874537712,0.3874088191439116
2017-03-30,0.0,0.18590038628369143,0.18282042028084683,0.3861691117134546
2017-03-31,0.0,0.17409954709435674,0.17106108568090003,0.38638331904355133
2017-04-03,0.0,0.17055180556970012,0.16803616723650533,0.38587771417831995
2017-04-04,0.0,0.1820210648638357,0.17943556540027278,0.38539591550226476
2017-04-05,0.0,0.16480877288914045,0.16221315516203713,0.38568376986390945
2017-04-06,0.0,0.17188052570837092,0.16949925009323058,0.3859440552039611
2017-04-07,0.0,0.16848725114745997,0.16585312158979795,0.3850376099082971
2017-04-10,0.0,0.17404172620441494,0.17145317987993666,0.3850800568142583
2017-04-11,0.0,0.18277236523551862,0.18022597117013534,0.3844514254673556
2017-04-12,0.0,0.19657907014242926,0.19400861912361772,0.37884273232673704
2017-04-13,0.0,0.20294574064498055,0.20049121198096193,0.3816531613800362
2017-04-17,0.0,0.18220454525720334,0.17999457826934792,0.3884419608981153
2017-04-18,0.0,0.15531719811439976,0.15333430103967413,0.38867412016973923
2017-04-19,0.0,0.1619636205493699,0.15983156445774901,0.3774152449663002
2017-04-20,0.0,0.16747814797739233,0.1653459004714312,0.381917761429309
2017-04-21,0.0,0.1703663075983311,0.1684565105898597,0.38260186216985836
2017-04-24,0.0,0.16189030626259046,0.15948245956252072,0.3905955982869848
2017-04-25,0.0,0.15899812044188713,0.15667624283324258,0.39224186094935826
2017-04-26,0.0,0.15648425922956338,0.15400159136562966,0.3895209630044285
2017-04-27,0.0,0.15957765854076228,0.15709745125386412,0.38950501840117313
2017-04-28,0.0,0.15085263478879674,0.14874906854745135,0.38947765988701744
2017-05-01,0.0,0.19984694529983832,0.1973034044216726,0.3890794062034919
2017-05-02,0.0,0.15415106557508426,0.15240777132002528,0.38874049470673827
2017-05-03,0.0,0.14430849778828173,0.14266832821745348,0.3889998327767837
2017-05-04,0.0,0.1588800964829742,0.1572189164688481,0.3880016607811966
2017-05-05,0.0,0.14874322391611566,0.14653094574132416,0.3886725539305751
2017-05-08,0.0,0.14477006385839666,0.14313952404352123,0.388512033426883
2017-05-09,0.0,0.14989612861849436,0.14833963949688744,0.3887695904063221
2017-05-10,0.0,0.1538919489620557,0.15220269612588963,0.38838204236290086
2017-05-11,0.0,0.16323467177176149,0.16186501942526152,0.3874680238480118
2017-05-12,0.0,0.17020260888468144,0.16815384782490375,0.3831709969161528
2017-05-15,0.0,0.15891878548461558,0.15725728765743927,0.37975472936894644
2017-05-16,0.0,0.14754112169852845,0.14587930428245996,0.3786271137337244
2017-05-17,0.0,0.357429655022137,0.3551648011690181,0.4029518599245561
2017-05-18,0.0,0.2541335831717875,0.2521879609800065,0.4005737756342979
2017-05-19,0.0,0.185043422627827,0.1839496061384797,0.40217017609437583
2017-05-22,0.0,0.18596023055640595,0.18421164773133103,0.39713230735074107
2017-05-23,0.0,0.18363815456048424,0.18170559112642218,0.3951855368743375
2017-05-24,0.0,0.16401575471181878,0.1625326367293242,0.39545465052886947
2017-05-25,0.0,0.1626609487288462,0.16141249984862155,0.39645251757407834
2017-05-26,0.0,0.17245924848667696,0.17029496423292406,0.39605691341383287
2017-05-30,0.0,0.18724161334655992,0.18540194495924997,0.39618036355577513
2017-05-31,0.0,0.17651141427335465,0.174827821579264,0.3962049750036869
2017-06-01,0.0,0.14310949338536275,0.14197175518755545,0.39891192100192285
2017-06-02,0.0,0.158303898231151,0.15616520182058904,0.3993565450045081
2017-06-05,0.0,0.17112398371002904,0.16877905645934632,0.3990199872966435
2017-06-06,0.0,0.15411599206997448,0.15266777974284304,0.3997207814707619
2017-06-07,0.0,0.1616715774406479,0.16030800767311146,0.39958835330152154
2017-06-08,0.0,0.13985595802992157,0.1388603978152217,0.399592845308082
2017-06-09,0.0,0.14756163532439165,0.14655625093493355,0.3992334729723366
2017-06-12,0.0,0.168595740001064,0.1673857370779252,0.39911160935157686
2017-06-13,0.0,0.17381815629704292,0.17223326304329808,0.39898910814137933
2017-06-14,0.0,0.1610373344295096,0.15995992181884397,0.39904988940214553
2017-06-15,0.0,0.18474277074381693,0.18283038218205425,0.37160745112287663
2017-06-16,0.0,0.15855207606951355,0.15596506068001323,0.3712651583062296
2017-06-19,0.0,0.17192616553863194,0.1694378085187689,0.3732061182218696
2017-06-20,0.0,0.15185566619784346,0.15027065223373764,0.3775349471056833
2017-06-21,0.0,0.17512405186708332,0.17383160541232903,0.377624247984412
2017-06-22,0.0,0.1495702746480615,0.14831474464336644,0.37746022597314255
2017-06-23,0.0,0.14805481229075776,0.14573128781102698,0.37619280257571625
2017-06-26,0.0,0.18448687597695226,0.18234224405146993,0.3761926382946477
2017-06-27,0.0,0.15895791614762347,0.1578916910810837,0.3820105492387812
2017-06-28,0.0,0.15045329918965508,0.14926043073160145,0.3873911748803188
2017-06-29,0.0,0.20266248392456102,0.20165157267698305,0.3890464186023023
2017-06-30,0.0,0.1693128522959275,0.16787497168530938,0.3881560451804195
2017-07-03,0.0,0.19479302295123369,0.19077951909470492,0.3885447101153386
2017-07-05,0.0,0.14162105814818624,0.14070068317631354,0.38816231553071806
2017-07-06,0.0,0.2165577115521977,0.21517349482298306,0.39369672130168565
2017-07-07,0.0,0.18878210439013804,0.18735743242833275,0.39655998322383434
2017-07-10,0.0,0.2048565196448708,0.20323801329862717,0.3965972277442841
2017-07-11,0.0,0.2033660466886807,0.20193551579013863,0.39657741689876996
2017-07-12,0.0,0.18360482013616625,0.1823150300178686,0.39860775101299634
2017-07-13,0.0,0.1777022090806852,0.176548566420388,0.3987102753674282
2017-07-14,0.0,0.16951051645362153,0.16802109241140162,0.39939950794372875
2017-07-17,0.0,0.15779718832365017,0.1564759834172156,0.3994171750932674
2017-07-18,0.0,0.15400460502864458,0.15292366880009567,0.39547908934153947
2017-07-19,0.0,0.17082521903142708,0.16960651689044778,0.39373630257182163
2017-07-20,0.0,0.14496097004911587,0.14419929378378998,0.393672425918713
2017-07-21,0.0,0.16742848529434728,0.16609498049016913,0.39365867750407424
2017-07-24,0.0,0.16709411147564096,0.16578279309924776,0.39382064933258965
2017-07-25,0.0,0.1444624694923839,0.14342555479349356,0.3941253950114051
2017-07-26,0.0,0.13605367862460876,0.1352508921772174,0.3885801596298652
2017-07-27,0.0,0.14413604020042656,0.14334582643833885,0.3843020440633504
2017-07-28,0.0,0.16391425213578348,0.16250978594363866,0.37727180064096866
2017-07-31,0.0,0.16364721053314016,0.16280872557342324,0.37752028603148774
2017-08-01,0.0,0.1664851755449828,0.1656692126640742,0.37755485155200647
2017-08-02,0.0,0.1740504771108276,0.17320129544074528,0.37755053377906916
2017-08-03,0.0,0.17478281435044707,0.17398257957836497,0.3677030441505011
2017-08-04,0.0,0.16782349612318606,0.16632706270964584,0.36448298316069017
2017-08-07,0.0,0.20836277215407312,0.20615424406521535,0.3645215398325741
2017-08-08,0.0,0.13980099000047197,0.13864695530943782,0.3655932448413927
2017-08-09,0.0,0.2057074426166971,0.20390831981489446,0.360168097481922
2017-08-10,0.0,0.22814245742335784,0.22668338740432745,0.3822370399273835
2017-08-11,0.0,0.21054814052415807,0.2084408093182869,0.3804353363577169
2017-08-14,0.0,0.1765273774444059,0.1748791851402612,0.38835048658965443
2017-08-15,0.0,0.196392239349377,0.19489641247635728,0.38836122974690895
2017-08-16,0.0,0.19172354852421733,0.19010175860851813,0.38640543928311305
2017-08-17,0.0,0.2180022788360168,0.21676544355432537,0.4009964324380372
2017-08-18,0.0,0.23684639875063176,0.23500144510303503,0.4010297427911616
2017-08-21,0.0,0.2398348402577875,0.23753379473830893,0.4012739045435573
2017-08-22,0.0,0.166667434546319,0.1654567564042639,0.4068614813019641
2017-08-23,0.0,0.19661654783633267,0.1953727867403599,0.40726886340973795
2017-08-24,0.0,0.20500082894154031,0.20372433156165443,0.40736692544688136
2017-08-25,0.0,0.22219662255066847,0.22053903416231482,0.40763060648985033
2017-08-28,0.0,0.22303062945916682,0.22145690705183152,0.40768563699854876
2017-08-29,0.0,0.22311369516452145,0.22167418489389004,0.4073063480117839
2017-08-30,0.0,0.19531764060984538,0.19388417823285406,0.40864569401642453
2017-08-31,0.0,0.16460614267300896,0.16446771283430436,0.4102672995449756
2017-09-01,0.0,0.18721621065758087,0.18615769438802232,0.41028595741588514
2017-09-05,0.0,0.15384223621460918,0.15400558901444314,0.41285449427348614
2017-09-06,0.0,0.21876689821939083,0.21846369324735745,0.41322461947295974
2017-09-07,0.0,0.2240222380560559,0.22362722832176207,0.4132226561541405
2017-09-08,0.0,0.20327209777946878,0.20241979704426627,0.4018694449115112
2017-09-11,0.0,0.15444920464562711,0.15432018717143148,0.4075451759960696
2017-09-12,0.0,0.14573698752329511,0.14555066846106796,0.403191988584542
2017-09-13,0.0,0.1554874974231035,0.15548991709136928,0.4031155612868035
2017-09-14,0.0,0.1455105500973969,0.1456364704192438,0.4032510917545071
2017-09-15,0.0,0.1875136987143162,0.18694570407170716,0.38587873484589685
2017-09-18,0.0,0.16919427898989636,0.16812428673305602,0.3850333380656926
2017-09-19,0.0,0.18499779646693146,0.18378708169313593,0.38503700616606373
2017-09-20,0.0,0.16294634883572223,0.16236263365471365,0.37916814434693086
2017-09-21,0.0,0.17764958034754452,0.17625338890457048,0.3788613965381268
2017-09-22,0.0,0.19167625378648545,0.18972225843799978,0.3779478232976333
2017-09-25,0.0,0.22033116117163026,0.21877227936036317,0.37893749398253646
2017-09-26,0.0,0.1916569851369649,0.19033799339455593,0.37899460355611747
2017-09-27,0.0,0.14373998285555656,0.14326728381798093,0.3797179267963328
2017-09-28,0.0,0.17881297840017005,0.17783815420479496,0.37869260136715993
2017-09-29,0.0,0.1352818203343521,0.13449331140038545,0.37738665192560733
2017-10-02,0.0,0.1373029651825144,0.13650069183949567,0.3780267315586263
2017-10-03,0.0,0.16091969107473522,0.15954857273368933,0.3706198141022979
2017-10-04,0.0,0.15685812309470817,0.1553819397256096,0.370345172694583
2017-10-05,0.0,0.14831540048531727,0.14703733336936872,0.3717243917688208
2017-10-06,0.0,0.17918994099977636,0.17739557922530846,0.3714669164960684
2017-10-09,0.0,0.17414308284052543,0.17149917877112833,0.3623888882184707
2017-10-10,0.0,0.1611056904652044,0.15908807459955812,0.3618920908612391
2017-10-11,0.0,0.15660007963577516,0.15484458038203455,0.36194355705973175
2017-10-12,0.0,0.14151829615938372,0.140367659123799,0.36234607412756764
2017-10-13,0.0,0.14462045851806105,0.14336280969370518,0.3622701368307442
2017-10-16,0.0,0.1613951402741847,0.15964303855834944,0.3623139423148899
2017-10-17,0.0,0.15626423435624398,0.15468161659897026,0.36233336185354337
2017-10-18,0.0,0.14758602993770445,0.1460612954075464,0.36232284654696517
2017-10-19,0.0,0.16589836749111858,0.16437422128656887,0.35993066452035644
2017-10-20,0.0,0.1468745871223105,0.14564132167796776,0.3619203613669831
2017-10-23,0.0,0.15065034310696757,0.14938555311409832,0.36401289409908155
2017-10-24,0.0,0.13459688561483077,0.13375473927787226,0.363795143786281
2017-10-25,0.0,0.16060134612604599,0.15993171425261682,0.3670124614761102
2017-10-26,0.0,0.1747966365675951,0.17401691722183737,0.3670162116024704
2017-10-27,0.0,0.11836213757811836,0.11783366394015923,0.3715682240573963
2017-10-30,0.0,0.14932084212086405,0.1489230813355148,0.37256444490297386
2017-10-31,0.0,0.13203569959373343,0.13164627135864918,0.37238958643806924
2017-11-01,0.0,0.13216944840031836,0.13167236688712275,0.37243176017891916
2017-11-02,0.0,0.14793967202940028,0.1476697492498911,0.36990669545470817
2017-11-03,0.0,0.1315648074592238,0.1312981016744098,0.3702285207598822
2017-11-06,0.0,0.13558445477631517,0.13522653919290756,0.3695048497160051
2017-11-07,0.0,0.1350143472716093,0.13460665258775767,0.3693841088655606
2017-11-08,0.0,0.1367821418057902,0.13649758132832762,0.36931755493975277
2017-11-09,0.0,0.17329703400921415,0.1731647377792729,0.37083753394344277
2017-11-10,0.0,0.14808214683592824,0.14790536696799408,0.37106882029752886
2017-11-13,0.0,0.14302392270976097,0.14269313884281318,0.37093894498182883
2017-11-14,0.0,0.15436389650629698,0.15442741451936687,0.3717236784924271
2017-11-15,0.0,0.19082298934926392,0.19023247415116207,0.3749356833560976
2017-11-16,0.0,0.13961613748196297,0.13948501928335827,0.38047940331052044
2017-11-17,0.0,0.1711439360243755,0.17028079662863577,0.37920873304574726
2017-11-20,0.0,0.20119100209899543,0.19972304584542527,0.3777928334502787
2017-11-21,0.0,0.16452650869563987,0.16430119857232847,0.38082529507765794
2017-11-22,0.0,0.16528502357852676,0.16425829036313166,0.3785854060022931
2017-11-24,0.0,0.20262414504684437,0.1983435382691607,0.37870241020324885
2017-11-27,0.0,0.14314186393590494,0.1417563784530032,0.3737081366292415
2017-11-28,0.0,0.09396176758007611,0.09382933188183461,0.3798275994038237
2017-11-29,0.0,0.13624167021287592,0.13639046304236124,0.37998868052290335
2017-11-30,0.0,0.12844189618192045,0.12814809511793707,0.3839670521605997
2017-12-01,0.0,0.1321312541138622,0.13226551222732366,0.38470809065959016
2017-12-04,0.0,0.10964507498058806,0.10936961644392972,0.3847569217278752
2017-12-05,0.0,0.13046766190034023,0.13072451007603075,0.3863419643605877
2017-12-06,0.0,0.15992897452469512,0.15924159733511822,0.38633197954559073
2017-12-07,0.0,0.10998511895053717,0.10983841884280611,0.38664024773902
2017-12-08,0.0,0.13393476918600672,0.13337568689754742,0.38638985147233434
2017-12-11,0.0,0.11620648700097023,0.11579176528151493,0.38624573816619023
2017-12-12,0.0,0.1065885323021605,0.10670471620997059,0.3862256268005052
2017-12-13,0.0,0.1012712536213508,0.10131154676846953,0.38541332624873753
2017-12-14,0.0,0.10524935682636977,0.1054416985489885,0.383980869754817
2017-12-15,0.0,0.12690848401199972,0.12644421035034736,0.3848035990933327
2017-12-18,0.0,0.10173861496643372,0.10160525948814156,0.3841234762553342
2017-12-19,0.0,0.10379262163827857,0.10370113265022399,0.38616242828603314
2017-12-20,0.0,0.10874946853008657,0.10857520483486516,0.3848958772704286
2017-12-21,0.0,0.1098884528350279,0.10971274601995734,0.38448630857106925
2017-12-22,0.0,0.12642262435566307,0.12498609400862297,0.3847955009018601
2017-12-26,0.0,0.11567651560185982,0.11321411716360277,0.38502571776951183
2017-12-27,0.0,0.12096648925135293,0.11789760842979362,0.3791441196114722
2017-12-28,0.0,0.13743140723754893,0.1341476089331408,0.3790021363724021
2017-12-29,0.0,0.12302673560657194,0.12142013345215653,0.3774294544594554
2018-01-02,0.0,0.09804754834612715,0.0975531627933172,0.38160717236495223
2018-01-03,0.0,0.10721802440348081,0.10712700465152576,0.3833601584774415
2018-01-04,0.0,0.10844146667544766,0.10797923164015746,0.38158370258578617
2018-01-05,0.0,0.11207718866881072,0.11124623215194732,0.3833044956061183
2018-01-08,0.0,0.10547758238653204,0.10485502699748653,0.38326480919318395
2018-01-09,0.0,0.11483916099704564,0.11381313724612432,0.3823032287802325
2018-01-10,0.0,0.10894028520731203,0.10800614590722342,0.382786688775042
2018-01-11,0.0,0.1140175020483239,0.11317992220292104,0.3849265396682612
2018-01-12,0.0,0.11484780631667421,0.11409042507028562,0.38605987416343196
2018-01-16,0.0,0.12845459138601661,0.1270134558889048,0.3855624005113303
2018-01-17,0.0,0.10355214104173885,0.1028279844002948,0.3860161271663964
2018-01-18,0.0,0.1025696647615595,0.10199308233700216,0.38630411234152406
2018-01-19,0.0,0.1064514298373766,0.10570991024624969,0.3844795673693099
2018-01-22,0.0,0.11331776430505375,0.11280023406845555,0.38587946150788927
2018-01-23,0.0,0.11356164769945552,0.11306253836342206,0.3858589745479092
2018-01-24,0.0,0.1106545076505599,0.10967159551939039,0.38590943029717517
2018-01-25,0.0,0.10233335990115858,0.10135290160965617,0.3851412137619866
2018-01-26,0.0,0.11542787811119017,0.11421699373017916,0.39017647084439283
2018-01-29,0.0,0.10899196549125661,0.10854789724552724,0.3965624617963605
2018-01-30,0.0,0.1229896892453952,0.12301684099969781,0.40394546565740275
2018-01-31,0.0,0.11374948056191089,0.11352483382112655,0.4022886992609573
2018-02-01,1.0,0.09830245293469515,0.09800196310220967,0.4017070640242731
2018-02-02,1.0,0.16504278240244719,0.16625456022225385,0.42657481155725263
2018-02-05,0.0,0.3317486663120285,0.3335347383491024,0.4806817733511379
2018-02-06,0.0,0.3740623777534657,0.3763100702713293,0.4900419274354398
2018-02-07,1.0,0.2989813340454616,0.3018298476371896,0.4903108434649569
2018-02-08,0.0,0.47162216837089127,0.4738344672224407,0.5207091897141224
2018-02-09,0.0,0.4075604978797361,0.40905382285747566,0.5255122544009159
2018-02-12,0.0,0.3076158498299178,0.31170243672152614,0.5294497683000031
2018-02-13,0.0,0.29522762334720154,0.29829372236595997,0.5298834619824107
2018-02-14,0.0,0.27271271508147005,0.27643551414338363,0.5321171560216006
2018-02-15,0.0,0.2166165179978749,0.22053530028792093,0.5358980641434482
2018-02-16,0.0,0.18460400113552763,0.18776495983118371,0.5353094222116995
2018-02-20,0.0,0.2209199283542771,0.2250406197735338,0.533729011560682
2018-02-21,0.0,0.26307983836801135,0.2676910710931736,0.5335667627934816
2018-02-22,0.0,0.22095876556113658,0.22520974489835688,0.5337282171236533
2018-02-23,0.0,0.19959680718135658,0.20264450325474362,0.5401751237846144
2018-02-26,0.0,0.1888596465446339,0.1923729519258762,0.540130009185373
2018-02-27,0.0,0.20514492766734124,0.20910643910443846,0.5420574434837767
2018-02-28,0.0,0.29150443945127763,0.29641657528361587,0.5421294831456148
2018-03-01,0.0,0.4410909443990538,0.4454947649022314,0.54445322407319
2018-03-02,0.0,0.30541027715149904,0.30950585293333877,0.5454834035084508
2018-03-05,0.0,0.2575205447300563,0.26200479022955164,0.5408005966052774
2018-03-06,0.0,0.2738143991763038,0.2764344895522806,0.5028654509743828
2018-03-07,0.0,0.263572097488027,0.265787455295163,0.4962365425355706
2018-03-08,0.0,0.23818003292620762,0.2401213311926493,0.49566744690705417
2018-03-09,0.0,0.17574815011674413,0.17646191881543113,0.4553161661883692
2018-03-12,0.0,0.20065005007555262,0.20182613141054445,0.45160041622841973
2018-03-13,0.0,0.19018578449324128,0.19134228227193986,0.4498889516088406
2018-03-14,0.0,0.19710455676347624,0.1985825066558046,0.45187239260392414
2018-03-15,0.0,0.2018046045384512,0.20343371830490073,0.4468400583889436
2018-03-16,0.0,0.24961417054525525,0.25060475425621664,0.44210485829217566
2018-03-19,0.0,0.33602873925147536,0.335604127710376,0.4494931384519098
2018-03-20,0.0,0.2557021963214379,0.2563297222941534,0.448428794870404
2018-03-21,1.0,0.2714675002210447,0.27203831128768724,0.447432726049807
2018-03-22,1.0,0.40749883876944254,0.407724739322924,0.4676652629586598
2018-03-23,0.0,0.44383939573217895,0.4433457762366708,0.4687407813076377
2018-03-26,0.0,0.326002967064929,0.32658441967972446,0.48812852707902604
2018-03-27,0.0,0.4022461784254722,0.4030351575422531,0.4912279631233748
2018-03-28,0.0,0.5016130694333756,0.5024920827900332,0.4891281343199818
2018-03-29,1.0,0.35805717372338347,0.359435478855016,0.49130870770733415
2018-04-02,0.0,0.49979426245138364,0.501038887456994,0.5015885614436816
2018-04-03,0.0,0.37297462673901954,0.37447363369764425,0.502666693814648
2018-04-04,0.0,0.3416873087837476,0.34317049613965783,0.5064921037202514
2018-04-05,1.0,0.2792609066798706,0.28105911360088737,0.5080677021702615
2018-04-06,0.0,0.42138093458542725,0.42237038951344974,0.5166569201567739
2018-04-09,0.0,0.37830563156315233,0.3789199644372041,0.508058841988752
2018-04-10,0.0,0.27779594118831946,0.2790658099188342,0.5167842178220555
2018-04-11,0.0,0.36553710951447776,0.3668426589165283,0.5166409599124916
2018-04-12,0.0,0.3041669281508035,0.30578283356505603,0.518595869412696
2018-04-13,0.0,0.3553854540952264,0.35639962626272337,0.5186251350475236
2018-04-16,0.0,0.25052180982026057,0.25200178955017283,0.5204425861015487
2018-04-17,0.0,0.23975424036106144,0.24169601195342547,0.5191786417546927
2018-04-18,0.0,0.23611990685907788,0.237872774711511,0.5191439127287365
2018-04-19,0.0,0.24844061361356648,0.24994065100297522,0.5197781924186035
2018-04-20,0.0,0.2701718739704139,0.27091160779431406,0.5066320944364663
2018-04-23,0.0,0.3536738977276912,0.353784325035381,0.4944891082784661
2018-04-24,0.0,0.39955597305497564,0.3992824288465125,0.4807909888198797
2018-04-25,0.0,0.3731961127979723,0.37288379638942165,0.47213172523327307
2018-04-26,0.0,0.287315905968396,0.2880266508621204,0.4743906370200615
2018-04-27,0.0,0.310882277182789,0.31067003278038896,0.4694555915443566
2018-04-30,0.0,0.3960707880004807,0.39509295616993756,0.4547457651513156
2018-05-01,0.0,0.34886691277160853,0.347646067952763,0.4502211137649378
2018-05-02,0.0,0.4039890162091838,0.40282880754856615,0.44777207997654384
2018-05-03,0.0,0.4830352110578094,0.4814941562363974,0.44602235740389407
2018-05-04,0.0,0.30157738868320705,0.3002277240992882,0.43313575291847783
2018-05-07,0.0,0.36543201495409827,0.36400981401494426,0.43315789514450936
2018-05-08,0.0,0.3385399842486965,0.33655424130801803,0.42224127177354415
2018-05-09,0.0,0.2356407004757942,0.23543959546288404,0.42413833365125814
2018-05-10,0.0,0.22909412534188556,0.2288602665253275,0.4249025877426598
2018-05-11,0.0,0.23861970415579808,0.23727951439454703,0.42415983137580415
2018-05-14,0.0,0.2283543502985883,0.22739281045719573,0.42200381057124803
2018-05-15,0.0,0.26379290299065505,0.26242361833897804,0.4198248472824698
2018-05-16,0.0,0.23675246049209536,0.23600160716579657,0.4204971672150834
2018-05-17,0.0,0.22270456764026644,0.22220166696797508,0.4188235404868383
2018-05-18,0.0,0.23664543291629267,0.23514359289286968,0.4152856711027203
2018-05-21,0.0,0.22292168068916152,0.22222240515151856,0.41721433015874243
2018-05-22,0.0,0.22748330963494812,0.22676849421531275,0.40714258790272023
2018-05-23,0.0,0.24987684513801528,0.2483749546218511,0.4072660628732327
2018-05-24,0.0,0.25290234171175535,0.25141206423339413,0.40348407849715223
2018-05-25,0.0,0.29797393031775554,0.29532147398569447,0.40414058676588754
2018-05-29,0.0,0.3564043013494785,0.3541319693966947,0.40811218331377824
2018-05-30,0.0,0.2639425155287608,0.26261107376171483,0.41492127114599114
2018-05-31,0.0,0.37809549875347775,0.37626980627845324,0.41465310580531617
2018-06-01,0.0,0.2766608987202409,0.27536119403386405,0.41800158606694576
2018-06-04,0.0,0.2740901468688591,0.2733827741837351,0.4123977770898683
2018-06-05,0.0,0.25849639011383646,0.2576404680908363,0.4122344229269117
2018-06-06,0.0,0.1989828481366019,0.19941962278641578,0.41444625587317213
2018-06-07,0.0,0.2338275667761653,0.23384406071208555,0.4114420429579961
2018-06-08,0.0,0.20654280178311923,0.2057544190870551,0.4081470267213368
2018-06-11,0.0,0.24068444147016005,0.24022675979222308,0.4081219161291353
2018-06-12,0.0,0.16657503125358666,0.16709997721097944,0.40814836320629166
2018-06-13,0.0,0.22254818486207517,0.22261037684821328,0.4061587232213381
2018-06-14,0.0,0.23444869926686607,0.23382749119645282,0.40579002482102694
2018-06-15,0.0,0.3074759239866473,0.30584793941030075,0.4058261223763295
2018-06-18,0.0,0.2662050109835794,0.26463840793450116,0.4056320146120197
2018-06-19,0.0,0.2749529095089941,0.27421433550752355,0.40456760154508803
2018-06-20,0.0,0.24102265564161385,0.24056993506119267,0.40381355217535275
2018-06-21,0.0,0.2606510952911708,0.2594143775969068,0.4060559395546182
2018-06-22,0.0,0.3092877074655075,0.3068535802020885,0.40584537425701034
2018-06-25,0.0,0.3402575132603761,0.33795757631992485,0.4155449229290299
2018-06-26,0.0,0.27393297890372864,0.2714816278909235,0.40860381848631316
2018-06-27,0.0,0.2921162874291222,0.2901095075103496,0.4040840934995732
2018-06-28,0.0,0.3088289620662065,0.3062494793768072,0.40372668080712126
2018-06-29,0.0,0.2654657011941292,0.26245247757414397,0.3967528711272882
2018-07-02,0.0,0.3456853180288173,0.34174310699385996,0.39602876086464134
2018-07-03,0.0,0.36805368558189333,0.36240986397469893,0.39717547982413204
2018-07-05,0.0,0.17621494604262028,0.17458516178526046,0.3972364961503067
2018-07-06,0.0,0.2440045662074913,0.2417106376421995,0.4019499108019722
2018-07-09,0.0,0.14480383325687632,0.1441953696314063,0.4058037421384646
2018-07-10,0.0,0.1813419590311595,0.18047945528180537,0.40635648825621923
2018-07-11,0.0,0.19100143984121987,0.1900825726225709,0.4088990638539801
2018-07-12,0.0,0.19897352508254892,0.19827345499847246,0.41188274652133783
2018-07-13,0.0,0.20799690844702787,0.20683676398798898,0.4116864664511306
2018-07-16,0.0,0.1835147558272433,0.18218855793737415,0.41168801747303896
2018-07-17,0.0,0.17528045007361098,0.17439652506457826,0.4119460163361501
2018-07-18,0.0,0.18992395874768309,0.18946126032214264,0.4108406529585029
2018-07-19,0.0,0.21187494048157662,0.21123645168119326,0.4119701873481154
2018-07-20,0.0,0.21113176809200454,0.21012465955027096,0.4094823134927102
2018-07-23,0.0,0.2220575546483891,0.22116573924044003,0.4094800769425514
2018-07-24,0.0,0.16635653391443153,0.16616190785554236,0.3971092243772654
2018-07-25,0.0,0.1583269597907518,0.15853045607802202,0.40011864422862475
2018-07-26,0.0,0.1972975018365175,0.1972400968288067,0.39448363938006087
2018-07-27,0.0,0.21167376969012475,0.21082241534714177,0.39827906743837077
2018-07-30,0.0,0.2605062695455713,0.25910537630780134,0.4015346805403605
2018-07-31,0.0,0.27099811372623056,0.2704635883029304,0.40203760212292733
2018-08-01,0.0,0.2287071820351787,0.22807852012401672,0.3998744865007888
2018-08-02,0.0,0.23472707787114,0.2339892951251144,0.3976228904424694
2018-08-03,0.0,0.21181979230509465,0.21088920923396506,0.3952127010859972
2018-08-06,0.0,0.2298330902838156,0.2285508094105714,0.3918473206518537
2018-08-07,0.0,0.14231043950055852,0.14197883980162554,0.3916742465158322
2018-08-08,0.0,0.17533050059080257,0.17441205357290288,0.38686844947186133
2018-08-09,0.0,0.18381717153917498,0.18272108407979798,0.3831349920937995
2018-08-10,0.0,0.1997650278878947,0.1989239658103835,0.38781974371221517
2018-08-13,0.0,0.2739142651626614,0.27139774872171557,0.3891017928074398
2018-08-14,0.0,0.21278918462877577,0.21135409929261206,0.3906786938759567
2018-08-15,0.0,0.29161088059349893,0.29059265591112915,0.3946033317021939
2018-08-16,0.0,0.2282731630669821,0.22737903657262573,0.39704266502558183
2018-08-17,0.0,0.19353644068140805,0.19247795565518946,0.39726822534135126
2018-08-20,0.0,0.22560128637320986,0.2241568487482874,0.39735938055013414
2018-08-21,0.0,0.15457119888604634,0.15454430816766768,0.3964845138513098
2018-08-22,0.0,0.1649966947866238,0.16413442045087304,0.391766417300862
2018-08-23,0.0,0.18793727643435423,0.18706663901909992,0.39127969732045664
2018-08-24,0.0,0.1829052578815082,0.18145511732066572,0.38977948135169427
2018-08-27,0.0,0.17632208181625963,0.17530670610975765,0.3890845467089025
2018-08-28,0.0,0.16224255018255598,0.16092448585567623,0.38841048570923087
2018-08-29,0.0,0.17279741204683938,0.17170380357752188,0.3891083642104057
2018-08-30,0.0,0.17402140923048884,0.17323388964567477,0.39078223690639724
2018-08-31,0.0,0.19316230411632807,0.19197079059736905,0.3900357153894659
2018-09-04,0.0,0.15403044228715043,0.1536025505438087,0.390038741746249
2018-09-05,0.0,0.1636353408976578,0.16348753157582288,0.39055577260463903
2018-09-06,0.0,0.2050582751174541,0.2042734548203862,0.39166783319759535
2018-09-07,0.0,0.1940443989818562,0.19288875771000297,0.3918938652592311
2018-09-10,0.0,0.21439837643987747,0.2127112859026276,0.3879340205788257
2018-09-11,0.0,0.20965646711355834,0.2083959033907534,0.38668931323133443
2018-09-12,0.0,0.17833015962255874,0.17795477020859535,0.38455319792255316
2018-09-13,0.0,0.16208071169777052,0.16173660954166239,0.3796999739860089
2018-09-14,0.0,0.14918188463912613,0.14875907423453558,0.3759604980376842
2018-09-17,0.0,0.20567076297019868,0.2045137006597058,0.3791494373985356
2018-09-18,0.0,0.14165720320527797,0.14127443524595365,0.3807036841772375
2018-09-19,0.0,0.177159329166405,0.17666101141450788,0.38058846477352754
2018-09-20,0.0,0.12981529503882921,0.12968562926627122,0.3841801992348512
2018-09-21,0.0,0.18831419383699752,0.1869967377244516,0.3837166697040849
2018-09-24,0.0,0.22261504695852352,0.22139960796018152,0.38323123090348776
2018-09-25,0.0,0.16477568040277799,0.16439177397016966,0.379379252538712
2018-09-26,0.0,0.15799129636301035,0.1577081265087865,0.3804272391134368
2018-09-27,0.0,0.19505456392322118,0.19413677489339423,0.3783527125594849
2018-09-28,0.0,0.15542314146838415,0.15518560402377765,0.37652004497264774
2018-10-01,0.0,0.15499270335614537,0.15479988756998608,0.37750850593028723
2018-10-02,0.0,0.15529770145469401,0.15512146084375036,0.37718223383839466
2018-10-03,0.0,0.19243023226210432,0.19189685862371328,0.37616781122794557
2018-10-04,0.0,0.2291162834051479,0.2282001095358635,0.38118908964096904
2018-10-05,0.0,0.2266562411717808,0.22480830028252966,0.3834184271372624
2018-10-08,0.0,0.23439728603843107,0.23220773144027054,0.383217162494509
2018-10-09,1.0,0.24233831682197757,0.2405699394323143,0.3822717390133081
2018-10-10,1.0,0.4148741167456176,0.41298817190175174,0.435902661874374
2018-10-11,0.0,0.48321340998618456,0.48157249347346853,0.44611629167219696
2018-10-12,0.0,0.3777356872909024,0.3775942773986649,0.4558048961012255
2018-10-15,0.0,0.40681268544956994,0.406681079636881,0.4558802793710342
2018-10-16,0.0,0.35860434617265174,0.3587732449845661,0.47163382907724494
2018-10-17,0.0,0.3438189644191629,0.34356901007373103,0.47144159074371456
2018-10-18,0.0,0.4032195078695254,0.40227580345276676,0.47283996249918747
2018-10-19,0.0,0.336847783866546,0.33564204713408075,0.4728410183538196
2018-10-22,0.0,0.3697417811488549,0.36943400678791893,0.4728927270282998
2018-10-23,1.0,0.5135834128597365,0.5131864499853979,0.4730142246569669
2018-10-24,0.0,0.5310718662740462,0.5316842551504813,0.49345741090057826
2018-10-25,0.0,0.5364607688448978,0.5380425076049445,0.5051850209093556
2018-10-26,0.0,0.5049977216696807,0.5065854119523043,0.5090324765856855
2018-10-29,0.0,0.5609730611874225,0.5621379022033226,0.5074369913513493
2018-10-30,0.0,0.5734319934407537,0.5747810199512922,0.5166162498953938
2018-10-31,0.0,0.567103892176042,0.5687101160868783,0.5210516894836267
2018-11-01,0.0,0.4953715661020176,0.4973736091722638,0.5246862148903685
2018-11-02,0.0,0.4710360252533187,0.4720955358173964,0.5247949381748538
2018-11-05,0.0,0.42121835454025475,0.42279380883277723,0.5261585603332986
2018-11-06,0.0,0.4285397620702195,0.4296144011882799,0.5277178346543036
2018-11-07,0.0,0.28123574505798793,0.28370915100464317,0.5155312839333327
2018-11-08,0.0,0.28507483199694267,0.2862827606791696,0.5047795807381688
2018-11-09,0.0,0.4268671538148819,0.4265292876283837,0.5029685618079088
2018-11-12,0.0,0.4675473018446283,0.4679020061115869,0.5114501085453264
2018-11-13,0.0,0.49756545518702955,0.4971841879528809,0.4992534839337836
2018-11-14,0.0,0.5285491657671225,0.5293124264929446,0.500070943349369
2018-11-15,0.0,0.5063560234231064,0.506609555149243,0.4992462915004596
2018-11-16,0.0,0.4484099933502812,0.44875030030492286,0.4994390385905757
2018-11-19,0.0,0.5257589529366616,0.5263144033390276,0.5053377148967496
2018-11-20,0.0,0.5789606160387789,0.5804001843509378,0.5116139809854657
2018-11-21,0.0,0.47528432710505314,0.47527035935575646,0.4895802071716105
2018-11-23,0.0,0.48504622148725496,0.4824153468156604,0.4803110232481777
2018-11-26,0.0,0.5189574958941301,0.5184219497908631,0.47953118779592496
2018-11-27,0.0,0.5179135906589118,0.5173167299180169,0.4782772362085636
2018-11-28,0.0,0.44459769654093073,0.44500962002105066,0.48575789465976926
2018-11-29,0.0,0.4510040996984318,0.4511809090228237,0.4832747653771582
2018-11-30,0.0,0.4487633802206294,0.4482008404331734,0.48209469951244344
2018-12-03,1.0,0.4352734645993021,0.4353882776142531,0.4834901836035125
2018-12-04,0.0,0.5418912911359264,0.5422237589606991,0.5100820580746022
2018-12-06,1.0,0.5703550347953323,0.5710548045020136,0.5089120907821362
2018-12-07,0.0,0.5362694526190389,0.5364719679260032,0.5066646627589764
2018-12-10,0.0,0.5816820637437766,0.5817642812118279,0.5072282876527396
2018-12-11,0.0,0.562769720747849,0.5633099811744803,0.50638119735131
2018-12-12,0.0,0.5773564242101429,0.5777046638914984,0.49995608171435413
2018-12-13,0.0,0.5624811561490016,0.5628597410931659,0.4999842219980125
2018-12-14,1.0,0.5920153517882408,0.5917377969503221,0.5066572150369466
2018-12-17,0.0,0.5842989845749862,0.5843731995826928,0.5103708206128843
2018-12-18,0.0,0.5223349528277766,0.5233282371437931,0.5099063786932849
2018-12-19,0.0,0.6083945027354365,0.6082341741981614,0.5091639979648783
2018-12-20,1.0,0.6173751648234292,0.6166451907142445,0.5076216253267214
2018-12-21,1.0,0.6576211109981326,0.6560428577415185,0.5130477839465807
2018-12-24,0.0,0.6483533775533367,0.6482832958383927,0.5240088540739741
2018-12-26,0.0,0.5305187210088678,0.5343407050814786,0.5728988677676563
2018-12-27,0.0,0.5739831603341272,0.5771262647188903,0.5746352841936917
2018-12-28,0.0,0.5693865470706402,0.5722899895454876,0.5618893049188092
2018-12-31,0.0,0.5134990753876677,0.5170070456745075,0.5648210196373045
2019-01-02,1.0,0.5498582417908071,0.5526668197743682,0.5625651792852023
2019-01-03,0.0,0.5616076793079314,0.5640896326628477,0.5644011672248646
2019-01-04,0.0,0.5299850578454448,0.5336561853118654,0.5775055594723634
2019-01-07,0.0,0.5763427170836007,0.5802341852456744,0.5790895330540488
2019-01-08,0.0,0.5801245191301948,0.5839692778099218,0.573488033367433
2019-01-09,0.0,0.5511517409660363,0.5548923441541244,0.5737929530452763
2019-01-10,0.0,0.5352824475052923,0.5388141543036387,0.5742571708722687
2019-01-11,0.0,0.530362081489391,0.5332335633619042,0.5736182569912046
2019-01-14,0.0,0.5664394957495501,0.569182872780946,0.5739170116865632
2019-01-15,0.0,0.5504805577843515,0.5536619666823757,0.5700153919130286
2019-01-16,0.0,0.5646917202582664,0.5672500815254409,0.5616901396718725
2019-01-17,0.0,0.5524460705877859,0.5553253891540779,0.5622685603587103
2019-01-18,0.0,0.5279458738007815,0.5306868401879474,0.558406586025714
2019-01-22,0.0,0.6013987771310033,0.6035025164795585,0.5573163525327718
2019-01-23,0.0,0.5178536803917329,0.5196118081371535,0.5459178960664565
2019-01-24,0.0,0.5335411093478566,0.5346361177390847,0.524614636569225
2019-01-25,0.0,0.5706953837028443,0.5698003744851451,0.4749711188709161
2019-01-28,0.0,0.5827354416682636,0.5815962356232024,0.4779615400661394
2019-01-29,0.0,0.5480494595022809,0.5472191767141316,0.4780161826683127
2019-01-30,0.0,0.505685171956253,0.505356998809174,0.4815263924387431
2019-01-31,0.0,0.5253128418192397,0.5249617910564408,0.48206730281273136
2019-02-01,0.0,0.5204428124076823,0.5186120442008796,0.4564958366339096
2019-02-04,0.0,0.47930812316852517,0.47602208815608654,0.422257132088341
2019-02-05,0.0,0.4493044361232308,0.44624424934060164,0.4217945295514985
2019-02-06,0.0,0.5026655289545916,0.4992423898400731,0.42131031466367336
2019-02-07,0.0,0.5872341888164088,0.5843649235319347,0.4276049084795056
2019-02-08,0.0,0.5243811821509444,0.5211470027116337,0.42748162376365834
2019-02-11,0.0,0.5331549164374149,0.5299786710348305,0.4273443981389945
2019-02-12,0.0,0.4292695935182946,0.42664419072802806,0.4291882072048483
2019-02-13,0.0,0.44177754747733294,0.43895689239086794,0.4265629645799636
2019-02-14,0.0,0.5365246570750908,0.5334505837289146,0.42773237219913307
2019-02-15,0.0,0.38228533604586445,0.3799056379426161,0.42960250568244196
2019-02-19,0.0,0.4227682258092553,0.4195753215347548,0.42454648391355077
2019-02-20,0.0,0.44552358720811747,0.44214172926894924,0.41153195155469774
2019-02-21,0.0,0.43169139722532046,0.4283206894411163,0.41346678664056874
2019-02-22,0.0,0.393172005546461,0.3896206069968061,0.41408200485944285
2019-02-25,0.0,0.45831940785819764,0.4552446672407376,0.41244759588680163
2019-02-26,0.0,0.39597892359438597,0.39236844182042446,0.40735696962561174
2019-02-27,0.0,0.44811168498865045,0.4443706765242029,0.4069827855188364
2019-02-28,0.0,0.5072092881588204,0.5037466471699752,0.39859527190424304
2019-03-01,0.0,0.3743427175980365,0.3708727329388516,0.3973707324175948
2019-03-04,0.0,0.466857247082114,0.46277929812954105,0.3992295752352211
2019-03-05,0.0,0.4148013797802028,0.41071561336302387,0.3978515595259741
2019-03-06,0.0,0.5172775248113302,0.5129252765575962,0.4003065466214241
2019-03-07,0.0,0.5608440038827021,0.5564408427319236,0.4041488192637344
2019-03-08,0.0,0.5092019532150028,0.5048899226246414,0.3988917980285772
2019-03-11,0.0,0.4181986728191535,0.4141476786656997,0.40930265271415434
2019-03-12,0.0,0.4240981769282571,0.42064072348717374,0.409392732684936
2019-03-13,0.0,0.33883928005723346,0.33594852455961166,0.4038685050498913
2019-03-14,0.0,0.37028470064886704,0.3670194665720864,0.4038827121833603
2019-03-15,0.0,0.40741876390625303,0.40365727836942694,0.4038505602620638
2019-03-18,0.0,0.3318757094916369,0.3287647837215929,0.39876706516955907
2019-03-19,0.0,0.3135693023719544,0.3104280397730798,0.39882840900041533
2019-03-20,0.0,0.33304957214768743,0.3299875620179289,0.39963399572625763
2019-03-21,0.0,0.27358906712345515,0.27183361223315206,0.40393984620673634
2019-03-22,0.0,0.45873205005394224,0.455643297148753,0.42200415291212956
2019-03-25,0.0,0.44798810354731067,0.44484533748917915,0.42198915197865255
2019-03-26,0.0,0.34500005797819006,0.34249982178696947,0.42408881850222113
2019-03-27,0.0,0.43603056890055053,0.43281621355880073,0.4251594988055407
2019-03-28,0.0,0.3874078833386988,0.3845889325691817,0.42513868895102136
2019-03-29,0.0,0.2691480451043583,0.26783950506405363,0.42505032764835243
2019-04-01,0.0,0.29852631078225667,0.2976523387548495,0.42889838726709506
2019-04-02,0.0,0.29398097947831653,0.29280704908042227,0.42871051775309005
2019-04-03,0.0,0.28979567013712787,0.28880168978889637,0.4258714607491607
2019-04-04,0.0,0.26571018132839785,0.264239790767141,0.42120899077165586
2019-04-05,0.0,0.22877044235165261,0.22746985934161196,0.420423549430029
2019-04-08,0.0,0.23733901386081607,0.23596842072070212,0.413209806729474
2019-04-09,0.0,0.2782466643370249,0.27606385574729325,0.41617021503380114
2019-04-10,0.0,0.20815642106291793,0.20659403439608923,0.41490163099432437
2019-04-11,0.0,0.25406811464738654,0.2520602881762167,0.41473993865281966
2019-04-12,0.0,0.19479189200779518,0.1938881073177533,0.4154295733010946
2019-04-15,0.0,0.2384647698456876,0.2370166708532395,0.41536946384060414
2019-04-16,0.0,0.25652683973770307,0.25485669812499445,0.41529978867254147
2019-04-17,0.0,0.2687779521450962,0.2676062802177535,0.4150408183150583
2019-04-18,0.0,0.2544047282052198,0.2528921670984172,0.41027947798679315
2019-04-22,0.0,0.25894590112701943,0.2565686622176374,0.3847195553035125
2019-04-23,0.0,0.2108248014830964,0.2093873426372559,0.38741442663411435
2019-04-24,0.0,0.20908346207701856,0.20773290831812358,0.38692645731201275
2019-04-25,0.0,0.2796859829272577,0.27738243125103773,0.3840190517954843
2019-04-26,0.0,0.2279063857439461,0.22569662168252666,0.3843556932439166
2019-04-29,0.0,0.2546361625004195,0.2524100395622094,0.3827001248779185
2019-04-30,0.0,0.23964954499092717,0.23756990675106757,0.37415511354471787
2019-05-01,0.0,0.2323565893470275,0.23081724148814461,0.3807123640104992
2019-05-02,0.0,0.3172798112244849,0.31517221988415745,0.38131872998881616
2019-05-03,0.0,0.2047529179270478,0.2030178120795581,0.3870327426151262
2019-05-06,0.0,0.2792437783475161,0.27670400439843246,0.3881361365410582
2019-05-07,0.0,0.4313203472785386,0.42818889741047583,0.4055841535313952
2019-05-08,0.0,0.3345175339421731,0.33151124351988726,0.40371370597226397
2019-05-09,0.0,0.3655367824923627,0.3624531186158574,0.4034536829995158
2019-05-10,1.0,0.34022673862163655,0.3370312917642299,0.40431400393098327
2019-05-13,0.0,0.5971990965727255,0.5946167297993217,0.4278155585789311
2019-05-14,0.0,0.4496259569964824,0.4472755442317759,0.43153379705756245
2019-05-15,0.0,0.41512778864267574,0.41300865771014206,0.4333871189196914
2019-05-16,0.0,0.28751347449154446,0.28635999745910995,0.4369291658239927
2019-05-17,0.0,0.3621613998763451,0.35997187886405785,0.4378339683284084
2019-05-20,0.0,0.46886250386099837,0.4665311150329634,0.43898881547600993
2019-05-21,0.0,0.36825888632063364,0.3663692669754541,0.4387270134617599
2019-05-22,0.0,0.39672743801483273,0.39467669495396535,0.43879212926948147
2019-05-23,0.0,0.5438056290895388,0.5416315150966146,0.4428751123126604
2019-05-24,0.0,0.3931437223100893,0.3913703814536612,0.4416587670594647
2019-05-28,0.0,0.5108193493625133,0.5087432453221628,0.4427075811248101
2019-05-29,0.0,0.5662569394744612,0.5645993572483596,0.4429279840763528
2019-05-30,0.0,0.509663717094848,0.507907817079565,0.442827196519602
2019-05-31,0.0,0.569965252768948,0.5675610219634006,0.44693512548139086
2019-06-03,0.0,0.5794295630067012,0.577015974426466,0.4408654141586377
2019-06-04,0.0,0.4475703780113316,0.4466982196636032,0.4613141763751946
2019-06-05,0.0,0.47340303970984965,0.47264932159148937,0.45712718475029124
2019-06-06,0.0,0.3952155409429761,0.3947371112564104,0.4586817215475539
2019-06-07,0.0,0.28754402600257767,0.2873342143369003,0.4621719264577368
2019-06-10,0.0,0.2943368363025757,0.2942892745353093,0.46241668519839635
2019-06-11,0.0,0.3035953198595354,0.3029109685125266,0.4410138073437109
2019-06-12,0.0,0.39802107038816176,0.39647900033715705,0.43955192317200553
2019-06-13,0.0,0.2652021387469211,0.2641954392032192,0.43899184153453175
2019-06-14,0.0,0.2992821486699733,0.29779426178637664,0.4364013548560982
2019-06-17,0.0,0.3334237524716383,0.3316075496120823,0.4348738708332154
2019-06-18,0.0,0.20755547403960584,0.2069155111128724,0.4355514422683032
2019-06-19,0.0,0.2630946942199373,0.26213245480303066,0.43356219255117473
2019-06-20,0.0,0.18165679891295797,0.18115521236735516,0.4354499338221293
2019-06-21,0.0,0.23123703022549516,0.23027330269992508,0.42792126710957484
2019-06-24,0.0,0.276078096837467,0.27477567004378656,0.4285428358609686
2019-06-25,0.0,0.3279183766920014,0.32631221089998524,0.4295854416427015
2019-06-26,0.0,0.3362875081862422,0.3343001898305254,0.42655321346013664
2019-06-27,0.0,0.2726656523379372,0.27117764399271876,0.4266416872907974
2019-06-28,0.0,0.21180475240905516,0.21043079505636364,0.41514037245226015
2019-07-01,0.0,0.22401503321210126,0.22286999774515673,0.4139397186989904
2019-07-02,0.0,0.24679539399679246,0.244755393483882,0.39593610898504367
2019-07-03,0.0,0.21908349540439673,0.2144846392704937,0.3956282844339668
2019-07-05,0.0,0.14894373269886252,0.14599078673878862,0.39619766471727863
2019-07-08,0.0,0.17587700932177558,0.17408412442358437,0.394874185952414
2019-07-09,0.0,0.23397664235723142,0.23226019842906298,0.39431591081476086
2019-07-10,0.0,0.16786986608900645,0.16677650404782532,0.39454330143001404
2019-07-11,0.0,0.1663151982478199,0.16524297385005224,0.3935187691194009
2019-07-12,0.0,0.20588314510954908,0.20386029749776335,0.3936754108621546
2019-07-15,0.0,0.22861399142396752,0.22652791485673163,0.3930074668804828
2019-07-16,0.0,0.1641207238470497,0.1630295661102831,0.3948687660246564
2019-07-17,0.0,0.24242255654993417,0.24068826939450133,0.39477536697003374
2019-07-18,0.0,0.18686064178321496,0.18540777776226552,0.3949381727418402
2019-07-19,0.0,0.22046836752569426,0.21836699602711046,0.39317576539965715
2019-07-22,0.0,0.24139811642328038,0.2393488401347751,0.3933333826817253
2019-07-23,0.0,0.19317840840867878,0.19203672125578994,0.39527538033600684
2019-07-24,0.0,0.18684533974273906,0.18555211418379483,0.388031414746269
2019-07-25,0.0,0.21005308855729726,0.2087352475243526,0.39078832236803235
2019-07-26,0.0,0.1653814124403129,0.1638636820618133,0.3927038742209608
2019-07-29,0.0,0.18368797065628525,0.1823846242396207,0.39216700655122266
2019-07-30,0.0,0.2139292672780475,0.21270086195811538,0.39012481325233456
2019-07-31,0.0,0.34585179889957945,0.343644712922922,0.3981215154213909
2019-08-01,0.0,0.32440781563428167,0.3220888134905032,0.39889737127934405
2019-08-02,1.0,0.37547209371408186,0.37235366923122254,0.4013083053428333
2019-08-05,0.0,0.605788205234002,0.6041846335839681,0.4378549521259709
2019-08-06,0.0,0.5095176807141222,0.5079877270028829,0.44587211293442663
2019-08-07,0.0,0.5374490483152298,0.5361832271009445,0.444679306570756
2019-08-08,0.0,0.3384975986939588,0.33858881961810566,0.4583301971739787
2019-08-09,0.0,0.3810475645747654,0.3801029971052723,0.45812670540983014
2019-08-12,0.0,0.4877218872470979,0.48680260566602207,0.46154984177379116
2019-08-13,1.0,0.2990969705826574,0.29913807008974636,0.47030833781257525
2019-08-14,0.0,0.5601112881711885,0.5606029472469213,0.4909745934253521
2019-08-15,0.0,0.579124142578598,0.5788568995784271,0.4906527415517458
2019-08-16,0.0,0.3900495989691925,0.3903759183504512,0.49713263137183733
2019-08-19,0.0,0.3072654930223564,0.3082256260299506,0.5011723721801054
2019-08-20,0.0,0.3960890132863408,0.3968942815838905,0.5005934816901834
2019-08-21,0.0,0.3265453328460434,0.32741222011276144,0.5020205895809238
2019-08-22,1.0,0.30549286474026727,0.3063258960400222,0.5016691090117443
2019-08-23,0.0,0.5097391498399112,0.5107177673900954,0.513141285288129
2019-08-26,0.0,0.41211299433416465,0.41326662030736844,0.5173703175940567
2019-08-27,0.0,0.417699562431242,0.4189285625837454,0.5173863239680461
2019-08-28,0.0,0.4288099965300932,0.43032735319461296,0.5171774096488535
2019-08-29,0.0,0.2828671212756532,0.28421834724364525,0.5198893390444875
2019-08-30,0.0,0.34682703307976415,0.3479207882987537,0.5187745121899479
2019-09-03,0.0,0.3582475318431027,0.35854121372029396,0.498127571297434
2019-09-04,0.0,0.2547068488118956,0.2552327333331345,0.4969304932022889
2019-09-05,0.0,0.2145630149345636,0.21566386345125635,0.5003529756028942
2019-09-06,0.0,0.24044787827240752,0.2409076344131987,0.49247564135657174
2019-09-09,0.0,0.25905348724196037,0.25967836737936395,0.491005359494094
2019-09-10,0.0,0.3103773434734576,0.3114808855841389,0.4859806056056351
2019-09-11,0.0,0.23257128138769867,0.23355911433226262,0.4817637398118978
2019-09-12,0.0,0.1752517702541159,0.17535744413675552,0.45110910951943567
2019-09-13,0.0,0.19693453458776922,0.1971609841543646,0.4515497903431063
2019-09-16,0.0,0.3032981769308572,0.30304976469005557,0.4474507084802663
2019-09-17,0.0,0.2242438568026469,0.22372094784800903,0.4435030341709907
2019-09-18,0.0,0.2797062059962952,0.278687462825863,0.44013915753806193
2019-09-19,0.0,0.25809855483231986,0.25698699854869267,0.438556252878853
2019-09-20,0.0,0.21137799264505147,0.20998753663372574,0.4399123540878406
2019-09-23,0.0,0.30826931481957204,0.3054567841785306,0.4051824328720566
2019-09-24,0.0,0.3394359571498274,0.3370628402051551,0.40673171287617566
2019-09-25,0.0,0.3227410598213401,0.3204029893587556,0.40644308948301067
2019-09-26,0.0,0.28721625135116735,0.2848844237791564,0.40616209746774323
2019-09-27,0.0,0.31337618631033975,0.31006377027480336,0.4008894924789745
2019-09-30,0.0,0.2802303398850878,0.27794830317249275,0.40196062153419526
2019-10-01,0.0,0.3612021074884571,0.35819841931551594,0.408088555735022
2019-10-02,0.0,0.5363967490239991,0.5333975666079972,0.41793021288451876
2019-10-03,0.0,0.41735342027257827,0.41413588629083037,0.41227705531746817
2019-10-04,0.0,0.22364335470822475,0.22201443329477266,0.4228280437432802
2019-10-07,0.0,0.34301096862813063,0.3407983200149695,0.4235168405580838
2019-10-08,0.0,0.42136522168525226,0.4192413625781763,0.43244305307677994
2019-10-09,0.0,0.25483300742727133,0.2525603939656718,0.4338996815001368
2019-10-10,0.0,0.29336952611328354,0.29166641992083064,0.4355723166664478
2019-10-11,0.0,0.2082554754185722,0.2076486005184821,0.4409871309898924
2019-10-14,0.0,0.22354158756809653,0.22186312944055997,0.4407589765517651
2019-10-15,0.0,0.18137629626554816,0.1807158989835059,0.4443864366893004
2019-10-16,0.0,0.23086269613944937,0.22963839341603762,0.4444969624247601
2019-10-17,0.0,0.22010944170800611,0.219288901690195,0.4448128951608099
2019-10-18,0.0,0.23114082647277404,0.23006337157604587,0.44450293928122364
2019-10-21,0.0,0.18019582857740662,0.17961802452630457,0.44616833444199216
2019-10-22,0.0,0.1963976797699613,0.1960508812869762,0.44389613609168227
2019-10-23,0.0,0.22611581031306865,0.22515862453266472,0.44289963692942813
2019-10-24,0.0,0.18013160348738289,0.17988257302037344,0.4426632050674842
2019-10-25,0.0,0.15849113788380484,0.15797150305555993,0.4416493045352812
2019-10-28,0.0,0.17203702839577908,0.17187590195433752,0.44182001557915823
2019-10-29,0.0,0.16958503792063762,0.16928885211873243,0.4348093851868644
2019-10-30,0.0,0.16013028177429653,0.15934503595359117,0.4172952587578557
2019-10-31,0.0,0.1799401296269099,0.1791263009168564,0.41725212093383957
2019-11-01,0.0,0.1399463099702176,0.1385725500361326,0.4128344323608025
2019-11-04,0.0,0.17567106553974665,0.17395900604141007,0.4107322760958275
2019-11-05,0.0,0.1759361329766337,0.1740898266871231,0.39220315384284815
2019-11-06,0.0,0.18365564090698364,0.18170250572662447,0.3898473401119163
2019-11-07,0.0,0.13541836064520982,0.13297898925639653,0.38879832241706436
2019-11-08,0.0,0.15016807988666936,0.14819346332965888,0.38317064431467596
2019-11-11,0.0,0.15879763330500554,0.15622539873842836,0.38350405220827266
2019-11-12,0.0,0.14177937710663185,0.14018017194943,0.3780110874560537
2019-11-13,0.0,0.1561258540185499,0.15430314745453877,0.3769056540673678
2019-11-14,0.0,0.1411911047318876,0.13944025380238823,0.376862264406132
2019-11-15,0.0,0.15261365515965758,0.14938871616229768,0.37680228978762603
2019-11-18,0.0,0.1472798979218254,0.14488196382142893,0.3748803826507756
2019-11-19,0.0,0.14127121424271138,0.13934990515736928,0.37254840957794116
2019-11-20,0.0,0.16023993654327687,0.15861890928527864,0.37550306760419205
2019-11-21,0.0,0.13315016983677055,0.13172692978934777,0.37643590209788325
2019-11-22,0.0,0.15468476048620056,0.1524083851039019,0.37586746145081124
2019-11-25,0.0,0.15572472418491962,0.15380242310681666,0.37762374211177296
2019-11-26,0.0,0.1644447479076133,0.16157770707904218,0.3771245575813213
2019-11-27,0.0,0.14956898536608568,0.14692603829576628,0.3774534925940377
2019-11-29,0.0,0.18659609473814426,0.18188018133502787,0.37836001356262555
2019-12-02,0.0,0.13639349148120963,0.13436390448311789,0.38056053189865985
2019-12-03,0.0,0.13944948057314274,0.13818756356222892,0.3838370613310758
2019-12-04,0.0,0.12101048619169252,0.11982120379853216,0.38626525778528564
2019-12-05,0.0,0.12000731924229488,0.11876936008372549,0.3863191998474864
2019-12-06,0.0,0.13991472061913834,0.13746370327398735,0.39096937346082267
2019-12-09,0.0,0.13180712136194356,0.13023667311167408,0.3918566796917193
2019-12-10,0.0,0.12373167279103138,0.12230504850447052,0.39159393654724667
2019-12-11,0.0,0.12166446583969424,0.12003292967127348,0.3918585358147008
2019-12-12,0.0,0.13303667848265494,0.1308639306926515,0.39559314223680997
2019-12-13,0.0,0.11959799230128733,0.11830831740793853,0.39566378225455495
2019-12-16,0.0,0.1461862557273304,0.14324745506307984,0.39522724329125214
2019-12-17,0.0,0.11432532657626202,0.11213118377861886,0.3952425256118606
2019-12-18,0.0,0.11860549949867959,0.11638210219496746,0.39520888702692447
2019-12-19,0.0,0.11746720843392192,0.11494500587688207,0.3941619582472781
2019-12-20,0.0,0.1657100418325659,0.16076389709817465,0.39413662521370296
2019-12-23,0.0,0.13854228173267844,0.1358744915985287,0.3941910810990193
2019-12-24,0.0,0.1607634906139306,0.15668504783889825,0.3921206619145812
2019-12-26,0.0,0.16068682169993045,0.1565029130620885,0.39296561639008337
2019-12-27,0.0,0.17067419057754304,0.16638436477184188,0.3926157267489749
2019-12-30,0.0,0.15502190615636502,0.15146065926575178,0.39406071756784233
2019-12-31,0.0,0.14564609376503862,0.1423125715932947,0.3870433459863482
2020-01-02,0.0,0.15480565493763654,0.1509615278409215,0.3839744854748223
2020-01-03,0.0,0.12970957024585442,0.12728565774199047,0.3891813863403047
2020-01-06,0.0,0.12431432926413154,0.12180795732313432,0.38933313518358
2020-01-07,0.0,0.12056051547934715,0.11853163979459636,0.3868873500504374
2020-01-08,0.0,0.12151565380003969,0.11898528531012331,0.3859668887303802
2020-01-09,0.0,0.13056362398164065,0.12804900354846663,0.3868182943239861
2020-01-10,0.0,0.1506397887484118,0.14754313012744188,0.3885350027264111
2020-01-13,0.0,0.1681625188302327,0.1639406118792733,0.38718161703298737
2020-01-14,0.0,0.14507207827956162,0.1409559230862558,0.38776748334884537
2020-01-15,0.0,0.14127364143080734,0.13721014366342654,0.3855465132530156
2020-01-16,0.0,0.1549394995056947,0.15111263523413468,0.38863360366621047
2020-01-17,0.0,0.14841086317306124,0.14450972129606238,0.3884419447212054
2020-01-21,0.0,0.15264210707384815,0.14971309723516876,0.38950144006883225
2020-01-22,0.0,0.15706935501721211,0.1534895928605578,0.38887668018347715
2020-01-23,0.0,0.1353424405696225,0.13252660297359956,0.3888552531269994
2020-01-24,0.0,0.1309472066028486,0.1287265383228153,0.39589073257165375
2020-01-27,0.0,0.15870925911565034,0.15763925106502807,0.4099291164816774
2020-01-28,0.0,0.15888810752547214,0.15742089662222158,0.4147123712716627
2020-01-29,0.0,0.16368400149468998,0.1622784669725953,0.41274456442271273
2020-01-30,0.0,0.16711119906754315,0.16554550759953424,0.41278651871256045
2020-01-31,0.0,0.22292387571537167,0.22158616433542333,0.4246697761971353
2020-02-03,0.0,0.15717894808128519,0.15626820053841128,0.4249371991016991
2020-02-04,0.0,0.15414383815293528,0.1524159463109106,0.43337454485683113
2020-02-05,0.0,0.15416719458467945,0.15193460808421094,0.4368047945844649
2020-02-06,0.0,0.1474366815566715,0.14484930381364108,0.4364776599481103
2020-02-07,0.0,0.14449716811672514,0.1431485623039819,0.4369623937896175
2020-02-10,0.0,0.1577740391744527,0.1563075934489123,0.43787331024448595
2020-02-11,0.0,0.1470432571285938,0.14533238132722268,0.43658174123295523
2020-02-12,0.0,0.15482023866643674,0.1523739302240729,0.43732900947184744
2020-02-13,0.0,0.1359905068100852,0.1348305911744842,0.4376771679542289
2020-02-14,0.0,0.13473912739863428,0.13303905157665083,0.43564224048217354
2020-02-18,0.0,0.14313457575871286,0.1412930575368289,0.43582450137663326
2020-02-19,0.0,0.1447128162140101,0.1428284669661822,0.4359428437003798
2020-02-20,0.0,0.15864447734252451,0.15719199889704433,0.4368073439950306
2020-02-21,1.0,0.1467553953332541,0.14625645568222403,0.4414755367992144
2020-02-24,1.0,0.4110113448653735,0.4114795039676338,0.4751612757420302
2020-02-25,0.0,0.4129614662452534,0.4134272747579356,0.4925613339354263
2020-02-26,1.0,0.4359526830730056,0.4360596686933211,0.4887401229397418
2020-02-27,0.0,0.5562061982755137,0.5574845351169836,0.5279985592301737
2020-02-28,0.0,0.5986198668132419,0.5990614724926883,0.5268639735292766
2020-03-02,1.0,0.3515936810354207,0.35497494954621994,0.5704000938714122
2020-03-03,0.0,0.5576299591800914,0.5608664449644265,0.5794839694882835
2020-03-04,1.0,0.3660433749900412,0.37095824438719505,0.6063135442937044
2020-03-05,0.0,0.5567524660322104,0.5621214654263584,0.6164243124569448
2020-03-06,1.0,0.5890981061169462,0.5936713516723023,0.617400815990372
2020-03-09,0.0,0.7293888223018709,0.7337479852714269,0.6743582432151042
2020-03-10,1.0,0.6030200201430358,0.6119426705838039,0.704647659509227
2020-03-11,1.0,0.6759471881233665,0.682747458069659,0.718279881376485
2020-03-12,0.0,0.9116857619873067,0.9161988104702528,0.767022646190344
2020-03-13,1.0,0.7604903295221368,0.7714961994699324,0.8256740692772284
2020-03-16,0.0,0.8946075712878676,0.9018749344629948,0.8669292758951481
2020-03-17,1.0,0.8311396129840024,0.8417649145103211,0.8823184264710923
2020-03-18,0.0,0.8602084179725195,0.8701547587313239,0.8850260325047408
2020-03-19,1.0,0.8661894225689557,0.8758250256702171,0.8857173113407626
2020-03-20,1.0,0.8580034846824597,0.8681651764247025,0.8874974251750914
2020-03-23,0.0,0.9040789643890477,0.9117818031054499,0.8871919757692421
2020-03-24,0.0,0.8280844408480084,0.8408026016725891,0.9113023799288886
2020-03-25,0.0,0.8065686598629423,0.8202264409313671,0.9120846868150245
2020-03-26,1.0,0.6871385565227607,0.706088441145024,0.9180758747646901
2020-03-27,0.0,0.7938240177616837,0.808172030244735,0.9194024175123806
2020-03-30,0.0,0.7370443726532754,0.7542952862756984,0.9175134191317208
2020-03-31,1.0,0.7183986631568935,0.7357353933043289,0.9168621187048213
2020-04-01,0.0,0.8316706263406841,0.844046668599459,0.9148153892586322
2020-04-02,0.0,0.804983515059997,0.8186767137770627,0.9154207866087167
2020-04-03,0.0,0.7790495794415709,0.7934644164038135,0.9153616650263526
2020-04-06,0.0,0.6969224473273163,0.7166313963278482,0.9156808670171812
2020-04-07,0.0,0.6419494759259959,0.6620155520409806,0.9111579765493565
2020-04-08,0.0,0.6851629763439425,0.7041957804397002,0.9089520309004566
2020-04-09,0.0,0.6578352686804945,0.6758892896183466,0.8876288736081108
2020-04-13,0.0,0.6277956709090706,0.6446263240215753,0.8667248094434762
2020-04-14,1.0,0.5782964681002144,0.5925238794720225,0.8064926911944579
2020-04-15,0.0,0.6618432148995816,0.6738733692911256,0.7967689846037418
2020-04-16,0.0,0.5965013587866792,0.6084258953259417,0.7768665802441244
2020-04-17,0.0,0.5867462435343748,0.5993082844942872,0.7786881185508935
2020-04-20,1.0,0.6945048996741944,0.7040690435698348,0.7655682663024651
2020-04-21,0.0,0.6945528719502916,0.7034025250879038,0.7663060538652575
2020-04-22,0.0,0.5676957630751756,0.5766070381241595,0.7132791490284704
2020-04-23,0.0,0.6736395506743714,0.6822128002474209,0.7135753388725466
2020-04-24,0.0,0.5522422167421234,0.559500740499188,0.6835938137156574
2020-04-27,0.0,0.6561565119115339,0.6621118654789607,0.6684141465889291
2020-04-28,0.0,0.6785201449442352,0.6849972244719198,0.6610659695187832
2020-04-29,0.0,0.6682846086823085,0.6752807883490022,0.6606471704433466
2020-04-30,1.0,0.7083452271530071,0.7140754899859207,0.6315037964833108
2020-05-01,0.0,0.6183539556560484,0.622613164180231,0.6442004894317701
2020-05-04,0.0,0.6401810355984381,0.6440719820965596,0.6384565987530467
2020-05-05,0.0,0.6581496772417168,0.6605803756286729,0.577686872332437
2020-05-06,0.0,0.6705215946849205,0.6723600158104741,0.5791304404551709
2020-05-07,0.0,0.6459125267185805,0.6479780145796542,0.5637927039837947
2020-05-08,0.0,0.6372400902935895,0.6388705641371907,0.5649096421990948
2020-05-11,1.0,0.6447291848566241,0.6462792057947969,0.5620268533657294
2020-05-12,0.0,0.6885477514748332,0.6899730204772663,0.5560642014631132
2020-05-13,0.0,0.724570681400388,0.7255849216533123,0.5525652589342217
2020-05-14,0.0,0.7001907045619328,0.70162260043226,0.5542265318565829
2020-05-15,0.0,0.5941184118980793,0.5948731009324149,0.5410711849156046
2020-05-18,0.0,0.6633449661942059,0.6660018140778863,0.55191399605309
2020-05-19,0.0,0.631190377423086,0.6321871090557478,0.5330475997799491
2020-05-20,0.0,0.5897711877690116,0.5910979468203559,0.5286649399474052
2020-05-21,0.0,0.6634675288297652,0.6641965238271446,0.5308413873084995
2020-05-22,0.0,0.5555090864541719,0.5559694425756926,0.528046775259434
2020-05-26,0.0,0.6674052128633468,0.6686660946812878,0.5268586852849453
2020-05-27,0.0,0.6139080378220146,0.6154066410424363,0.5287920910923049
2020-05-28,0.0,0.5653271934337284,0.5664871571959502,0.516246507971924
2020-05-29,0.0,0.5460387122178815,0.5459633500830388,0.5135584742174969
2020-06-01,0.0,0.5273476340572469,0.5271642025341657,0.4894555898826952
2020-06-02,0.0,0.5536883625175295,0.553304137714641,0.4899252393029295
2020-06-03,0.0,0.48954543120883026,0.49041782350231045,0.49166325480453815
2020-06-04,0.0,0.5575908648553768,0.558257681280701,0.489828114507709
2020-06-05,0.0,0.27004155388188694,0.26966547459449375,0.5004243802314533
2020-06-08,0.0,0.3039904239633914,0.3041691249373078,0.4981587342034909
2020-06-09,0.0,0.3138304401695375,0.3147217648054678,0.5015954530953156
2020-06-10,1.0,0.3427166320696739,0.3432229976818427,0.487533673535528
2020-06-11,0.0,0.5473602666212355,0.5500467289140353,0.5638962670259691
2020-06-12,0.0,0.5367487100987096,0.5393913586942851,0.5643878075238994
2020-06-15,0.0,0.5712887605759945,0.5742736388032494,0.5647997987921461
2020-06-16,0.0,0.42002933435169465,0.4234237689397147,0.5547549268291047
2020-06-17,0.0,0.38820281079324864,0.3908904290443399,0.552115765393113
2020-06-18,0.0,0.41067514411874695,0.41266165982171554,0.548608757276774
2020-06-19,0.0,0.37827182814442806,0.3795045722161335,0.5478476202481894
2020-06-22,0.0,0.4210003036818387,0.4231595836747967,0.5481209974587904
2020-06-23,1.0,0.36494249330833495,0.3670802120676992,0.5463616304478874
2020-06-24,0.0,0.6153287489444885,0.6179914931369537,0.5570517579363917
2020-06-25,1.0,0.506801532681266,0.5093916303898747,0.5588373398150944
2020-06-26,0.0,0.5076276756562699,0.5093327029259047,0.5692414278517769
2020-06-29,0.0,0.5399575805671153,0.542790613468653,0.5727771349177526
2020-06-30,0.0,0.43428258719723495,0.43724635907411935,0.5755939435124344
2020-07-01,0.0,0.38622376758854876,0.38925334050581795,0.5729357933203644
2020-07-02,0.0,0.36744761847136365,0.37054336077577815,0.5730233382060872
2020-07-06,0.0,0.28186614858391784,0.28518681222065584,0.5655187517729809
2020-07-07,0.0,0.3421893132776225,0.34459539667814154,0.5645112503698024
2020-07-08,0.0,0.3877946153240402,0.39152259177102033,0.5649689792328602
2020-07-09,0.0,0.3672579364260799,0.37050864608379586,0.5650283997140626
2020-07-10,0.0,0.31535103560756333,0.3154808094676303,0.4887994210737066
2020-07-13,0.0,0.4010971107221412,0.40220798707879774,0.4895509029687235
2020-07-14,0.0,0.29610652559943534,0.29681703867140374,0.49192897332111796
2020-07-15,0.0,0.2534139991880406,0.2543738138919298,0.4855201647767753
2020-07-16,0.0,0.29831063838236066,0.2985526874687708,0.4854650889064821
2020-07-17,0.0,0.2423407061275457,0.2420339772143171,0.48546252640287985
2020-07-20,0.0,0.22359648782071886,0.22383882726702323,0.48486823762498765
2020-07-21,0.0,0.23067258016749306,0.2313955124105244,0.484416312293289
2020-07-22,0.0,0.20382550481214345,0.20419187900564661,0.48463269815183235
2020-07-23,0.0,0.24916661982352023,0.24881676135605357,0.46750819546647066
2020-07-24,0.0,0.2914157629238556,0.2902347408178554,0.46771534148026783
2020-07-27,0.0,0.2725699014717698,0.2710544951777708,0.443556742685456
2020-07-28,0.0,0.25448390409570926,0.25319885888486865,0.4421332193194828
2020-07-29,0.0,0.21915965750587277,0.21871721589594711,0.43957328344494334
2020-07-30,0.0,0.2592847253723515,0.25845846543033385,0.44069200691702437
2020-07-31,0.0,0.23241662383858763,0.23172146995595702,0.4416248930764426
2020-08-03,0.0,0.21538705354612592,0.21487763729893933,0.4352160681810401
2020-08-04,0.0,0.22779526862048982,0.22730809801122254,0.4283560279526494
2020-08-05,0.0,0.18906149028082816,0.18837133245283152,0.4278033037956698
2020-08-06,0.0,0.20042077232295546,0.1996711060191723,0.4253244505904042
2020-08-07,0.0,0.19577013615382668,0.19452308193995888,0.42293909604647684
2020-08-10,0.0,0.20988944491487838,0.20859490837124428,0.4159522754851724
2020-08-11,0.0,0.21658725225032655,0.2154010056490719,0.4157955342557968
2020-08-12,0.0,0.179865485833071,0.17815159329298144,0.42013415733263104
2020-08-13,0.0,0.18616884695293803,0.1845911107547235,0.4194880658820413
2020-08-14,0.0,0.16851956345756924,0.166313573165916,0.4197717646824287
2020-08-17,0.0,0.1749155713765844,0.17324708232655528,0.41793669820609586
2020-08-18,0.0,0.17395749576840136,0.17257829189741028,0.4179360525414975
2020-08-19,0.0,0.17342318028174356,0.17200331745849998,0.4189823187769451
2020-08-20,0.0,0.18863514664967304,0.18700429465627405,0.409034945219361
2020-08-21,0.0,0.1718500804939894,0.1690142181709728,0.40497629325309686
2020-08-24,0.0,0.1706763096787862,0.1681809982843056,0.40668715684066326
2020-08-25,0.0,0.16802259744040188,0.16602137413488757,0.40150001326892143
2020-08-26,0.0,0.16332322592290505,0.16071107559258616,0.3994004047296571
2020-08-27,0.0,0.16393579407452002,0.1617445394507658,0.3964358390200155
2020-08-28,0.0,0.1546269071050617,0.15123518664525445,0.39600418605566207
2020-08-31,0.0,0.15867299321763542,0.15676122676408405,0.3969273070161085
2020-09-01,0.0,0.1541097039337289,0.15223068726412517,0.39809639983806094
2020-09-02,1.0,0.1716678107109313,0.16751106195222185,0.4057764344963865
2020-09-03,0.0,0.22779019314158794,0.22818644658443132,0.4626818777298244
2020-09-04,1.0,0.16278450743043668,0.162606417578608,0.46552854693686085
2020-09-08,0.0,0.36210839642328396,0.3630294616105091,0.4883050487287545
2020-09-09,0.0,0.17188029136579203,0.17209989845622053,0.49675381211419406
2020-09-10,0.0,0.260965386871304,0.26176623484487505,0.5000388452783192
2020-09-11,0.0,0.23014248934615505,0.2303557193456037,0.5000007065940727
2020-09-14,0.0,0.17470416469334116,0.17522936030596115,0.5040654382837447
2020-09-15,0.0,0.1920379404143421,0.1930696350874753,0.504513349577998
2020-09-16,0.0,0.2257718258908003,0.22674421553669766,0.5049715517487378
2020-09-17,0.0,0.26420323670802737,0.26500323362340394,0.5062028742816675
2020-09-18,0.0,0.351942396117571,0.3527509689855932,0.508598384297074
2020-09-21,0.0,0.4534909820380725,0.45409839651086764,0.5105905918878122
2020-09-22,1.0,0.3015837830249784,0.3020590559685458,0.5108565845223332
2020-09-23,0.0,0.4443245523365759,0.4450050225634157,0.5205705820665311
2020-09-24,0.0,0.3938686399741811,0.39463200609750976,0.5174069953173184
2020-09-25,0.0,0.2548831280713219,0.2553465370502333,0.524918670373569
2020-09-28,0.0,0.19114440922132117,0.19244223609436895,0.5304818264209646
2020-09-29,0.0,0.27195101506151315,0.2730562446933743,0.5306234991466295
2020-09-30,0.0,0.24615888068601646,0.24774141769792446,0.5309363374484921
2020-10-01,0.0,0.19415497037292756,0.19536604595900456,0.5253986327986582
2020-10-02,0.0,0.24805902703192634,0.24779576500458936,0.5014209384338494
2020-10-05,0.0,0.18431806028037853,0.18489362555587302,0.5087170312939249
2020-10-06,0.0,0.24192031642569,0.24251127445705475,0.49432550980374157
2020-10-07,0.0,0.17915723500681158,0.17961107816411875,0.4916956736040759
2020-10-08,0.0,0.18411885793316773,0.1846370484418713,0.48367931137037773
2020-10-09,0.0,0.1755707699454273,0.17540167361827502,0.48495391677858285
2020-10-12,0.0,0.18553720640532892,0.18510290280359523,0.4874385281743328
2020-10-13,0.0,0.17741172348089237,0.17758406939632598,0.4889941427039305
2020-10-14,0.0,0.2030224823512932,0.2038933332439324,0.48976981246800533
2020-10-15,0.0,0.19520377278859605,0.19591436338714577,0.4872866629017166
2020-10-16,0.0,0.19242771978519077,0.19313007700864135,0.48248337866427715
2020-10-19,0.0,0.2711638324486806,0.27195450828186774,0.4867552620016224
2020-10-20,0.0,0.22978734683015983,0.23074449604650973,0.4850115932876879
2020-10-21,0.0,0.27365672475828606,0.27379681717423765,0.46556423900256777
2020-10-22,0.0,0.20941362150831058,0.20981221917462092,0.46570520995988623
2020-10-23,0.0,0.21824587149307637,0.2179661172904459,0.46021695556117054
2020-10-26,0.0,0.2812831228018169,0.2807357006105015,0.46659072130190477
2020-10-27,1.0,0.28884995005809616,0.2884415379892766,0.4660629647685323
2020-10-28,0.0,0.58521050184695,0.5859904840064408,0.49840973098084446
2020-10-29,0.0,0.49625178463401026,0.4970952139017596,0.5016604191055974
2020-10-30,0.0,0.4530604648695478,0.45341907458596614,0.5028990949555497
2020-11-02,0.0,0.3432772682228253,0.34326327452329686,0.49827514795683364
2020-11-03,0.0,0.28237765067217147,0.28343426393190707,0.5022437317197643
2020-11-04,0.0,0.2038000761651118,0.20458864544754024,0.5066460845617784
2020-11-05,0.0,0.19038710782349336,0.19125290071690143,0.513682132153993
2020-11-06,0.0,0.16701257419946486,0.16714455949485496,0.5122183456731887
2020-11-09,0.0,0.17743827151060707,0.17656272159732062,0.5091940454105324
2020-11-10,0.0,0.19003365804384004,0.19049579104753608,0.5081886352421626
2020-11-11,0.0,0.16513780285879132,0.16596495046985993,0.5079069952348334
2020-11-12,0.0,0.2396027552469016,0.24156094466790945,0.510645897597287
2020-11-13,0.0,0.18909352580203673,0.1900818999784904,0.5142129545847142
2020-11-16,0.0,0.17467900042477538,0.1744137904123588,0.5082003824821321
2020-11-17,0.0,0.17712103129358217,0.17809861614065142,0.5094367610987753
2020-11-18,0.0,0.20741491350526894,0.20890763719896518,0.5134373127188517
2020-11-19,0.0,0.20258401707486717,0.20437671302570135,0.5132823026294222
2020-11-20,0.0,0.1749301797425813,0.17598096029965676,0.5148646545279465
2020-11-23,0.0,0.2413021666769619,0.2431489503539094,0.5051313251726601
2020-11-24,0.0,0.19375750705526706,0.19412198151100965,0.5083321710359029
2020-11-25,0.0,0.1682660052095431,0.16837198719476953,0.4667311094755325
2020-11-27,0.0,0.18010894556144239,0.17950318729788778,0.46545775282047125
2020-11-30,0.0,0.1763516177329616,0.17519920036215078,0.4590214340539846
2020-12-01,0.0,0.1611351973245066,0.1602460907401051,0.45856404013867613
2020-12-02,0.0,0.15900659585453197,0.1584367036698877,0.4531039084205159
2020-12-03,0.0,0.1632341025363981,0.16246393495259023,0.4417766037759809
2020-12-04,0.0,0.14349582901776792,0.14090982029833055,0.4324204004075126
2020-12-07,0.0,0.16937747350570093,0.16822719734181957,0.43292130121494315
2020-12-08,0.0,0.16912324945727966,0.1681710031863124,0.429303932801236
2020-12-09,0.0,0.1833073037091644,0.18223650193154042,0.43290529056695354
2020-12-10,0.0,0.16661096781127033,0.16604092383950736,0.43172578849330673
2020-12-11,0.0,0.18504864305123422,0.18417335854118852,0.4264315458679254
2020-12-14,0.0,0.18080126157785678,0.1800466875880733,0.42116321264268336
2020-12-15,0.0,0.1740513082201064,0.17303019680254061,0.4224797445255305
2020-12-16,0.0,0.14128668886370427,0.14014351417387527,0.4209107141311416
2020-12-17,0.0,0.14358286131241368,0.14184549047873996,0.4132546077199614
2020-12-18,0.0,0.15220212147781298,0.15009132668757819,0.414543738503165
2020-12-21,0.0,0.2062017164169825,0.205098414866459,0.41247206041839674
2020-12-22,0.0,0.17033330344136446,0.16918304091657047,0.41242662766206356
2020-12-23,0.0,0.17330059053944993,0.1718348519485738,0.40013519899863054
2020-12-24,0.0,0.1708039990873044,0.16740448914252365,0.40018890929007694
2020-12-28,0.0,0.15109805866068585,0.14878838494878874,0.40340268439907984
2020-12-29,0.0,0.15220629264311977,0.15046205875218277,0.4021024892605244
2020-12-30,0.0,0.18655738341828504,0.1848837105213677,0.39599801816289015
2020-12-31,0.0,0.18518534254637675,0.18359802118544863,0.3977580350813839
2021-01-04,0.0,0.21584285976119932,0.214275088377518,0.4112099399172985
2021-01-05,0.0,0.1938447793352668,0.19257021826886292,0.40984561498779404
2021-01-06,0.0,0.18514183247090946,0.1828375516037764,0.41087859866153736
2021-01-07,0.0,0.14571521703776924,0.14356020371112024,0.4199901156529622
2021-01-08,0.0,0.16357697037851565,0.1616517662599514,0.4162458635773382
2021-01-11,0.0,0.17940960244366627,0.17793874327835077,0.4191718264939688
2021-01-12,0.0,0.19493867675865897,0.1933066604262229,0.4188167853886498
2021-01-13,0.0,0.18133949681764389,0.17983984941401726,0.4168775348616043
2021-01-14,0.0,0.1714110513924475,0.16921375546744796,0.4122776336703311
2021-01-15,0.0,0.16650054176602075,0.16497371115471735,0.4157037538101892
2021-01-19,0.0,0.1575137224908806,0.15607997061223144,0.41707411075250683
2021-01-20,0.0,0.15887070591967448,0.1576125504684828,0.4231164664328813
2021-01-21,0.0,0.15450900097899284,0.1530839337167006,0.421660933240116
2021-01-22,0.0,0.16038248511023212,0.15848951413162488,0.4220565681608033
2021-01-25,0.0,0.18966098451431979,0.18667583955790343,0.42206536246082954
2021-01-26,1.0,0.1707306742724495,0.1683532395117997,0.42255171724521534
2021-01-27,0.0,0.2432221622331703,0.2427136655107806,0.4487522872951321
2021-01-28,0.0,0.2675694179665497,0.26687784971346457,0.45146293200046966
2021-01-29,0.0,0.2516194077123006,0.25129800219521986,0.4641902661689331
2021-02-01,0.0,0.2050190145978475,0.204985023404188,0.4708229626462377
2021-02-02,0.0,0.1515385409698197,0.150197789027233,0.4683161724109854
2021-02-03,0.0,0.18057688765184826,0.1801649380006626,0.46739345266863935
2021-02-04,0.0,0.17504250690540624,0.1747558284904824,0.4695133394882009
2021-02-05,0.0,0.17437087354279399,0.17351422763964094,0.4641094140900902
2021-02-08,0.0,0.1824612533155673,0.18211265731911894,0.46474224817176174
2021-02-09,0.0,0.1698300743623139,0.16922610442785221,0.4629519946378571
2021-02-10,0.0,0.17678973562758857,0.17615213369581215,0.4630220960231195
2021-02-11,0.0,0.17425125562441837,0.1737200139686101,0.46300173925511784
2021-02-12,0.0,0.1574060080351262,0.15602247925591772,0.4623723783000942
2021-02-16,0.0,0.16294026659557617,0.16115014001483877,0.45985037737242485
2021-02-17,0.0,0.16605350577590383,0.16521800672907677,0.45878104792708996
2021-02-18,0.0,0.17183187779835535,0.17091902019712765,0.4545497365973274
2021-02-19,0.0,0.1574327229279736,0.15630822775568648,0.4547794436601168
2021-02-22,0.0,0.22610710797211,0.22586978234512922,0.45668103044398883
2021-02-23,0.0,0.25004926121713533,0.25008806758933627,0.45636676679589255
2021-02-24,1.0,0.1928173827861764,0.192366101848617,0.4599483019612592
2021-02-25,0.0,0.2488721328680047,0.2487785867761319,0.45789224927813915
2021-02-26,0.0,0.23594838429172998,0.2354218701673176,0.4561708372357015
2021-03-01,0.0,0.1831913641833637,0.18293166830986018,0.45846692196166133
2021-03-02,0.0,0.22356977421958116,0.2234301894073741,0.45513047820009084
2021-03-03,0.0,0.2592415908905825,0.2591296950347379,0.45552726968965024
2021-03-04,0.0,0.3476812111283573,0.34757078756139487,0.46104671478906134
2021-03-05,0.0,0.22325289130569492,0.2231313593230102,0.46955518636482024
2021-03-08,0.0,0.23068255824042194,0.2307110779004066,0.4696510474126821
2021-03-09,0.0,0.20174359029616143,0.20201965692970617,0.474255170459558
2021-03-10,0.0,0.21329682767672511,0.21359352597463152,0.4754003216616914
2021-03-11,0.0,0.15747112673994043,0.15700695178751295,0.4784148462629892
2021-03-12,0.0,0.16268895471035555,0.16219473554300948,0.4783809456078867
2021-03-15,0.0,0.169368499379217,0.1690989166050003,0.4789051943122149
2021-03-16,0.0,0.15261695064003877,0.15218134951923418,0.4789931691765722
2021-03-17,0.0,0.18769220480786503,0.18802171492382355,0.47913048046018814
2021-03-18,0.0,0.25123791339211593,0.25225895720892516,0.4848799214858344
2021-03-19,0.0,0.23648596381306505,0.23730918250957597,0.48478707953126643
2021-03-22,0.0,0.17315042440352613,0.17329982775194683,0.48407590105986337
2021-03-23,0.0,0.22730911795003045,0.22848324470978537,0.4859558667848177
2021-03-24,0.0,0.23411237809704152,0.23519264848657218,0.4832569495619237
2021-03-25,0.0,0.21429448920756813,0.21482177811788622,0.46585819265878625
2021-03-26,0.0,0.15762989131878882,0.15722847017655628,0.4715004420578214
2021-03-29,0.0,0.18148350689927945,0.1817442572119018,0.4560135916634307
2021-03-30,0.0,0.16085379119201518,0.1608431824127144,0.4537927375739144
2021-03-31,0.0,0.18954783561305347,0.1895558431991814,0.44639331611559313
2021-04-01,0.0,0.14593838286149377,0.145384737338904,0.43994617692220234
2021-04-05,0.0,0.14835307855827073,0.14677559256351236,0.4344690608234636
2021-04-06,0.0,0.145898326982846,0.14422716805820487,0.432229542113424
2021-04-07,0.0,0.15351206523533784,0.1526036839481516,0.4270103196699385
2021-04-08,0.0,0.15264092493492012,0.15141746574362003,0.42660854164734
2021-04-09,0.0,0.14820212908263866,0.14608665396149978,0.4250642590732768
2021-04-12,0.0,0.1643880216897396,0.1631953488155555,0.4252705455548376
2021-04-13,0.0,0.15760568455707769,0.15605852400220266,0.424522242500783
2021-04-14,0.0,0.14823620893012027,0.14749369018778677,0.4256126505450702
2021-04-15,0.0,0.1478722333021735,0.14638962934607166,0.4289691046509812
2021-04-16,0.0,0.15449082864903965,0.15271505247358538,0.41481154609841286
2021-04-19,0.0,0.1572934336254881,0.15562891446031765,0.41763109476049476
2021-04-20,0.0,0.15795935105138,0.15672335638849674,0.42107762112616437
2021-04-21,0.0,0.15298760520924043,0.1508300159365543,0.41788643263391045
2021-04-22,0.0,0.17337170141632702,0.1729370523273905,0.42155261597008353
2021-04-23,0.0,0.17680061696229785,0.17547650475397575,0.42403620504679945
2021-04-26,0.0,0.1718041054792605,0.1703623824804286,0.4154736000757259
2021-04-27,0.0,0.16645451819491186,0.16518091149415481,0.41526992041461175
2021-04-28,0.0,0.15850224548558492,0.15715222008741667,0.4141944700770993
2021-04-29,0.0,0.16836895080047515,0.16714799054226906,0.4149158079619313
2021-04-30,0.0,0.15326964414436012,0.15193192400299274,0.4151958322452554
2021-05-03,0.0,0.16535249726583653,0.16425991942185908,0.40691325154730923
2021-05-04,0.0,0.16298569505404528,0.16204808493417103,0.40999325068657994
2021-05-05,0.0,0.18569907248448056,0.18496370497999776,0.40999418066435567
2021-05-06,0.0,0.1528765991565761,0.15155176940724666,0.4120270069219475
2021-05-07,0.0,0.14977006132206444,0.14736773464984082,0.41180580675733314
2021-05-10,0.0,0.14865333471021416,0.14720862619261366,0.41815547914253753
2021-05-11,1.0,0.22296558610588205,0.22233478983680416,0.4216453280624237
2021-05-12,0.0,0.22091416385273227,0.22083454585554388,0.4396894344099176
2021-05-13,0.0,0.17423661564835635,0.17446684186669079,0.4407038551577664
2021-05-14,0.0,0.14636448550125838,0.14535974212244396,0.4487098630541639
2021-05-17,0.0,0.1492770226291166,0.1490323899781063,0.4479402786856243
2021-05-18,0.0,0.1861433217036012,0.18648534696712427,0.44887542761772126
2021-05-19,0.0,0.16609598167832487,0.16631718668042778,0.4457674296648244
2021-05-20,0.0,0.155206719499681,0.15528042976859255,0.4469621427793011
2021-05-21,0.0,0.1633577460793163,0.16328629266571124,0.44263740096301285
2021-05-24,0.0,0.1562165194717129,0.15564093678797147,0.44616586009771875
2021-05-25,0.0,0.1691670954422047,0.1693144109264051,0.4463423056395573
2021-05-26,0.0,0.1475924198129162,0.14760419326652266,0.4464193517918324
2021-05-27,0.0,0.19923177694672317,0.19917233412016952,0.44482444673773863
2021-05-28,0.0,0.15599929766778545,0.15594052923046883,0.44286663401338977
2021-06-01,0.0,0.1638969149323909,0.16389743271765017,0.4426495224059189
2021-06-02,0.0,0.17279571058442883,0.172392555451857,0.4408342136678567
2021-06-03,0.0,0.15880269153794013,0.15892664410946278,0.4414601725822261
2021-06-04,0.0,0.1330525857737656,0.13289939118833852,0.4418703782262497
2021-06-07,0.0,0.1498973859717244,0.14985227530127077,0.4399373061164674
2021-06-08,0.0,0.13366813765639943,0.1335504819014915,0.4355031395471946
2021-06-09,0.0,0.13505211888489171,0.13489290070822063,0.43223134649649075
2021-06-10,0.0,0.14071409921930547,0.1402402076780271,0.4083597041710912
2021-06-11,0.0,0.1620073899650233,0.16115939662284298,0.40252491413050595
2021-06-14,0.0,0.1504595419255867,0.14957748663893564,0.3909919073771179
2021-06-15,0.0,0.14357360484064854,0.1427653058950922,0.39076080148141396
2021-06-16,0.0,0.17034633238705188,0.16968379682735812,0.38721156526911465
2021-06-17,0.0,0.1466152753674584,0.14592002419839592,0.38613729192022844
2021-06-18,0.0,0.22066280743090944,0.21968489423107462,0.3926988300355242
2021-06-21,0.0,0.18397173255344046,0.18299589920844875,0.40376678214157075
2021-06-22,0.0,0.14172668866507854,0.14110766561980354,0.4000012902191486
2021-06-23,0.0,0.2001448388710595,0.19912599755129132,0.39972477196854694
2021-06-24,0.0,0.1358042578813652,0.135266561830884,0.4011621149775102
2021-06-25,0.0,0.12479783621106366,0.12286067125379536,0.40150189442923834
2021-06-28,0.0,0.12235678313516735,0.1211334258661533,0.40160021792564254
2021-06-29,0.0,0.15085414338613734,0.149731132359637,0.4014964257015953
2021-06-30,0.0,0.1412850202571769,0.140656204178781,0.401492023783961
2021-07-01,0.0,0.13779160117948444,0.13701375894865597,0.4009849673240465
2021-07-02,0.0,0.1625975055388109,0.16140100983422156,0.3999312957307202
2021-07-06,0.0,0.1362219220404347,0.1354885616376591,0.4003410059688306
2021-07-07,0.0,0.1392285453363493,0.1384756309470508,0.40045642403553844
2021-07-08,0.0,0.16413086044767164,0.1637705473789752,0.40549647854845433
2021-07-09,0.0,0.15122892183700282,0.15046084375238464,0.4101700492895268
2021-07-12,0.0,0.17152515821354217,0.17050577577385786,0.4103459208179752
2021-07-13,0.0,0.14268964131341794,0.14214440094889305,0.41162172390637797
2021-07-14,0.0,0.14363863800242443,0.14309968914962987,0.4110213291019576
2021-07-15,0.0,0.14742000356081897,0.1468654201240076,0.40972488351999004
2021-07-16,0.0,0.15470854276343673,0.15467446729825918,0.41364874225036524
2021-07-19,0.0,0.22528361886811876,0.22506421597401638,0.41783468952012914
2021-07-20,0.0,0.15469347381462942,0.15470138679329723,0.4193037508079959
2021-07-21,0.0,0.1390797734105306,0.13910074019407118,0.4208729053205297
2021-07-22,0.0,0.1676271142214001,0.16725622460742037,0.4206046875849464
2021-07-23,0.0,0.13013483161550807,0.12932950680059985,0.42312140014146987
2021-07-26,0.0,0.14196925297462365,0.14170193837288816,0.42302100216204414
2021-07-27,0.0,0.15071134615856402,0.15062057151974942,0.4246962346399236
2021-07-28,0.0,0.1582986259148285,0.15810580227827378,0.4247471911498101
2021-07-29,0.0,0.14982604910401315,0.14969180648828403,0.42510618861041866
2021-07-30,0.0,0.15054285809413753,0.15012432972577916,0.426266988929026
2021-08-02,0.0,0.20850628489919476,0.20824423069663467,0.42448880504093367
2021-08-03,0.0,0.17578920704386686,0.17583621182482748,0.42664604739451567
2021-08-04,0.0,0.17014635604805337,0.17034244592845227,0.42759124212166033
2021-08-05,0.0,0.14785070762993022,0.14766568534149666,0.42483251049648946
2021-08-06,0.0,0.19531616342378608,0.19433582896388757,0.4201018120990246
2021-08-09,0.0,0.1850037592386991,0.18387642405943996,0.4198651099623194
2021-08-10,0.0,0.1616662650469648,0.16149325553396493,0.4190489702211929
2021-08-11,0.0,0.18564114852679392,0.1850206520207102,0.41905340736681645
2021-08-12,0.0,0.19043588918899362,0.18989799407350133,0.41867840051735467
2021-08-13,0.0,0.16921281543605515,0.1680347797492706,0.4148443888169217
2021-08-16,0.0,0.1553941870372432,0.1538109642869674,0.39721460984235796
2021-08-17,0.0,0.14798741041549457,0.14717017906431462,0.3912906708001573
2021-08-18,0.0,0.21788767139616588,0.21666353775316755,0.39675869666996566
2021-08-19,0.0,0.16843058405076652,0.16772108560468124,0.39664798987427047
2021-08-20,0.0,0.18137177059494,0.18011256678218146,0.3944238660191029
2021-08-23,0.0,0.13983640930821065,0.1386510647051145,0.3982363157606466
2021-08-24,0.0,0.14814548693661445,0.14748456683249833,0.39637999792514206
2021-08-25,0.0,0.19181473488240994,0.19055505102965536,0.39637699638263973
2021-08-26,0.0,0.18322117959792159,0.18226324464111887,0.39841410295568674
2021-08-27,0.0,0.19253655480576368,0.19099687541102334,0.3997147776974645
2021-08-30,0.0,0.19142244461927163,0.19029372119138294,0.39955466324738065
2021-08-31,0.0,0.13619481546070503,0.1356245166317332,0.39715784312013575
2021-09-01,0.0,0.1485556997729526,0.14791022630739292,0.39503621962479324
2021-09-02,0.0,0.13978213347533758,0.13912383101081618,0.39375724160383757
2021-09-03,0.0,0.169365330901787,0.16812689762735664,0.39388690136955445
2021-09-07,0.0,0.16572252761658657,0.16495442537493316,0.39490878327121465
2021-09-08,0.0,0.1529631932407175,0.1521365058507851,0.39523291163232704
2021-09-09,0.0,0.14568989411807728,0.14506068420335394,0.39700429209031995
2021-09-10,0.0,0.19489168734998122,0.19421838949011178,0.3999922765934306
2021-09-13,0.0,0.18535484115566772,0.1847976879041863,0.40014607339570896
2021-09-14,0.0,0.21471888317132257,0.21390644849386808,0.4014979305939499
2021-09-15,0.0,0.1881003145626113,0.18791633908199684,0.4027775838812395
2021-09-16,0.0,0.16129104170865272,0.1611086452978986,0.3952868002637981
2021-09-17,0.0,0.284062517735994,0.28246244096101253,0.4009916881626449
2021-09-20,0.0,0.2927909055395686,0.29140663333743944,0.41221239014374583
2021-09-21,0.0,0.25524639818225603,0.25348117428594685,0.4073174352971233
2021-09-22,0.0,0.2503367727563048,0.24951861209992893,0.41291133000967856
2021-09-23,0.0,0.24239378036059053,0.2419884126366126,0.4204744805615604
2021-09-24,0.0,0.23272345079284287,0.23170927979484804,0.4192151075766945
2021-09-27,1.0,0.25748850783342014,0.2566656891068559,0.41540259534308743
2021-09-28,0.0,0.2996697723995729,0.29853867497106296,0.43026731184157685
2021-09-29,0.0,0.2503257452998474,0.24959467385275028,0.43075123721683894
2021-09-30,0.0,0.3106811202690843,0.31002621764626326,0.4344339227198965
2021-10-01,0.0,0.2429946198117773,0.24221714416939402,0.4407590207440801
2021-10-04,0.0,0.26261687345376844,0.2617631294716697,0.44487247392503043
2021-10-05,0.0,0.2395127966489671,0.23917106771862812,0.45068449305505487
2021-10-06,0.0,0.2473452407857886,0.2468675851633562,0.45188332288935296
2021-10-07,0.0,0.2174389552026715,0.21730073623456897,0.45468877439109007
2021-10-08,0.0,0.22457256745219523,0.22425014123972836,0.45312151913383547
2021-10-11,0.0,0.22647678078694553,0.22608289163842682,0.45396597455551496
2021-10-12,0.0,0.26000038951677484,0.2591772548397387,0.45328514137433845
2021-10-13,0.0,0.23411277636060357,0.23330696636952333,0.4506861318046948
2021-10-14,0.0,0.21290461150068207,0.21304600973887053,0.46138168607716074
2021-10-15,0.0,0.20912518775737643,0.20937145453590367,0.4604256541817987
2021-10-18,0.0,0.2020120261831941,0.20181699990454574,0.44971351746229254
2021-10-19,0.0,0.1499009499602787,0.14969396833382007,0.45062737887085436
2021-10-20,0.0,0.20633739009860882,0.20633856492106864,0.44863376078673983
2021-10-21,0.0,0.14555778352406176,0.14593246531309748,0.4445540266929036
2021-10-22,0.0,0.1899550821928621,0.18976444680008114,0.4447218557467618
2021-10-25,0.0,0.15415453083065012,0.15455926727390804,0.4445920155545401
2021-10-26,0.0,0.1466263006680528,0.14681143795056545,0.42459508260714235
2021-10-27,0.0,0.1540637939196152,0.15448342135947046,0.42696210494738035
2021-10-28,0.0,0.1374805732670312,0.1378186740317177,0.4196183561521435
2021-10-29,0.0,0.15003577094501938,0.1501956733184431,0.4162828392942477
2021-11-01,0.0,0.15098751476646896,0.15104928395389533,0.40271775617942546
2021-11-02,0.0,0.14758869707632127,0.14770141975324527,0.3997311361881394
2021-11-03,0.0,0.14936075242284297,0.14956457335981063,0.4002995205323431
2021-11-04,0.0,0.1208323410075047,0.12076376296365932,0.3988077513983289
2021-11-05,0.0,0.12550712090494753,0.12502856145708202,0.39719331464830654
2021-11-08,0.0,0.13737331826989937,0.13708570332855527,0.39055554364815553
2021-11-09,0.0,0.15265225050350137,0.1525191039363068,0.39154535611491037
2021-11-10,0.0,0.15311744361505833,0.15349732453220566,0.4001333470008053
2021-11-11,0.0,0.21007874103203347,0.2095814301417623,0.3870341789291192
2021-11-12,0.0,0.18838958699889155,0.18748676238740758,0.38685971853727297
2021-11-15,0.0,0.20304677907402593,0.20244061673090388,0.387134981760511
2021-11-16,0.0,0.1651183506415767,0.16496638833615224,0.38526740967333784
2021-11-17,0.0,0.15681418144515935,0.15686124227916068,0.38647378714923597
2021-11-18,0.0,0.1514213122277493,0.15155317686962005,0.3865609130708164
2021-11-19,0.0,0.14703222373838826,0.14698649958543794,0.3867007378663577
2021-11-22,0.0,0.16692781049808847,0.16708879114453037,0.3875041378947335
2021-11-23,0.0,0.1677250138944727,0.16796464406619233,0.3874929682609231
2021-11-24,1.0,0.20874076949035178,0.20767803624133202,0.3843985603356688
2021-11-26,0.0,0.2271679097103114,0.2263521087984827,0.41303792686193797
2021-11-29,0.0,0.17495822041604728,0.1755561995571608,0.42090714323050493
2021-11-30,0.0,0.2599407473274682,0.2605972357161151,0.4361256042919965
2021-12-01,0.0,0.26283817251647795,0.26314841319920307,0.43998666586801194
2021-12-02,0.0,0.26773605891225666,0.2687347345326283,0.4465286758201292
2021-12-03,0.0,0.29827608020263674,0.2986284547247188,0.4473972008702319
2021-12-06,0.0,0.26807262838209556,0.26921316715890314,0.4524747376503957
2021-12-07,0.0,0.1842952305984638,0.1862431798740058,0.46719427276874326
2021-12-08,0.0,0.16959812222139087,0.17144546192046373,0.46708537065412126
2021-12-09,0.0,0.18375749136822095,0.1851190023810812,0.4665704918052618
2021-12-10,0.0,0.1952150429691539,0.19665551838616602,0.4690876435678554
2021-12-13,0.0,0.15112906224330022,0.15265768631482302,0.47035428086011705
2021-12-14,0.0,0.22573782894489652,0.22734677960936445,0.47190787666367984
2021-12-15,0.0,0.18914464964670136,0.1911436129956648,0.4793754155917501
2021-12-16,0.0,0.19661709907489558,0.19884468912397746,0.48134747877234707
2021-12-17,0.0,0.30274912934666737,0.3041112155842259,0.48360688854155004
2021-12-20,0.0,0.22810321537856154,0.22974416115729984,0.48651862128845497
2021-12-21,0.0,0.2424470002880162,0.2450098160654469,0.4954945359667007
2021-12-22,0.0,0.20937618043494738,0.2112593497349436,0.4980988719168355
2021-12-23,0.0,0.15492948305747276,0.1562882439852248,0.4988961813760487
2021-12-27,0.0,0.15409597795293953,0.15503055925857154,0.48804530641551974
2021-12-28,0.0,0.14413578780275202,0.1448501911676637,0.48473676803617444
2021-12-29,0.0,0.14481997573118863,0.1452802633719931,0.47221036328149457
2021-12-30,0.0,0.15910257424766683,0.15979618194739592,0.46678998641114183
2021-12-31,0.0,0.15748819560777746,0.15766752090662803,0.46332287812460715
2022-01-03,0.0,0.12082619085292938,0.12174036289741871,0.4600006949864589
2022-01-04,0.0,0.13033796786350038,0.13127112415105652,0.45753207765893206
2022-01-05,0.0,0.16966563541130986,0.17117515063687422,0.45896406286575875
2022-01-06,0.0,0.2133176262518213,0.21409743521578364,0.45870732299483297
2022-01-07,0.0,0.24268517306541315,0.2430176866047045,0.45753191889131983
2022-01-10,0.0,0.262238857055847,0.2627761780888133,0.45445151990928595
2022-01-11,0.0,0.2350562524681579,0.23599753462197726,0.4543940326517415
2022-01-12,0.0,0.22566366330286305,0.2266378690045643,0.4522102778812041
2022-01-13,0.0,0.2234492710152249,0.2243065986257628,0.4505358053538855
2022-01-14,0.0,0.2385812421437722,0.23869912787230466,0.4480333025719891
2022-01-18,0.0,0.2866600578932034,0.2868105556919184,0.45594396742880583
2022-01-19,0.0,0.2797403342972278,0.27964706498850933,0.45478139771927495
2022-01-20,0.0,0.3065250480842541,0.30617878008606286,0.4458254383877205
2022-01-21,0.0,0.33685269865804746,0.3360818591344384,0.4496941908309408
2022-01-24,0.0,0.4236114772505286,0.4232522126267539,0.44777696545264845
2022-01-25,0.0,0.389512786390122,0.38870003656597396,0.43830100102681235
2022-01-26,0.0,0.4490557684876337,0.4477989358764437,0.43817001179982207
2022-01-27,0.0,0.438331170399211,0.4374182168290326,0.43662411205973317
2022-01-28,0.0,0.33917255712964667,0.33933951945495866,0.4653562528507416
2022-01-31,0.0,0.3138432681528175,0.31535306923607476,0.4798247754772549
2022-02-01,0.0,0.3123544362606683,0.3135662778328075,0.4800807954943532
2022-02-02,1.0,0.2875952035839753,0.2894290306889411,0.48387783521983757
2022-02-03,0.0,0.3698235391548501,0.37046042514578664,0.48921876198903885
2022-02-04,0.0,0.28241993101857565,0.28299349586677247,0.49061864237777764
2022-02-07,0.0,0.3116156544498881,0.3117862524276342,0.4905847241267366
2022-02-08,0.0,0.2871290125386411,0.2876449769174405,0.49330817998082216
2022-02-09,0.0,0.2586103480228588,0.2599907335220667,0.4969657718726979
2022-02-10,0.0,0.30786306306994693,0.308904445688362,0.5031032216308843
2022-02-11,0.0,0.3393066208354281,0.34028928955846355,0.506366444718783
2022-02-14,0.0,0.36423310104656176,0.3650217095891539,0.5061052907660607
2022-02-15,0.0,0.3220242054184998,0.32306411646824934,0.507129771836167
2022-02-16,1.0,0.3294231650735381,0.33017745610530336,0.5052965303991409
2022-02-17,0.0,0.38394978272426233,0.38470774675419817,0.5126726116890167
2022-02-18,0.0,0.3889422585402441,0.3887445705117273,0.5058228912563644
2022-02-22,0.0,0.4071521213899436,0.4076631734459753,0.5076227718921703
2022-02-23,0.0,0.4090926321292048,0.4099479554812001,0.5117672030233178
2022-02-24,0.0,0.48105614514326783,0.4828625255919749,0.5176382596143695
2022-02-25,0.0,0.37377308378802776,0.37577522848053785,0.5279220754142021
2022-02-28,0.0,0.43721711549434394,0.4387576061914587,0.5150322010424028
2022-03-01,0.0,0.48208387559551635,0.4831296235362084,0.5100313412873013
2022-03-02,0.0,0.397461710857433,0.39963131529604135,0.5180548425653697
2022-03-03,0.0,0.39600951261046485,0.3981127391121305,0.5152883931808155
2022-03-04,1.0,0.4083372073089797,0.4088654494797059,0.5042592651252112
2022-03-07,0.0,0.5196116762222708,0.5209796996762206,0.5200022610388846
2022-03-08,0.0,0.5105833194149556,0.5119357524745093,0.5203258390178009
2022-03-09,0.0,0.47516898027260446,0.4777619488178528,0.5352638874083271
2022-03-10,0.0,0.4872892240626955,0.48900433899250995,0.5287699113594414
2022-03-11,0.0,0.49023745804126695,0.49106588866671136,0.5260914209350136
2022-03-14,0.0,0.49697026344441775,0.4976712131299425,0.5209401322955635
2022-03-15,0.0,0.4266311051888972,0.4289011230530152,0.5328091688312464
2022-03-16,0.0,0.5180214527596967,0.5198361681616892,0.5383699563577566
2022-03-17,0.0,0.4260492298841639,0.428501444847677,0.5418242050955424
2022-03-18,0.0,0.3320164396788961,0.333750552325511,0.5351655722053249
2022-03-21,0.0,0.3607047745283605,0.3627258391247149,0.5337622832849879
2022-03-22,0.0,0.3155564808852496,0.3175829712803968,0.5325512180752688
2022-03-23,0.0,0.4245177573869382,0.42576835290403153,0.5278772416969605
2022-03-24,0.0,0.34484970271734605,0.3468034338914798,0.5275643622512828
2022-03-25,0.0,0.32359663589117094,0.32463929574443084,0.5188839537938649
2022-03-28,0.0,0.30876942238050886,0.3101507241792601,0.5189834311926368
2022-03-29,0.0,0.3154818331326072,0.317482172643302,0.513071657811491
2022-03-30,0.0,0.3058953382392741,0.3070993517050463,0.5094996840505394
2022-03-31,0.0,0.3698358974527315,0.3707778907378427,0.5156517404668263
2022-04-01,0.0,0.33355340003593054,0.33426641450597844,0.513283706618714
2022-04-04,0.0,0.30245449362526333,0.3024069430163117,0.48652417636417894
2022-04-05,0.0,0.39271968535335217,0.3925476232373489,0.49057350037211117
2022-04-06,0.0,0.4620352792803064,0.46102763866539015,0.4814707752261434
2022-04-07,0.0,0.36265615865098344,0.3621357911340937,0.4802071058335033
2022-04-08,0.0,0.3838800750088638,0.38316083328836237,0.47372118573443467
2022-04-11,0.0,0.4372154200192492,0.4363706001423696,0.48200591294488393
2022-04-12,0.0,0.42613455911322873,0.4248820862276168,0.4723248848140792
2022-04-13,0.0,0.37551862645961603,0.3735687940170602,0.46161396996752435
2022-04-14,0.0,0.4108109818545562,0.4091837434832659,0.4621566920747821
2022-04-18,0.0,0.40088181515197807,0.3984062992015229,0.45736656148522997
2022-04-19,0.0,0.3642190765663405,0.3630752635579803,0.46601507280017873
2022-04-20,0.0,0.3812290696706953,0.37978951576322295,0.4618108110437681
2022-04-21,1.0,0.4663438412227752,0.46444537169826383,0.4638537671696051
2022-04-22,0.0,0.548270539962803,0.5478898664368329,0.476564472078062
2022-04-25,1.0,0.5733461279950152,0.5721381417712561,0.4768616720586091
2022-04-26,0.0,0.5571142245590317,0.5571760324935016,0.49032757916624375
2022-04-27,0.0,0.547574423474006,0.5475848693345874,0.4837662754182089
2022-04-28,1.0,0.5427608059637425,0.5437749846053352,0.505360904174102
2022-04-29,0.0,0.5712241033273278,0.5726771975385335,0.5261501552103359
2022-05-02,0.0,0.6002356804286436,0.6013583814469755,0.5270272406467497
2022-05-03,0.0,0.5575975128396135,0.5591144993978138,0.5254910764843521
2022-05-04,1.0,0.5553569582236378,0.5576619957821825,0.5466231288886038
2022-05-05,0.0,0.6517347050817589,0.6543392029074002,0.565535916837847
2022-05-06,1.0,0.6066786912322805,0.6086587786052817,0.5643905450697181
2022-05-09,0.0,0.6362918480668532,0.6393254913110452,0.5770117871879809
2022-05-10,0.0,0.5906862960586232,0.5942715663791376,0.5756937663559665
2022-05-11,0.0,0.6144306727333677,0.6180152270004945,0.577848095698571
2022-05-12,0.0,0.5927652842680415,0.59680944439529,0.5733759471571839
2022-05-13,0.0,0.5543061219321088,0.5583403137514737,0.5864282786851193
2022-05-16,0.0,0.5391026252518373,0.5426014388345739,0.586164176147305
2022-05-17,1.0,0.5563326819991483,0.5603281486607035,0.5891029526242766
2022-05-18,0.0,0.6312843498455464,0.6351848433803191,0.607644775166397
2022-05-19,0.0,0.5738090388763709,0.578616625536589,0.6065086608318494
2022-05-20,0.0,0.5960081721815125,0.5994964477264481,0.599217571019485
2022-05-23,0.0,0.5337209577944635,0.5382841402226913,0.6053948903137146
2022-05-24,0.0,0.5952811739096509,0.5993387203390093,0.5963982173426178
2022-05-25,0.0,0.5407665173397564,0.5451308261636589,0.5982506191179214
2022-05-26,0.0,0.5408097294784113,0.544821406285759,0.594563512450417
2022-05-27,0.0,0.5602031100695225,0.563883721949442,0.5853934334245697
2022-05-31,0.0,0.5821630626167823,0.5860656462630542,0.5855910112266938
2022-06-01,0.0,0.5232028753720737,0.5268173594725835,0.5859597784900289
2022-06-02,0.0,0.5243556965806274,0.5277447926478216,0.5765017020427443
2022-06-03,0.0,0.49743068820285535,0.4997862041455615,0.5594391728981576
2022-06-06,0.0,0.5197237987569301,0.5219910577885087,0.5590585664243283
2022-06-07,0.0,0.5122320070336334,0.5135813849881325,0.5391930000127055
2022-06-08,1.0,0.5095806375475196,0.5110084364945569,0.5424079075753617
2022-06-09,1.0,0.5489303759530921,0.550808929039323,0.5485849657223948
2022-06-10,1.0,0.6294393596289234,0.6318145889591672,0.5647532626233813
2022-06-13,0.0,0.6589399099236357,0.6609958526492896,0.5770424524957058
2022-06-14,0.0,0.5992507630384187,0.6019987633364817,0.5770394206511771
2022-06-15,1.0,0.5969391706139439,0.5996260691305658,0.5730968538175765
2022-06-16,0.0,0.5934109512377325,0.5958452660597606,0.5639873390581397
2022-06-17,0.0,0.6166084204313452,0.6177370745093005,0.5643319087144792
2022-06-21,0.0,0.5990849948564521,0.6020469209463477,0.5765741137510338
2022-06-22,0.0,0.5649948498366837,0.5682010038395773,0.5692824684327874
2022-06-23,0.0,0.5626313497565918,0.5657385285013021,0.5710326508697984
2022-06-24,0.0,0.5847711529434848,0.587819848096307,0.5859499392361591
2022-06-27,1.0,0.5409189171891248,0.5444488026988274,0.5787039820830926
2022-06-28,0.0,0.5707894830479908,0.5741683902979235,0.5707509147521007
2022-06-29,0.0,0.5501550008490773,0.5535015561144373,0.5708296240480409
2022-06-30,0.0,0.5644821671246649,0.5677069697873444,0.5710205817506206
2022-07-01,0.0,0.5348004658725036,0.5381032023244232,0.5659172542247695
2022-07-05,0.0,0.5721528437552835,0.5750468294964777,0.5636118516798915
2022-07-06,0.0,0.5187531603758879,0.5220862681751494,0.5637159174772417
2022-07-07,0.0,0.5103366576279805,0.5136126155190169,0.5666963928004355
2022-07-08,0.0,0.5217703660367916,0.5243968901296004,0.5656278753510102
2022-07-11,0.0,0.5126225976206623,0.5153883750891447,0.5587956555109056
2022-07-12,0.0,0.5269141739677122,0.5291312465949025,0.5454279557583968
2022-07-13,0.0,0.541630625152065,0.5425053973282549,0.5140375047563697
2022-07-14,0.0,0.5279003547083123,0.5287111177259892,0.5138870835504061
2022-07-15,0.0,0.5214165412503773,0.522353919145579,0.5172575644900375
2022-07-18,0.0,0.5239269700155564,0.5234435058096549,0.49118066935687393
2022-07-19,0.0,0.49136410784358414,0.4919240826954935,0.5065786065749037
2022-07-20,0.0,0.48706493249545724,0.4869859969901497,0.4953703184701258
2022-07-21,0.0,0.4954929251396031,0.4952165502545426,0.49616807056053835
2022-07-22,0.0,0.5180866468694577,0.5175582682673951,0.4986587104375372
2022-07-25,0.0,0.5204968293901225,0.5192581384592927,0.4757976608483012
2022-07-26,0.0,0.5233845457311628,0.522544705983499,0.47964531162899565
2022-07-27,0.0,0.5047973367167516,0.5041828122956007,0.48358070897048944
2022-07-28,0.0,0.5243051619895865,0.5237189876427809,0.4855185898623754
2022-07-29,0.0,0.5585441112758509,0.5575891244492789,0.48407931162817697
2022-08-01,0.0,0.5355487933908147,0.5346044846945741,0.48425578897716354
2022-08-02,0.0,0.5610146014533038,0.5603985535712163,0.48700668334925556
2022-08-03,0.0,0.5246218188599886,0.5245512838031063,0.4908482111253795
2022-08-04,0.0,0.5132180993550519,0.5127847629555637,0.48788413594299856
2022-08-05,0.0,0.5317288112708918,0.5309889725998043,0.488071883816619
2022-08-08,0.0,0.5186447500010004,0.517797149808331,0.4825639109622014
2022-08-09,0.0,0.48422085801345177,0.48326693580767316,0.4796071440466013
2022-08-10,0.0,0.5045226947011959,0.503764223193529,0.4851737059884025
2022-08-11,0.0,0.5208978372810242,0.5202218706470165,0.4842792961868578
2022-08-12,0.0,0.49729233261711137,0.4967469896679086,0.482926096648756
2022-08-15,0.0,0.4828467881233831,0.48192519019359753,0.47754490215412937
2022-08-16,0.0,0.5012096124246471,0.49947988623123935,0.46261595954530244
2022-08-17,0.0,0.4645748184661951,0.46328611634456207,0.46664759975214737
2022-08-18,0.0,0.45981146228538194,0.4585050286637531,0.46552401642941876
2022-08-19,1.0,0.4716658056001215,0.4701912980840534,0.46872781397484464
2022-08-22,0.0,0.5294564255187606,0.5287238076367528,0.4855109134675264
2022-08-23,0.0,0.4850971128261434,0.4840734073935136,0.4807000979773756
2022-08-24,0.0,0.48508273507030825,0.4834158615646083,0.46338980321103995
2022-08-25,1.0,0.48012932280427806,0.47891612060336486,0.46482159407771756
2022-08-26,0.0,0.5734091012938866,0.572728187530271,0.49254525139514194
2022-08-29,0.0,0.5271179420093188,0.5262979275871625,0.4933163251153311
2022-08-30,0.0,0.5429309349735455,0.5424150423586542,0.49506729780410086
2022-08-31,0.0,0.6022802326535281,0.6011549135840585,0.48800286804434745
2022-09-01,0.0,0.5211273263958054,0.5204728940124995,0.4886937042120995
2022-09-02,0.0,0.5229668320543481,0.5223131116921069,0.4905155531357948
2022-09-06,0.0,0.5419668509146297,0.5413150912683149,0.4905058984142751
2022-09-07,0.0,0.5097067272057124,0.5096617708315528,0.5012677611246863
2022-09-08,0.0,0.4834154646308209,0.48286141559006057,0.4891732708364724
2022-09-09,0.0,0.4921481212231372,0.49212643577850007,0.4969218156007071
2022-09-12,1.0,0.4854486425842428,0.4853776300588515,0.49142625969818204
2022-09-13,0.0,0.5439814459002661,0.5449868636767471,0.5282904958389896
2022-09-14,0.0,0.5506614787843805,0.5517486890387789,0.5287362329532223
2022-09-15,0.0,0.5416648029135821,0.5426708646990641,0.5295962426503532
2022-09-16,0.0,0.5555841067619598,0.5559825951884327,0.528705011323736
2022-09-19,0.0,0.5544070925965876,0.5554199487717896,0.5298743926161493
2022-09-20,0.0,0.5748263144925572,0.5756891046410775,0.5243462877729462
2022-09-21,0.0,0.5999978367344724,0.6005243436232949,0.5281411647740722
2022-09-22,0.0,0.5865016018419854,0.58712364841282,0.5273215417872176
2022-09-23,0.0,0.6465977595608159,0.6463304545598509,0.521941976221603
2022-09-26,0.0,0.6179825488361016,0.6170472446348172,0.5042462077503328
2022-09-27,0.0,0.6031538888444784,0.6026497109020477,0.5043825567021872
2022-09-28,1.0,0.5991347141187127,0.5989935823699574,0.5166126013905025
2022-09-29,0.0,0.6408264927717998,0.6413068737022304,0.5230389305768878
2022-09-30,0.0,0.6693195549394027,0.6691391700651126,0.524274795607846
2022-10-03,0.0,0.596254076880209,0.5970237519321663,0.5419790270944161
2022-10-04,0.0,0.5806420008444356,0.5827608300870374,0.5623089924411631
2022-10-05,0.0,0.5504724057097342,0.5521638562969221,0.55480980520952
2022-10-06,1.0,0.5427516258566273,0.544491438069879,0.5541881997879232
2022-10-07,0.0,0.6395485865379689,0.640669483447375,0.5575068421672742
2022-10-10,0.0,0.5871184015716684,0.5879219341759966,0.5525195298878474
2022-10-11,0.0,0.6119279040873516,0.6118719264573186,0.5233781294644146
2022-10-12,0.0,0.5968944046628828,0.5965377401680962,0.5220028028576714
2022-10-13,1.0,0.59875677855391,0.5995790898000471,0.5396096699315566
2022-10-14,0.0,0.6855121237489356,0.6864357929758702,0.5474895456292943
2022-10-17,0.0,0.5458598261361822,0.5480110615156468,0.5621118698932991
2022-10-18,0.0,0.5164892503144739,0.5185878640132694,0.5639690906230039
2022-10-19,0.0,0.5193013976603205,0.5214120445381163,0.5600008758604312
2022-10-20,0.0,0.5412022916863682,0.5433693763322678,0.5598776122248295
2022-10-21,0.0,0.5486073886885444,0.5510318916089302,0.5647623274704551
2022-10-24,0.0,0.5418063071187341,0.5438403331502328,0.5641707074226459
2022-10-25,0.0,0.5506513767544263,0.5530762523161823,0.5671321192247031
2022-10-26,0.0,0.5736809626835621,0.5756044582319435,0.5634528760593455
2022-10-27,0.0,0.5593067722642877,0.5609758750044977,0.5548509929266218
2022-10-28,0.0,0.5523866556011732,0.5542920175445424,0.5569129448376537
2022-10-31,0.0,0.5947014411859062,0.5954338931071468,0.549789578899594
2022-11-01,1.0,0.5487324879073316,0.5494103725154437,0.5340178380089283
2022-11-02,0.0,0.602579917020802,0.6035908350449278,0.5468665016097176
2022-11-03,0.0,0.6103071552427856,0.6115375726434087,0.5470021762387229
2022-11-04,0.0,0.6011081345730854,0.6017059739736,0.5335392937036286
2022-11-07,0.0,0.5300236238647849,0.5306631048121114,0.5326421276254013
2022-11-08,1.0,0.5292961075828696,0.5302352219669493,0.5308551035573781
2022-11-09,0.0,0.5563801823647212,0.5574487858842545,0.5415903430316735
2022-11-10,0.0,0.5500698224993805,0.5534876999575431,0.5815198959738829
2022-11-11,0.0,0.5588689365543438,0.5605832453794517,0.5681400471378067
2022-11-14,0.0,0.5408368383404814,0.5425095296358289,0.5630352547335339
2022-11-15,0.0,0.5477037987799102,0.5495359791665371,0.5624186556033254
2022-11-16,0.0,0.5566651776417235,0.5587658946107628,0.5630501808420972
2022-11-17,0.0,0.5149307833498324,0.5172108402952815,0.5614283304137468
2022-11-18,0.0,0.521783038732213,0.5231116219415273,0.5538292822420268
2022-11-21,0.0,0.5360130740074651,0.5376883658633193,0.5529450886871025
2022-11-22,0.0,0.5297074855981887,0.5316667482168752,0.5516352518129821
2022-11-23,0.0,0.5129642803814107,0.5138362283644762,0.5500875991669149
2022-11-25,0.0,0.45827989266767505,0.4584181542576071,0.5487566365625756
2022-11-28,0.0,0.5302576570812346,0.5307093219024849,0.5446118216959942
2022-11-29,0.0,0.5333678574696813,0.5339540207373926,0.5433150274292029
2022-11-30,0.0,0.5962663192362722,0.5985420426633571,0.5584440752456805
2022-12-01,0.0,0.5262140901628658,0.5282756758667864,0.5432421662923963
2022-12-02,0.0,0.5359295927652041,0.5367590274779083,0.5393674489612819
2022-12-05,0.0,0.5887010607441411,0.589037439908427,0.5468701438500679
2022-12-06,0.0,0.5935779578976409,0.5943571356632323,0.5513704554887545
2022-12-07,0.0,0.5684149651049549,0.5693850863169055,0.5513206215423951
2022-12-08,0.0,0.5389154550622857,0.5397852100402397,0.5415657863333405
2022-12-09,0.0,0.5261332628566736,0.523886782738287,0.47333623532172814
2022-12-12,0.0,0.5278521353527841,0.5258710034517969,0.47683184960909986
2022-12-13,0.0,0.5708488885921016,0.5697056201711623,0.4756423994601061
2022-12-14,1.0,0.5780117278878008,0.5761575686560605,0.47490463500986124
2022-12-15,0.0,0.6438432527248455,0.6424881666544479,0.4900350739627108
2022-12-16,0.0,0.6263808377132996,0.6245670221284705,0.49266112198387557
2022-12-19,0.0,0.5913858093158864,0.5897244905072548,0.49312927330188644
2022-12-20,0.0,0.5952827966536631,0.5935878656517684,0.49319901341427597
2022-12-21,0.0,0.6036273465872166,0.6020783807857218,0.49425467772841924
2022-12-22,0.0,0.6150281893567376,0.6136045766672775,0.4966149332248779
2022-12-23,0.0,0.5385381046820744,0.5355698080652715,0.49823045274909233
2022-12-27,0.0,0.5284145346842961,0.5257671393256118,0.49366270928148603
2022-12-28,0.0,0.505982360268868,0.5033197714102544,0.496298087250224
2022-12-29,0.0,0.49342035285431823,0.4903736503729307,0.476717682163653
2022-12-30,0.0,0.5395414630461255,0.5360793448638101,0.4766031517502202
2023-01-03,0.0,0.6022251754544325,0.5999871004655506,0.4765380413043285
2023-01-04,0.0,0.6250133821761356,0.6224930297848961,0.47243469542216887
2023-01-05,0.0,0.5968760831364719,0.59430293462055,0.47056948957877287
2023-01-06,0.0,0.5609606055443417,0.5592858537111608,0.48684577523574213
2023-01-09,0.0,0.5798305912974683,0.5776670727293453,0.4850333556145336
2023-01-10,0.0,0.5665878076895898,0.5648524856646913,0.48526448863441213
2023-01-11,0.0,0.5872379043766428,0.5856608398658484,0.48418590944514495
2023-01-12,0.0,0.5866977684241939,0.5850345857892962,0.48297550052481725
2023-01-13,0.0,0.5756140571564531,0.5734240846510825,0.4824762484955205
2023-01-17,0.0,0.5791137887808311,0.5764707567148014,0.4632100080482502
2023-01-18,0.0,0.6248601231343357,0.6221965419738006,0.46723040829748047
2023-01-19,0.0,0.6244487253278206,0.6216831087455312,0.4664334331426668
2023-01-20,0.0,0.614588889362389,0.6120883770996505,0.47549945099640106
2023-01-23,0.0,0.5681019930033413,0.5658628131742194,0.47349020585025137
2023-01-24,0.0,0.517098739401371,0.5133021577391295,0.4653163311981644
2023-01-25,0.0,0.5452201611147672,0.5426511988813443,0.46514371949630096
2023-01-26,0.0,0.5462657936048996,0.543842612635613,0.46595898682373454
2023-01-27,0.0,0.5838769466791417,0.5807500310569603,0.45841414182044865
2023-01-30,0.0,0.5799416204982386,0.5768759256145553,0.4598260052657263
2023-01-31,0.0,0.5955130761375821,0.592827036197428,0.4636112153754727
2023-02-01,0.0,0.5766321960519192,0.5742498658103589,0.46343855178395704
2023-02-02,0.0,0.5626937680418788,0.5605544757243015,0.46665723060641273
2023-02-03,0.0,0.5537264146544234,0.5511488599704698,0.46543761710856163
2023-02-06,0.0,0.5717971047291491,0.5688728598523682,0.45629761969582294
2023-02-07,0.0,0.5164525761687101,0.5139439266810657,0.45897450937864875
2023-02-08,0.0,0.5126292612585067,0.5098790636338829,0.46480611852093695
2023-02-09,0.0,0.5479016631423542,0.5451823939745081,0.464773835745029
2023-02-10,0.0,0.5685433644597684,0.5653719200973089,0.46466698442581833
2023-02-13,0.0,0.5156768413495774,0.5135392674226812,0.467522454749328
2023-02-14,0.0,0.5028016117225713,0.5002080994851128,0.46720328769716324
2023-02-15,0.0,0.5170140962459978,0.5142162049377307,0.45698342058056673
2023-02-16,0.0,0.56601930799856,0.5630036017427755,0.46232911304029034
2023-02-17,1.0,0.5678484970777203,0.5643417602438275,0.4534902863662514
2023-02-21,0.0,0.6424356057224465,0.6399493449942482,0.46326934195569763
2023-02-22,0.0,0.6278393682323098,0.6252952398263343,0.4633182551054783
2023-02-23,0.0,0.6418248269280239,0.6393798406278679,0.46426279015255056
2023-02-24,0.0,0.6742378049550803,0.6715969981538312,0.46321307706238923
2023-02-27,0.0,0.6134458846127909,0.6106414607846521,0.463354230562304
2023-02-28,0.0,0.6608296096463085,0.6583010017746431,0.45873074595045454
2023-03-01,0.0,0.6374666222184339,0.6344207112949404,0.4508775105845738
2023-03-02,0.0,0.6326295945635967,0.629594586634769,0.448734661961531
2023-03-03,0.0,0.6051378427052533,0.6017027187189904,0.4504757082408354
2023-03-06,0.0,0.570308432715795,0.5668568143486553,0.4477212862893772
2023-03-07,0.0,0.6184917257799198,0.6156121040368981,0.45379929495003674
2023-03-08,0.0,0.6248857588238071,0.6213347918327731,0.44662384829498786
2023-03-09,0.0,0.7200733100513416,0.7172903836522369,0.45312366991442155
2023-03-10,0.0,0.7998980510657197,0.7976326021557999,0.45659283143638085
2023-03-13,0.0,0.7586404941510132,0.7554600687788885,0.45581033928067377
2023-03-14,0.0,0.6755806402565727,0.6730118103989617,0.4613471181881944
2023-03-15,0.0,0.791173719789944,0.7887191068308205,0.46169692016041336
2023-03-16,0.0,0.6460112394732958,0.6442517434496317,0.47335288164633893
2023-03-17,0.0,0.6558834008350748,0.6532556655208374,0.47166626970244163
2023-03-20,0.0,0.6625495684530713,0.6608788372236745,0.4750518753512836
2023-03-21,0.0,0.6111728757649881,0.6098979148846874,0.46947581024809876
2023-03-22,0.0,0.6133935974751555,0.6122564133394105,0.47721148375337596
2023-03-23,0.0,0.6202129695242354,0.6189343834164431,0.47655593058227647
2023-03-24,0.0,0.6249470837927004,0.6232975641085143,0.47455676465149005
2023-03-27,0.0,0.5842591489490572,0.5829933711207612,0.47436211582890636
2023-03-28,0.0,0.5861351045171438,0.584562928981836,0.4741604226231823
2023-03-29,0.0,0.56856622945144,0.5676114483734104,0.4787865023410589
2023-03-30,0.0,0.5545562803743559,0.5533239893449486,0.4781804904057642
2023-03-31,0.0,0.5921034230945526,0.5907827041186444,0.4767603788968413
2023-04-03,0.0,0.5526031126859993,0.5508491299806151,0.4769821706279247
2023-04-04,0.0,0.5611540023014586,0.5590842260532115,0.4703392504658999
2023-04-05,0.0,0.5617142394805457,0.5594969468191728,0.4707903191736345
2023-04-06,0.0,0.5546829720285975,0.5520280844449643,0.4579124457690939
2023-04-10,0.0,0.5230327215139449,0.520211972671324,0.44780331269804585
2023-04-11,0.0,0.5143746537111135,0.5114639201184645,0.4473860922382006
2023-04-12,0.0,0.5338361958744785,0.5306006306055668,0.4421523377412984
2023-04-13,0.0,0.5046486016822457,0.5018520632418119,0.4428187399305085
2023-04-14,0.0,0.5460645978118635,0.5426640809367149,0.4352061969827388
2023-04-17,0.0,0.5198128323406583,0.5162518212832875,0.4275803263034674
2023-04-18,0.0,0.5128923495857928,0.5092869274443141,0.42608456536175027
2023-04-19,0.0,0.5047136159869864,0.5006957499094694,0.4211412744097062
2023-04-20,0.0,0.5370676579044591,0.5324038695758894,0.4072430647887198
2023-04-21,0.0,0.5424669558159921,0.5376853979520391,0.4073360124424998
2023-04-24,0.0,0.5717411467583924,0.5669244927196985,0.40678855755750465
2023-04-25,0.0,0.5763052842285005,0.5722433860854367,0.42182780389750874
2023-04-26,0.0,0.6146608538471863,0.610798276136786,0.4226175769791957
2023-04-27,0.0,0.5768564690447912,0.5734598208556911,0.4298836248863802
2023-04-28,0.0,0.5706014041418153,0.5674615675992669,0.431063110954255
2023-05-01,0.0,0.6009621673162994,0.5972056370154571,0.4235127752098359
2023-05-02,0.0,0.6261725134104954,0.6225986461788138,0.4292120257193993
2023-05-03,0.0,0.6187135767665515,0.6151133411397156,0.42985256300927666
2023-05-04,0.0,0.663048303772806,0.6597014897157628,0.4316785577704076
2023-05-05,0.0,0.5638813638881643,0.5610671561018792,0.44439872221841326
2023-05-08,0.0,0.5881465038136814,0.5849145899490311,0.44438588346678726
2023-05-09,0.0,0.5512942422702384,0.5479500569575297,0.4452468964751516
2023-05-10,0.0,0.5633732133022189,0.5600218715806039,0.44511828515324253
2023-05-11,0.0,0.5885387446916134,0.5850230971094161,0.43886730836541443
2023-05-12,0.0,0.5663876706150679,0.5629256654486321,0.4388040869612971
2023-05-15,0.0,0.5519167253115557,0.5484338914291138,0.43871615858865587
2023-05-16,0.0,0.5540651408104296,0.5506744350684022,0.44006844924955124
2023-05-17,0.0,0.5427781682189756,0.5400269046377486,0.44552904159523365
2023-05-18,0.0,0.5479317982541364,0.5452496291491029,0.4469476534442191
2023-05-19,0.0,0.5468530286692077,0.5438660782067841,0.4471290775264193
2023-05-22,0.0,0.5408836680213218,0.5381085114380243,0.4471401953135531
2023-05-23,0.0,0.5844612236502318,0.5813758826124761,0.44231079638854937
2023-05-24,0.0,0.48318636545217786,0.47837160466141737,0.4439740064318067
2023-05-25,0.0,0.5994151078484774,0.5958868579935521,0.43250657855792607
2023-05-26,0.0,0.5209460196087672,0.5179464252830102,0.4364761431349244
2023-05-30,0.0,0.592931061662568,0.5898552717918505,0.43645526223955033
2023-05-31,0.0,0.6685566293015658,0.6661382387931094,0.4322867433481857
2023-06-01,0.0,0.547533927867315,0.5448254843709917,0.4326315725285633
2023-06-02,0.0,0.5691439135596155,0.5660734723389496,0.43529018270341147
2023-06-05,0.0,0.5350011612306882,0.5314434219614005,0.4249032577345711
2023-06-06,0.0,0.5316575862876994,0.5282873857793685,0.4248517001348809
2023-06-07,0.0,0.5693680239312464,0.5660263344003692,0.4244467777191562
2023-06-08,0.0,0.505020063043343,0.5018203205946322,0.4249730770845247
2023-06-09,0.0,0.5275686396565445,0.5240600384546112,0.4244136575192035
2023-06-12,0.0,0.5386163103053484,0.5356903994860546,0.4259202434906235
2023-06-13,0.0,0.5053624628319111,0.502477941441501,0.4267062038739886
2023-06-14,0.0,0.5532187540359784,0.5501036858771399,0.42307403938784094
2023-06-15,0.0,0.5318898833342933,0.5291615088102395,0.42330333799645586
2023-06-16,0.0,0.5617161988429227,0.5583991192446289,0.4232181624796043
2023-06-20,0.0,0.5845505971545023,0.5814896021361556,0.4248250116073676
2023-06-21,0.0,0.5612692261031194,0.5581390716849598,0.42705304687405465
2023-06-22,0.0,0.5366804578067135,0.5335773119470038,0.41875099773325936
2023-06-23,0.0,0.6339379858082923,0.6305514503441775,0.41907921807792803
2023-06-26,0.0,0.5343079266878629,0.5308636827131051,0.41946927533430683
2023-06-27,0.0,0.5398708001888102,0.5369204109297092,0.4179445092829819
2023-06-28,0.0,0.5452298305115496,0.5420648833923897,0.4180218084577251
2023-06-29,0.0,0.5531682862107227,0.5500999840163405,0.4148535646796926
2023-06-30,0.0,0.5074535339377877,0.504034052943022,0.4168355897877052
2023-07-03,0.0,0.48606221575796316,0.4789334959728954,0.4094483310197062
2023-07-05,0.0,0.5161484485850999,0.5125540321313363,0.40943358791889656
2023-07-06,0.0,0.5603281414121432,0.5565802106830944,0.4141755938659741
2023-07-07,0.0,0.552746209827558,0.5487803149078668,0.4137194049055504
2023-07-10,0.0,0.5476153924786835,0.5437408801286362,0.41263792297201246
2023-07-11,0.0,0.5172960974749241,0.513566446547293,0.41401210027349644
2023-07-12,0.0,0.5232213788747824,0.5195168284683245,0.4127167465243361
2023-07-13,0.0,0.48158532217281635,0.4783570422010471,0.41366081936487226
2023-07-14,0.0,0.47483332933343814,0.4713036340607167,0.4139663066289798
2023-07-17,0.0,0.48147001659102867,0.47755255247218015,0.40823394304973776
2023-07-18,0.0,0.4077978481429515,0.40446760240147894,0.4086363930773254
2023-07-19,0.0,0.4090232640564654,0.4058155895180459,0.40634585391480743
2023-07-20,0.0,0.43847774047382626,0.43511201643690944,0.40764609685182907
2023-07-21,0.0,0.48839587945854884,0.48481100125017784,0.40758000136894923
2023-07-24,0.0,0.47824412468627897,0.47415286850638483,0.4025849339047119
2023-07-25,0.0,0.49301241096436205,0.4889375432593166,0.39972261529074
2023-07-26,0.0,0.47401876245651736,0.4699813633675385,0.3950803959868263
2023-07-27,0.0,0.5522830069960862,0.548559230769941,0.39911198149255295
2023-07-28,0.0,0.4342916787433713,0.43008209076325854,0.40242966533705365
2023-07-31,0.0,0.5136383576664587,0.5094903324590899,0.39586693372109044
2023-08-01,0.0,0.4557945906674521,0.4518526402330319,0.3969230827807905
2023-08-02,0.0,0.5408383134611088,0.5371780503904802,0.40904872721248725
2023-08-03,0.0,0.5566334117497059,0.5528716068110653,0.40550023233426624
2023-08-04,0.0,0.5212958195928212,0.5169197387514524,0.4068438441011555
2023-08-07,0.0,0.4772821703344558,0.47398344598818476,0.4101020910579007
2023-08-08,0.0,0.5074360739149195,0.503899041079529,0.40976325300611965
2023-08-09,0.0,0.5185533952777861,0.515070145254425,0.4099796387051175
2023-08-10,0.0,0.5246671340057629,0.5209466220305802,0.40594573478400764
2023-08-11,0.0,0.5077464380290423,0.5039224505125095,0.4059487292622022
2023-08-14,0.0,0.543909817287568,0.5402089097418711,0.40702081167763904
2023-08-15,0.0,0.527870582709358,0.5243640778152896,0.40979580084049144
2023-08-16,0.0,0.5182981815343666,0.5147165163317899,0.4108927188202307
2023-08-17,0.0,0.5114316577800407,0.5079993218690484,0.4114256170867182
2023-08-18,0.0,0.5124786286598575,0.5085902591457382,0.41133241194451575
2023-08-21,0.0,0.5186902920873212,0.5151379212760814,0.41341433825381224
2023-08-22,0.0,0.4586216639473884,0.4553014154713207,0.41236520540287436
2023-08-23,0.0,0.5328622822102329,0.5297415271179411,0.42011184163641135
2023-08-24,0.0,0.5539116766565004,0.5508923887026239,0.42539479336486624
2023-08-25,0.0,0.5156514180721613,0.5122398410124093,0.4225398899061606
2023-08-28,0.0,0.5036379932003493,0.5005656486573058,0.42497025684147255
2023-08-29,0.0,0.4961308148519695,0.4939322052170252,0.43530009044610907
2023-08-30,0.0,0.469196055066185,0.46673387557165796,0.42860721649350736
2023-08-31,0.0,0.4878539399743198,0.4853518734924338,0.42843418362636265
2023-09-01,0.0,0.47522852963654083,0.47264577369438043,0.4272069552646161
2023-09-05,0.0,0.509306136313808,0.5065527738305089,0.4245568662087521
2023-09-06,0.0,0.4785891757694955,0.47580663628403924,0.4258417485908442
2023-09-07,0.0,0.5047317096893226,0.5019246578304536,0.4242016091487663
2023-09-08,0.0,0.4751596937048797,0.47222057724008076,0.42430269733947745
2023-09-11,0.0,0.5041965088635304,0.5015105008649968,0.42617304606716044
2023-09-12,0.0,0.4806113170697239,0.4777832243305854,0.4261482214919895
2023-09-13,0.0,0.49781810756613437,0.4949639024436998,0.42019217714736146
2023-09-14,0.0,0.43689490728708,0.43412486958448115,0.419720120835703
2023-09-15,0.0,0.5387131158202058,0.5356623025713589,0.4241564960988239
2023-09-18,0.0,0.47844165847205977,0.4757482280759367,0.42410486706107964
2023-09-19,0.0,0.4472965143035641,0.44430569347093796,0.42280175265585024
2023-09-20,0.0,0.45868912042107607,0.4558488492033347,0.4265681504315479
2023-09-21,0.0,0.5188359135403502,0.5159209858423118,0.4316372446972938
2023-09-22,0.0,0.49997076776007665,0.4966951061949702,0.4250055479926784
2023-09-25,0.0,0.4835223916257595,0.48056305930028265,0.423557887640881
2023-09-26,0.0,0.5040779493469129,0.5009690738383373,0.42895097200920496
2023-09-27,0.0,0.5229216830310236,0.5192022492277625,0.41669942126068765
2023-09-28,0.0,0.5085446333990679,0.5051912108193688,0.4181404058715599
2023-09-29,0.0,0.5177908190157289,0.5140182198735395,0.41810980391484726
2023-10-02,0.0,0.5151221995598375,0.5111039891653386,0.4175455803881898
2023-10-03,0.0,0.5418355314496953,0.5379174214421083,0.42299786350913876
2023-10-04,0.0,0.50159234770331,0.498068834898189,0.42727587468390027
2023-10-05,0.0,0.5068550241920842,0.5032420194668838,0.42727188027098734
2023-10-06,0.0,0.5396262156686266,0.5362006708366212,0.43464123992817166
2023-10-09,0.0,0.4767403617903056,0.473472271365294,0.4343653271040427
2023-10-10,0.0,0.4902399644828129,0.4876781644543316,0.43538662669499006
2023-10-11,0.0,0.49517838008583565,0.4925259005628056,0.43631413942841124
2023-10-12,0.0,0.49082125278277755,0.4880770581933086,0.43343946996410176
2023-10-13,0.0,0.48042225230846053,0.4771073492079512,0.42928027474641506
2023-10-16,0.0,0.4672166889613513,0.46423995166632515,0.4347777775211704
2023-10-17,0.0,0.4939363992202425,0.4910495742187316,0.43472789086934077
2023-10-18,0.0,0.4860034650078917,0.4828523913068378,0.4380550492426885
2023-10-19,0.0,0.5117905115220815,0.5085037270401506,0.43062530209074873
2023-10-20,0.0,0.5506120142863985,0.5463477619969793,0.43614197331874155
2023-10-23,0.0,0.5001132615511299,0.4966357779081539,0.4350528852002555
2023-10-24,0.0,0.49123180267051264,0.48778687759838296,0.42981252498162786
2023-10-25,0.0,0.5456293092153075,0.5419273022068306,0.437381367352165
2023-10-26,0.0,0.5948895452860048,0.5914981990763604,0.4394745096304859
2023-10-27,0.0,0.5907864664110475,0.5868440283207875,0.4397652743270263
2023-10-30,0.0,0.5377072970986758,0.5348849728893968,0.4466306671899534
2023-10-31,0.0,0.5503591774723847,0.5474142910711446,0.44255532272636205
2023-11-01,0.0,0.5208176850894924,0.5181849133546158,0.44426853549836365
2023-11-02,0.0,0.5048183303504525,0.5028064737610645,0.4563421660622272
2023-11-03,0.0,0.4907874208024332,0.48857055837079716,0.45472495009954883
2023-11-06,0.0,0.4693525594830149,0.467555554455824,0.4536349516662518
2023-11-07,0.0,0.4512035895207211,0.4496672451348664,0.4530367475322958
2023-11-08,0.0,0.45469471351359975,0.45308442703482227,0.45248130463788766
2023-11-09,0.0,0.4844543988259045,0.4826204421449328,0.45339365866119835
2023-11-10,0.0,0.45505971199046635,0.4533906008184485,0.4599540532064111
2023-11-13,0.0,0.44842549695174166,0.44692130184455964,0.4568564037199849
2023-11-14,0.0,0.40055706503413124,0.3992570422267553,0.46733846652466365
2023-11-15,0.0,0.36165042460770824,0.36019586040964435,0.4600083619847535
2023-11-16,0.0,0.3817478757749277,0.3800363920061201,0.4561276177207823
2023-11-17,0.0,0.3389806202589132,0.33696690522972034,0.4478076087889013
2023-11-20,0.0,0.30069855000589074,0.2991859031454179,0.4473267313426278
2023-11-21,0.0,0.3461276445194864,0.3446406264527644,0.4479679303314674
2023-11-22,0.0,0.29930163831295303,0.29741936994640356,0.43556866647517417
2023-11-24,0.0,0.3517417338992097,0.34622747683390553,0.4249734041946559
2023-11-27,0.0,0.2707456505515107,0.26848738501497194,0.4228597446563143
2023-11-28,0.0,0.31022343873289543,0.30743288061551277,0.42112390592851373
2023-11-29,0.0,0.3385199482561512,0.3362981587198132,0.42216313324958926
2023-11-30,0.0,0.4085570974500216,0.40646573451771173,0.42019422373001747
2023-12-01,0.0,0.24893076779140919,0.24664289012235255,0.4087771483354672
2023-12-04,0.0,0.29230779715592964,0.2891888477354035,0.40996828876565905
2023-12-05,0.0,0.3012287535160509,0.2982471661483897,0.4103877611618858
2023-12-06,0.0,0.27354052352208513,0.2705487422518197,0.41221094236672523
2023-12-07,0.0,0.2571771021206265,0.2546023308636418,0.413871022753119
2023-12-08,0.0,0.21705806903048425,0.21460044502348058,0.40813194005515957
2023-12-11,0.0,0.22489354588902494,0.2223038095659356,0.3986300245211971
2023-12-12,0.0,0.2130810627954269,0.21066378911422637,0.3982581970640683
2023-12-13,0.0,0.18978578946807148,0.18764769953927524,0.3883307872433256
2023-12-14,0.0,0.20235684239490717,0.20017925422160188,0.3882987146523661
2023-12-15,0.0,0.1903710693683371,0.18750072545948043,0.38861898295474007
2023-12-18,0.0,0.15543623627796102,0.1535749459330501,0.3888610002242523
2023-12-19,0.0,0.16162044604513398,0.15975113770482266,0.38794629818243725
2023-12-20,0.0,0.18247007095518972,0.1809831531268892,0.40452397065394957
2023-12-21,0.0,0.1815547737178049,0.1802032076834681,0.4081119545260576
2023-12-22,0.0,0.1798819731402303,0.17820374005295095,0.4080029340910773
2023-12-26,0.0,0.1652031166066496,0.16210022521434095,0.40725181032691926
2023-12-27,0.0,0.15703149866481803,0.15449018978519055,0.407192021044355
2023-12-28,0.0,0.15744397345425376,0.15484394749552147,0.4067979918544731
2023-12-29,0.0,0.18298381680249892,0.18074058968291482,0.4081262752530621
2024-01-02,0.0,0.15196444484957713,0.15097388632022649,0.4102948145577193
2024-01-03,0.0,0.17244564322020672,0.17110859824678756,0.4124973746892408
2024-01-04,0.0,0.21423565594749536,0.21254790208113686,0.4134746103541816
2024-01-05,0.0,0.16391045838944418,0.1623684672658998,0.4120218608587356
2024-01-08,0.0,0.15223294756193442,0.15080189197373667,0.4176198493674292
2024-01-09,0.0,0.1733082736945176,0.1717079951230351,0.41787396439802194
2024-01-10,0.0,0.16984898721582917,0.16819668591032955,0.4183855131984729
2024-01-11,0.0,0.1503204523011238,0.1489053054215783,0.4182063015081841
2024-01-12,0.0,0.1685896223907631,0.16665014800614664,0.41049350246707367
2024-01-16,0.0,0.14248813210983535,0.14133122831179248,0.4112882230139609
2024-01-17,0.0,0.18373699819721787,0.18247746686185168,0.41309457110091935
2024-01-18,0.0,0.16063332355642185,0.15945681403449058,0.4157664455704202
2024-01-19,0.0,0.16335625726253575,0.16183767330843363,0.42093199435503936
2024-01-22,0.0,0.15196974091776033,0.1504772891378249,0.4085898348948299
2024-01-23,0.0,0.1377351753822481,0.1361734945431037,0.4044288857495398
2024-01-24,0.0,0.14452748131549945,0.1432219769828187,0.40442751711140945
2024-01-25,0.0,0.15699139022968028,0.15509217794784566,0.40483112131664933
2024-01-26,0.0,0.1533812970627547,0.15115118229791946,0.4050184765529844
2024-01-29,0.0,0.16735360717124328,0.16528825524000898,0.4070909885489259
2024-01-30,0.0,0.1529095186042124,0.15090512889447041,0.40629982537341036
2024-01-31,0.0,0.14709676488961002,0.1462441483850021,0.4191754750470637
2024-02-01,0.0,0.14461863038341136,0.14341205545370483,0.4203767721626074
2024-02-02,0.0,0.15473904299371796,0.15271603653356897,0.4218689787968129
2024-02-05,0.0,0.14598380186970464,0.14442099007961065,0.42339801019738926
2024-02-06,0.0,0.14534586468684063,0.14407751429169038,0.4169145318881138
2024-02-07,0.0,0.15609302769527672,0.15352202169493256,0.4179830091365406
2024-02-08,0.0,0.15236930189791745,0.15112074412583318,0.4176085717367648
2024-02-09,0.0,0.15524319234619435,0.15337290357301286,0.41770485459320705
2024-02-12,0.0,0.16685881077402073,0.16504559496803042,0.41812344583721395
2024-02-13,0.0,0.13043383909248105,0.12978934163933226,0.4278691970789307
2024-02-14,0.0,0.14742896489567975,0.14627158402227705,0.42740729978565684
2024-02-15,0.0,0.15667729074488634,0.15515715287525197,0.4262023101518042
2024-02-16,0.0,0.13634476834179593,0.13507563008831444,0.4237668164212271
2024-02-20,0.0,0.15232520547730813,0.15161101871389576,0.42622903761933445
2024-02-21,0.0,0.1505155980231624,0.14941574097777857,0.42610891226341374
2024-02-22,0.0,0.18104582495711224,0.1789045289782608,0.44129222762425196
2024-02-23,0.0,0.163676106599673,0.1621951469702743,0.4410345350348673
2024-02-26,0.0,0.16349732892899818,0.16236202979686495,0.44201075709602144
2024-02-27,0.0,0.14433655285933686,0.14344277739196432,0.44070877182578083
2024-02-28,0.0,0.14998680583812993,0.14900934109896755,0.4409207553375012
2024-02-29,0.0,0.14864545434069606,0.14666433706187623,0.4281501975759827
2024-03-01,0.0,0.12936275976457853,0.1273444668356813,0.4251166715967937
2024-03-04,0.0,0.13415954146473186,0.13251177408385745,0.42224013924722853
2024-03-05,0.0,0.13696195385995868,0.13603837093722249,0.4273386598864112
2024-03-06,0.0,0.13401550014334634,0.13253547859613427,0.42788983773132394
2024-03-07,0.0,0.14309169356796794,0.14157182933314635,0.42923819848036
2024-03-08,0.0,0.14392174517177841,0.14251601662045488,0.43185882507788753
2024-03-11,0.0,0.13109849892642533,0.1300647159111303,0.43117426069766457
2024-03-12,0.0,0.16991239387517995,0.16793353963784866,0.4350209708172595
2024-03-13,0.0,0.13945418060523007,0.13779243563917748,0.4255682177258534
2024-03-14,0.0,0.13518259076645492,0.1343084015310162,0.4238755954176609
2024-03-15,0.0,0.18043741575790884,0.17893534996156882,0.4255335580080087
2024-03-18,0.0,0.12698863881226796,0.1256663751294143,0.42513497757666935
2024-03-19,0.0,0.13331748960122988,0.13216801131113978,0.4231549379615725
2024-03-20,0.0,0.16665289070489808,0.16421686757776505,0.4250999779559068
2024-03-21,0.0,0.14042736131198644,0.1385599293788418,0.4074284101893418
2024-03-22,0.0,0.14629932479717273,0.14358144048940438,0.40780327806514166
2024-03-25,0.0,0.14995090071575973,0.1474660626107656,0.40742145934016344
2024-03-26,0.0,0.12759647282868622,0.1263976845750821,0.4083351796378419
2024-03-27,0.0,0.1306046238555708,0.1295398561080662,0.4104827311820118
2024-03-28,0.0,0.13610925052378978,0.13503899940621522,0.4098320657349953
2024-04-01,0.0,0.14305619464029545,0.14163448792959443,0.4080345812410119
2024-04-02,0.0,0.1468921171698383,0.1462703954872689,0.4112643397782127
2024-04-03,0.0,0.14456445433841889,0.1436482102950889,0.4045413045552343
2024-04-04,0.0,0.15479801327707368,0.15435712256693768,0.41280199522739996
2024-04-05,0.0,0.15178434778596933,0.15093461695847962,0.41361786799067113
2024-04-08,0.0,0.16511655571979664,0.16387210693618132,0.4110784563721792
2024-04-09,0.0,0.15470959276194968,0.15365643287774858,0.41089786909972537
2024-04-10,0.0,0.14977945899973047,0.14958454775451838,0.40987263117240486
2024-04-11,0.0,0.1633163753526596,0.16283328850381787,0.4124199356622891
2024-04-12,0.0,0.15152665340827803,0.1518747020918578,0.42220021333263064
2024-04-15,0.0,0.15440618386915692,0.15473382300517008,0.42655447934077717
2024-04-16,0.0,0.16507062534357858,0.16535771086191137,0.4244602010925556
2024-04-17,0.0,0.1797912626305856,0.1797257515485828,0.42328535241453286
2024-04-18,0.0,0.17367667220524047,0.17339616566982027,0.41803305652500006
2024-04-19,0.0,0.2038662151912111,0.20341129187334606,0.41848631518926044
2024-04-22,0.0,0.16589187931984758,0.16602054505078348,0.4241153153801905
2024-04-23,0.0,0.15535598518226965,0.15536966296378554,0.43210427750009867
2024-04-24,0.0,0.15673943314753627,0.15678999869048316,0.43211289065722946
2024-04-25,0.0,0.16135899127244896,0.16193079940662958,0.4281234687695913
2024-04-26,0.0,0.13954188669815612,0.13923174804691532,0.4336726956452877
2024-04-29,0.0,0.19294018532390653,0.19279972383871763,0.43447255885637176
2024-04-30,0.0,0.1546113864754722,0.15534855451106444,0.4411376233651227
2024-05-01,0.0,0.1945316549103733,0.19516182779617972,0.44094407226970284
2024-05-02,0.0,0.21458181502271306,0.21529593953686282,0.4404719688214162
2024-05-03,0.0,0.1486603905734748,0.14891152205342054,0.4418578488961447
2024-05-06,0.0,0.14144863579009814,0.14152435768109842,0.44613462867889364
2024-05-07,0.0,0.149326759399502,0.1493689126386093,0.44612303480353854
2024-05-08,0.0,0.16047147650821778,0.16064040087483333,0.4427902277687289
2024-05-09,0.0,0.16219224791733797,0.1625574943995778,0.4417268122857326
2024-05-10,0.0,0.18014665956361775,0.17923539972862548,0.43280148268814317
2024-05-13,0.0,0.1484522727097777,0.14789784785385593,0.42541934506837975
2024-05-14,0.0,0.1509333695076504,0.15070215353262506,0.4252005902328839
2024-05-15,0.0,0.12644732261296093,0.12620330377802064,0.42612703854173034
2024-05-16,0.0,0.12211953708821213,0.12219987684544799,0.4260725622439201
2024-05-17,0.0,0.1292258025632662,0.12830938726666052,0.4199651345950675
2024-05-20,0.0,0.1532418084511163,0.15275003411721447,0.41871132425456986
2024-05-21,0.0,0.13474348750556858,0.134796025039874,0.4145587099157112
2024-05-22,0.0,0.14911108974207923,0.14949807098814472,0.4155917807523157
2024-05-23,0.0,0.15487466495540167,0.15531552606636911,0.41780408211594705
2024-05-24,0.0,0.1601986097303028,0.15935471399234669,0.41579004216660975
2024-05-28,0.0,0.1319980148565095,0.13179557428260824,0.4158482842675137
2024-05-29,0.0,0.13678905614612366,0.1367187533997663,0.40399516110627226
2024-05-30,0.0,0.15707087570330083,0.15727010375084496,0.4059410374702808
2024-05-31,0.0,0.2005439249121152,0.20011625411837972,0.4051569689935996
2024-06-03,0.0,0.1437744949408676,0.14368496501107322,0.39847774714004086
2024-06-04,0.0,0.1452062083169332,0.1451328472037177,0.3933258084895963
2024-06-05,0.0,0.1306071816251206,0.13013784681082538,0.40021523163109407
2024-06-06,0.0,0.146589673011662,0.14638180300683123,0.4002540746428811
2024-06-07,0.0,0.18362133390876964,0.18314793699874876,0.39984180772130834
2024-06-10,0.0,0.1537793380495275,0.15360549049531286,0.3999325465781845
2024-06-11,0.0,0.1506118164845513,0.15040381452207202,0.39987671542246395
2024-06-12,0.0,0.14500574389335955,0.14447101248688574,0.4020724251930791
2024-06-13,0.0,0.11465065315928054,0.11402802478880975,0.39572184997003074
2024-06-14,0.0,0.13827480898167263,0.13715740506541094,0.3951937680891314
2024-06-17,0.0,0.12467523070160955,0.123859162331516,0.39762428442469816
2024-06-18,0.0,0.12552910636155684,0.12451161097108347,0.39764151481177473
2024-06-20,0.0,0.12704447969087218,0.12638670476659966,0.39859786146406206
2024-06-21,0.0,0.21689884512496813,0.21571001995722192,0.3980991183816539
2024-06-24,0.0,0.15464051207697552,0.15374305455903164,0.39441035558654125
2024-06-25,0.0,0.13586703731935396,0.13517743706030275,0.3928658322884576
2024-06-26,0.0,0.14711174461765422,0.14628751190894457,0.3927496541544925
2024-06-27,0.0,0.1477369657334645,0.1471515776350645,0.3869409028292972
2024-06-28,0.0,0.15778342513102603,0.1560803240090036,0.38493807101159805
2024-07-01,0.0,0.17062166476684376,0.16913521023106984,0.3821194723409429
2024-07-02,0.0,0.17374402417662457,0.17264458336033592,0.38347333186134575
2024-07-03,0.0,0.17445392480797375,0.17106070184042416,0.3840876386384645
2024-07-05,0.0,0.15048143363169741,0.1484303012272388,0.37716874030040654
2024-07-08,0.0,0.12921538477100142,0.127407944173757,0.3768238503156867
2024-07-09,0.0,0.13945498344848037,0.13769038864480962,0.3760643395235794
2024-07-10,0.0,0.13864514653511786,0.13701669300174235,0.3814417294879817
2024-07-11,0.0,0.11921390715885112,0.1176803706288708,0.3904070254052236
2024-07-12,0.0,0.14056802605495403,0.1387485172446415,0.3882407972786268
2024-07-15,0.0,0.1456842483021625,0.14435776381352297,0.3882960195838875
2024-07-16,0.0,0.13311405214188132,0.1311720555226433,0.38928862947784276
2024-07-17,0.0,0.17106705686295817,0.1708463890865126,0.40220443214133217
2024-07-18,0.0,0.16398111609711918,0.1643023456045538,0.40619642962779307
2024-07-19,0.0,0.15893772883209947,0.1592003780610339,0.40880096519125986
2024-07-22,0.0,0.17254047481297724,0.17246176832664228,0.41385923220131543
2024-07-23,1.0,0.14065984467957462,0.140957455082597,0.41336734771534334
2024-07-24,0.0,0.17344602072870768,0.17457930098375612,0.43700432607884865
2024-07-25,0.0,0.26830264464631426,0.26952262438641456,0.43766847314981616
2024-07-26,0.0,0.1956597896996372,0.19604949388699855,0.44266767894937586
2024-07-29,0.0,0.23509286642668908,0.23563999340955197,0.4420892122944675
2024-07-30,0.0,0.1789764109049607,0.1802710349402235,0.4426702965851734
2024-07-31,0.0,0.1508685510954209,0.15200155907402102,0.45035462123477454
2024-08-01,0.0,0.26511618656437047,0.26728916130824015,0.4555112692153076
2024-08-02,1.0,0.3272852172546343,0.3288314029658043,0.46344476289497205
2024-08-05,0.0,0.5168269371728703,0.5175488899914457,0.48485904310092787
2024-08-06,0.0,0.4524532799700938,0.4539756079647766,0.48945116268215827
2024-08-07,0.0,0.4503464541477258,0.4518983106727257,0.4848652428349918
2024-08-08,0.0,0.33531678512866614,0.33793170945941264,0.5018956569730847
2024-08-09,0.0,0.28820851447926743,0.2902297827131109,0.5015830689704294
2024-08-12,0.0,0.3119810903987724,0.31451140665071486,0.5010450756218388
2024-08-13,0.0,0.18185957688535678,0.18413888907289738,0.5081248550376336
2024-08-14,0.0,0.2122005595524365,0.21445564537374082,0.5051349225674996
2024-08-15,0.0,0.1908013624782563,0.19366792128683794,0.5104935093869942
2024-08-16,0.0,0.18782332675926566,0.18981216178254118,0.5092460025400971
2024-08-19,0.0,0.20921749610670445,0.21167546345822078,0.5087503060638078
2024-08-20,0.0,0.20385754090880465,0.20592987609755983,0.5087959449320189
2024-08-21,0.0,0.20932174316281496,0.2111669382155266,0.49438379743691163
2024-08-22,0.0,0.17830566396790734,0.17972713984775573,0.49609791906504364
2024-08-23,0.0,0.14774446507220532,0.1488578281544938,0.49629178229076015
2024-08-26,0.0,0.18103356934227152,0.1821139309977048,0.4968465836798308
2024-08-27,0.0,0.18663430475470008,0.1877860301032384,0.49573461793481166
2024-08-28,0.0,0.18200123690412087,0.1835259674210079,0.4915921243700459
2024-08-29,0.0,0.18938529584811867,0.19092521924651915,0.48579807616312565
2024-08-30,1.0,0.15638334295927495,0.15734152465457776,0.47577301280115575
2024-09-03,0.0,0.21978572227643298,0.2213297433762778,0.46028523267610405
2024-09-04,0.0,0.22571221743361278,0.2267216526050119,0.45917690862165367
2024-09-05,0.0,0.23744091873550632,0.23861197497959,0.45663556723064386
2024-09-06,0.0,0.2792151805719368,0.2790858748549588,0.4538969365143079
2024-09-09,0.0,0.27572672716321217,0.2760312242620538,0.45718773934040563
2024-09-10,0.0,0.2154737391856776,0.21683671109007055,0.45745996361114727
2024-09-11,0.0,0.20638284671445548,0.20790995837052695,0.452243963366134
2024-09-12,0.0,0.16269368478450819,0.1641018854573842,0.45336316756633044
2024-09-13,0.0,0.16147300574795942,0.1625640215231823,0.44601568227388283
2024-09-16,0.0,0.15678023176877673,0.15783592290240311,0.44596987815961436
2024-09-17,0.0,0.15021018583456647,0.15128138193789925,0.4428481296543419
2024-09-18,0.0,0.14216926159437476,0.14347147507994573,0.4430308682559152
2024-09-19,0.0,0.13747171105551378,0.13856005367269777,0.452216336421648
2024-09-20,0.0,0.19001739822186026,0.19020582108511783,0.44905014784625513
2024-09-23,0.0,0.21316993670626377,0.21375014982330542,0.4452116706454176
2024-09-24,0.0,0.12279840978768057,0.12355336248762504,0.44469634167528865
2024-09-25,0.0,0.1593087268048101,0.16044201514206116,0.44497735955247913
2024-09-26,0.0,0.1439365879827603,0.14512852209046018,0.44342079622836156
2024-09-27,0.0,0.1415736895683983,0.14262160612828523,0.4436013492190971
2024-09-30,0.0,0.14624399537667626,0.14734884689830224,0.44097650553324524
2024-10-01,0.0,0.166550780529139,0.16781201131714088,0.42502044544342943
2024-10-02,0.0,0.17005373867816212,0.17118989082745972,0.42465151835792264
2024-10-03,0.0,0.20337905074936496,0.20415596030540875,0.4241664582491546
2024-10-04,0.0,0.15134893434221167,0.151408890768882,0.40737883165657035
2024-10-07,0.0,0.17071456923478334,0.1710489076767873,0.4108686033667767
2024-10-08,0.0,0.17212193515740454,0.17212259248221295,0.4134682781328
2024-10-09,0.0,0.14389930366053622,0.14425396563695647,0.4110651143546079
2024-10-10,0.0,0.16066532370313305,0.1603999634955144,0.4102419582538242
2024-10-11,0.0,0.16496412107140698,0.16444771050922188,0.4105137927666699
2024-10-14,0.0,0.1562088769459783,0.15558275721981657,0.41226232680812647
2024-10-15,0.0,0.1253750948476752,0.125921712154289,0.4165165601319236
2024-10-16,0.0,0.13788095346812654,0.1381470051352187,0.41585757731013945
2024-10-17,0.0,0.12485869485659688,0.12502355164787915,0.4035858618128963
2024-10-18,0.0,0.1362746137116873,0.13603807992015782,0.403415277919243
2024-10-21,0.0,0.12640235753047985,0.12653795796836553,0.4038386019646751
2024-10-22,0.0,0.12699304804119818,0.12720505142611235,0.4038700837336514
2024-10-23,0.0,0.1423373337902833,0.14291287411789216,0.4089624310552476
2024-10-24,0.0,0.13719197847042058,0.13776021593985108,0.408468230806383
2024-10-25,0.0,0.1392049057249821,0.13958087592244817,0.4083288827832274
2024-10-28,0.0,0.1443321761042289,0.14485393117004164,0.4078456972608368
2024-10-29,0.0,0.14083862040897843,0.14141135288106266,0.40217697679874304
2024-10-30,0.0,0.13888366386159615,0.13956011025026407,0.4031945797407897
2024-10-31,0.0,0.213534735335398,0.21475889872461587,0.4214392745454158
2024-11-01,0.0,0.20768718041258008,0.20812354992941418,0.41846018645062893
2024-11-04,0.0,0.212804277266095,0.21298911147817348,0.41440982655327485
2024-11-05,0.0,0.1827357891489193,0.1834259571451805,0.4171014859158146
2024-11-06,0.0,0.13320104317181394,0.13374831713721744,0.4408759050268505
2024-11-07,0.0,0.12050330998328986,0.1209137507924755,0.44176426990031614
2024-11-08,0.0,0.12382024403005681,0.12470939953049735,0.4411961243871877
2024-11-11,0.0,0.13299498198673945,0.13408274567090508,0.43968736023700805
2024-11-12,0.0,0.12678473357614953,0.12800816195401793,0.4372770437760993
2024-11-13,0.0,0.12690000872693846,0.1281496907095621,0.4368926813585083
2024-11-14,0.0,0.18663668282083146,0.18876136570043703,0.4388182885464223
2024-11-15,0.0,0.21729778175256004,0.21920420855335263,0.4454354925070809
2024-11-18,0.0,0.18422456213291508,0.18640340768220165,0.4457760915898264
2024-11-19,0.0,0.17087339266861906,0.17293660284069873,0.44618123059549875
2024-11-20,0.0,0.16295944691956585,0.16483201859126137,0.4425087143164927
2024-11-21,0.0,0.13617192816905832,0.13769169287578178,0.4431291935297199
2024-11-22,0.0,0.13434138238821106,0.13567493154160745,0.4432051327516194
2024-11-25,0.0,0.21574811454086168,0.21715852308355613,0.4432440662667095
2024-11-26,0.0,0.15421963160553392,0.15591580432012994,0.4438954423005524
2024-11-27,0.0,0.151875039467805,0.1529335708135978,0.44408670839320197
2024-11-29,0.0,0.18944182745940633,0.18750652305476773,0.4273223440506329
2024-12-02,0.0,0.14059588607211113,0.1407579135667961,0.42725244360652775
2024-12-03,0.0,0.1352944725224217,0.13608787215676815,0.4261236435121379
2024-12-04,0.0,0.11957768398496421,0.12049189745161049,0.42259123396181225
2024-12-05,0.0,0.13894691215757085,0.1394799815947747,0.39431286075573185
2024-12-06,0.0,0.15684548874533022,0.15744675516796527,0.3917999585988998
2024-12-09,0.0,0.1501389567810656,0.15030535350402782,0.3943201481125679
2024-12-10,0.0,0.17294396303224063,0.17374658681304833,0.3950216724666777
2024-12-11,0.0,0.14923266288790935,0.14975601993579912,0.3978858353491273
2024-12-12,0.0,0.14585641906704222,0.14664579861134827,0.400126884475983
2024-12-13,0.0,0.14369272546788459,0.14389860110645677,0.3973949891025289
2024-12-16,0.0,0.1275900899420373,0.12768801822867615,0.3833388830208267
2024-12-17,1.0,0.15423745131107955,0.15486928611349032,0.38512712670275123
2024-12-18,0.0,0.31171199207981326,0.31251555326510083,0.4321469123608231
2024-12-19,0.0,0.30374282867303826,0.30449677678013726,0.4321505675731881
2024-12-20,0.0,0.3126703366957069,0.3116350673107287,0.4358781752291093
2024-12-23,0.0,0.19886793027920793,0.1994478866420419,0.4375011097977729
2024-12-24,0.0,0.18694816773196768,0.1845414456987686,0.4416591270527012
2024-12-26,0.0,0.13215602380854505,0.13108877455040233,0.44057558090248095
2024-12-27,0.0,0.14556477152359162,0.14564244888107902,0.4445961552649258
2024-12-30,0.0,0.1962472996002246,0.19762003263596417,0.44690492040330826
2024-12-31,0.0,0.24283003891778937,0.24316980169087116,0.4467787672022656
2025-01-02,0.0,0.23546679365426848,0.2360335549074734,0.4466769992352862
2025-01-03,0.0,0.16952943493981157,0.17049371237827507,0.4516059221422522
2025-01-06,0.0,0.22562460824246824,0.22671678527621675,0.4530382734242824
2025-01-07,0.0,0.2238498579616026,0.22600889477683486,0.45597410893143653
2025-01-08,0.0,0.26928190198826607,0.2718507387023171,0.45544471448872037
2025-01-10,0.0,0.3679229743331926,0.3687746877525729,0.46182819767022903
2025-01-13,0.0,0.3353551424155965,0.33728117415933945,0.4589475313672254
2025-01-14,0.0,0.28096405883455305,0.28237951802310735,0.4588318060986212
2025-01-15,0.0,0.22231885570025284,0.22465691165432167,0.4708014326404509
2025-01-16,0.0,0.2352113971380422,0.23758996651325753,0.47016760502046634
2025-01-17,0.0,0.22209057844017374,0.22453490691058528,0.4733172275568694
2025-01-21,0.0,0.16812050842592288,0.16962984303368278,0.4460277796779641
2025-01-22,0.0,0.14914647848655335,0.15094468773268938,0.4465023753468536
2025-01-23,0.0,0.2008847248381708,0.20283848932183704,0.4439219852357951
2025-01-24,0.0,0.18861394466599565,0.19054442109710037,0.44326728021416417
2025-01-27,0.0,0.34080703367894416,0.3428230961908159,0.44742037913011623
2025-01-28,0.0,0.2298313614391867,0.23198536904190284,0.45039272422097554
2025-01-29,0.0,0.24331157336994677,0.24515894354001988,0.4466189139012023
2025-01-30,0.0,0.21143893637428804,0.21344220829126473,0.4422423014243838
2025-01-31,0.0,0.27750063029141736,0.2792310984466979,0.442587686448845
2025-02-03,0.0,0.3697095423471159,0.37108363267819966,0.4450380219873051
2025-02-04,0.0,0.27104088264179227,0.27260739766658143,0.4414684796486907
2025-02-05,0.0,0.30635979838998956,0.3082345189662251,0.4409841833663467
2025-02-06,0.0,0.3129425090124635,0.31458834852800516,0.43543043676471593
2025-02-07,0.0,0.28180694644788107,0.2836568481206805,0.4398741315501278
2025-02-10,0.0,0.2753057917279595,0.2767179672197647,0.42951804350918515
2025-02-11,0.0,0.2763263716255115,0.2776956580543386,0.4296277805772289
2025-02-12,0.0,0.3102972384726804,0.3116121911284027,0.4304942485451592
2025-02-13,0.0,0.252748311105548,0.2538411925675174,0.4217226836153828
2025-02-14,0.0,0.25408988886642053,0.25554754242978195,0.42124986465237063
2025-02-18,0.0,0.24578750708845737,0.24705117309961358,0.417795006410214
2025-02-19,0.0,0.288350903590994,0.28956135414946027,0.41494823939816605
2025-02-20,0.0,0.31889142911004403,0.31994670268411646,0.41457329693693773
2025-02-21,0.0,0.3442704905678236,0.3449838873511729,0.42613716200455576
2025-02-24,0.0,0.406413113447053,0.40667381856016155,0.42669047762386636
2025-02-25,0.0,0.426129054527646,0.4251349248021602,0.4187219867933337
2025-02-26,0.0,0.39827770888218494,0.3975320254742698,0.41402415631210243
2025-02-27,0.0,0.4822058006110369,0.48094989180242514,0.42357446129550685
2025-02-28,0.0,0.40529635619719606,0.4042139074856545,0.4341196468501034
2025-03-03,0.0,0.45099511567950806,0.45023414929430833,0.44386391016228616
2025-03-04,0.0,0.45726711274541526,0.4561745156518398,0.4466495976407231
2025-03-05,0.0,0.45142048055373557,0.45170084173674196,0.4497061538354503
2025-03-06,0.0,0.4888680648705177,0.4884690202352926,0.4568672744472352
2025-03-07,1.0,0.4699614442128395,0.4689446486163718,0.4577671404160531
2025-03-10,0.0,0.5030505485592905,0.5022985339025755,0.47433245065571283
2025-03-11,0.0,0.505065822927094,0.5047272637466712,0.47145033888535576
2025-03-12,0.0,0.47978998823549457,0.47949560670903557,0.4732618443181933
2025-03-13,0.0,0.518802564727902,0.5187036572535275,0.47593322977522556
2025-03-14,0.0,0.47254468550504347,0.472371191801327,0.4881111610376626
2025-03-17,0.0,0.4655782218419249,0.46618039368475406,0.4905304282818327
2025-03-18,0.0,0.49084467663218195,0.4909361637866941,0.4906207735168465
2025-03-19,0.0,0.4524992580881385,0.45312355223344397,0.4953181583365528
2025-03-20,0.0,0.4501261975066168,0.4511078607729968,0.49538093133471844
2025-03-21,0.0,0.4275207499240047,0.4265402571182365,0.4909063233427392
2025-03-24,0.0,0.34311363752522733,0.34484542707149685,0.5009453973719956
2025-03-25,0.0,0.3413473626858917,0.34262580274777044,0.5009574854166744
2025-03-26,0.0,0.4708471599419251,0.4711864386856269,0.5030777242287064
2025-03-27,0.0,0.42414019381632045,0.42442325107998674,0.4981265265552455
2025-03-28,0.0,0.5307652817646807,0.5306379428978809,0.4975484504183183
2025-03-31,0.0,0.49537851992979487,0.4951359996335595,0.4934352192539859
2025-04-01,0.0,0.4739559150096627,0.4736242713852218,0.4912243972466035
2025-04-02,1.0,0.4579171288937793,0.45747202422760846,0.4888091878461687
2025-04-03,1.0,0.5971866166361243,0.5990340242920261,0.5332373059224824
2025-04-04,0.0,0.6040381584382617,0.6073239016791127,0.5867717908959886
2025-04-07,0.0,0.573161444892653,0.5763313941534535,0.5794878943241081
2025-04-08,0.0,0.5829302020511077,0.5864631180419424,0.5812233091293596
2025-04-09,1.0,0.5129608123104319,0.5222776995971482,0.6993918519098966
2025-04-10,0.0,0.5445208294930396,0.5548766656429308,0.7081050827976274
2025-04-11,0.0,0.5478196512704678,0.5576010883281406,0.7068638549154006
2025-04-14,0.0,0.5354057456374465,0.5450753981846762,0.7071185337133324
2025-04-15,1.0,0.5418143265835932,0.5514569300862255,0.7064025946012579
2025-04-16,0.0,0.552638346045431,0.562232764289356,0.7084617447060033
2025-04-17,1.0,0.5434764463264021,0.5530847044446634,0.7086310079298107
2025-04-21,0.0,0.531552543321882,0.5414206203902677,0.7119887427087297
2025-04-22,0.0,0.5381030435287836,0.5484479574866297,0.7153132314765602
2025-04-23,0.0,0.5391261303639331,0.5491673591749299,0.7185850320153346
2025-04-24,0.0,0.5481482987785591,0.5587064063730224,0.7222366025258635
2025-04-25,0.0,0.5211833740887748,0.5312868617484764,0.7228274327017873
2025-04-28,0.0,0.5342920171750938,0.5439920644115945,0.7197288833070705
2025-04-29,0.0,0.516617478360184,0.5262012343653811,0.7197541835913077
2025-04-30,0.0,0.5568023154545301,0.5666753242215126,0.7196500938514107
2025-05-01,0.0,0.5238709511077522,0.5340353592799062,0.7196019275800198
2025-05-02,0.0,0.4636376608499357,0.47260968309948853,0.6989564993136402
2025-05-05,0.0,0.5036767310598835,0.5102846356159335,0.657324689824506
2025-05-06,0.0,0.5491633897636446,0.555427997343128,0.6586299523193166
2025-05-07,0.0,0.5484116812225185,0.5545346954463294,0.6532220478881565
2025-05-08,0.0,0.5519423995114022,0.5536673035930239,0.5232193833445546
2025-05-09,0.0,0.5049559792231927,0.5046490578030375,0.48974238888445176
2025-05-12,0.0,0.5327150515617735,0.5335370684481665,0.5053942142270567
2025-05-13,0.0,0.4612462421397842,0.46260365198332926,0.5052852567108128
2025-05-14,0.0,0.44209229300962144,0.4434374194161832,0.5046453512413286
2025-05-15,0.0,0.40997032075486206,0.4121207947404124,0.48505193805479635
2025-05-16,0.0,0.426509031953009,0.42878211633354685,0.4844908397246373
2025-05-19,0.0,0.3672290236967294,0.3668022553499334,0.4579652135657844
2025-05-20,0.0,0.36609083661057723,0.3653402360725944,0.45003456121743607
2025-05-21,0.0,0.5427649059857848,0.542035204197125,0.4606373183894079
2025-05-22,0.0,0.4646924012886029,0.46361726755257526,0.45206957840955225
2025-05-23,0.0,0.47034602288553257,0.4686736565311935,0.4544990412093266
2025-05-27,0.0,0.5033035796112671,0.5030688399287669,0.4642885784594839
2025-05-28,0.0,0.42866099311458333,0.4289771570339563,0.46648837830526885
2025-05-29,0.0,0.3940518715500093,0.3941653061412367,0.4664507762588452
2025-05-30,0.0,0.45527827894516737,0.4553317003458564,0.4663633945681109
2025-06-02,0.0,0.3929965343436612,0.3933017315642401,0.4616960707353857
2025-06-03,0.0,0.4154456801663958,0.41596660883380776,0.45949121874704385
2025-06-04,0.0,0.34505553198494865,0.34642759804146234,0.45598951931307025
2025-06-05,0.0,0.4359861323116608,0.4362524973743847,0.45817915329349174
2025-06-06,0.0,0.3716106273472717,0.370908982987608,0.45971183381947395
2025-06-09,0.0,0.36791462308028183,0.36952740119234595,0.45940558467175435
2025-06-10,0.0,0.39629555859893767,0.3961220763302836,0.42563109606037186
2025-06-11,0.0,0.4429072042899474,0.4420481419049888,0.4248977338585943
2025-06-12,0.0,0.3611584203071178,0.3615982099678767,0.42518998819677395
2025-06-13,0.0,0.44095141112457603,0.4401637362856995,0.4311148038988158
2025-06-16,0.0,0.4160309521511125,0.41614513170324574,0.4326087660729544
2025-06-17,0.0,0.41201768526458166,0.41186339408588757,0.4357018893450086
2025-06-18,0.0,0.4291358103492929,0.4281158666826949,0.43502584787799103
2025-06-20,0.0,0.45843164759514443,0.45548877147485894,0.4233891848370098
2025-06-23,0.0,0.4275532554439275,0.42629566650119927,0.426278739658375
2025-06-24,0.0,0.38633782912878,0.38581722037614286,0.4265715992470852
2025-06-25,0.0,0.4228421744700561,0.42242238702031015,0.410617775810052
2025-06-26,0.0,0.372630843819722,0.37232117346223537,0.40983436613015906
2025-06-27,0.0,0.2859969347229494,0.285344450214769,0.41014429247453427
2025-06-30,0.0,0.3154905016309249,0.3156779496551662,0.41026980620835035
2025-07-01,0.0,0.34591329687646616,0.3453831855608641,0.4107126679063171
2025-07-02,0.0,0.3688778465312326,0.3692669418492275,0.41037253611102353
2025-07-03,0.0,0.27710444664557543,0.2762242173432196,0.41195945163572895
2025-07-07,0.0,0.3627238942673447,0.36189599230395414,0.4143033494495406
2025-07-08,0.0,0.3346620957137238,0.33451516525491026,0.41137831025150506
2025-07-09,0.0,0.2519915152695925,0.25224840124091946,0.41216388563499773
2025-07-10,0.0,0.3371223068175372,0.3373009205592214,0.41158943916812957
2025-07-11,0.0,0.3184820205950581,0.3180168590622213,0.41187097197883193
2025-07-14,0.0,0.34973961686940036,0.35006124942131794,0.4116938711310668
2025-07-15,0.0,0.34140739736040443,0.34121574013329264,0.4041316707269214
2025-07-16,0.0,0.32571775501447453,0.3252263100080028,0.40111690569561365
2025-07-17,0.0,0.30755246442925616,0.3072613142474312,0.39486435982225127
2025-07-18,0.0,0.2725557445637217,0.27187277722469355,0.39478622480817577
2025-07-21,0.0,0.28823566808068657,0.28781873661740137,0.39336080132954937
2025-07-22,0.0,0.3424122924283883,0.3421712709574113,0.3902454615898332
2025-07-23,0.0,0.3621440739174379,0.3613020772895035,0.38683800132259766
2025-07-24,0.0,0.24427663294907226,0.24359479651173788,0.3866498853463799
2025-07-25,0.0,0.21191958396704177,0.21125414637317122,0.3842684599875815
2025-07-28,0.0,0.2687646250901226,0.26825098169265094,0.3836141380605399
2025-07-29,0.0,0.27767049294969565,0.27689595328757977,0.38415459828309495
2025-07-30,0.0,0.31898963395058866,0.31850276135406136,0.3842052585958651
2025-07-31,0.0,0.3298286854057158,0.32862449161984975,0.38496171447301775
2025-08-01,0.0,0.4490591746565808,0.4467058539184504,0.3984805545699268
2025-08-04,0.0,0.3084317197838529,0.3078275835639368,0.4067370705960122
2025-08-05,0.0,0.44628116953545155,0.4450546429485753,0.40829189844434405
2025-08-06,0.0,0.3654904926586652,0.364836079825543,0.409070749454092
2025-08-07,0.0,0.35896816532477344,0.3587152923648528,0.4089228933562556
2025-08-08,0.0,0.25119263088389565,0.2515566096487865,0.41064126904215875
2025-08-11,0.0,0.28087967870139374,0.281229172497657,0.4112430146184898
2025-08-12,0.0,0.270454775108458,0.2707254499548998,0.41502032622122315
2025-08-13,0.0,0.2598693442767066,0.2599971115154343,0.41502602826649665
2025-08-14,0.0,0.21890810816420048,0.21938189590209936,0.4143526819457875
2025-08-15,0.0,0.2225153936839205,0.2229196609340425,0.41512189769831265
2025-08-18,0.0,0.3046103080384227,0.30455367713859066,0.4152005173601733
2025-08-19,0.0,0.29989967331530476,0.29967685051347337,0.41745631119378906
2025-08-20,0.0,0.33890686965009076,0.3384247272039505,0.41535658992390173
2025-08-21,0.0,0.33014261283997626,0.32892083607004385,0.41620019723039375
2025-08-22,0.0,0.24662710537188523,0.24679092952961373,0.4256977606068016
2025-08-25,0.0,0.3165046922394757,0.316705576259017,0.42669057426292967
2025-08-26,0.0,0.2948257855251102,0.2952088617571945,0.42668838214919075
2025-08-27,0.0,0.30012834126877863,0.300313671147781,0.4265974824024195
2025-08-28,0.0,0.24113634050168883,0.24176674949421467,0.42576884654224134
2025-08-29,0.0,0.29845584558798394,0.29770526897447347,0.41445477928098634
2025-09-02,0.0,0.3833899605489699,0.38278669472546584,0.40852995312837714
2025-09-03,0.0,0.2448660834664067,0.2451770669490464,0.40766254130274376
2025-09-04,0.0,0.2398717570543195,0.24073048789548876,0.408411921887461
2025-09-05,0.0,0.24409902629808714,0.2446272935307278,0.4092028814868237
2025-09-08,0.0,0.2322405366186564,0.2324748094123051,0.4067890513452382
2025-09-09,0.0,0.27110763745653327,0.27178257946228546,0.40629496058454806
2025-09-10,0.0,0.24192720835111128,0.24216059442792326,0.40034095060341374
2025-09-11,0.0,0.19910324638026472,0.199417179557479,0.4034105671061235
2025-09-12,0.0,0.20764084994254695,0.20827000518753935,0.403500624225746
2025-09-15,0.0,0.2846313277731612,0.28485402909079877,0.40333873879673865
2025-09-16,0.0,0.19663202863489912,0.19673095612223035,0.4036004746178905
2025-09-17,0.0,0.27266922144172834,0.2729282849480349,0.4009227886374906
2025-09-18,0.0,0.23935768819530828,0.23954108740693772,0.4005240624529034
2025-09-19,0.0,0.23849907515398072,0.23697278243419168,0.3988151792465422
2025-09-22,0.0,0.1884216613794781,0.18735351474309306,0.38776925446555044
2025-09-23,0.0,0.20332078634826087,0.20268689320370667,0.3889323160818427
2025-09-24,0.0,0.2447054180477421,0.24403316051975424,0.3897697548580892
2025-09-25,0.0,0.33534944869336325,0.33510634106896003,0.392242205265162
2025-09-26,0.0,0.2766609214532598,0.27608567566596276,0.3935164415852244
2025-09-29,0.0,0.2656896162746223,0.2652991168249622,0.3896091738111132
2025-09-30,0.0,0.2799987959624115,0.2795888396282531,0.38439728880751034
2025-10-01,0.0,0.26160677431301604,0.26081763732961283,0.38381974504559774
2025-10-02,0.0,0.23682932680755403,0.23618383921009534,0.3805115947382968
2025-10-03,0.0,0.1953500980351057,0.19441736202631524,0.3787341963489662
2025-10-06,0.0,0.21276706047895969,0.21170579272058945,0.37901342864739024
2025-10-07,0.0,0.24223408911817737,0.24152445128246314,0.3814654570285774
2025-10-08,0.0,0.23246226407743636,0.23155428252730456,0.3827445877234492
2025-10-09,1.0,0.2372649507911335,0.23637462920310798,0.38005378229280856
2025-10-10,0.0,0.3906950361594109,0.3897664116850049,0.4239634831130774
2025-10-13,0.0,0.2798683516327067,0.28026729209542844,0.43329877067646083
2025-10-14,0.0,0.32399198596747386,0.32483544327349917,0.4333379871587519
2025-10-15,0.0,0.2736618468510784,0.27457719521299623,0.43377827226108423
2025-10-16,0.0,0.3660408135175536,0.3667069463922669,0.4347061892279585
2025-10-17,0.0,0.2628460679797492,0.263427828486191,0.43486224361523834
2025-10-20,0.0,0.22192392912694206,0.22272344782664844,0.43848750665087294
2025-10-21,0.0,0.24536625441467483,0.24634527752830584,0.4371004030643092
2025-10-22,0.0,0.2949843993012646,0.2961721520526899,0.43800484776057624
2025-10-23,0.0,0.23193281152852718,0.23270347379137624,0.4377036475583168
2025-10-24,0.0,0.19955477323878343,0.2003481307147471,0.43860730066948
2025-10-27,0.0,0.22136746795843218,0.22254375899096723,0.44306404281404493
2025-10-28,0.0,0.20722595981828074,0.20749782086708463,0.4428471529004882
2025-10-29,0.0,0.25885346661898534,0.25973874279256853,0.44278687305945647
2025-10-30,0.0,0.31912315570960637,0.32042904055583366,0.4472082615991184
2025-10-31,0.0,0.24554119133251603,0.2459766600146233,0.447290209702654
2025-11-03,0.0,0.25760148914167824,0.2575389176587996,0.4470446183821489
2025-11-04,0.0,0.3106018709353219,0.3121770624427845,0.45176832309783505
2025-11-05,0.0,0.324904406479046,0.3264009190591796,0.4511143223851949
2025-11-06,0.0,0.3224485391454885,0.32427409266720875,0.4552220778682433
2025-11-07,0.0,0.2944303897455928,0.29504071649902913,0.4259391568262862
2025-11-10,0.0,0.23130132171963189,0.2318873659468716,0.4256950148547346
2025-11-11,0.0,0.26422446368406444,0.2653491643204409,0.4253186869917444
2025-11-12,0.0,0.24376133069067352,0.24459048895113,0.42505447239967076
2025-11-13,0.0,0.3315086505518912,0.3327969912365265,0.43578008970176585
2025-11-14,0.0,0.3256582051842419,0.32653803768091255,0.43500575480006676
2025-11-17,0.0,0.38227236661862796,0.3831477259214548,0.4338981700156054
2025-11-18,0.0,0.3808445768815075,0.380864607946624,0.43619499546725565
2025-11-19,0.0,0.3391050212971635,0.3398915398993479,0.4360737466815057
2025-11-20,0.0,0.4192097890849049,0.4195102862706636,0.44255330338241666
2025-11-21,0.0,0.45371788731501816,0.4534274879960747,0.44402016145080386
2025-11-24,0.0,0.258549143279169,0.25877550597825694,0.4475266650080101
2025-11-25,0.0,0.2667184945067984,0.2683405578629574,0.45074694499010903
2025-11-26,0.0,0.16527367700479995,0.16591362951248,0.45273695567689637
2025-11-28,0.0,0.24918464764231038,0.24624850296445464,0.4504791771316195
2025-12-01,0.0,0.2437220617017137,0.24482404872666563,0.4512511941786568
2025-12-02,0.0,0.23837468789379856,0.23957089826927336,0.45136541438595773
2025-12-03,0.0,0.2337047846655415,0.23512142011267395,0.4465408282994617
2025-12-04,0.0,0.2198739667386974,0.22131218158992366,0.4462022681443747
2025-12-05,0.0,0.19792904749196727,0.19852643258383829,0.44092013625683474
2025-12-08,0.0,0.22788466979364483,0.2289140316246007,0.44168300042421693
2025-12-09,0.0,0.20268750662135512,0.2034565479334868,0.43306963489910083
2025-12-10,0.0,0.20054077763294306,0.20086940675793716,0.43465714062254895
2025-12-11,0.0,0.2142086415480976,0.21500717833904676,0.4347726458948048
2025-12-12,0.0,0.20966566193737593,0.2102204819136764,0.4278733874460458
2025-12-15,0.0,0.28120238195276276,0.28151882163850017,0.4280336417153212
2025-12-16,0.0,0.34006561015549835,0.34017632603637316,0.4241515402574746
2025-12-17,0.0,0.339203354700786,0.3391673250995685,0.42730398602726377
2025-12-18,0.0,0.2524242128453705,0.2526703842508782,0.42906157323708716
2025-12-19,0.0,0.316788515465519,0.31600899592295495,0.41817136799318544
2025-12-22,0.0,0.30012101724907436,0.2995585759712051,0.4162349840715287
2025-12-23,0.0,0.16466166597142703,0.163633868408166,0.40708806881780296
2025-12-24,0.0,0.20899777628415347,0.20507685581332938,0.40402314990866356
2025-12-26,0.0,0.14263421146497074,0.13996885698598593,0.4021755362260557
2025-12-29,0.0,0.14918623714281287,0.14760927335386312,0.40188596180142466
2025-12-30,0.0,0.16166468047928007,0.1603834183723007,0.4000939855114213
2025-12-31,0.0,0.23375163136839833,0.23268231173543513,0.4033143796713435
2026-01-02,0.0,0.22950593316372747,0.2289092653508449,0.40302686412463595
2026-01-05,0.0,0.34507703775548687,0.34413429631074544,0.40510360357983133
2026-01-06,0.0,0.2065058599630527,0.20570887979174154,0.40679180315274527
2026-01-07,0.0,0.2840468797454671,0.28345551610665193,0.40677555849077
2026-01-08,0.0,0.25688932343605553,0.25642678154911547,0.4066741389720808
2026-01-09,0.0,0.19410710923755156,0.19359075759196553,0.4064950559928418
2026-01-12,0.0,0.2226580721280904,0.22199101330807594,0.4064268385509112
2026-01-13,0.0,0.2715629137815619,0.2709043927098873,0.3993732029951299
2026-01-14,0.0,0.31491906165742245,0.3142517115282383,0.4013057477205629
2026-01-15,0.0,0.24560413967711212,0.2452626533904732,0.40081662786506733
2026-01-16,1.0,0.2775155779826611,0.27658035129456576,0.39047078945261815
2026-01-20,0.0,0.462977897514953,0.46199956113885626,0.4142624404417682
2026-01-21,0.0,0.34301653103229296,0.3428707218568901,0.41694656273560493
2026-01-22,0.0,0.3111900507066659,0.3110202247154728,0.41642945944675114
2026-01-23,0.0,0.2543331231353176,0.25445924939938586,0.4154996402521805
2026-01-26,0.0,0.25661081344291914,0.25674502026798385,0.4161939806886091
2026-01-27,0.0,0.2592837672047256,0.25938880697296374,0.416881517534302
2026-01-28,0.0,0.27023309090732045,0.27013990523843323,0.41614378149865305
2026-01-29,0.0,0.3480460943522226,0.3477883216449459,0.4161286796310804
2026-01-30,0.0,0.29291149284267753,0.2921176398578753,0.4141984984431154
2026-02-02,0.0,0.26388280593324287,0.26340965222743834,0.4151814374210373
2026-02-03,0.0,0.40749212449457806,0.4062716066211843,0.4173642647028422
2026-02-04,0.0,0.44179985753295486,0.439652494727119,0.41659963757148033
2026-02-05,0.0,0.4638156403053313,0.46219825516226043,0.4225112240482228
2026-02-06,0.0,0.3247919005292703,0.3247482928223964,0.439238889970405
2026-02-09,0.0,0.3163037089831237,0.31667405960016215,0.4384792892089787
2026-02-10,0.0,0.3182606493602466,0.3187783104513061,0.43876815828831595
2026-02-11,0.0,0.368957795189388,0.3696528536399301,0.4386481713608696
2026-02-12,0.0,0.42078579061917376,0.42079524218729936,0.4464564873234104
2026-02-13,0.0,0.3978156077103601,0.3974872917161374,0.446119787778437
2026-02-17,0.0,0.3620277425278761,0.3624248546958308,0.44622884985421035
2026-02-18,0.0,0.342934986537591,0.3425755702734147,0.4309835373178271
2026-02-19,0.0,0.37241963389294697,0.37221940655639424,0.425965872595918
2026-02-20,0.0,0.30778180756784307,0.307764184739595,0.4267539401987347
2026-02-23,0.0,0.4042896697213858,0.4041750038631301,0.43107160512618226
2026-02-24,0.0,0.3550677312415722,0.3553571272066504,0.43255240829243985
2026-02-25,0.0,0.3592708353374127,0.3596746332977127,0.4346569033885985
2026-02-26,0.0,0.36430227564703493,0.3649613707096818,0.43566485024949797
2026-02-27,0.0,0.3873559558474579,0.3872425670709712,0.4362139454837178
2026-03-02,0.0,0.4349916153976952,0.4347660725069717,0.43567333393599117
2026-03-03,0.0,0.4908853176627199,0.49002828619207356,0.43716310056886093
2026-03-04,0.0,0.37371438837264864,0.37392782516067996,0.4376640462088655
2026-03-05,0.0,0.46116830923729957,0.46104632290270364,0.4378891376086455
2026-03-06,0.0,0.48853429154531436,0.48729826223753353,0.4388746113593499
2026-03-09,0.0,0.5120000101801355,0.5103201457999637,0.4251296933734378
2026-03-10,0.0,0.4633114355080459,0.4613884653962824,0.42366991035164714
2026-03-11,0.0,0.4577911210623557,0.45611315095990346,0.4234881946779044
2026-03-12,0.0,0.5721760115236456,0.5706390740439211,0.431407530054394
2026-03-13,0.0,0.5080515699252032,0.5053778761414104,0.4238702596445052
2026-03-16,0.0,0.4007315061436959,0.39857308188602875,0.42932384514411287
2026-03-17,0.0,0.3825481434257515,0.38083339402422756,0.42965726983261177
2026-03-18,0.0,0.4722350257508158,0.4700243559962242,0.43381697964189453
2026-03-19,0.0,0.4969654451213655,0.49450697234826213,0.4338115259118381
2026-03-20,0.0,0.48117735918391485,0.47827827658941285,0.43677517446584263
2026-03-23,0.0,0.5157136665562829,0.5140115241582279,0.44173899628283236
2026-03-24,0.0,0.4990038515857601,0.4965442200384429,0.4381545486985224
2026-03-25,0.0,0.45218698696036924,0.4502155391158852,0.43617626828190414
2026-03-26,0.0,0.5371691710784038,0.5349539372682761,0.4439958548466478
2026-03-27,0.0,0.5918102414133233,0.5902167802808941,0.4502663021845509
2026-03-30,0.0,0.5814208956346656,0.5791096266327762,0.44961350393395516
2026-03-31,0.0,0.5350467464111799,0.534992300347848,0.4807928867876961
2026-04-01,0.0,0.4576071951761389,0.4580358296226436,0.4804756784006793
2026-04-02,0.0,0.5201069669090814,0.5199466914235601,0.4803561729485232
2026-04-06,0.0,0.45644712056997183,0.4559595823008317,0.47723560690825023
2026-04-07,0.0,0.47904701022585794,0.4778879196646933,0.47477040916728486
2026-04-08,0.0,0.2970504859379463,0.29813951241619663,0.4929227035054572
2026-04-09,0.0,0.3149382774532532,0.31616583024844913,0.4938003724988436
2026-04-10,0.0,0.33452188816216694,0.3350773586512477,0.48709435143869434
2026-04-13,0.0,0.32167364756273037,0.3227021564756902,0.4875411322214377
2026-04-14,0.0,0.24654182894248916,0.24813996384889564,0.4883386973124486
2026-04-15,0.0,0.2430870997623246,0.24503876776137898,0.48923800626738034
2026-04-16,0.0,0.22690918785154376,0.22856044916073645,0.4819546306158947
2026-04-17,0.0,0.26291815412342057,0.26455632886284963,0.4829071350478108
2026-04-20,0.0,0.30015486530330493,0.3013662179055651,0.4734384544559106
2026-04-21,0.0,0.2626697549314929,0.2643010020303159,0.4750121883119062
2026-04-22,0.0,0.2187088908665349,0.2201285477592869,0.47450779439057533
2026-04-23,0.0,0.27915386955802246,0.28063404659784935,0.4764247267569169
2026-04-24,0.0,0.16748990404741548,0.16803274672535476,0.46222198120677827
2026-04-27,0.0,0.23253402949951602,0.23320489092950739,0.4459632163862183
2026-04-28,0.0,0.2564755157466473,0.25730900155529796,0.4466779448408137
2026-04-29,0.0,0.24906652804246512,0.24937043967738426,0.42528944689127224
2026-04-30,0.0,0.2026969944754094,0.20311064477275417,0.426399151610219
2026-05-01,0.0,0.17733514909731926,0.1764546594079057,0.4259812640489699
2026-05-04,0.0,0.25916249465518354,0.25933132076858695,0.4291373425598691
2026-05-05,0.0,0.17856696111858045,0.17864091927308443,0.4291073704144812
2026-05-06,0.0,0.181452399640268,0.18012076258054016,0.4143678099567732
2026-05-07,0.0,0.25026602907294493,0.24950383124678627,0.4170020207643834
2026-05-08,0.0,0.16046378836421366,0.1594362754984892,0.416777961474567
2026-05-11,0.0,0.19326474879830105,0.19205924496922952,0.4150821937640383
2026-05-12,0.0,0.21681395223700406,0.21624643631716578,0.41280623509618075
2026-05-13,0.0,0.17771788718251647,0.17655043031890083,0.41196269787308
2026-05-14,0.0,0.18538827821924853,0.18459769347432634,0.41301757552559937
2026-05-15,0.0,0.20080976756261246,0.1999012973109607,0.41948291955011663
2026-05-18,0.0,0.23993171768989688,0.239121052140225,0.4189364163489615
2026-05-19,0.0,0.2898034198182047,0.28933011752002014,0.4192010525725543
2026-05-20,0.0,0.186777440081748,0.18618536774122804,0.41946726955876845
2026-05-21,0.0,0.18369685268861735,0.1830414470926067,0.41758995409945004
2026-05-22,0.0,0.1858508640368638,0.18497936443735705,0.41611633263466896
2026-05-26,0.0,0.18173034723809045,0.18076794467517243,0.4167831824240147
2026-05-27,0.0,0.1821334398065821,0.1812878894712322,0.4143851857770819
2026-05-28,0.0,0.17594738376913632,0.17505646871381414,0.4143219738263214
2026-05-29,0.0,0.17802073292999934,0.17512253098144157,0.41150803667905267
2026-06-01,0.0,0.19565909331039488,0.19333155736907015,0.4115002140218913
2026-06-02,0.0,0.14182511011914656,0.1397849536027473,0.4092618935149145
2026-06-03,0.0,0.22330640235535762,0.22253614412520817,0.4124890604630142
2026-06-04,1.0,0.16683541333261642,0.16594642807658389,0.4040007222654572
2026-06-05,0.0,0.23737171033537902,0.23725570367648596,0.43745074890545255
2026-06-08,0.0,0.21171941417464707,0.21180335936706357,0.4350892946931756
2026-06-09,0.0,0.28239253013234544,0.2830022546749476,0.43520146776364066
2026-06-10,0.0,0.29199388467900284,0.2923212111787695,0.44457228828959133
2026-06-11,0.0,0.26822927273544306,0.2692586914060434,0.4546654942592614
2026-06-12,0.0,0.2050249851522959,0.20581286640965224,0.4534663706863686
2026-06-15,0.0,0.1365398526246163,0.1357565672775519,0.4569415182691817
2026-06-16,0.0,0.1674992007005612,0.16814682636913672,0.45828866636042365
2026-06-17,0.0,0.22606738677251004,0.2271904613505509,0.46186525649858157
2026-06-18,0.0,0.2078668056475707,0.2076826815049067,0.46190113930059673
2026-06-22,0.0,0.23309472463382447,0.23351328414900266,0.4623747185108096
2026-06-23,0.0,0.2885776612100476,0.2899321843140952,0.4681528309204831
2026-06-24,0.0,0.30206096516974795,0.30354780505700585,0.466660347765426
2026-06-25,0.0,0.28014357847869675,0.28172190387379875,0.4666428979717579
2026-06-26,0.0,0.26849448124228725,0.2689287872387473,0.46515380337844425
2026-06-29,0.0,0.2301561360981222,0.23177900008074373,0.46991956537533613
2026-06-30,0.0,0.20383267850031467,0.20551805945363086,0.47183672969162194
2026-07-01,0.0,0.25685845243403377,0.2587587974556869,0.4717824697551448
2026-07-02,0.0,0.2211015022480363,0.22294884617682448,0.4704119152124642
2026-07-06,0.0,0.2208829546415034,0.22283091407960964,0.4715585001516166
2026-07-07,0.0,0.23597774997400503,0.23737145166291518,0.44906955629728035
2026-07-08,0.0,0.22956296597209513,0.23096222922199552,0.4493251578219086
2026-07-09,0.0,0.2324912889166571,0.2332987677199993,0.45079848613516965
2026-07-10,0.0,0.17807042474654403,0.17787483489513983,0.43945164526398695
2026-07-13,0.0,0.19499145046234392,0.1953574173136026,0.4327746355638571
2026-07-14,0.0,0.17010693981513295,0.17020647817789164,0.4324039778011851
2026-07-15,0.0,0.1708614575553658,0.170865526866335,0.4217646039204019
2026-07-16,0.0,0.22987284129135402,0.2296546085051481,0.4214696397659034
2026-07-17,0.0,0.27743385852935964,0.2768747178205093,0.4193211544450648
2026-07-20,0.0,0.19300684653945874,0.19273190837693585,0.4137794905948362
2026-07-21,0.0,0.21763637779476658,0.21783988442655824,0.41699854009453163
2026-07-22,0.0,0.19031900635724955,0.19015004096114882,0.40575098248696945
2026-07-23,0.0,0.33343688449017106,0.3329667849395127,0.41405368649837443
2026-07-24,0.0,0.24572269923572998,0.24498374297110403,0.4140433005457356
2026-07-27,0.0,0.2614823471140493,0.2609445046755014,0.4140081010550478
2026-07-28,0.0,0.2690347952786289,0.2685422282143901,0.40728791771777384
2026-07-29,0.0,0.4094552148629695,0.40785909863762754,0.4143797689309203
2026-07-30,0.0,0.2905860941324725,0.29063245460201453,0.42807125433773785
2026-07-31,0.0,0.23691289144840283,0.23737749267117345,0.4302034877220386
2026-08-03,0.0,0.20405834348969068,0.2046280762790277,0.4367833732700742
2026-08-04,0.0,0.1645432870386032,0.1633498725314768,0.4464059198468813
2026-08-05,0.0,0.1760297102607875,0.17606382569500137,0.44608820214823014
2026-08-06,0.0,0.17820424469454865,0.1788129487000031,0.4447771981441845
2026-08-07,0.0,0.19646541613256083,0.19692680432438606,0.4453580268825578
2026-08-10,0.0,0.18653967966367999,0.18694974895974906,0.4422801985726018
2026-08-11,0.0,0.21532511562544632,0.21632513936749218,0.4428784642597716
2026-08-12,0.0,0.18945220686895406,0.18997810302059226,0.4427000205111201
