date,label,kronos_small_256,kronos_small_256_plus_chop,choppiness_fitted
2016-01-04,0.0,0.6151272911156457,0.6133870156707978,0.47953143625951455
2016-01-05,0.0,0.506415455831079,0.5045955046643001,0.4650884639345851
2016-01-06,1.0,0.6787812746682059,0.6767142275327707,0.46829591315803804
2016-01-07,0.0,0.7611613041343942,0.7594828093923627,0.4815116666671912
2016-01-08,0.0,0.7017450711278558,0.7002045532097884,0.48264531841375685
2016-01-11,0.0,0.8426816696910465,0.8417714200819498,0.4822648939900649
2016-01-12,1.0,0.8383368986460324,0.8374354434327408,0.47689824579067724
2016-01-13,0.0,0.810572400983269,0.8094087139162093,0.4898924501424649
2016-01-14,1.0,0.8660186413650147,0.8652401094911113,0.4954721335957428
2016-01-15,0.0,0.7896790516577589,0.788516869265322,0.4948043830687119
2016-01-19,0.0,0.8609688582135587,0.8602638696867881,0.4923858640102499
2016-01-20,0.0,0.7940686545038698,0.7924923711531061,0.48870591126392315
2016-01-21,0.0,0.8580426263605649,0.8571342215734454,0.48721624376672784
2016-01-22,0.0,0.8688867822096435,0.8683061489968814,0.4985490204107744
2016-01-25,0.0,0.893941017753708,0.8934472336969995,0.49502708321218813
2016-01-26,0.0,0.8955227681875794,0.8952239669245708,0.5037555686519015
2016-01-27,0.0,0.9046669362189323,0.9043850970109697,0.504834448212859
2016-01-28,0.0,0.8951686466873631,0.8947673837571306,0.501547801705684
2016-01-29,0.0,0.8600038021243696,0.8596501713046507,0.5212655818659646
2016-02-01,0.0,0.7199068559395311,0.7196208625746021,0.5203485685396975
2016-02-02,0.0,0.759579306505998,0.7591677975470239,0.5226600817826198
2016-02-03,0.0,0.8472753598226375,0.8469763185440495,0.523502674556208
2016-02-04,0.0,0.833087924636084,0.8327789531851408,0.5210423347844048
2016-02-05,0.0,0.7931663724459728,0.7926068243666331,0.5162483146831107
2016-02-08,0.0,0.8231072550866717,0.8224190991206048,0.5179669201109105
2016-02-09,0.0,0.8708857910510093,0.8705267081105067,0.5178338951093768
2016-02-10,0.0,0.9072335483351804,0.9070350599251659,0.5156197600500717
2016-02-11,0.0,0.8515464535376169,0.8507634596171907,0.5051193206737423
2016-02-12,0.0,0.8601218488675665,0.8597227607561984,0.5079131496757736
2016-02-16,0.0,0.8634530495243682,0.8631180344351898,0.5038941534559764
2016-02-17,0.0,0.8480282154566449,0.8477841376829713,0.5100167487148929
2016-02-18,0.0,0.7939382893814876,0.7935706880126354,0.50662577851926
2016-02-19,0.0,0.7654473792918944,0.7648046446808975,0.5063420887837027
2016-02-22,0.0,0.6961582753811556,0.6955728447560866,0.5015203006957575
2016-02-23,0.0,0.6757227520991985,0.6748853051656076,0.49898545190945864
2016-02-24,0.0,0.7163996376799098,0.7153831344910602,0.49469293825017563
2016-02-25,0.0,0.7116978019440882,0.7108296433796076,0.49339836568273426
2016-02-26,0.0,0.6971334041447129,0.6961359884945254,0.4933411443379861
2016-02-29,0.0,0.7368140502582563,0.7354600796543949,0.47906518429845946
2016-03-01,0.0,0.6474636284994725,0.6467808477046497,0.4945481887799417
2016-03-02,0.0,0.6428028584374634,0.6418909606793581,0.48308905291246756
2016-03-03,0.0,0.659739002078184,0.6586891294789738,0.4829101423846064
2016-03-04,0.0,0.6790260325521513,0.6773846735143986,0.4829339584889476
2016-03-07,0.0,0.6988895768166433,0.697352467733387,0.4694468752009111
2016-03-08,0.0,0.6892464309232448,0.6876456753804182,0.46647581864602333
2016-03-09,0.0,0.6007945900658237,0.5989660473610772,0.4659985354132332
2016-03-10,0.0,0.6391810332893626,0.637314776814308,0.46591697458369213
2016-03-11,0.0,0.5271408874848976,0.525286413975823,0.4615464582845648
2016-03-14,0.0,0.5096288805227452,0.507645938027947,0.4550673295393784
2016-03-15,0.0,0.4823919445307782,0.4802982765186321,0.450159425836054
2016-03-16,0.0,0.444038109484381,0.44189425825460577,0.4435307767828832
2016-03-17,0.0,0.48280541397013915,0.480488505277806,0.4418870350289892
2016-03-18,0.0,0.5387160435331488,0.5360327306584114,0.44152098811619406
2016-03-21,0.0,0.4361944710664503,0.4340654772953131,0.43651191194713795
2016-03-22,0.0,0.3770558232658004,0.3747129174152747,0.4270851808413843
2016-03-23,0.0,0.3733683524721327,0.3711683250410211,0.4308111335657744
2016-03-24,0.0,0.42448112380735203,0.42179026478981596,0.4277242217965171
2016-03-28,0.0,0.4070946981603505,0.40403453267624545,0.42711599109917175
2016-03-29,0.0,0.3897844930030525,0.38718729060815305,0.42356493002602114
2016-03-30,0.0,0.4003536157345832,0.3972064633354086,0.4005152781302739
2016-03-31,0.0,0.4133323384188306,0.41010752007649265,0.40120383011099764
2016-04-01,0.0,0.4008743681339579,0.39785602826687694,0.4021970535325734
2016-04-04,0.0,0.39712962735982277,0.3942364291891693,0.40350998851369196
2016-04-05,0.0,0.4829144389355889,0.47974798116030326,0.410707382894017
2016-04-06,0.0,0.36519842648857187,0.3624877913547452,0.4060388539522331
2016-04-07,0.0,0.46106990454326247,0.4579373715549526,0.4153098701399009
2016-04-08,0.0,0.4135944433945924,0.41049980101780625,0.4153297905484849
2016-04-11,0.0,0.3849328907023232,0.38168592248319133,0.40348379784473587
2016-04-12,0.0,0.4094368849949548,0.40637140811732547,0.40762864478951194
2016-04-13,0.0,0.3298017167994745,0.3277797648966108,0.41109496700974485
2016-04-14,0.0,0.3694317902009507,0.3670052692304974,0.41031441242027067
2016-04-15,0.0,0.38607961301247595,0.3832812641220713,0.4090160663521158
2016-04-18,0.0,0.4037357781612001,0.40138777912614043,0.4100157060183445
2016-04-19,0.0,0.3537639690175521,0.35178060957043505,0.41021021649916034
2016-04-20,0.0,0.42237722546037937,0.4204488142061106,0.4099856829174183
2016-04-21,0.0,0.4849562219907497,0.48240982965383405,0.40908997816143744
2016-04-22,0.0,0.43841324308872653,0.43587623527062747,0.4090210304309895
2016-04-25,0.0,0.46963660221489306,0.4668809511568524,0.4095067142991543
2016-04-26,0.0,0.44672467187015014,0.4438281405263306,0.40631313011176634
2016-04-27,0.0,0.46349207697901906,0.4605554982678443,0.4056686262435105
2016-04-28,0.0,0.5371835625429682,0.5342484872212149,0.41048166222814086
2016-04-29,0.0,0.548748263081607,0.5453937489656361,0.4098713066415445
2016-05-02,0.0,0.4720525332834698,0.46931213329297633,0.4123731044631841
2016-05-03,0.0,0.5276208149992027,0.5245708842636964,0.41088228497143914
2016-05-04,0.0,0.5283568209912788,0.524966550413896,0.40697136104158166
2016-05-05,0.0,0.5009167936661231,0.49724123249182023,0.3988501449776635
2016-05-06,0.0,0.5148322231688928,0.5108759422398466,0.3989785639016649
2016-05-09,0.0,0.47705842155950634,0.4734633706375555,0.3984175398288238
2016-05-10,0.0,0.3649418997116082,0.36232421117862323,0.40195848477150237
2016-05-11,0.0,0.4215922966782862,0.4185100470158803,0.4015790233602138
2016-05-12,0.0,0.45556112652803304,0.4523075758899508,0.4015619666767691
2016-05-13,0.0,0.5053715178773498,0.5016181789432258,0.4050709643097649
2016-05-16,0.0,0.4102167984588701,0.4070405996885856,0.40823884552766776
2016-05-17,0.0,0.4697646957674379,0.46660473802535407,0.4111464290083261
2016-05-18,0.0,0.489396105686881,0.48613417490105837,0.411044232833035
2016-05-19,0.0,0.48360524725711573,0.48021762524863776,0.4105499760665345
2016-05-20,0.0,0.39178216197147164,0.38851100081757695,0.4130781682631227
2016-05-23,0.0,0.41636898959735447,0.4130834332718235,0.41310638343527717
2016-05-24,0.0,0.35004709766878256,0.34787977870498704,0.42270222197737767
2016-05-25,0.0,0.30511148913228325,0.30354290087217933,0.42489512956317405
2016-05-26,0.0,0.3189449581420429,0.31708979408062105,0.4208700649022095
2016-05-27,0.0,0.3464911124958585,0.34405548762045524,0.419999885528686
2016-05-31,0.0,0.36331905796862035,0.3615228147996987,0.4176516777843328
2016-06-01,0.0,0.36047869141301625,0.3585301350941239,0.41336920392921955
2016-06-02,0.0,0.32515697050617287,0.3234139108654916,0.4109770921138588
2016-06-03,0.0,0.34527137363837584,0.34317632293973044,0.4117608992952342
2016-06-06,0.0,0.3421225908770667,0.3404922706729497,0.41225734032940514
2016-06-07,0.0,0.296332745489141,0.2949386625865657,0.41224262194641925
2016-06-08,0.0,0.2941422045431979,0.2926480581007286,0.40557564602176016
2016-06-09,0.0,0.3339554258744987,0.3319207738529985,0.39954854671032247
2016-06-10,0.0,0.5647758983900892,0.5617435857861339,0.40544130567192466
2016-06-13,0.0,0.3856887400484632,0.3829437185350504,0.40507409729090504
2016-06-14,0.0,0.38295738539772417,0.3799168625499636,0.4004373760988421
2016-06-15,0.0,0.4065823516752583,0.40311606461358157,0.3948250275825612
2016-06-16,0.0,0.39991352874421743,0.39611276476126894,0.3951951988496527
2016-06-17,0.0,0.4632364593059924,0.45922611929223633,0.39495302554195105
2016-06-20,0.0,0.3178584285683916,0.3151241238772784,0.3948142881429587
2016-06-21,0.0,0.2814968370219004,0.2790304252728574,0.39446569506812357
2016-06-22,0.0,0.2757321795049961,0.27297346715232057,0.38287274599902
2016-06-23,1.0,0.21844179918901924,0.21651070021231908,0.3918104692970671
2016-06-24,0.0,0.6237031889354993,0.6212043441223011,0.45088151059755033
2016-06-27,0.0,0.6694487566229064,0.6670253211969622,0.4588942761591956
2016-06-28,0.0,0.4448283637904109,0.443756314885158,0.4714355392508825
2016-06-29,0.0,0.32024157565559924,0.3200452082896562,0.4811414601770723
2016-06-30,0.0,0.32570681347913133,0.3259395849042834,0.48643422191674207
2016-07-01,0.0,0.2964260072884201,0.29653755540938886,0.4862899066041146
2016-07-05,0.0,0.3617187856994833,0.36145708991576386,0.4868522417643362
2016-07-06,0.0,0.3078924670226354,0.30799109067046326,0.48768841920635253
2016-07-07,0.0,0.285179441377435,0.2855547100529452,0.4873242090425891
2016-07-08,0.0,0.22381465506676715,0.22428733958235003,0.493691177008834
2016-07-11,0.0,0.20298966084645342,0.20325977037776094,0.491199604966564
2016-07-12,0.0,0.1825944235646413,0.18288694291967236,0.489540902673238
2016-07-13,0.0,0.21671448945779492,0.2172473995989109,0.4892515392369637
2016-07-14,0.0,0.20600002441396129,0.20596665486961904,0.4891054366431497
2016-07-15,0.0,0.21106292774416593,0.2106755010358701,0.48934387485356967
2016-07-18,0.0,0.1907598261723928,0.19026768594939358,0.4885141766288519
2016-07-19,0.0,0.19512604078102813,0.19477934776582223,0.48850064955756956
2016-07-20,0.0,0.18764833637516626,0.18732542951148848,0.4886298790831143
2016-07-21,0.0,0.18678328379494866,0.1869899960207707,0.4891379644600105
2016-07-22,0.0,0.19186480455756877,0.19133682476036387,0.48554389663099085
2016-07-25,0.0,0.20328501021185288,0.20222486646354473,0.4377014889328399
2016-07-26,0.0,0.19656149303991025,0.19538621809868764,0.4174990791510272
2016-07-27,0.0,0.18886257043991578,0.18776683166452154,0.4084656434467994
2016-07-28,0.0,0.2055220846227198,0.20431602512373656,0.39680648358289716
2016-07-29,0.0,0.16885089236209957,0.16748438237551955,0.38806981363428467
2016-08-01,0.0,0.2545418344775844,0.25281844310947305,0.38867737261608387
2016-08-02,0.0,0.24671160154949645,0.24527583190820382,0.3881157795118975
2016-08-03,0.0,0.2199467461167225,0.21868559713094982,0.3872715753120483
2016-08-04,0.0,0.21908804311306668,0.2178226978778195,0.38698040977407006
2016-08-05,0.0,0.17316208766765256,0.17133681340954457,0.37588660822076836
2016-08-08,0.0,0.19797107807744452,0.19593077160177544,0.37579275776813054
2016-08-09,0.0,0.19846435180601146,0.1961583602881276,0.37233773368543827
2016-08-10,0.0,0.228363377795465,0.22620564733916937,0.3734547547174012
2016-08-11,0.0,0.21824697196315823,0.21562551269583055,0.3730166004713024
2016-08-12,0.0,0.2187099706629321,0.2157474243915259,0.3729822026501852
2016-08-15,0.0,0.20504528576105752,0.20198116967923593,0.3731406700527196
2016-08-16,0.0,0.20885963648615752,0.20616453663157852,0.375999423562174
2016-08-17,0.0,0.2043765557964964,0.20225316567277318,0.37480388896297034
2016-08-18,0.0,0.16804947142161986,0.16591084142891638,0.3736681166750814
2016-08-19,0.0,0.22004861738253056,0.2178200576592669,0.3723188065049293
2016-08-22,0.0,0.23869709346826928,0.2358221595020827,0.3713480458473376
2016-08-23,0.0,0.192142718823917,0.1892323755965765,0.3715905435781416
2016-08-24,0.0,0.21805495183579843,0.2155078426245371,0.3742740475020596
2016-08-25,0.0,0.23531023804136955,0.23271352333034762,0.374282376312687
2016-08-26,0.0,0.20824662135660066,0.2062239723026236,0.37425602695449683
2016-08-29,0.0,0.20582781496618485,0.20321882845374578,0.376476984988208
2016-08-30,0.0,0.2133555096628814,0.21101941942951802,0.37289124274896623
2016-08-31,0.0,0.21448968239154065,0.21268290684658075,0.37281812395523856
2016-09-01,0.0,0.22118637516588377,0.21938809016859379,0.37282190166785223
2016-09-02,0.0,0.19777969808172238,0.19584997176040456,0.3671929229338109
2016-09-06,0.0,0.2039996534502938,0.20231545837680162,0.36802504119088864
2016-09-07,0.0,0.19117036985880143,0.18949810147221843,0.36802474212685826
2016-09-08,1.0,0.21123631000180607,0.2096147772048856,0.36766167266740263
2016-09-09,0.0,0.4993696548047326,0.4975362670855166,0.4067699298881817
2016-09-12,0.0,0.3487085070961006,0.34766278443192467,0.4191715521954839
2016-09-13,0.0,0.4084706124982781,0.4073105412837695,0.4272734933749761
2016-09-14,0.0,0.34930253671056455,0.3479069612466106,0.4265294718779335
2016-09-15,0.0,0.29921440586217235,0.2980910833970365,0.43150187988099326
2016-09-16,0.0,0.3872018683853875,0.38550015365330637,0.4314316288662108
2016-09-19,0.0,0.32848778401393985,0.3271662291764849,0.4314688957822688
2016-09-20,0.0,0.3059290225357082,0.30465493209528816,0.4315309233853522
2016-09-21,0.0,0.2843114461604076,0.28344129466213913,0.43684319542218236
2016-09-22,0.0,0.2338332418125185,0.23317771111473543,0.43764477583347067
2016-09-23,0.0,0.31955969592010813,0.31858014992101624,0.4388714004674127
2016-09-26,0.0,0.33673581958741805,0.33554349889468066,0.44149336396882555
2016-09-27,0.0,0.2935239970672079,0.2926756728544231,0.44208701231323144
2016-09-28,0.0,0.2416661051808692,0.2412978132364273,0.44316031710956905
2016-09-29,0.0,0.46722588137573257,0.4659395019533771,0.4461078953011187
2016-09-30,0.0,0.24944410547826973,0.24931278541450494,0.4485901112745003
2016-10-03,0.0,0.2594086945709918,0.2588941358617538,0.44822018867821
2016-10-04,0.0,0.2702651965746919,0.26996269566975145,0.44845242284344966
2016-10-05,0.0,0.25371528726709575,0.253585723025104,0.44934778724094177
2016-10-06,0.0,0.28129376559514563,0.28100289032227577,0.4492741592098045
2016-10-07,0.0,0.304438444281509,0.3030758394601594,0.42533865967115736
2016-10-10,0.0,0.24838096945281327,0.24695612512457404,0.41661800440411656
2016-10-11,0.0,0.34935347739167855,0.34739985097337706,0.4133369987342484
2016-10-12,0.0,0.30393110908979937,0.301964178072522,0.41333475435332484
2016-10-13,0.0,0.335747303583729,0.3333892529906209,0.40852431625524444
2016-10-14,0.0,0.2466538703869429,0.24477033150265776,0.4078585847367314
2016-10-17,0.0,0.26915278254706104,0.2670402760222518,0.40828938826590927
2016-10-18,0.0,0.24489781567170157,0.24296375782390645,0.41037678561476576
2016-10-19,0.0,0.24571543173622798,0.24371073626491166,0.40396836020861904
2016-10-20,0.0,0.24269787265387985,0.24075151624914337,0.40108696276476263
2016-10-21,0.0,0.2861483072210958,0.2837751794583438,0.3995896472372255
2016-10-24,0.0,0.2615603762630805,0.25972515430798615,0.3967936768581971
2016-10-25,0.0,0.28488894962318706,0.2827572059838204,0.39493358754122665
2016-10-26,0.0,0.3128775586905959,0.3104897742664897,0.39281106746774164
2016-10-27,0.0,0.39031154507452426,0.3872108317814587,0.3879891920939098
2016-10-28,0.0,0.36881139926197354,0.36592998157255147,0.3828882257996938
2016-10-31,0.0,0.3783131839416453,0.37552601944853803,0.3824972544157344
2016-11-01,0.0,0.4675963067363114,0.46410699872242983,0.38390735967880063
2016-11-02,0.0,0.47350619098400165,0.47011843175363827,0.38381476700174383
2016-11-03,0.0,0.4849439623274262,0.4809853410083704,0.3841170562505617
2016-11-04,0.0,0.42158596908021095,0.4173393106414283,0.3839218231863656
2016-11-07,0.0,0.30892429481288874,0.30707211234991694,0.4147653533605471
2016-11-08,0.0,0.2762483988053818,0.2745171619680844,0.4080219011554067
2016-11-09,0.0,0.25713956898699397,0.25543914615240626,0.4139889210431372
2016-11-10,0.0,0.20702974077879982,0.20561942723114177,0.41333556944215455
2016-11-11,0.0,0.2660965041952826,0.2648409607731558,0.41356083145169203
2016-11-14,0.0,0.38432605186325636,0.38249680382767687,0.412848200109035
2016-11-15,0.0,0.23400610587462684,0.2334504659657809,0.41363662458237493
2016-11-16,0.0,0.2996534014443349,0.29890682884611375,0.4138522892632312
2016-11-17,0.0,0.2625066602321171,0.2618478309072441,0.41429141296961186
2016-11-18,0.0,0.27432347369497634,0.2731843143099225,0.41481113503717454
2016-11-21,0.0,0.24221646268527158,0.24146153905775095,0.4161726487442052
2016-11-22,0.0,0.24630116089087428,0.2458037157333109,0.41495466049911534
2016-11-23,0.0,0.23733985812666072,0.23681530833465822,0.41446422920316023
2016-11-25,0.0,0.26729920095871046,0.2652223511106075,0.41360778780031743
2016-11-28,0.0,0.24920545371294217,0.24928456569218307,0.4148990806815087
2016-11-29,0.0,0.24547887575442712,0.2459358470842854,0.41472566945565975
2016-11-30,0.0,0.37488354666128376,0.3744084278919873,0.41193663180316376
2016-12-01,0.0,0.357961949405544,0.35689035743752645,0.4096977127319282
2016-12-02,0.0,0.28175364033013034,0.2811497291462964,0.40746773132471015
2016-12-05,0.0,0.2284964783738463,0.22826554061785184,0.40702529735698784
2016-12-06,0.0,0.2205296344509531,0.2199452883172266,0.3816669129178176
2016-12-07,0.0,0.14640297106467512,0.14567326457727806,0.3904062862012657
2016-12-08,0.0,0.1272790185854218,0.12659962101179298,0.3846787080816915
2016-12-09,0.0,0.15453354938681532,0.15363980692572657,0.3858326252817677
2016-12-12,0.0,0.17837493773357616,0.17775101094541176,0.38570386935740114
2016-12-13,0.0,0.16966714575262162,0.16868311395984126,0.38661792289245606
2016-12-14,0.0,0.22046243575148614,0.2195810641183243,0.3917437975241005
2016-12-15,0.0,0.17583261975494427,0.17494239222120855,0.3912725124170075
2016-12-16,0.0,0.27291201258184467,0.27096217031582764,0.39153732305837635
2016-12-19,0.0,0.2167981116773336,0.21545622449488872,0.39040327905075695
2016-12-20,0.0,0.17073231858573065,0.1690540146176774,0.38838182207230887
2016-12-21,0.0,0.1914998912389895,0.18955749236894862,0.38945649246869596
2016-12-22,0.0,0.1818208433614841,0.17998561883826192,0.39014209575891245
2016-12-23,0.0,0.19640055872092024,0.1935713647137779,0.38963787869538774
2016-12-27,0.0,0.20016391769544095,0.19689597929274624,0.38663988026639223
2016-12-28,0.0,0.17173542423941238,0.16930916673223614,0.3930137987688742
2016-12-29,0.0,0.1554573264447765,0.1534741854358858,0.3922169861461171
2016-12-30,0.0,0.241577943389536,0.23932974811550078,0.39298519960052675
2017-01-03,0.0,0.15763447439487716,0.15711152574777043,0.3962466233083185
2017-01-04,0.0,0.1526953722153207,0.1522919897650267,0.39619358541661576
2017-01-05,0.0,0.17001125918533128,0.16951949424834267,0.396227912452051
2017-01-06,0.0,0.29139939709456847,0.2894806429597535,0.3867887029620563
2017-01-09,0.0,0.30016695847637637,0.29838701004053664,0.38789189308935673
2017-01-10,0.0,0.24672499587090338,0.24555746153913513,0.385658029145457
2017-01-11,0.0,0.32234556587308655,0.3213879451933292,0.38596681690048523
2017-01-12,0.0,0.271593831721475,0.27095847125071887,0.3833683309714484
2017-01-13,0.0,0.2436194564172568,0.24223082383092712,0.3779815577513371
2017-01-17,0.0,0.2793953842401972,0.2779675240409976,0.3778072112209687
2017-01-18,0.0,0.23993579748415791,0.23847502760610934,0.3776771433593301
2017-01-19,0.0,0.27904833702382204,0.27753051877209606,0.3786091757811002
2017-01-20,0.0,0.24659692641070427,0.24498968355436118,0.3784513627897348
2017-01-23,0.0,0.31134247082591143,0.3097729321806023,0.3785522154299728
2017-01-24,0.0,0.20056027616234542,0.19945425787851817,0.3814757489694208
2017-01-25,0.0,0.1827822275897324,0.18150437523605387,0.38565037493669935
2017-01-26,0.0,0.21432307950204582,0.21326101617667323,0.3856225921345037
2017-01-27,0.0,0.25747125450594743,0.2551174223972094,0.37931234102575223
2017-01-30,0.0,0.3158252015296702,0.314220998326748,0.38295667967612523
2017-01-31,0.0,0.2909470363060442,0.28953673686788156,0.3808586031431151
2017-02-01,0.0,0.2430805331716711,0.24163890394704915,0.3757622351049515
2017-02-02,0.0,0.2751701203818866,0.2738405188887225,0.37314767011694633
2017-02-03,0.0,0.21254698248593573,0.2105326419184598,0.377204918394763
2017-02-06,0.0,0.301371558874964,0.29915326432985523,0.37699917289505935
2017-02-07,0.0,0.2592692551680146,0.2572447842933254,0.3756097441734548
2017-02-08,0.0,0.29165271672184717,0.289921535073244,0.37558422665625485
2017-02-09,0.0,0.22046324710196258,0.2187692977539817,0.37744152999219854
2017-02-10,0.0,0.21315238328258773,0.21173804923485817,0.3772952525714558
2017-02-13,0.0,0.1973071279615093,0.195207631009043,0.37870808623290886
2017-02-14,0.0,0.2109309634061116,0.2089759286754652,0.3777365622790578
2017-02-15,0.0,0.2399197058063427,0.23757751570702068,0.37870202721973784
2017-02-16,0.0,0.2528979600419091,0.2504606173824576,0.37684199572067106
2017-02-17,0.0,0.24556019718909794,0.24336745074059052,0.37662406872318405
2017-02-21,0.0,0.2857818453380011,0.2822750509888444,0.37620407957176694
2017-02-22,0.0,0.23845874069192047,0.23565255504796648,0.37517458556274014
2017-02-23,0.0,0.26476918744787065,0.26184320175278325,0.3714547082480799
2017-02-24,0.0,0.2764321643961052,0.27304763674098914,0.3709811201312967
2017-02-27,0.0,0.3381299146299443,0.3341190586982029,0.37042440055051423
2017-02-28,0.0,0.31561408565954696,0.31181699209878194,0.3661038136438401
2017-03-01,0.0,0.3333411567043093,0.32794854053416156,0.3779602855988166
2017-03-02,0.0,0.3190487956006073,0.31576004274511227,0.38306416309608204
2017-03-03,0.0,0.3508883339651777,0.3467273471537895,0.38308121715127863
2017-03-06,0.0,0.381342821997749,0.37739394543176574,0.38299501621412413
2017-03-07,0.0,0.3056525637281401,0.30256706763501995,0.38350551995125487
2017-03-08,0.0,0.2748915251383137,0.2725828579769952,0.384494845874793
2017-03-09,0.0,0.29444886144960386,0.29232370657489765,0.38448256703899686
2017-03-10,0.0,0.47877010386539925,0.47536053672303064,0.38333191922923443
2017-03-13,0.0,0.3323817693609706,0.3289029397438403,0.38301080924250547
2017-03-14,0.0,0.2787258828169783,0.2754923211103892,0.38312196580729413
2017-03-15,0.0,0.20869422592683906,0.20564448716621736,0.3865621780288214
2017-03-16,0.0,0.18287001602250724,0.1808848082953011,0.3857622946625707
2017-03-17,0.0,0.2558552515044459,0.25221280172843763,0.38587900836519884
2017-03-20,0.0,0.2471476055365454,0.24484421486341673,0.3862777179107414
2017-03-21,0.0,0.33274464388217195,0.3311998597135233,0.39434176699881934
2017-03-22,0.0,0.35154252177117107,0.3504532272637196,0.39463542345019825
2017-03-23,0.0,0.26043629540928265,0.2592691581478156,0.39463381496841826
2017-03-24,0.0,0.310171302887475,0.3080989229977889,0.394409294165797
2017-03-27,0.0,0.3264229213626216,0.32449293491772463,0.3942696605959301
2017-03-28,0.0,0.20802571709146708,0.20654677620136186,0.3975753134927916
2017-03-29,0.0,0.249074692228224,0.24665492687230692,0.3843202552667032
2017-03-30,0.0,0.23088727405210083,0.22833493119450082,0.38303586920139643
2017-03-31,0.0,0.23884455119817985,0.23610038268481012,0.38325778912328556
2017-04-03,0.0,0.3336373583685375,0.33149059358384364,0.38273398478953397
2017-04-04,0.0,0.2942151992569249,0.29205627265727685,0.3822348596482838
2017-04-05,0.0,0.28505128847877187,0.28323940554077826,0.382533063948313
2017-04-06,0.0,0.2674943962695437,0.2656373683958125,0.382802712805834
2017-04-07,0.0,0.2487184361341434,0.24687802971699105,0.3818636788823411
2017-04-10,0.0,0.2935297452618987,0.2908324643871381,0.3819076505970212
2017-04-11,0.0,0.2669179919254144,0.26473246267882883,0.3812564496973096
2017-04-12,0.0,0.2912010440921609,0.28890043434023543,0.37544761218598427
2017-04-13,0.0,0.3725473211900549,0.3696985072621241,0.3783580522961663
2017-04-17,0.0,0.2746946992437117,0.27257860085827484,0.38539070926896835
2017-04-18,0.0,0.3053597917327285,0.3032856316350597,0.38563126273727466
2017-04-19,0.0,0.2689728413155191,0.267085947778246,0.3739695459177604
2017-04-20,0.0,0.2113460344616706,0.2100602914383774,0.37863209735424275
2017-04-21,0.0,0.2754076545207516,0.2739242251402472,0.37934064021444885
2017-04-24,0.0,0.23009846760418315,0.22875716881775435,0.387622350757598
2017-04-25,0.0,0.2232686574282464,0.22207117846673524,0.3893284417949416
2017-04-26,0.0,0.2545973974112744,0.253530872729034,0.3865087548258292
2017-04-27,0.0,0.2758375175248533,0.2747927507591608,0.3864922327175933
2017-04-28,0.0,0.19882851828386075,0.19754207945476449,0.3864638833312322
2017-05-01,0.0,0.24752152073574685,0.2457224385054695,0.38605121119191843
2017-05-02,0.0,0.2449059112547698,0.2437791907751849,0.3857000378327986
2017-05-03,0.0,0.22929851442528465,0.22821314660445172,0.38596875811323267
2017-05-04,0.0,0.26141147398763037,0.2600696056743294,0.3849344989396486
2017-05-05,0.0,0.2241052885291883,0.2228082499927583,0.3856296398556494
2017-05-08,0.0,0.24654809715181783,0.24579038303411482,0.3854633150412254
2017-05-09,0.0,0.19337360190582917,0.1926573851746217,0.3857301859235171
2017-05-10,0.0,0.18015928573280926,0.17949545241287765,0.3853286248309049
2017-05-11,0.0,0.19057318257420502,0.1900901985241857,0.3843815962573615
2017-05-12,0.0,0.18804361416917578,0.18683945998256624,0.37993013446961954
2017-05-15,0.0,0.17794183636182315,0.17707961578743167,0.37639200103214954
2017-05-16,0.0,0.2188880588662756,0.21796977626351932,0.3752243442024787
2017-05-17,0.0,0.4741979396338245,0.4724047011389476,0.400431689170109
2017-05-18,0.0,0.38617713548555754,0.3843639627566561,0.39796570749266597
2017-05-19,0.0,0.22510999069422424,0.22448946558970742,0.3996210781893609
2017-05-22,0.0,0.19220481561276548,0.1911428565324494,0.3943976113811534
2017-05-23,0.0,0.20731996349676496,0.2061596498406559,0.3923795202637003
2017-05-24,0.0,0.22564492765765112,0.22480838133617487,0.392658479366334
2017-05-25,0.0,0.1754826235205161,0.17440452666822456,0.3936928913649053
2017-05-26,0.0,0.22398614126960942,0.22211221367140319,0.39328279177992703
2017-05-30,0.0,0.22972272955500836,0.22838248534002198,0.39341076427699095
2017-05-31,0.0,0.2497846146537276,0.2482591810842691,0.3934362774269876
2017-06-01,0.0,0.17958542869836355,0.1789476137148494,0.3962426192544799
2017-06-02,0.0,0.16411010949664376,0.162953636892011,0.3967036104953932
2017-06-05,0.0,0.21870896444387625,0.21680492827391082,0.39635466256583013
2017-06-06,0.0,0.17742011766248872,0.176709916610753,0.3970812635546291
2017-06-07,0.0,0.19177583286211689,0.1910998242941342,0.39694395652789943
2017-06-08,0.0,0.1797106408459179,0.17914628523527806,0.396948614010309
2017-06-09,0.0,0.22125636831950124,0.22046534400156856,0.3965760068591094
2017-06-12,0.0,0.2631868568891609,0.2622073447890131,0.39644965699443785
2017-06-13,0.0,0.24307433621180785,0.24224273559055656,0.39632264693773983
2017-06-14,0.0,0.18303051977346696,0.1824743025977888,0.3963856652377777
2017-06-15,0.0,0.23654748067485662,0.23521582894768298,0.36795754443672785
2017-06-16,0.0,0.2818899705745886,0.2794366017534924,0.3676032971481999
2017-06-19,0.0,0.19191201036230693,0.18985986325921947,0.36961216532779756
2017-06-20,0.0,0.25926926066505684,0.257523050016949,0.37409348360604566
2017-06-21,0.0,0.28005374530845095,0.2785011764704873,0.3741859450019316
2017-06-22,0.0,0.25804539398445486,0.2564934600658964,0.37401611841163607
2017-06-23,0.0,0.26443122249153667,0.26179147578101253,0.37270390936183
2017-06-26,0.0,0.21682742028350746,0.21507055165699202,0.37270373928348144
2017-06-27,0.0,0.2946453914984077,0.2932525895283906,0.37872819843356503
2017-06-28,0.0,0.2808711183349397,0.2796365164482267,0.38430197438928554
2017-06-29,0.0,0.37358389003564824,0.37248435354104487,0.386017029764975
2017-06-30,0.0,0.2563057487270059,0.25454154161946163,0.3850944605521811
2017-07-03,0.0,0.3316427076669872,0.32836270313878535,0.3854971731590156
2017-07-05,0.0,0.19367139445367945,0.1928659345915412,0.3851009574552605
2017-07-06,0.0,0.31720873196493926,0.31606293788008366,0.3908363168673269
2017-07-07,0.0,0.20035395422183563,0.19957406825706295,0.3938042963122157
2017-07-10,0.0,0.2523981312108987,0.2515821398605264,0.39384290624202795
2017-07-11,0.0,0.24467340272976856,0.24362288372075755,0.3938223691071462
2017-07-12,0.0,0.20162516421570653,0.2006463899282192,0.39592725896538467
2017-07-13,0.0,0.18384248372116513,0.1829556899218575,0.39603355454933975
2017-07-14,0.0,0.19032898606463608,0.18885985175788703,0.3967481555687296
2017-07-17,0.0,0.20462915532527667,0.20339028310332768,0.3967664733518723
2017-07-18,0.0,0.17652396471714143,0.17552618535719697,0.3926838124841307
2017-07-19,0.0,0.1805634315182442,0.17902245432761707,0.39087734231129034
2017-07-20,0.0,0.13969661306384637,0.13866974244932473,0.3908111350839734
2017-07-21,0.0,0.18986425910776644,0.1885774007095919,0.3907968850840693
2017-07-24,0.0,0.224079354975987,0.2226897782722981,0.39096476689639864
2017-07-25,0.0,0.2550390824471971,0.2529090235274012,0.3912806364507098
2017-07-26,0.0,0.1949876151785055,0.19394114010023283,0.38553390443405094
2017-07-27,0.0,0.29220082213820114,0.2906019053193396,0.38110170908460667
2017-07-28,0.0,0.26704540939279514,0.26500566292285793,0.37382102734263
2017-07-31,0.0,0.2709834504390585,0.26944491513045643,0.3740783037065345
2017-08-01,0.0,0.27324027550919633,0.27193187318121814,0.3741140924552393
2017-08-02,0.0,0.27093893376178746,0.26954143236350764,0.3741096218771943
2017-08-03,0.0,0.29004330430862163,0.28831240367542643,0.3639173284065381
2017-08-04,0.0,0.2541646223162799,0.2520084224526521,0.360586191004148
2017-08-07,0.0,0.27098845350322337,0.26899985300238016,0.3606260726181411
2017-08-08,0.0,0.255203504020089,0.2533267074512015,0.36173465470573724
2017-08-09,0.0,0.3008302033676253,0.2989284932504314,0.35612382587345265
2017-08-10,0.0,0.44424393620651836,0.4426613131970168,0.3789627792054693
2017-08-11,0.0,0.33478283138614934,0.332596061312262,0.37709682056976995
2017-08-14,0.0,0.3043445756400437,0.3027248840996518,0.38529592849159805
2017-08-15,0.0,0.22874195927209146,0.2272084295107732,0.3853070599470002
2017-08-16,0.0,0.20851440474010724,0.20701604388648248,0.38328070598391595
2017-08-17,0.0,0.3560363437306928,0.35407924377796735,0.39840396299805997
2017-08-18,0.0,0.34507603484181265,0.34297544555095005,0.3984385031448937
2017-08-21,0.0,0.2718653755379531,0.2703308326330689,0.3986916810889096
2017-08-22,0.0,0.2644818400290025,0.26313568620920214,0.40448649157184036
2017-08-23,0.0,0.2509551712028267,0.24964983246008993,0.40490904848408543
2017-08-24,0.0,0.24686509367508502,0.24541646011967452,0.40501076458661966
2017-08-25,0.0,0.21240908977476042,0.21059218780427544,0.4052842736102335
2017-08-28,0.0,0.2518961949647125,0.2503067778120324,0.4053413556854594
2017-08-29,0.0,0.24378373975844647,0.24234859575664475,0.40494792980776967
2017-08-30,0.0,0.24840534868703562,0.2468559057933982,0.40633722936832695
2017-08-31,0.0,0.21961982238625843,0.21874403570928388,0.4080194389139771
2017-09-01,0.0,0.24527383302586647,0.24382617606049772,0.4080387948561438
2017-09-05,0.0,0.28695757225970886,0.28604061334052006,0.4107035964055599
2017-09-06,0.0,0.30064141338776273,0.29963964992610237,0.41108761988714276
2017-09-07,0.0,0.29941904970334343,0.2984866493396783,0.41108558282786006
2017-09-08,0.0,0.2879638391181806,0.2863775216053479,0.39930922716747674
2017-09-11,0.0,0.27822498875095725,0.27714383989792657,0.4051956585345928
2017-09-12,0.0,0.26003855373776447,0.25912030963022753,0.40068071088602425
2017-09-13,0.0,0.2575693438367782,0.2567804643118418,0.400601452792369
2017-09-14,0.0,0.2602449055502615,0.2593608285756586,0.40074200340335797
2017-09-15,0.0,0.32332415810193216,0.32102401639556044,0.38273504217909987
2017-09-18,0.0,0.24388047807511917,0.2424755477650471,0.38185925359030093
2017-09-19,0.0,0.26881425054317126,0.26760803234582786,0.38186305345292565
2017-09-20,0.0,0.2525825044553005,0.2513925265869693,0.3757845750891656
2017-09-21,0.0,0.2245709929592216,0.2231095757597259,0.3754669386973516
2017-09-22,0.0,0.24751064843578552,0.24569686846955632,0.37452097714195964
2017-09-25,0.0,0.30419857783826726,0.302489358680699,0.3755457367237865
2017-09-26,0.0,0.23659806808527498,0.2352474545096704,0.37560487330558007
2017-09-27,0.0,0.22862076919708293,0.227556770380577,0.37635389016067744
2017-09-28,0.0,0.24727939143897357,0.2460245107759489,0.37529215474879485
2017-09-29,0.0,0.21635989318749027,0.21507528387715888,0.37393994129547165
2017-10-02,0.0,0.22613408935348228,0.2250894455341133,0.3746026804744115
2017-10-03,0.0,0.2604492284630788,0.25898821538663036,0.3669354395210431
2017-10-04,0.0,0.23063253886900545,0.229196097564561,0.3666512269570343
2017-10-05,0.0,0.17495331400811878,0.173421555101192,0.36807857130014265
2017-10-06,0.0,0.2280947813898835,0.2263050785859612,0.36781210057078634
2017-10-09,0.0,0.24238322878730606,0.2391968367863152,0.35842032341026453
2017-10-10,0.0,0.21533127709829947,0.21280107882751212,0.35790655345413863
2017-10-11,0.0,0.2186969410468872,0.2168187141267139,0.35795977696657066
2017-10-12,0.0,0.2352201500762152,0.23374922496638742,0.3583760457885517
2017-10-13,0.0,0.21628897274230785,0.21492083313120325,0.35829751308159835
2017-10-16,0.0,0.2293152468348453,0.22753554223556605,0.3583428157041384
2017-10-17,0.0,0.18979542242916594,0.18819892749624909,0.3583628989959602
2017-10-18,0.0,0.19033339617986444,0.18862144487675842,0.3583520242758217
2017-10-19,0.0,0.18172314355285282,0.18000823635153065,0.35587832401924535
2017-10-20,0.0,0.15176765054706914,0.15016682554003916,0.357935789228585
2017-10-23,0.0,0.23949881989336547,0.23814689669701147,0.3600999580423834
2017-10-24,0.0,0.19354850068751264,0.1923692794949354,0.35987473598171765
2017-10-25,0.0,0.26216702059913594,0.2607072890350115,0.3632028522731338
2017-10-26,0.0,0.2220319106361234,0.22075077723704573,0.36320673204512394
2017-10-27,0.0,0.1731868216941983,0.17167015311166453,0.3679169469126106
2017-10-30,0.0,0.24446820325688845,0.24329672365029728,0.3689480094512236
2017-10-31,0.0,0.3163587854732464,0.31478108309347025,0.36876702992515037
2017-11-01,0.0,0.3342689620843944,0.3322784945360832,0.3688106797747152
2017-11-02,0.0,0.3122369775470681,0.31020997110652615,0.36619748131968005
2017-11-03,0.0,0.2630223351505149,0.2610486460345602,0.3665305115488473
2017-11-06,0.0,0.23705105234803764,0.23521588461121276,0.3657816561607035
2017-11-07,0.0,0.3261719287115325,0.3244177098991544,0.36565671748889184
2017-11-08,0.0,0.29153677568317915,0.2900442039513901,0.3655878501670778
2017-11-09,0.0,0.27196449347320656,0.27069476279708177,0.36716075105358026
2017-11-10,0.0,0.29393751742816365,0.2926486779274597,0.3674001062410192
2017-11-13,0.0,0.32583643769105824,0.3246891300556232,0.36726569947711996
2017-11-14,0.0,0.2580538007330454,0.25723874487401965,0.3680778330967341
2017-11-15,0.0,0.35203915644639483,0.35097966748274434,0.37140248725094277
2017-11-16,0.0,0.22616979680841856,0.2248069486571882,0.37714245634786003
2017-11-17,0.0,0.26885326828614475,0.26770704684183827,0.3758266050712301
2017-11-20,0.0,0.28203118451088366,0.28067893578136777,0.3743604986096873
2017-11-21,0.0,0.20940580745600684,0.20787633081155557,0.37750066701391394
2017-11-22,0.0,0.2520077700336565,0.2500653309811219,0.3751811572185586
2017-11-24,0.0,0.2791094657642647,0.2757545052010988,0.3753023115411985
2017-11-27,0.0,0.23803663742539752,0.2356665426366326,0.37013179526441486
2017-11-28,0.0,0.171193156789926,0.17001413673852064,0.37646746182045016
2017-11-29,0.0,0.24288231760285162,0.24101415903792192,0.3766342712256399
2017-11-30,0.0,0.1640601670865994,0.16209739631705342,0.3807547045943567
2017-12-01,0.0,0.18567468175567647,0.18439210733612182,0.3815223265903736
2017-12-04,0.0,0.22299826718842244,0.22067836896272308,0.3815729107145532
2017-12-05,0.0,0.22659234450824758,0.22583609283349895,0.3832149452133047
2017-12-06,0.0,0.2698215725333298,0.26939962732614176,0.3832046008515321
2017-12-07,0.0,0.1456833956920586,0.14489300109365805,0.383523972675879
2017-12-08,0.0,0.14110551533423896,0.139863494806788,0.38326455680244303
2017-12-11,0.0,0.13367269002571697,0.13242763852469205,0.3831152542548304
2017-12-12,0.0,0.14153726626506752,0.14019941479582682,0.3830944188289741
2017-12-13,0.0,0.16341714009506042,0.16228258636009946,0.3822528962463878
2017-12-14,0.0,0.16525688706147337,0.16421829411476888,0.38076901752532816
2017-12-15,0.0,0.32386225603802177,0.32003107710873585,0.38162126396967916
2017-12-18,0.0,0.19441932338932005,0.1923143355659554,0.38091673699081735
2017-12-19,0.0,0.17943722111554097,0.17800762369398532,0.3830289451851348
2017-12-20,0.0,0.14432070811356162,0.142701678169632,0.38171685571251274
2017-12-21,0.0,0.16118492319116942,0.15989431299551463,0.38129258448843373
2017-12-22,0.0,0.24910875247706782,0.24503616824646787,0.38161287501255714
2017-12-26,0.0,0.21590581239363238,0.21216085169657975,0.3818513595675239
2017-12-27,0.0,0.33537034351641937,0.3293657794134322,0.37575969730437014
2017-12-28,0.0,0.2819430680894515,0.27665173140678917,0.37561267350420624
2017-12-29,0.0,0.31489478276093025,0.31062887273814765,0.3739842581452788
2018-01-02,0.0,0.11737291492539337,0.11647266522182813,0.37831042218890065
2018-01-03,0.0,0.09940843177502012,0.0984615095889926,0.38012606785839015
2018-01-04,0.0,0.11239787747122813,0.11109750033283632,0.378286114961526
2018-01-05,0.0,0.13998520157882635,0.13831168537302263,0.3800684120438992
2018-01-08,0.0,0.18395154215488135,0.18154367256358156,0.3800273048375062
2018-01-09,0.0,0.20392151271083825,0.2010405521768721,0.3790313329576121
2018-01-10,0.0,0.1890077757262393,0.18700823459230956,0.3795320760925169
2018-01-11,0.0,0.1439793356200001,0.14199406370492923,0.3817486192782158
2018-01-12,0.0,0.18235665443734198,0.17970390418987253,0.3829226997152109
2018-01-16,0.0,0.26795982305219024,0.2636143730339968,0.38240733001795435
2018-01-17,0.0,0.1380851157657796,0.13569595123455117,0.38287737829869467
2018-01-18,0.0,0.14057476560606255,0.13853392608849888,0.38317573020284834
2018-01-19,0.0,0.18807628203759774,0.18466089371549996,0.38128560139006246
2018-01-22,0.0,0.21831659969225883,0.21450185169421232,0.3827357949852729
2018-01-23,0.0,0.20495679683711507,0.201438995724167,0.382714570949682
2018-01-24,0.0,0.20212478241893211,0.19899604075441296,0.3827668420366047
2018-01-25,0.0,0.17641817562193654,0.17358968445899028,0.3819710046853729
2018-01-26,0.0,0.20848799265585444,0.2049318586259361,0.38718801907747136
2018-01-29,0.0,0.23477800966625817,0.23081036933401272,0.3938068657483095
2018-01-30,0.0,0.25051707322474187,0.24821199596964266,0.4014621132490829
2018-01-31,0.0,0.3201326933699949,0.3163833655398075,0.39974398525969423
2018-02-01,1.0,0.18695987457674798,0.18497531734209663,0.3991408441918511
2018-02-02,1.0,0.40228132059201616,0.40080675381627656,0.4249432423797197
2018-02-05,0.0,0.7333174680346145,0.7326893995045498,0.481152574106224
2018-02-06,0.0,0.5340249847951922,0.5350320819405374,0.4908800552936286
2018-02-07,1.0,0.48256834694323625,0.48397192988571214,0.4911595220137159
2018-02-08,0.0,0.681779918878701,0.6826635206004651,0.5227454650647574
2018-02-09,0.0,0.5901276006034053,0.5918639106453936,0.5277345941567648
2018-02-12,0.0,0.3623360135833383,0.3650926811898998,0.531824171128468
2018-02-13,0.0,0.361792680778366,0.3643313858276411,0.5322745857743034
2018-02-14,0.0,0.30003897156079684,0.3026286233075277,0.5345943074011799
2018-02-15,0.0,0.2435668523754084,0.2463135152418573,0.538520464474819
2018-02-16,0.0,0.23645529297341472,0.2393136671106164,0.5379092405227478
2018-02-20,0.0,0.30030923590394926,0.3040995696457103,0.5362681426417477
2018-02-21,0.0,0.325174043883461,0.3290202657200036,0.536099658860911
2018-02-22,0.0,0.3173030264122875,0.32115005740043023,0.536267317677632
2018-02-23,0.0,0.21641383485980015,0.21891501315246276,0.5429612370990291
2018-02-26,0.0,0.23879066132988372,0.2408483666229263,0.5429143991226663
2018-02-27,0.0,0.34361008194078874,0.34753518885874707,0.5449153928751399
2018-02-28,0.0,0.6132771450287947,0.6160130604867718,0.5449901791389393
2018-03-01,0.0,0.6645959433609304,0.6665426674438462,0.5474024065516088
2018-03-02,0.0,0.4627582371870311,0.4660283111379003,0.548471745529021
2018-03-05,0.0,0.32869501040673194,0.33229834048046925,0.543610595111865
2018-03-06,0.0,0.2840808945541097,0.2866331236167193,0.5042061434923778
2018-03-07,0.0,0.3125523896658849,0.31492263052504776,0.49731761113864886
2018-03-08,0.0,0.23810445778802009,0.2398048290083522,0.4967262072799423
2018-03-09,0.0,0.19758983071922778,0.19778898016884525,0.4547940766177088
2018-03-12,0.0,0.21720199997418668,0.2173162728707365,0.45093365648531886
2018-03-13,0.0,0.2523692391281849,0.2533079425307096,0.44915565593411705
2018-03-14,0.0,0.2826392100179644,0.2837937020652661,0.4512162123238694
2018-03-15,0.0,0.32000420452268813,0.3210858399999571,0.44598840029387116
2018-03-16,0.0,0.3819682935971358,0.38183627602151543,0.44106983959407076
2018-03-19,0.0,0.5388211747801371,0.5378301216255078,0.44874446432216236
2018-03-20,0.0,0.3524430693864166,0.3525484284308152,0.44763878609775504
2018-03-21,1.0,0.3850081314540178,0.3854632782713159,0.44660405861160335
2018-03-22,1.0,0.5531221621150434,0.5525602933709467,0.46762569048713243
2018-03-23,0.0,0.6176960525521721,0.6162834343854723,0.4687433296331661
2018-03-26,0.0,0.43845493040267103,0.43919807323487947,0.48889157671925454
2018-03-27,0.0,0.6564928551269009,0.656636906555029,0.4921126217273778
2018-03-28,0.0,0.6150133872375642,0.6148209277387136,0.48993040820208933
2018-03-29,1.0,0.47810349985637324,0.47873153861272477,0.4921965338636928
2018-04-02,0.0,0.5189528574093001,0.5195243713434623,0.5028792808466891
2018-04-03,0.0,0.3634533762221332,0.3641150294552289,0.5039996089590913
2018-04-04,0.0,0.2553522453281259,0.2564732261865949,0.5079746151921954
2018-04-05,1.0,0.2802574711067514,0.2813098313060845,0.5096117675565155
2018-04-06,0.0,0.5019147415131658,0.501583134289289,0.518535775716521
2018-04-09,0.0,0.3561567896491307,0.3561377788635265,0.5096025613426411
2018-04-10,0.0,0.2622993059072087,0.263472064634581,0.5186680242001019
2018-04-11,0.0,0.25830665669648534,0.25915090560501214,0.5185191947269407
2018-04-12,0.0,0.24079683259240128,0.24175066511070403,0.5205500950692893
2018-04-13,0.0,0.27490628485800905,0.27568184574313886,0.5205804976575845
2018-04-16,0.0,0.23310930684739103,0.23427632342580176,0.5224685164314673
2018-04-17,0.0,0.23664821138590147,0.23796025067171364,0.5211555040639452
2018-04-18,0.0,0.2335332105618344,0.23507405610921636,0.5211194262777565
2018-04-19,0.0,0.29861839332742496,0.3001374922711974,0.5217783348243932
2018-04-20,0.0,0.327019186350829,0.32763032616663446,0.5081200764642324
2018-04-23,0.0,0.3044404737816258,0.30475951667085094,0.49550167061015205
2018-04-24,0.0,0.38749628234614575,0.3874648902043138,0.48126607553082623
2018-04-25,0.0,0.4120603645976542,0.4114565993980615,0.4722671472595946
2018-04-26,0.0,0.2998365433452409,0.30009700306045395,0.47461462642326363
2018-04-27,0.0,0.31394219304062426,0.3136662232056599,0.46948614073984063
2018-04-30,0.0,0.403000562204368,0.4024131095743372,0.45420144931117284
2018-05-01,0.0,0.38569284333786674,0.3849441974798528,0.4495007262921235
2018-05-02,0.0,0.47633305882883387,0.47491200096366676,0.44695658058418875
2018-05-03,0.0,0.565109887440528,0.5634478399586553,0.4451389936104507
2018-05-04,0.0,0.36393587407518196,0.362432118430647,0.43175521428568064
2018-05-07,0.0,0.35804907420388005,0.35728872296709957,0.4317782063114391
2018-05-08,0.0,0.3569641186731932,0.35574565447496137,0.42044479938130047
2018-05-09,0.0,0.3390103888779741,0.33820092507376637,0.42241395644435853
2018-05-10,0.0,0.2758813602273711,0.2757776652917144,0.4232072963851576
2018-05-11,0.0,0.26729249736065025,0.26627003660229975,0.42243627200377026
2018-05-14,0.0,0.24817597702162716,0.24735157408569214,0.4201983242949327
2018-05-15,0.0,0.306299583060196,0.3051389781900729,0.41793676054366824
2018-05-16,0.0,0.3178442482205211,0.3169143776211797,0.4186345451917998
2018-05-17,0.0,0.26255954784804714,0.26201155583860775,0.41689756486056107
2018-05-18,0.0,0.2674154272554634,0.26660761878198336,0.41322618395876626
2018-05-21,0.0,0.24622528400287422,0.24572644830543208,0.41522755600939376
2018-05-22,0.0,0.2653659282058361,0.2645950709362841,0.4047780683396851
2018-05-23,0.0,0.2889618093394052,0.2879517919015765,0.40490614359914967
2018-05-24,0.0,0.2673178046640286,0.26629434779619576,0.40098362250378966
2018-05-25,0.0,0.2996626028052769,0.2978331899653738,0.401664470985206
2018-05-29,0.0,0.49517287286948647,0.49316154519945354,0.40578380920439144
2018-05-30,0.0,0.2783988260827761,0.27748229783354517,0.4128480649798493
2018-05-31,0.0,0.4847678741716124,0.4825226842415622,0.41256980765862555
2018-06-01,0.0,0.27980303421808905,0.2793364495427148,0.41604454121987433
2018-06-04,0.0,0.27518144432374825,0.27487168079621105,0.4102297385255954
2018-06-05,0.0,0.26675931118039,0.26640783568110926,0.4100602561066076
2018-06-06,0.0,0.19058841137595475,0.1905248116051295,0.4123551755677001
2018-06-07,0.0,0.2760479473887082,0.27614337999133765,0.40923816841339794
2018-06-08,0.0,0.23474147246585192,0.2343057668480046,0.40581995244437075
2018-06-11,0.0,0.27033091709486184,0.27040186346923717,0.4057939050958592
2018-06-12,0.0,0.2687542124109462,0.2688245918934751,0.40582133878811166
2018-06-13,0.0,0.3646168604081242,0.3640926734418061,0.4037575765972066
2018-06-14,0.0,0.2709902828247843,0.27062820138750215,0.40337516558482717
2018-06-15,0.0,0.46686335065817464,0.4649075319672766,0.40341260535897366
2018-06-18,0.0,0.40961495011317534,0.40871344745766286,0.4032112808854729
2018-06-19,0.0,0.46312901034289555,0.4621479372903291,0.4021073300683181
2018-06-20,0.0,0.4019210729947819,0.40128173457374733,0.4013253085543607
2018-06-21,0.0,0.4184981235957805,0.4171481593932819,0.4036509694788068
2018-06-22,0.0,0.428465516422813,0.42610714792372817,0.4034325731125754
2018-06-25,0.0,0.5157886927934506,0.5136544962976816,0.4134951999369235
2018-06-26,0.0,0.4553338832074869,0.4532367583676403,0.4062937906047217
2018-06-27,0.0,0.5832068230845469,0.5810476728253064,0.4016058822899345
2018-06-28,0.0,0.44271839676002006,0.44021770638364965,0.4012352166075439
2018-06-29,0.0,0.32828428415650207,0.32588086685605566,0.3940042565154726
2018-07-02,0.0,0.3793853001171786,0.3768664452167246,0.39325360804559456
2018-07-03,0.0,0.3929575800092979,0.39030187369343844,0.39444236806927585
2018-07-05,0.0,0.30044530354076754,0.29834514506347687,0.3945056235797247
2018-07-06,0.0,0.2944454351665154,0.2921397477853661,0.399392667868943
2018-07-09,0.0,0.2584579467047412,0.25698970256540593,0.4033893929464036
2018-07-10,0.0,0.22781460271855702,0.22673868536292505,0.4039626998741769
2018-07-11,0.0,0.29194411318182706,0.29065793470742185,0.4066000595401225
2018-07-12,0.0,0.20106715401003197,0.19982422513193293,0.40969539093007024
2018-07-13,0.0,0.2340971450853428,0.23254126676739742,0.40949175248669917
2018-07-16,0.0,0.2321926539007368,0.2309563755133464,0.40949336164768285
2018-07-17,0.0,0.2476947973773548,0.24681163158167505,0.4097610330793929
2018-07-18,0.0,0.2334171274648561,0.2328922846335644,0.4086142519026293
2018-07-19,0.0,0.2569153351971907,0.2565161018408342,0.40978611044776564
2018-07-20,0.0,0.2739971230206909,0.2728566728252208,0.407205099036909
2018-07-23,0.0,0.2808296410455463,0.2799721955479627,0.40720277889752565
2018-07-24,0.0,0.20488963027006954,0.20396495685401028,0.394373681423025
2018-07-25,0.0,0.17972366784309138,0.17871105027384976,0.39749379026355075
2018-07-26,0.0,0.28450808572142344,0.283422628169074,0.39165196483410614
2018-07-27,0.0,0.2830951549795177,0.281790668107556,0.39558648932420665
2018-07-30,0.0,0.34682662804789693,0.34577049280987426,0.39896209051597087
2018-07-31,0.0,0.2872148708151421,0.28625122691325705,0.3994836015372243
2018-08-01,0.0,0.2909657393671701,0.29028214888192055,0.3972406325820553
2018-08-02,0.0,0.27801399224897516,0.27721065395968764,0.3949062029449944
2018-08-03,0.0,0.23238533052079577,0.2309234110569059,0.3924076780705787
2018-08-06,0.0,0.2643387763638852,0.262549778391481,0.3889195474548944
2018-08-07,0.0,0.19579754778290284,0.19434713423488878,0.38874017969649677
2018-08-08,0.0,0.2054053179858646,0.20371590569632436,0.3837603982027555
2018-08-09,0.0,0.23065979135673695,0.22902524524532752,0.37989284098647796
2018-08-10,0.0,0.3561482471085746,0.35478347550468603,0.384746012048047
2018-08-13,0.0,0.405664326889525,0.40406195744175255,0.38607440801057924
2018-08-14,0.0,0.26015834864768417,0.2589571026612333,0.38770846205790194
2018-08-15,0.0,0.4677353046637563,0.46548541446555425,0.3917760303887231
2018-08-16,0.0,0.23427729077711543,0.23336607045275162,0.39430467998345203
2018-08-17,0.0,0.1987447910285322,0.19777182919242042,0.39453851725978456
2018-08-20,0.0,0.18527546417237895,0.18386360211070504,0.39463301827695957
2018-08-21,0.0,0.17436167832856586,0.17300328581405214,0.39372606043621
2018-08-22,0.0,0.22256500705320004,0.2206850686883591,0.38883570191944716
2018-08-23,0.0,0.21375530778211888,0.21220675683434206,0.38833129032705893
2018-08-24,0.0,0.20919873450672008,0.20694051911219496,0.38677663887270597
2018-08-27,0.0,0.24072612926583126,0.23822373054259596,0.3860565377393174
2018-08-28,0.0,0.22435970204221548,0.22144827194877395,0.38535809630250206
2018-08-29,0.0,0.25145813895511043,0.24859774677630914,0.38608121725160566
2018-08-30,0.0,0.22383555948440628,0.2212676059409383,0.3878157634995971
2018-08-31,0.0,0.2779093693963031,0.2744477095942203,0.38704216012717263
2018-09-04,0.0,0.2391021360249578,0.2368666514265411,0.3870452961997976
2018-09-05,0.0,0.25247757351929606,0.2507865973769461,0.3875810798757619
2018-09-06,0.0,0.3663298237540518,0.3645074397056624,0.3887335332025283
2018-09-07,0.0,0.3295504668968671,0.3278388917332986,0.3889677849218647
2018-09-10,0.0,0.2796395903520081,0.2778446442871505,0.3848644156974425
2018-09-11,0.0,0.2887509216680281,0.286713640343672,0.3835748060657606
2018-09-12,0.0,0.24000338158658835,0.23831552569169207,0.3813618742200972
2018-09-13,0.0,0.2098768055477921,0.20792871213745176,0.3763352991793163
2018-09-14,0.0,0.17577895051756987,0.17406465847784858,0.37246340909559955
2018-09-17,0.0,0.24195379690922383,0.2401495939128746,0.37576520390716456
2018-09-18,0.0,0.18980221250809795,0.18806594116889053,0.3773747239794585
2018-09-19,0.0,0.17712267333442558,0.17574818732656,0.37725540110010225
2018-09-20,0.0,0.1632523830451074,0.1614783705914476,0.38097549408654047
2018-09-21,0.0,0.32540889932155576,0.3228837638323696,0.3804953486471762
2018-09-24,0.0,0.22420260131125117,0.22296396901106305,0.37999252451377974
2018-09-25,0.0,0.23564540496660874,0.23473696949458456,0.3760031809264068
2018-09-26,0.0,0.23619635252671986,0.23533953725635337,0.3770884350710464
2018-09-27,0.0,0.24699943385878814,0.24580456650983248,0.3749402131451642
2018-09-28,0.0,0.1843843406873351,0.18324521091742454,0.3730427037483501
2018-10-01,0.0,0.19209524563553823,0.190711862791315,0.37406610674323004
2018-10-02,0.0,0.20664507365870777,0.2057440769648907,0.3737282929444137
2018-10-03,0.0,0.21239014826713098,0.21089850801603852,0.37267803612284384
2018-10-04,0.0,0.36829360133425904,0.3674725904857612,0.3778774272923781
2018-10-05,0.0,0.4151284366039387,0.4136082906399274,0.38018642298919797
2018-10-08,0.0,0.4345009543127562,0.43326905899867685,0.37997795250787936
2018-10-09,1.0,0.3619336317701645,0.36080599435725047,0.37899871803643553
2018-10-10,1.0,0.6454417847415183,0.6435842588737557,0.4346284426174741
2018-10-11,0.0,0.7826796486603573,0.780723837903307,0.4452365692448531
2018-10-12,0.0,0.5779984193260794,0.5771713731691576,0.45530185537636025
2018-10-15,0.0,0.5672809348257853,0.5657713298213011,0.45538017720468227
2018-10-16,0.0,0.40892189356876163,0.40874179380193,0.47174973477200693
2018-10-17,0.0,0.39019766115335236,0.3894535253313169,0.4715499617018068
2018-10-18,0.0,0.5207461377022327,0.5192847701646688,0.4730031490893299
2018-10-19,0.0,0.465359004465921,0.464225875418637,0.4730042463387937
2018-10-22,0.0,0.5473721546668092,0.5464258531256316,0.4730579822645087
2018-10-23,1.0,0.6396205710811106,0.6381517674139149,0.4731842433153567
2018-10-24,0.0,0.7732017806647487,0.7719786818163268,0.4944295164549431
2018-10-25,0.0,0.6560834165459621,0.655429982075171,0.5066164403437989
2018-10-26,0.0,0.7846380916381425,0.7837831327359305,0.5106142134170493
2018-10-29,0.0,0.8143675256406139,0.8138715681937385,0.5089564213669201
2018-10-30,0.0,0.7009159383411853,0.7008399010117358,0.5184935236468187
2018-10-31,0.0,0.660010153022906,0.6598666323117921,0.5231012523102333
2018-11-01,0.0,0.6476885487143068,0.6479332780773385,0.5268765981880278
2018-11-02,0.0,0.5938078659260536,0.5938702936141632,0.5269895286416624
2018-11-05,0.0,0.5012098343856414,0.5017732472334279,0.5284058902141292
2018-11-06,0.0,0.43662580465128037,0.4373475298654759,0.5300254070924109
2018-11-07,0.0,0.29643931008514796,0.29784020810738715,0.5173663464972502
2018-11-08,0.0,0.36398149864437573,0.3647546748427847,0.5061951471352374
2018-11-09,0.0,0.5090630329846826,0.5086702277729878,0.5043132888614323
2018-11-12,0.0,0.5866979350330451,0.5863360217475749,0.513126177173122
2018-11-13,0.0,0.5575763437740346,0.5570858436219912,0.5004527681258619
2018-11-14,0.0,0.7015118258887753,0.7007453563982688,0.5013022437117013
2018-11-15,0.0,0.5694374908108213,0.5690867027217621,0.500445293967075
2018-11-16,0.0,0.571564085246207,0.5712376459190679,0.5006455907214491
2018-11-19,0.0,0.6086047153199537,0.6083098101807481,0.5067751041926107
2018-11-20,0.0,0.8107938180727146,0.810341317263734,0.513296439883843
2018-11-21,0.0,0.6007002055426591,0.5994757959367384,0.49040021916241755
2018-11-23,0.0,0.6466948085212686,0.6448148657145107,0.4807672748153714
2018-11-26,0.0,0.5604703546382729,0.5594191794481692,0.47995683776412046
2018-11-27,0.0,0.5528115972379197,0.5519929820537807,0.4786536836911573
2018-11-28,0.0,0.44371071102397996,0.4436288802101723,0.48642791182061657
2018-11-29,0.0,0.4151188553112421,0.414874238600132,0.4838473284709575
2018-11-30,0.0,0.48493096251016554,0.4842433946009361,0.4826209496394879
2018-12-03,1.0,0.34262070836288694,0.343204219274131,0.4840712011269779
2018-12-04,0.0,0.7121008206250693,0.711508977754408,0.5117047602264072
2018-12-06,1.0,0.7072284330668855,0.7063693707992071,0.5104891277536622
2018-12-07,0.0,0.7073353079020203,0.7064559680249733,0.5081539174492008
2018-12-10,0.0,0.7194525327149128,0.7185923016437402,0.5087395643957477
2018-12-11,0.0,0.6961279535388856,0.6956961394699943,0.5078593746175591
2018-12-12,0.0,0.6485347077989442,0.6480957341502317,0.5011828838902693
2018-12-13,0.0,0.6783716791302385,0.6777652548067741,0.5012121262105609
2018-12-14,1.0,0.6946778799989018,0.6935378461889206,0.5081461786962025
2018-12-17,0.0,0.8347530020339299,0.8340250474317404,0.512004789897659
2018-12-18,0.0,0.8336267386180211,0.8329307859084406,0.5115222253605506
2018-12-19,0.0,0.847903533361921,0.8470579396564613,0.5107508691135944
2018-12-20,1.0,0.738454025345499,0.7368158527609011,0.5091482677363858
2018-12-21,1.0,0.7059837866400038,0.7047222430835318,0.5147861332491922
2018-12-24,0.0,0.559359497669105,0.5586742720425765,0.5261730189783836
2018-12-26,0.0,0.6474396404023415,0.6485636295120177,0.5769110659141414
2018-12-27,0.0,0.8128357239985404,0.8136927866229929,0.5787109717624482
2018-12-28,0.0,0.7905314395271148,0.7912014211114182,0.565494927451307
2018-12-31,0.0,0.7565088558882871,0.7575655648418081,0.568535561631379
2019-01-02,1.0,0.7621567516798748,0.7631090553960002,0.5661959522599024
2019-01-03,0.0,0.8244527738474556,0.8252002965470635,0.5681001388772171
2019-01-04,0.0,0.789743431747112,0.790940066101941,0.5816857911774331
2019-01-07,0.0,0.7151242604913961,0.7168103062449321,0.5833272377767339
2019-01-08,0.0,0.7170180837961827,0.7184055593779249,0.5775217937522183
2019-01-09,0.0,0.6335224171859972,0.6354133174089552,0.5778378646978973
2019-01-10,0.0,0.5922548575776982,0.5938292801224527,0.5783190487697343
2019-01-11,0.0,0.47865602053813366,0.47968573092335515,0.5776567804883789
2019-01-14,0.0,0.6194354290684371,0.6205863471502313,0.5779664587091968
2019-01-15,0.0,0.558686825115442,0.5604826030197181,0.5739217654566772
2019-01-16,0.0,0.5756885079553609,0.576974593836795,0.5652883463837647
2019-01-17,0.0,0.5193106129692385,0.5208732184622571,0.5658882985737966
2019-01-18,0.0,0.525919272835667,0.5273356980632684,0.561882238648203
2019-01-22,0.0,0.5380380770616074,0.5389619543562565,0.5607511941693699
2019-01-23,0.0,0.5289281443259382,0.5298819884072484,0.5489227411928261
2019-01-24,0.0,0.5082092308950688,0.5083795465085661,0.5268022498892809
2019-01-25,0.0,0.5198946656567778,0.5182397073274951,0.47521787339656946
2019-01-28,0.0,0.5640298212328649,0.5625294719619555,0.47832560117728795
2019-01-29,0.0,0.5488967123205257,0.5477170197831743,0.4783823876594993
2019-01-30,0.0,0.4954163013778026,0.4944524177902389,0.482030339308685
2019-01-31,0.0,0.6243014746410923,0.6230406745741977,0.48259247774357145
2019-02-01,0.0,0.44772731811342126,0.4459456960395017,0.4560197338370685
2019-02-04,0.0,0.3720426790488997,0.36939232908001596,0.4204612618281652
2019-02-05,0.0,0.4079540233314707,0.4052831419820253,0.4199811010554337
2019-02-06,0.0,0.379988915550414,0.3775207560309026,0.4194785172824451
2019-02-07,0.0,0.572133884992921,0.5690361627269054,0.4260126466463294
2019-02-08,0.0,0.4545031860980573,0.4512648492296887,0.4258846553797786
2019-02-11,0.0,0.47360408910687546,0.47059621803796786,0.42574219167494287
2019-02-12,0.0,0.39766092150603705,0.3951639385247946,0.427656440821668
2019-02-13,0.0,0.35272016880107004,0.3506731610939478,0.42493094357309386
2019-02-14,0.0,0.42148354702478735,0.4192776386098476,0.4261449770641561
2019-02-15,0.0,0.33713170050772207,0.3355850424029217,0.42808658443939707
2019-02-19,0.0,0.37999651080231356,0.3782579937844353,0.42283763709573013
2019-02-20,0.0,0.3989467931689837,0.3969095299516983,0.40933144629041057
2019-02-21,0.0,0.38647683417063416,0.3841279451932276,0.4113388840525996
2019-02-22,0.0,0.3507225964879225,0.34843754129630133,0.4119772255302226
2019-02-25,0.0,0.4015303034129044,0.39976671305686223,0.4102814265407992
2019-02-26,0.0,0.35134326212578043,0.3495105406291362,0.40500043776072997
2019-02-27,0.0,0.4010313859086031,0.3987550870063008,0.4046123134073997
2019-02-28,0.0,0.47916434266697333,0.47578574255598494,0.39591432087022377
2019-03-01,0.0,0.38547349832779587,0.38308460510469405,0.394644786843829
2019-03-04,0.0,0.4205558560065901,0.41833376283878054,0.3965719656187479
2019-03-05,0.0,0.37279135897561405,0.3704119607816413,0.3951432709516835
2019-03-06,0.0,0.44717530560087637,0.4443674524861698,0.3976886212984708
2019-03-07,0.0,0.5503804079499229,0.5469452538514038,0.40167300885457785
2019-03-08,0.0,0.5218383791814436,0.5177469779815129,0.3962217557978337
2019-03-11,0.0,0.3503857387737839,0.34806460158268604,0.40701872439350206
2019-03-12,0.0,0.3004401193485068,0.29835686346377926,0.40711217041857406
2019-03-13,0.0,0.27704198316597484,0.2753099848520697,0.40138229890783156
2019-03-14,0.0,0.3284523506223235,0.3263576116268157,0.4013970328237898
2019-03-15,0.0,0.3617785585634575,0.3589422940443705,0.4013636887658107
2019-03-18,0.0,0.33868009765478757,0.33658888446504026,0.39609243355707885
2019-03-19,0.0,0.31639223919451614,0.31457954469592136,0.3961560343403021
2019-03-20,0.0,0.37758546320610953,0.3755392619217384,0.39699128037549813
2019-03-21,0.0,0.3149722868427996,0.31364452281580846,0.4014562854157162
2019-03-22,0.0,0.42914302229859286,0.4270988302843697,0.42019867962916657
2019-03-25,0.0,0.41769264584238625,0.4156635979534755,0.42018310934845554
2019-03-26,0.0,0.3362428883806883,0.33472094797530366,0.4223625576687697
2019-03-27,0.0,0.33325230944307227,0.331532627925848,0.4234739901815581
2019-03-28,0.0,0.3145201940605247,0.3126085062051887,0.42345238782551464
2019-03-29,0.0,0.26681705562170727,0.26549395705525214,0.4233606616520779
2019-04-01,0.0,0.24280882454801642,0.24246953252780465,0.4273555402864788
2019-04-02,0.0,0.24035232899632655,0.24006309292756967,0.4271604896827144
2019-04-03,0.0,0.2571493341268988,0.256901413719218,0.42421307610167863
2019-04-04,0.0,0.22881459738872725,0.22837702424038944,0.41937335088473005
2019-04-05,0.0,0.23872901075241926,0.23792690414328987,0.4185581381158998
2019-04-08,0.0,0.2460281546107878,0.24524090265649484,0.41107225079510445
2019-04-09,0.0,0.2908103104654142,0.2895671758791712,0.41414405512553953
2019-04-10,0.0,0.26338905235587307,0.26243043411374745,0.41282768558734867
2019-04-11,0.0,0.2195783116525291,0.21877635640353843,0.41265990795358815
2019-04-12,0.0,0.19444050589839057,0.1937136503646441,0.41337550553166946
2019-04-15,0.0,0.2853279073281306,0.2844868023923183,0.4133131322241405
2019-04-16,0.0,0.24927784578090073,0.24870136209908836,0.4132408331553042
2019-04-17,0.0,0.2501150056217812,0.24971607140156665,0.41297211220629215
2019-04-18,0.0,0.27572642731121927,0.2751452352530624,0.4080320730017418
2019-04-22,0.0,0.2556489950871826,0.2543049531149907,0.3815342028051665
2019-04-23,0.0,0.19322797484945184,0.1922048918449949,0.38432606508228473
2019-04-24,0.0,0.26153805505162614,0.2604138186457568,0.3838204970497425
2019-04-25,0.0,0.2961018381375469,0.2948676056421621,0.38080856839436333
2019-04-26,0.0,0.25397639145148815,0.2526964736911879,0.3811572828071516
2019-04-29,0.0,0.22905870694315258,0.227504290701968,0.3794424164320847
2019-04-30,0.0,0.26298799814960466,0.2612680294393194,0.37059446902866755
2019-05-01,0.0,0.30126006369833586,0.29971707380974194,0.3773837129786325
2019-05-02,0.0,0.3975881601992137,0.39602994421222837,0.37801169032500664
2019-05-03,0.0,0.2538071396525322,0.2521897666771503,0.3839306141997485
2019-05-06,0.0,0.3605319010837563,0.3587579402640707,0.3850738326149223
2019-05-07,0.0,0.4712423958155284,0.46940513718312454,0.40316164069276833
2019-05-08,0.0,0.3668202326094989,0.3649248309660139,0.40122176079266203
2019-05-09,0.0,0.36249847615322683,0.36069395672590276,0.4009521006575693
2019-05-10,1.0,0.4584095977481977,0.45603533936828455,0.4018443215665912
2019-05-13,0.0,0.5668824146657329,0.5646173975406115,0.42623133992004814
2019-05-14,0.0,0.3712035839800813,0.3690692525064305,0.430091821798861
2019-05-15,0.0,0.3204443470208977,0.31846440360494405,0.43201622848533594
2019-05-16,0.0,0.28375605136869686,0.28268233178327246,0.4356944541514535
2019-05-17,0.0,0.3352334906078325,0.33341777533136724,0.43663410796508384
2019-05-20,0.0,0.34909204321147397,0.34739616584901667,0.4378334745594244
2019-05-21,0.0,0.281504852054741,0.28027788921672414,0.43756157647975924
2019-05-22,0.0,0.276251958701775,0.2748335373285987,0.43762920320213256
2019-05-23,0.0,0.4473032382657837,0.4447570264448013,0.4418698789809036
2019-05-24,0.0,0.32283084298517173,0.32101469256509385,0.44060650583902156
2019-05-28,0.0,0.3535589926952159,0.3521580476575008,0.4416958680337287
2019-05-29,0.0,0.4993171647159427,0.496770218192232,0.4419247958760541
2019-05-30,0.0,0.3756097957275507,0.37336391067069724,0.4418201098248929
2019-05-31,0.0,0.5208109279519133,0.5175913833926662,0.44608715462557463
2019-06-03,0.0,0.5247475256329591,0.5222046442062315,0.43978250193081214
2019-06-04,0.0,0.3427736346914191,0.3414137956143856,0.4610261599203157
2019-06-05,0.0,0.3460005426048236,0.3447955152745772,0.45667570422444825
2019-06-06,0.0,0.3532495111270131,0.35212819294798586,0.45829089741790335
2019-06-07,0.0,0.33408972814109406,0.33344884248649465,0.46191743181324973
2019-06-10,0.0,0.3235942705848785,0.3232447648456252,0.46217175798112137
2019-06-11,0.0,0.33952576624530717,0.33834520270039337,0.4399366268749741
2019-06-12,0.0,0.30847524658475645,0.307034677560686,0.4384183048125355
2019-06-13,0.0,0.3167738677440665,0.3152820013955834,0.43783661732624435
2019-06-14,0.0,0.29097483241502897,0.2896038964754075,0.4351463248349236
2019-06-17,0.0,0.2762223118921152,0.2749991051185996,0.43356009021207315
2019-06-18,0.0,0.22519458073826482,0.2245222705412154,0.43426371324142754
2019-06-19,0.0,0.2496883033257865,0.2489759702075687,0.43219802325409806
2019-06-20,0.0,0.16890417238908803,0.16849564818232762,0.4341583009901782
2019-06-21,0.0,0.2921347611285772,0.2909182536099421,0.42634108531504944
2019-06-24,0.0,0.29314416716399144,0.29222771072669934,0.42698639946142003
2019-06-25,0.0,0.30903975184407007,0.30830846476640345,0.42806886764854213
2019-06-26,0.0,0.3504581389119179,0.3495805545866709,0.42492082056147706
2019-06-27,0.0,0.2805800807584341,0.2796652444739866,0.42501266877469235
2019-06-28,0.0,0.2733483685976894,0.2714678216771594,0.41307541432334477
2019-07-01,0.0,0.23402072000811666,0.23305433555012708,0.4118295898753384
2019-07-02,0.0,0.22390412155505823,0.2224775293893856,0.39315756280581515
2019-07-03,0.0,0.21425580555984586,0.2115566334862068,0.3928384679538575
2019-07-05,0.0,0.19826730030050996,0.1955844854220788,0.3934286993061075
2019-07-08,0.0,0.19132851623707361,0.18931471207855707,0.3920567841592196
2019-07-09,0.0,0.21619522599151197,0.21478773512245347,0.3914781094028562
2019-07-10,0.0,0.2050495874169603,0.2041608172145191,0.39171380666349365
2019-07-11,0.0,0.2047593490685515,0.20352822993272873,0.39065187306969945
2019-07-12,0.0,0.18827839852083986,0.1864765645509064,0.3908142289290573
2019-07-15,0.0,0.20540164806499853,0.2033019021522796,0.39012192971271265
2019-07-16,0.0,0.18135144584836996,0.18026170068486003,0.3920511660931398
2019-07-17,0.0,0.24589313357412912,0.24426814507450972,0.39195435289660924
2019-07-18,0.0,0.2377586839987241,0.23656194455991708,0.39212311027329305
2019-07-19,0.0,0.27542283580246874,0.27407409576479036,0.39029636228098996
2019-07-22,0.0,0.2895989134485478,0.28803396761001293,0.3904597259099826
2019-07-23,0.0,0.17645002961299444,0.17536687048167285,0.39247265013363986
2019-07-24,0.0,0.17464302789757363,0.1735225973127521,0.38496532765905717
2019-07-25,0.0,0.17350412835053697,0.17244988795662522,0.3878220698730738
2019-07-26,0.0,0.18499592457347183,0.1837189036135811,0.3898072763570721
2019-07-29,0.0,0.1994037449659593,0.19809563418014853,0.3892508633119213
2019-07-30,0.0,0.23821432645121318,0.23694523205905169,0.3871344883416981
2019-07-31,0.0,0.3858471342307602,0.38328105820040403,0.39542314618763463
2019-08-01,0.0,0.3652455921956038,0.3627861064559654,0.3962275341302025
2019-08-02,1.0,0.39661862696637556,0.3941590260449445,0.39872735248196445
2019-08-05,0.0,0.6603277446384969,0.6578531378134306,0.43665590032323287
2019-08-06,0.0,0.45850813370674354,0.45690197048106757,0.44498292537531553
2019-08-07,0.0,0.4903995953264829,0.4886699857484044,0.4437439042263434
2019-08-08,0.0,0.3146882483576084,0.3145098864523007,0.45792565325871776
2019-08-09,0.0,0.36557467694585477,0.3644926878190465,0.45771422030128744
2019-08-12,0.0,0.4270418120592388,0.42577611877066085,0.4612710342857971
2019-08-13,1.0,0.298658212767478,0.2982752204518709,0.47037229764543054
2019-08-14,0.0,0.4972369920373854,0.496660490128882,0.49184931231603257
2019-08-15,0.0,0.4885402766496657,0.48789982078963484,0.4915148337417071
2019-08-16,0.0,0.40881488760327084,0.40887700783731895,0.49824882078142774
2019-08-19,0.0,0.3307373981758164,0.3314336584361093,0.5024467991724915
2019-08-20,0.0,0.32189897956115154,0.3220927253862266,0.5018452437952936
2019-08-21,0.0,0.2632287461559962,0.26351732619656165,0.5033282192947545
2019-08-22,1.0,0.25971609921238636,0.2598963543619926,0.5029629813493456
2019-08-23,0.0,0.47871542633970415,0.47825992261989636,0.5148832779677757
2019-08-26,0.0,0.3277284032823717,0.3280915696619817,0.5192769137987433
2019-08-27,0.0,0.30916457935513547,0.3094780961232436,0.5192935424563632
2019-08-28,0.0,0.2881583839364495,0.2886366586916006,0.5190765056797099
2019-08-29,0.0,0.2452134673831969,0.2459096154355157,0.5218937962555804
2019-08-30,0.0,0.2596675835937736,0.25997004172998894,0.5207356777110596
2019-09-03,0.0,0.30568184066872395,0.3058275294256597,0.499282747614167
2019-09-04,0.0,0.2384504371988403,0.23890046994428935,0.4980387607149133
2019-09-05,0.0,0.18142575536532274,0.18206205200881334,0.5015953202524125
2019-09-06,0.0,0.25383286586999715,0.2542808969324551,0.49340924178679907
2019-09-09,0.0,0.3391358983578188,0.3396305198114172,0.4918812853561227
2019-09-10,0.0,0.30658383803366746,0.30686901621398976,0.4866593631896506
2019-09-11,0.0,0.2434736666692074,0.24393015289959877,0.4822770013403691
2019-09-12,0.0,0.1792060727604722,0.17917001205085642,0.45042324278178747
2019-09-13,0.0,0.26753196540924434,0.2675501281028549,0.45088106150780677
2019-09-16,0.0,0.321522871822262,0.3211613588926832,0.44662273874869785
2019-09-17,0.0,0.25432548196492766,0.2541706928143441,0.44252209443107476
2019-09-18,0.0,0.28974942442971696,0.28923692309207527,0.43902820254712205
2019-09-19,0.0,0.22510796553816792,0.22472775287901023,0.43738423185391645
2019-09-20,0.0,0.361444014493644,0.3601485510698781,0.43879264476831753
2019-09-23,0.0,0.3052566610787798,0.30350819425412406,0.4027449919421736
2019-09-24,0.0,0.35713108476053695,0.35536717322834815,0.4043518911593188
2019-09-25,0.0,0.31791690262221045,0.31622448307645806,0.40405252392421936
2019-09-26,0.0,0.27510342121124354,0.27345521280852164,0.40376107637178094
2019-09-27,0.0,0.29165205020834234,0.289397836188381,0.3982930753200886
2019-09-30,0.0,0.30768987483337035,0.305616077586902,0.3994037746025922
2019-10-01,0.0,0.3303028242264515,0.3283760450354376,0.4057593002351235
2019-10-02,0.0,0.4943766061288741,0.49137257116218264,0.41597047160927775
2019-10-03,0.0,0.3928942850317828,0.3900435485710234,0.4101044877322934
2019-10-04,0.0,0.3089001794439669,0.3070622465353654,0.4210538549504605
2019-10-07,0.0,0.3036352755093739,0.30170452132256187,0.4217688280956355
2019-10-08,0.0,0.3603456642016191,0.35831847134086603,0.4310359377423389
2019-10-09,0.0,0.2871859992432937,0.28543413213191465,0.4325484714575374
2019-10-10,0.0,0.2607674903385446,0.2594494095628154,0.43428539046749204
2019-10-11,0.0,0.21112629067347932,0.21040970066066428,0.4399089200870061
2019-10-14,0.0,0.2401462628481823,0.23888719647901246,0.43967195351268407
2019-10-15,0.0,0.2350536245336726,0.23453261607439543,0.44343969292398855
2019-10-16,0.0,0.2754587171889506,0.27473168456186553,0.4435544985144845
2019-10-17,0.0,0.258215663996084,0.2576447314862742,0.44388266680361227
2019-10-18,0.0,0.2538932175249039,0.25325163273556445,0.4435607068202203
2019-10-21,0.0,0.23955363101655405,0.2391791274466262,0.4452906295515768
2019-10-22,0.0,0.2531703873788861,0.2529042289076727,0.44293041049427345
2019-10-23,0.0,0.2629677726097971,0.2627263057216821,0.4418953522242012
2019-10-24,0.0,0.23882249292312085,0.23878958051753263,0.4416497757327547
2019-10-25,0.0,0.24391867948556956,0.2433722035345035,0.4405966776261551
2019-10-28,0.0,0.20546158580355348,0.20541197688930632,0.44077398635979825
2019-10-29,0.0,0.2410812795979145,0.24118506577118817,0.43349312597887274
2019-10-30,0.0,0.22021817661454926,0.21979747612132997,0.41531153944237914
2019-10-31,0.0,0.2658365139317373,0.2651888154237396,0.4152667732462678
2019-11-01,0.0,0.1985147135965948,0.19781966887690802,0.41068278135260267
2019-11-04,0.0,0.23224670256258412,0.231430146014593,0.40850181743315794
2019-11-05,0.0,0.3012870035877348,0.30004504890552364,0.3892883260237685
2019-11-06,0.0,0.2765838346289306,0.2753865952544549,0.38684695676369424
2019-11-07,0.0,0.2541569142652424,0.2529871953051094,0.3857599572252197
2019-11-08,0.0,0.2439547159160316,0.2425958835924268,0.37992976924762606
2019-11-11,0.0,0.28305911027423264,0.28142415088786915,0.38027511453114776
2019-11-12,0.0,0.20568524356248252,0.20435970545998466,0.37458648219345836
2019-11-13,0.0,0.2654493405915372,0.2642119824844943,0.37344193547840737
2019-11-14,0.0,0.2643894366762203,0.26275582759492166,0.3733970124135069
2019-11-15,0.0,0.1735809340575664,0.17201972626943568,0.37333491850421324
2019-11-18,0.0,0.21296170620504623,0.21160040284498324,0.3713452403969904
2019-11-19,0.0,0.2310713846199505,0.2296104136122066,0.3689314126980213
2019-11-20,0.0,0.3127182928943599,0.310969898082066,0.37198985230112874
2019-11-21,0.0,0.2861761596794985,0.28466451787594194,0.3729555897811569
2019-11-22,0.0,0.24665083040524852,0.2450380572300325,0.37236709130206547
2019-11-25,0.0,0.23336657614090728,0.23199534075757333,0.3741854212239027
2019-11-26,0.0,0.35865224769739756,0.35577376933692906,0.3736685772385859
2019-11-27,0.0,0.25799962811589283,0.2554504870090747,0.3740091467872356
2019-11-29,0.0,0.2862939655271066,0.28273447214866626,0.3749477729604157
2019-12-02,0.0,0.38746740831090587,0.38504486483854833,0.3772264735542287
2019-12-03,0.0,0.38063546243995233,0.37953179581567276,0.38062005446496255
2019-12-04,0.0,0.23187144090897052,0.23098421751846326,0.3831354766557797
2019-12-05,0.0,0.3016893171365006,0.3009054776967109,0.383191360974498
2019-12-06,0.0,0.19886172290634024,0.19798264489183573,0.38800969449043043
2019-12-09,0.0,0.2669583634550304,0.2662197215979431,0.3889292468785051
2019-12-10,0.0,0.2736531561985355,0.2728262933984007,0.3886569500025168
2019-12-11,0.0,0.23012486306226893,0.22918336803897202,0.38893117050843906
2019-12-12,0.0,0.1767719700576411,0.1753643619044609,0.39280203946919934
2019-12-13,0.0,0.2017479734024148,0.2009831113037915,0.3928752651545633
2019-12-16,0.0,0.19568027889480827,0.19392252850609507,0.3924227522098113
2019-12-17,0.0,0.24443025246374428,0.2423893616197589,0.39243859355067673
2019-12-18,0.0,0.24651920242425626,0.2444655608796581,0.3924037245005731
2019-12-19,0.0,0.19270900210427805,0.19071115460418558,0.3913185347088334
2019-12-20,0.0,0.2607413626593341,0.25861426866736315,0.3912922766891801
2019-12-23,0.0,0.20340728954003887,0.20138357590093728,0.39134872097331197
2019-12-24,0.0,0.18682104414094242,0.18394820239557455,0.38920283228853136
2019-12-26,0.0,0.2135728208277946,0.20974877999159994,0.3900785541539187
2019-12-27,0.0,0.23828026984710096,0.23390522860175683,0.3897159185173644
2019-12-30,0.0,0.14758968852622542,0.1458701263068615,0.3912135976613397
2019-12-31,0.0,0.18037439880317502,0.17805446905883326,0.3839415998900254
2020-01-02,0.0,0.18691047898832616,0.18505018741637566,0.38076240437834585
2020-01-03,0.0,0.22101791677907787,0.2189936423715022,0.38615688245307034
2020-01-06,0.0,0.24151367926114095,0.2394847343179016,0.38631412503196005
2020-01-07,0.0,0.23019304736882207,0.22862965679180858,0.383779980065182
2020-01-08,0.0,0.2328487421101523,0.23073409328782293,0.38282636796532293
2020-01-09,0.0,0.23942341806630107,0.2372221333156561,0.3837084352953231
2020-01-10,0.0,0.36593747052487385,0.36272154610121543,0.385487114791027
2020-01-13,0.0,0.2951558895030163,0.29213602833342883,0.3840848571755791
2020-01-14,0.0,0.27476489042090524,0.2718871550776611,0.38469186473899797
2020-01-15,0.0,0.30997521469964706,0.30689508036934365,0.3823908715100246
2020-01-16,0.0,0.3110165323088654,0.3083696606896509,0.38558928102113027
2020-01-17,0.0,0.283093268810466,0.2790651928184419,0.3853906925072723
2020-01-21,0.0,0.3442764372722615,0.34087205707529716,0.38648852478224427
2020-01-22,0.0,0.31550340632504315,0.31245445832196034,0.3858411496145139
2020-01-23,0.0,0.3242643283094637,0.3212024479294216,0.38581894738593664
2020-01-24,0.0,0.33887887044711645,0.33600065224654935,0.3931105246775806
2020-01-27,0.0,0.4769404038348646,0.4754684231882357,0.4076686059985081
2020-01-28,0.0,0.4117116541742883,0.40960291053699294,0.41263130319648295
2020-01-29,0.0,0.3463274316752427,0.3444670695552088,0.41058953993911873
2020-01-30,0.0,0.4442314852603954,0.44264958692618006,0.41063306906639774
2020-01-31,0.0,0.47651509995662755,0.47492197679440046,0.42296562205208504
2020-02-03,0.0,0.28808948247178345,0.2874401272914908,0.4232432255320397
2020-02-04,0.0,0.26580609820323525,0.2639372816318465,0.4320031717400543
2020-02-05,0.0,0.26928460252295444,0.267490637943767,0.43556529437979474
2020-02-06,0.0,0.28564338790485755,0.2845794482759265,0.43522556678012
2020-02-07,0.0,0.24511538383674034,0.24447293911659398,0.43572896154074187
2020-02-10,0.0,0.22632317133732827,0.2249673361441711,0.4366749658392702
2020-02-11,0.0,0.2443234528420622,0.2430376584468739,0.4353336542768668
2020-02-12,0.0,0.242011467185082,0.23994615500225913,0.43610969586381265
2020-02-13,0.0,0.23566338522317454,0.23486056867387334,0.43647126609598846
2020-02-14,0.0,0.2515398015195951,0.2495363088816794,0.4343580036518752
2020-02-18,0.0,0.2595046447675128,0.2576436194980115,0.434547275305504
2020-02-19,0.0,0.2348865826498543,0.23357813009223855,0.434670170305015
2020-02-20,0.0,0.2989513756604914,0.29796884088832637,0.43556794194264525
2020-02-21,1.0,0.28315078770621266,0.282656370280805,0.44041619491643513
2020-02-24,1.0,0.5857000202830325,0.5849137006430312,0.4754154882179473
2020-02-25,0.0,0.586469771067152,0.5865562735999771,0.4934982954640242
2020-02-26,1.0,0.630288619300534,0.6302348899780242,0.489527171755752
2020-02-27,0.0,0.7834845142317303,0.7828602855352311,0.5303169700359549
2020-02-28,0.0,0.8182759183925671,0.8176739722027772,0.529138565628748
2020-03-02,1.0,0.4696140418655896,0.47182487659077044,0.5743206141322085
2020-03-03,0.0,0.6965354449792851,0.6984313722278346,0.583735961192837
2020-03-04,1.0,0.5030571025801922,0.5073262657701489,0.6115117030407883
2020-03-05,0.0,0.7191414793311269,0.7221196234200231,0.6219642908629042
2020-03-06,1.0,0.7478877891850745,0.7504924708528407,0.6229733312707311
2020-03-09,0.0,0.875195916876302,0.8766826700148697,0.6816556021646998
2020-03-10,1.0,0.8352865408063854,0.8384916258013957,0.7126932956048384
2020-03-11,1.0,0.8183608222423789,0.8216047674922906,0.7266155743371179
2020-03-12,0.0,0.7071873169391819,0.7133018751814776,0.7761137564280045
2020-03-13,1.0,0.8027861340888816,0.8096817211758061,0.8349474323249566
2020-03-16,0.0,0.7930128141625985,0.8013265591898795,0.8757075532013718
2020-03-17,1.0,0.7893781057333166,0.7984758066957055,0.8907467693707251
2020-03-18,0.0,0.8083734087075551,0.8168698175672532,0.893382222952707
2020-03-19,1.0,0.8257043001241869,0.8335226937030564,0.8940545494582802
2020-03-20,1.0,0.7317264361394166,0.7427676642901845,0.8957848516232526
2020-03-23,0.0,0.8050890948624476,0.8138278484097665,0.895488053114003
2020-03-24,0.0,0.885672608468823,0.8924207360406483,0.9187739176779829
2020-03-25,0.0,0.8406646797473523,0.8497853048347819,0.9195243163989075
2020-03-26,1.0,0.8931930339408819,0.9000134199263221,0.9252593564479266
2020-03-27,0.0,0.8712853122656413,0.8791968997460948,0.9265262891660508
2020-03-30,0.0,0.8248722468650238,0.8355405047183917,0.9247218529165074
2020-03-31,1.0,0.8146254768379863,0.8256882006202168,0.9240992080146683
2020-04-01,0.0,0.8854146635505429,0.8923230172385803,0.922140884968349
2020-04-02,0.0,0.8062819868242644,0.8175833267120943,0.9227203908277537
2020-04-03,0.0,0.8348799787204437,0.8446946059151808,0.9226638072465146
2020-04-06,0.0,0.7903781165336485,0.8029448071463708,0.9229692818754816
2020-04-07,0.0,0.8199880202881389,0.8308253478547895,0.918635366120106
2020-04-08,0.0,0.717186004410378,0.7323739800177109,0.9165173566792966
2020-04-09,0.0,0.6718716818427338,0.6866558568874922,0.8959125639026587
2020-04-13,0.0,0.6807162021224703,0.6940349838829845,0.8755070766291873
2020-04-14,1.0,0.49509318552767545,0.5075357173391436,0.8158081798609528
2020-04-15,0.0,0.6838568133879842,0.6938973335917584,0.8060660383101674
2020-04-16,0.0,0.6437856443982877,0.6536537529520264,0.7860495046799506
2020-04-17,0.0,0.5580635738382231,0.5686047256423834,0.7878855480782373
2020-04-20,1.0,0.6818439828570277,0.690472692071253,0.7746439343076691
2020-04-21,0.0,0.7416934320773336,0.74912573754781,0.7753896147915899
2020-04-22,0.0,0.5744833867795399,0.5825804912473551,0.7215120595551517
2020-04-23,0.0,0.6469351329884586,0.6540515015149635,0.7218144559103064
2020-04-24,0.0,0.6020912549281956,0.6079565657998753,0.6911335153406187
2020-04-27,0.0,0.6194161192857599,0.6252442624636249,0.6755494092803325
2020-04-28,0.0,0.6880896871274473,0.6929487889933843,0.6679945191844553
2020-04-29,0.0,0.6371658870765065,0.6427048103837957,0.6675637340644962
2020-04-30,1.0,0.6782545973183768,0.6824422801761795,0.6375362147201342
2020-05-01,0.0,0.647137258590113,0.6514512263353391,0.6506297762691532
2020-05-04,0.0,0.5668282114721435,0.5715534444038082,0.6447084657731363
2020-05-05,0.0,0.6480571679561243,0.6511680946392149,0.5818736908302554
2020-05-06,0.0,0.6327894749590329,0.6356157471453833,0.5833696273571131
2020-05-07,0.0,0.5575280077674061,0.5605703208197622,0.56746909382027
2020-05-08,0.0,0.5329032282762372,0.5356247124523154,0.5686274695702261
2020-05-11,1.0,0.5627073171227892,0.5653255845235066,0.5656375962435036
2020-05-12,0.0,0.6586597825667154,0.6610103800661086,0.5594520993536214
2020-05-13,0.0,0.7775991915896046,0.7788638610233595,0.5558215845884321
2020-05-14,0.0,0.6709888728454423,0.6730239750450309,0.5575453985817805
2020-05-15,0.0,0.636351526485866,0.6374661368958001,0.5438915119210433
2020-05-18,0.0,0.6268119579836686,0.6290755673371082,0.5551457693792403
2020-05-19,0.0,0.5689029128397397,0.5708247541027823,0.5355605392616277
2020-05-20,0.0,0.487769857046193,0.48987818273927863,0.5310090694953822
2020-05-21,0.0,0.5237754511313998,0.5256151711995007,0.533269423305765
2020-05-22,0.0,0.49106935040575944,0.49211520810435483,0.5303670473846757
2020-05-26,0.0,0.5254815700657103,0.5271183683154494,0.52913307306118
2020-05-27,0.0,0.557423188333581,0.559543105511572,0.5311411265058779
2020-05-28,0.0,0.48669358738866647,0.4886409946097694,0.518109399533434
2020-05-29,0.0,0.5416275842664616,0.5422483093048531,0.5153167210301245
2020-06-01,0.0,0.43965920280827325,0.44070997226692105,0.4902707123028869
2020-06-02,0.0,0.4657922637905451,0.46754601204546065,0.4907587889112287
2020-06-03,0.0,0.41562115341953904,0.4175724341157441,0.4925649892119952
2020-06-04,0.0,0.6073938294793907,0.608474792200904,0.49065785339137835
2020-06-05,0.0,0.3706400856083826,0.3719517627512502,0.5016695209256659
2020-06-08,0.0,0.4126485835715367,0.41318162299720795,0.4993151314981282
2020-06-09,0.0,0.45066983538434263,0.45315903396331725,0.5028864422664402
2020-06-10,1.0,0.5942281867458604,0.595493631816617,0.48827337999246434
2020-06-11,0.0,0.7700856997722593,0.7714767835980441,0.5675765017815884
2020-06-12,0.0,0.4753196160080603,0.4784404835049969,0.5680862835723863
2020-06-15,0.0,0.642660368453138,0.6451716801571776,0.56851355403333
2020-06-16,0.0,0.5735379237404152,0.5767293682179255,0.5580936588307773
2020-06-17,0.0,0.4210894606519714,0.42435684857006917,0.5553551473964226
2020-06-18,0.0,0.44112534827884414,0.4436701237350753,0.5517156325742445
2020-06-19,0.0,0.5389778337495905,0.5404214298535134,0.5509256663161187
2020-06-22,0.0,0.46832775804453364,0.4707074856360847,0.5512094009564347
2020-06-23,1.0,0.38600570919905053,0.3886202638812817,0.5493833216770894
2020-06-24,0.0,0.5790230022437959,0.5809700588693214,0.5604766861383566
2020-06-25,1.0,0.47591236793837605,0.4778880895723792,0.5623291007409923
2020-06-26,0.0,0.5530385897619424,0.5545583052356549,0.5731193145081509
2020-06-29,0.0,0.4185322981021668,0.42123843317154736,0.5767848753144947
2020-06-30,0.0,0.3442279368565933,0.3472081733741783,0.579704604798497
2020-07-01,0.0,0.3182248957419111,0.3212462235436851,0.5769493434737717
2020-07-02,0.0,0.3402569394158963,0.3432635448706287,0.5770400934383862
2020-07-06,0.0,0.2825378954419973,0.28577565481607475,0.5692591482770499
2020-07-07,0.0,0.325330073326165,0.32835558637690576,0.5682143054035744
2020-07-08,0.0,0.34278381984235884,0.345878703635124,0.5686890060834247
2020-07-09,0.0,0.34047244798329324,0.34369779209614715,0.5687506289463794
2020-07-10,0.0,0.30507617908818,0.30613419054749,0.4895887967035263
2020-07-13,0.0,0.3399010749230615,0.34135665992769904,0.49036976516455577
2020-07-14,0.0,0.32400563553783585,0.32533202395314936,0.4928411309759014
2020-07-15,0.0,0.2982150351157446,0.2999623198793337,0.48618085202450384
2020-07-16,0.0,0.35782131220483576,0.3590903905610245,0.48612361464611314
2020-07-17,0.0,0.3133105448636757,0.314308373610832,0.48612095157440005
2020-07-20,0.0,0.33319056811148995,0.3348848612360438,0.4855033391710739
2020-07-21,0.0,0.3073323073633226,0.30902360524546924,0.4850336773101628
2020-07-22,0.0,0.3201287340119943,0.32200475357090647,0.48525855558664677
2020-07-23,0.0,0.37800926623849623,0.37895993555791135,0.4674624727578795
2020-07-24,0.0,0.3325994865714286,0.33268904139132127,0.4676777299727057
2020-07-27,0.0,0.3533248344915384,0.35306727198898186,0.44257788136805426
2020-07-28,0.0,0.34321295317087436,0.3429453164035251,0.44109929703485395
2020-07-29,0.0,0.29912979599271194,0.2991373561824568,0.4384404892711009
2020-07-30,0.0,0.35665122313641207,0.3564502743567917,0.4396023975593158
2020-07-31,0.0,0.3213159761280462,0.3213240431909098,0.4405713227739184
2020-08-03,0.0,0.29762149072234984,0.2981173128052268,0.4339154426433673
2020-08-04,0.0,0.2867278560271813,0.2869800080110986,0.4267924535214843
2020-08-05,0.0,0.2830420433284431,0.2834332722253257,0.42621861717077
2020-08-06,0.0,0.2639170525718279,0.264351902228689,0.42364522443290537
2020-08-07,0.0,0.26772395133766086,0.267914276970924,0.4211691262498694
2020-08-10,0.0,0.292076020431182,0.2927393351388871,0.4139179008386854
2020-08-11,0.0,0.307387545134249,0.3077808156732426,0.41375525295898247
2020-08-12,0.0,0.24535241843711328,0.2455272376320456,0.4182577835587557
2020-08-13,0.0,0.237868195834684,0.23774386571385137,0.4175872306235494
2020-08-14,0.0,0.23313431395734693,0.2325157893534573,0.41788166822733613
2020-08-17,0.0,0.2281146867273977,0.22791145837744728,0.41597720193227755
2020-08-18,0.0,0.20946401189213248,0.20923742285223665,0.4159765318757827
2020-08-19,0.0,0.24721711676200064,0.24709548098171621,0.4170623482950518
2020-08-20,0.0,0.2629589625752452,0.2624384404939708,0.40674101580302424
2020-08-21,0.0,0.2330701641267334,0.2323328917687464,0.4025311954627272
2020-08-24,0.0,0.16793310675290654,0.16754664159356636,0.4043056762638883
2020-08-25,0.0,0.19268864318995094,0.19209619253813529,0.39892614236585905
2020-08-26,0.0,0.1526524482314044,0.15214815317462058,0.39674908538043674
2020-08-27,0.0,0.1468663160158846,0.14611611619004797,0.39367560149815395
2020-08-28,0.0,0.15895433801885658,0.15796641455012983,0.3932281331377308
2020-08-31,0.0,0.17009339880257945,0.16935208112817737,0.39418509006995645
2020-09-01,0.0,0.15486678678862348,0.15424048083095032,0.39539710756877566
2020-09-02,1.0,0.1738878491372805,0.17245791958084927,0.40336106994785403
2020-09-03,0.0,0.46271933745403165,0.46355699630866626,0.46244731765631675
2020-09-04,1.0,0.3510720650465383,0.35205585494241265,0.46540533199082407
2020-09-08,0.0,0.47296642223906477,0.4745385100432034,0.4890750252344921
2020-09-09,0.0,0.34167115367397666,0.34325947786087413,0.4978551551185712
2020-09-10,0.0,0.3655807340889042,0.36735319350379203,0.5012688886370771
2020-09-11,0.0,0.3754091645853809,0.37683904389482636,0.5012292563764825
2020-09-14,0.0,0.29865548875603964,0.29989583982558227,0.5054530756515946
2020-09-15,0.0,0.3006846873591982,0.3023972216830735,0.5059185048868524
2020-09-16,0.0,0.33104266812058275,0.3329826970205736,0.506394624652177
2020-09-17,0.0,0.4246157592500524,0.4258508971355981,0.5076740823242585
2020-09-18,0.0,0.5005379207594477,0.5012950048482844,0.5101631730499242
2020-09-21,0.0,0.5081567168641232,0.5087904166223534,0.5122331353806262
2020-09-22,1.0,0.38833502326158603,0.38933900554755735,0.5125095043736201
2020-09-23,0.0,0.40730547333983985,0.4080893939961526,0.5226014792395931
2020-09-24,0.0,0.3525826359848368,0.3536105299606265,0.5193150174422255
2020-09-25,0.0,0.2717182553238648,0.272944503662056,0.5271180484066682
2020-09-28,0.0,0.2602584060420664,0.26181319275396525,0.5328960105984866
2020-09-29,0.0,0.2933562014195123,0.29503902790818315,0.5330431416403989
2020-09-30,0.0,0.2631592171877684,0.2648480087063177,0.5333680306601546
2020-10-01,0.0,0.2737429702084317,0.27550870493359103,0.5276165780559897
2020-10-02,0.0,0.27567727188047414,0.27647342963019944,0.5027050961998742
2020-10-05,0.0,0.23318497730034185,0.23466752860895637,0.5102864526381475
2020-10-06,0.0,0.27911168846391227,0.28049404276995415,0.495331657292158
2020-10-07,0.0,0.21889426607009072,0.22003452079746263,0.492598679711895
2020-10-08,0.0,0.23407526965984954,0.23478609089432778,0.48426775152664175
2020-10-09,0.0,0.17621456265849456,0.17694122156909822,0.48559238092844675
2020-10-12,0.0,0.1850512954131234,0.18554056151235676,0.4881745008663115
2020-10-13,0.0,0.20004338318607873,0.20064648707063948,0.48979115898361586
2020-10-14,0.0,0.21336859642196557,0.2143365060729197,0.4905972638336461
2020-10-15,0.0,0.2715255870194783,0.2723291273020964,0.48801667594150105
2020-10-16,0.0,0.17205576318765134,0.172836635149358,0.48302488278263866
2020-10-19,0.0,0.398559274833512,0.3992563062956007,0.48746442088594294
2020-10-20,0.0,0.31713048756496093,0.3178224613526017,0.48565232103403844
2020-10-21,0.0,0.31044213382701186,0.3104603765694964,0.4654424207897969
2020-10-22,0.0,0.30025091752559546,0.3004720900247388,0.46558890849960083
2020-10-23,0.0,0.26023055663181294,0.2604292583081912,0.4598860748504943
2020-10-26,0.0,0.4040189101407348,0.4036284875282691,0.46650907889356164
2020-10-27,1.0,0.3541812119464104,0.3538616450229446,0.46596066475897496
2020-10-28,0.0,0.4671199833986728,0.4672405149874024,0.49957596211775135
2020-10-29,0.0,0.41440510042895257,0.41435546072339197,0.50295395129126
2020-10-30,0.0,0.36254388755666983,0.36281897137400426,0.5042411039147402
2020-11-02,0.0,0.3444037528659408,0.3449481927347083,0.49943610631844826
2020-11-03,0.0,0.2993224257670985,0.30019017153491817,0.503560094723249
2020-11-04,0.0,0.17182000346849638,0.17291168783550115,0.5081346132793797
2020-11-05,0.0,0.16681306498080856,0.16816285734041933,0.5154451961601451
2020-11-06,0.0,0.2442311666694908,0.24561515161151276,0.5139243677351302
2020-11-09,0.0,0.2152140960085817,0.21568471599813938,0.5107820895077029
2020-11-10,0.0,0.27879493800308386,0.2807588764062191,0.5097374235163943
2020-11-11,0.0,0.19414123055642443,0.19584111661184603,0.509444784054057
2020-11-12,0.0,0.28086847885632504,0.28297067155040845,0.5122905986660831
2020-11-13,0.0,0.1849186897316487,0.18656355746932846,0.5159966937648063
2020-11-16,0.0,0.16080790911112416,0.16197418625153168,0.5097496295174562
2020-11-17,0.0,0.21531454145250017,0.21709175997666333,0.5110342794228501
2020-11-18,0.0,0.28500626468452617,0.28726848147981443,0.5151908392977605
2020-11-19,0.0,0.26381348050763076,0.2660975172633169,0.5150297898765276
2020-11-20,0.0,0.25545022298176834,0.25722984543691507,0.5166737692432697
2020-11-23,0.0,0.2964739850597177,0.29847924569311873,0.5065606451923027
2020-11-24,0.0,0.17453195584712242,0.17545429689120537,0.5098865646140828
2020-11-25,0.0,0.19929823424633,0.20044862267191568,0.46665496273207696
2020-11-27,0.0,0.19129354838288093,0.19093317442796828,0.46533176754345906
2020-11-30,0.0,0.18520870550082366,0.1856012211046424,0.4586438706895515
2020-12-01,0.0,0.138987044779161,0.13947053112820898,0.4581686227395849
2020-12-02,0.0,0.16300515096626159,0.16386991766238734,0.4524956519490825
2020-12-03,0.0,0.1541267233709309,0.15456928564943512,0.44072889668623166
2020-12-04,0.0,0.15695125031655827,0.15710726223797827,0.4310124162422192
2020-12-07,0.0,0.16598332758430495,0.1662888029970174,0.43153253297981714
2020-12-08,0.0,0.15678510702664233,0.15703872360793558,0.42777659178873023
2020-12-09,0.0,0.2119188439056172,0.21215167515213237,0.43151590798529516
2020-12-10,0.0,0.21020733606553949,0.21057555609225032,0.4302911715662032
2020-12-11,0.0,0.25749084606051725,0.2577718837448635,0.42479451307648475
2020-12-14,0.0,0.2531175156488083,0.25337346194122606,0.4193258368550122
2020-12-15,0.0,0.247106986520017,0.24730353549341447,0.4206923267874304
2020-12-16,0.0,0.19673814432728495,0.19597362217298164,0.4190637652366648
2020-12-17,0.0,0.13666288686161043,0.13569131574544355,0.4111187344883778
2020-12-18,0.0,0.2727636618912789,0.2716529600397262,0.4124563254616325
2020-12-21,0.0,0.2518769381308014,0.25188572609104065,0.41030680903417377
2020-12-22,0.0,0.20550226078670206,0.20520517267230753,0.4102596715663929
2020-12-23,0.0,0.20114767569397843,0.20031382972347037,0.3975109553866216
2020-12-24,0.0,0.166801681927208,0.16469508706124647,0.3975666460156017
2020-12-28,0.0,0.16842830054565347,0.1671415045901368,0.4008992123452876
2020-12-29,0.0,0.21317529903346832,0.2116810454218515,0.39955088812490713
2020-12-30,0.0,0.1988633699917276,0.19704183118495505,0.39322173933993176
2020-12-31,0.0,0.1734415199852181,0.1717420557401734,0.39504631101870596
2021-01-04,0.0,0.2133952299224923,0.2130123006139677,0.4089973692710137
2021-01-05,0.0,0.23226131635506075,0.23209925238995874,0.4075819819893728
2021-01-06,0.0,0.1637124700016777,0.1634358065341848,0.4086536184229624
2021-01-07,0.0,0.1272446374161913,0.1273855835338714,0.4181082867869477
2021-01-08,0.0,0.14472401097862148,0.1447579865701724,0.41422255558131127
2021-01-11,0.0,0.21678798205215327,0.21712558599276838,0.41725902482641236
2021-01-12,0.0,0.17559737508983345,0.17555219975465353,0.41689055430288163
2021-01-13,0.0,0.1867103977293862,0.1866901880909769,0.4148780507993275
2021-01-14,0.0,0.22062854908762453,0.22020829095562292,0.41010508778105903
2021-01-15,0.0,0.2835098980687959,0.28292689213497474,0.41366001437874383
2021-01-19,0.0,0.18878109150850028,0.18865750728715788,0.4150820444056418
2021-01-20,0.0,0.15242255953425557,0.15222200696953292,0.42135323618415865
2021-01-21,0.0,0.16349047957251386,0.16367629083850788,0.41984243572495217
2021-01-22,0.0,0.19157344987785294,0.19149084818619608,0.420253084326628
2021-01-25,0.0,0.37579913063651127,0.37363926720032825,0.42026221243030226
2021-01-26,1.0,0.2528994827899546,0.2524426323803068,0.4207670327297219
2021-01-27,0.0,0.5395184369605251,0.5397255403421617,0.44797483879014155
2021-01-28,0.0,0.35735522716493784,0.3579217662240766,0.45079082494262274
2021-01-29,0.0,0.5623507427268444,0.5625129829387492,0.46401469206377627
2021-02-01,0.0,0.29349707965866634,0.2948267609368299,0.4709070887485295
2021-02-02,0.0,0.24142997727577373,0.2424018796999754,0.4683020902156333
2021-02-03,0.0,0.3157166673606548,0.31702713376970765,0.467343237188015
2021-02-04,0.0,0.2712816473509983,0.27218599571388247,0.46954615103231634
2021-02-05,0.0,0.24358076466684772,0.2440052222881318,0.46393067745605704
2021-02-08,0.0,0.2504575628626191,0.25083192034697716,0.4645882671361883
2021-02-09,0.0,0.24651196324287708,0.24670113705278526,0.46272799524687375
2021-02-10,0.0,0.28323985454619055,0.28386049486702225,0.4628008375340697
2021-02-11,0.0,0.32522755165422573,0.32631892691773484,0.4627796848273974
2021-02-12,0.0,0.25728244986828974,0.2575026670538021,0.46212571909652833
2021-02-16,0.0,0.2746034746103404,0.2755030656518307,0.4595051800673852
2021-02-17,0.0,0.31549467601107256,0.31657087163239267,0.45839410082715054
2021-02-18,0.0,0.28460704321517794,0.28553966930266517,0.45399778376640315
2021-02-19,0.0,0.2643045190066167,0.2655019432409618,0.4542364399622178
2021-02-22,0.0,0.3434038874426722,0.34399415881885165,0.4562121493629133
2021-02-23,0.0,0.46615834747392887,0.46600177889631056,0.4558856312359948
2021-02-24,1.0,0.3370898961327311,0.33694787652179836,0.45960692885866433
2021-02-25,0.0,0.6031901828171126,0.6015911990528379,0.45747061549237056
2021-02-26,0.0,0.4536013824214248,0.45319071249035103,0.4556820624707547
2021-03-01,0.0,0.37722005763541155,0.37802779554344024,0.45806771408224456
2021-03-02,0.0,0.431689931382148,0.4317751139124136,0.45460115241168036
2021-03-03,0.0,0.5205175471989475,0.5200003457590971,0.4550134075776909
2021-03-04,0.0,0.5688951289015836,0.5672189777964719,0.46074824790667523
2021-03-05,0.0,0.46858511968002303,0.4676730765735348,0.46958963733335524
2021-03-08,0.0,0.4440224731704455,0.44433237600618686,0.46968925396868194
2021-03-09,0.0,0.39445577101276375,0.3953138773882225,0.47447384749188776
2021-03-10,0.0,0.34256001150608606,0.3430800146400738,0.47566390981823864
2021-03-11,0.0,0.22991351526853876,0.23051087433668685,0.4787966930112325
2021-03-12,0.0,0.3025258422960088,0.30276730543026575,0.4787614622239927
2021-03-15,0.0,0.334998506413102,0.33593647460558945,0.4793062809110796
2021-03-16,0.0,0.3524660620273937,0.3536850505222807,0.479397707745736
2021-03-17,0.0,0.2995871086622901,0.3006877056724487,0.47954040692078953
2021-03-18,0.0,0.36763429299300865,0.36863191624018943,0.48551548158239094
2021-03-19,0.0,0.4145735630527625,0.41489925458276317,0.48541899590538884
2021-03-22,0.0,0.39418600625011896,0.3950143444296289,0.48467990605756
2021-03-23,0.0,0.3799073071073797,0.38123815923138576,0.4866336534821858
2021-03-24,0.0,0.38509418359930986,0.38659418605514756,0.48382881344677
2021-03-25,0.0,0.34723518836925027,0.3480220649917755,0.46574787829296405
2021-03-26,0.0,0.2505614627661565,0.25128757426477344,0.47161111964673796
2021-03-29,0.0,0.31013177436205164,0.3108832022064088,0.4555186864818327
2021-03-30,0.0,0.3004783410782049,0.3006231142059925,0.45321130031014994
2021-03-31,0.0,0.2854351198468257,0.2855558577919842,0.44552433385773055
2021-04-01,0.0,0.23204084632338182,0.23140324678585328,0.4388277730250698
2021-04-05,0.0,0.25738099079323745,0.256456329579744,0.43313972310796417
2021-04-06,0.0,0.27261861091439643,0.2718459789329743,0.43081423839107996
2021-04-07,0.0,0.2719600590566384,0.2710576568807176,0.42539536401372385
2021-04-08,0.0,0.22822953379473657,0.2270272036131445,0.4249782589243318
2021-04-09,0.0,0.25252535041287655,0.25031378082997985,0.4233751235764205
2021-04-12,0.0,0.28260370746884383,0.27980311483130266,0.42358926621441617
2021-04-13,0.0,0.26505873071890723,0.26269969903549856,0.4228124730935256
2021-04-14,0.0,0.24723057086974523,0.2459376799983412,0.4239444035565061
2021-04-15,0.0,0.20379054171918784,0.2021385192315806,0.4274289610990188
2021-04-16,0.0,0.22485823832257723,0.2234544214939612,0.41273421019431317
2021-04-19,0.0,0.2691115182442021,0.26682992856475074,0.41566005550029134
2021-04-20,0.0,0.23863431241017208,0.2375916457772024,0.4192369999585079
2021-04-21,0.0,0.27767131323571387,0.2754560850516404,0.41592503748479576
2021-04-22,0.0,0.2614927878755781,0.26041574057802575,0.41973000914650904
2021-04-23,0.0,0.24713180427055592,0.24538225784400872,0.4223079428316955
2021-04-26,0.0,0.29173046420188825,0.2890634724521422,0.41342119055272714
2021-04-27,0.0,0.28335823527326015,0.2805522853769255,0.41320984015641793
2021-04-28,0.0,0.2991769662447961,0.2961514776565242,0.4120939197528037
2021-04-29,0.0,0.2701391103974716,0.26832770592622046,0.41284239616375124
2021-04-30,0.0,0.25617600016737974,0.2543497551351369,0.4131329622485205
2021-05-03,0.0,0.2898044358771389,0.2875179429713326,0.4045401897531121
2021-05-04,0.0,0.3547457889273083,0.3530207173793449,0.407735138722926
2021-05-05,0.0,0.37575324675152016,0.3736034483402105,0.4077361034819482
2021-05-06,0.0,0.2689057195862776,0.26759566261488765,0.40984506073537097
2021-05-07,0.0,0.26758833824611983,0.2654452542790625,0.40961556653422937
2021-05-10,0.0,0.3085066037477397,0.30751346231344395,0.4162042490420069
2021-05-11,1.0,0.3497980186658703,0.34880267120373865,0.41982623849211254
2021-05-12,0.0,0.4636879524391178,0.46287800836424736,0.4385611221567876
2021-05-13,0.0,0.3285916471497853,0.3277825855892067,0.43961470336100233
2021-05-14,0.0,0.2654628442476718,0.26449254455021004,0.44793076719812985
2021-05-17,0.0,0.2950641991763676,0.2942834714103459,0.4471313069943249
2021-05-18,0.0,0.3440884116650413,0.3439095425283658,0.44810276094386775
2021-05-19,0.0,0.39166741430801677,0.39145196829499745,0.4448741847215121
2021-05-20,0.0,0.2519023366374266,0.25186254825749327,0.446115219848076
2021-05-21,0.0,0.2713422681621438,0.2708072181867789,0.4416229736799051
2021-05-24,0.0,0.2753454460751279,0.27433543313711317,0.4452880592830847
2021-05-25,0.0,0.284697318817122,0.2843131915683593,0.4454713455721524
2021-05-26,0.0,0.22405962097187965,0.2238732268103004,0.44555137903054176
2021-05-27,0.0,0.31764589233909485,0.3162103781518996,0.44389466580394327
2021-05-28,0.0,0.25210765429020116,0.2518486397265616,0.4418610727399205
2021-06-01,0.0,0.2921799403335312,0.2918329581528809,0.44163556390539754
2021-06-02,0.0,0.2952196799752235,0.29477295430678563,0.43975009638704843
2021-06-03,0.0,0.2835748809280808,0.283089944923193,0.44040023701556397
2021-06-04,0.0,0.295432056307473,0.29489320689571136,0.4408262955950115
2021-06-07,0.0,0.3123339999468416,0.3121504645341925,0.43881855983941354
2021-06-08,0.0,0.33098695814847123,0.3306979416278657,0.43421355285550745
2021-06-09,0.0,0.29819068859524694,0.2981187725477011,0.4308161119676283
2021-06-10,0.0,0.2736334754527532,0.2734771157059744,0.4060405651797222
2021-06-11,0.0,0.3069368171329616,0.30534278375010454,0.39998893952029385
2021-06-14,0.0,0.3380754704280924,0.3362165088342688,0.388033046705148
2021-06-15,0.0,0.29565942306784115,0.2939073382548781,0.3877935499538295
2021-06-16,0.0,0.3205668721021628,0.31865947694735536,0.38411588555323023
2021-06-17,0.0,0.3209855226138862,0.318719525367985,0.3830029039918433
2021-06-18,0.0,0.4494488922176928,0.4463431767688355,0.38980204844715227
2021-06-21,0.0,0.32422149291883035,0.32245145191285884,0.4012768045657222
2021-06-22,0.0,0.29958668481318085,0.2980134195267975,0.39737211001370926
2021-06-23,0.0,0.2815468281254017,0.2798485020014498,0.3970854010841918
2021-06-24,0.0,0.26064298179767564,0.2588322905230433,0.39857576303657516
2021-06-25,0.0,0.23748572165344312,0.2353160834573182,0.3989280930291326
2021-06-28,0.0,0.24925028871745591,0.24760240056563457,0.3990300495470861
2021-06-29,0.0,0.2084623033705996,0.20671117917522697,0.3989224222497577
2021-06-30,0.0,0.20618757372735916,0.20489002119311472,0.3989178576967829
2021-07-01,0.0,0.2204027058612365,0.21858443851252493,0.3983920746150656
2021-07-02,0.0,0.22400503765079954,0.22163071861498962,0.39729953556413544
2021-07-06,0.0,0.21978037222491112,0.21845930861812773,0.39772435150629487
2021-07-07,0.0,0.17801217529467292,0.1766498988148896,0.3978440266848859
2021-07-08,0.0,0.25319363047455257,0.2523572018419605,0.4030707069365465
2021-07-09,0.0,0.21080516161871143,0.2087878923253892,0.40791855039076497
2021-07-12,0.0,0.2524202645986493,0.2500704788625003,0.408101001865409
2021-07-13,0.0,0.3024520331455261,0.2997308187427464,0.40942458321415526
2021-07-14,0.0,0.26229227146445677,0.2601667315647599,0.4088016938217736
2021-07-15,0.0,0.2951988741335429,0.2932567398152279,0.40745673642406555
2021-07-16,0.0,0.31984451334303715,0.31880026421145286,0.41152767666571904
2021-07-19,0.0,0.5633425301124635,0.5614479607698633,0.41587133979716173
2021-07-20,0.0,0.40440090371462195,0.40274386439727333,0.4173959405862834
2021-07-21,0.0,0.3139835270555026,0.3120712696417014,0.41902452319525696
2021-07-22,0.0,0.29779873122933953,0.2960241039418718,0.41874613980016867
2021-07-23,0.0,0.23184281706778312,0.23025103647684791,0.4213583573775648
2021-07-26,0.0,0.3032286610056164,0.3022000166705278,0.4212541443932586
2021-07-27,0.0,0.3183030835750347,0.31773517946314267,0.42299308761888205
2021-07-28,0.0,0.26458639072962664,0.2638442496262715,0.42304598383540204
2021-07-29,0.0,0.28437040673176056,0.2839715234637041,0.42341864980917643
2021-07-30,0.0,0.24710664020404974,0.24616685644061506,0.4246236815409902
2021-08-02,0.0,0.27817950849683365,0.27750490159260144,0.42277776309617016
2021-08-03,0.0,0.2676114089752613,0.26688971239193227,0.4250171951801534
2021-08-04,0.0,0.2526184034406252,0.25230082201946263,0.42599845852934964
2021-08-05,0.0,0.24609871350364826,0.24539496988979215,0.4231345511747284
2021-08-06,0.0,0.28465477307766146,0.28355287612759567,0.41822421328043474
2021-08-09,0.0,0.3225469437876926,0.32123645176765875,0.4179785476571599
2021-08-10,0.0,0.31363445209367735,0.3125310937416288,0.41713152089089084
2021-08-11,0.0,0.2849733689410601,0.2838238769584255,0.4171361258825346
2021-08-12,0.0,0.27405682115107804,0.2726367138724937,0.4167469365351417
2021-08-13,0.0,0.3042847607650367,0.3019784742801747,0.4127682889598375
2021-08-16,0.0,0.2664857544921191,0.26394766075429255,0.39448293406003104
2021-08-17,0.0,0.3003444869341844,0.29859332885529605,0.3883426625118695
2021-08-18,0.0,0.29890978515454436,0.29703951754099156,0.39401029568825435
2021-08-19,0.0,0.31238244117024117,0.3107473457380551,0.39389552947986656
2021-08-20,0.0,0.3008500455505984,0.29869323838315703,0.39159000784610903
2021-08-23,0.0,0.317315164599404,0.31470321151401615,0.3955421660843442
2021-08-24,0.0,0.24143127086861113,0.23925357316089688,0.39361771380241434
2021-08-25,0.0,0.27249496704226644,0.2702607434970308,0.39361460225735084
2021-08-26,0.0,0.2788939383451031,0.27618450065684835,0.3957264894843307
2021-08-27,0.0,0.29208010466769196,0.2889969264000891,0.3970750385711954
2021-08-30,0.0,0.2776665012442791,0.274932303641808,0.39690902544185375
2021-08-31,0.0,0.2391642721170353,0.23769002315848373,0.3944240841726959
2021-09-01,0.0,0.20494498612105827,0.20369821339560393,0.3922247421857954
2021-09-02,0.0,0.24475207259693213,0.24300672443757876,0.39089904537022
2021-09-03,0.0,0.26908805188801277,0.2665573318399121,0.3910334367876088
2021-09-07,0.0,0.27132386016493865,0.26925145464031824,0.3920926463074271
2021-09-08,0.0,0.29145013865952835,0.2895067858955338,0.3924286278945364
2021-09-09,0.0,0.26403802353089323,0.2622832024586151,0.39426489925053565
2021-09-10,0.0,0.2959611759178848,0.29418072326070976,0.3973627641345503
2021-09-13,0.0,0.3440300435831775,0.3422968269393549,0.3975222307172795
2021-09-14,0.0,0.31808671191722343,0.3160902989032604,0.39892398274283103
2021-09-15,0.0,0.35102209970434833,0.3491133063416712,0.4002509608906909
2021-09-16,0.0,0.3745920872675624,0.3718897040281733,0.39248448782924406
2021-09-17,0.0,0.48886673377441814,0.48593421532185227,0.39839904357263506
2021-09-20,0.0,0.4616945692721111,0.4596485600219613,0.41003739685983487
2021-09-21,0.0,0.3900277522081701,0.3881885920352772,0.4049594302328529
2021-09-22,0.0,0.3452766323336688,0.34349692676473376,0.4107625659064653
2021-09-23,0.0,0.3233543417680656,0.32160910882821825,0.418610998942931
2021-09-24,0.0,0.3013805351997048,0.29967750093276513,0.4173039433940347
2021-09-27,1.0,0.32625007277717505,0.3245787962814506,0.41334751150695903
2021-09-28,0.0,0.43019291774396123,0.4286197964774583,0.4287768297321456
2021-09-29,0.0,0.3307575236148301,0.32965515571890286,0.4292792828383849
2021-09-30,0.0,0.36986737832378336,0.3688006982154003,0.43310323488304614
2021-10-01,0.0,0.3457757614932735,0.3446444441290772,0.4396719994117172
2021-10-04,0.0,0.3954501063825651,0.3945473099531194,0.443944553249997
2021-10-05,0.0,0.32703528474136695,0.3265181274522359,0.4499821172017218
2021-10-06,0.0,0.3260050258447964,0.3254099518342179,0.45122756781398937
2021-10-07,0.0,0.2596236654225569,0.2593011290942436,0.4541422381949637
2021-10-08,0.0,0.24518948668146026,0.2445269536374118,0.4525139482050206
2021-10-11,0.0,0.31841666743641067,0.3174993557924603,0.4533912837040494
2021-10-12,0.0,0.29920699501460774,0.2983609229862338,0.45268394017121877
2021-10-13,0.0,0.29097983982532694,0.2901996969905517,0.4499838196583459
2021-10-14,0.0,0.249062683231888,0.2485520227209915,0.4610963075759488
2021-10-15,0.0,0.25522318596072685,0.25469562881185026,0.46010292508655004
2021-10-18,0.0,0.2438151223302571,0.2432494064976527,0.4489734052325904
2021-10-19,0.0,0.23445196033292207,0.23356926957842236,0.4499227827204796
2021-10-20,0.0,0.23832079806406958,0.23776482674295635,0.44785170995459267
2021-10-21,0.0,0.24425947569675485,0.24369204689606733,0.44361377259215484
2021-10-22,0.0,0.2637919108292283,0.2632651329631774,0.44378810131307644
2021-10-25,0.0,0.27535105705493973,0.2752605042191986,0.44365323261746203
2021-10-26,0.0,0.27939944159985286,0.2788205356941187,0.42288808544910034
2021-10-27,0.0,0.2582814952069408,0.2579996712511781,0.4253453096622205
2021-10-28,0.0,0.21722822639777165,0.21676261472668626,0.41772245231358957
2021-10-29,0.0,0.2134825093407607,0.21298919762310614,0.4142609253599981
2021-11-01,0.0,0.3344422262703179,0.33302206986162447,0.40018891857128885
2021-11-02,0.0,0.32156195667244253,0.3200034419608332,0.39709199979836385
2021-11-03,0.0,0.278581854125125,0.2768876706496221,0.39768133609562883
2021-11-04,0.0,0.25601392664384776,0.25431327976287194,0.396134616682536
2021-11-05,0.0,0.2610435431724972,0.259028272217705,0.39446085737502035
2021-11-08,0.0,0.2617448447595781,0.26011162055461645,0.3875808426111705
2021-11-09,0.0,0.2944511562756009,0.2930889782185263,0.3886066035931483
2021-11-10,0.0,0.32305566259394647,0.32205318380383263,0.397509035107239
2021-11-11,0.0,0.32066401760244234,0.31911409120185846,0.38393210230156755
2021-11-12,0.0,0.2553912851386827,0.2530372618843955,0.38375135256392984
2021-11-15,0.0,0.29197285215795343,0.289738094363892,0.3840365400301863
2021-11-16,0.0,0.2506926195461638,0.24875940384695444,0.3821017351501475
2021-11-17,0.0,0.21895989212717495,0.21715031539306276,0.38335151548473495
2021-11-18,0.0,0.2491687375221299,0.24749188946395675,0.38344177981156785
2021-11-19,0.0,0.29092857876459555,0.28928547537054833,0.3835866423693617
2021-11-22,0.0,0.3429257259732382,0.3413607997629179,0.3844190135236388
2021-11-23,0.0,0.3328804446887085,0.33162709898885423,0.3844074408106681
2021-11-24,1.0,0.3045758556989968,0.3022855976519072,0.38120168780028507
2021-11-26,0.0,0.4075761662872495,0.4056572737614866,0.41089391610206577
2021-11-29,0.0,0.3068027471179719,0.30593326043946084,0.4190600589701317
2021-11-30,0.0,0.4916527290504403,0.4898309889340575,0.43485996265856053
2021-12-01,0.0,0.5243946309861744,0.5232601461278399,0.4388698247223432
2021-12-02,0.0,0.47472132556678354,0.4741838381857952,0.44566494213012503
2021-12-03,0.0,0.4673406086545433,0.46665271490051047,0.44656715510143435
2021-12-06,0.0,0.4232940529940954,0.4233310072830426,0.45184199331777214
2021-12-07,0.0,0.3296979326921358,0.33014014454108204,0.4671362587158247
2021-12-08,0.0,0.3313748789520184,0.33151700294880326,0.4670230929001288
2021-12-09,0.0,0.3344671202262061,0.33433543959002504,0.4664880575076605
2021-12-10,0.0,0.3169838971332367,0.3171469481476502,0.46910377870318964
2021-12-13,0.0,0.344489135682299,0.34501895223929474,0.47042004093622003
2021-12-14,0.0,0.4165044505652529,0.4171625624047685,0.4720345241164261
2021-12-15,0.0,0.3273336820828077,0.32744221967223003,0.4797949530957064
2021-12-16,0.0,0.31137745821946844,0.31113689658048765,0.4818444042664339
2021-12-17,0.0,0.4709685745445461,0.4717581639861002,0.4841924863425925
2021-12-20,0.0,0.4652637088830119,0.4659892284837559,0.48721849333674055
2021-12-21,0.0,0.33736984064248676,0.338431812218958,0.49654651782554604
2021-12-22,0.0,0.2671539988384268,0.2674086544576256,0.49925292376974734
2021-12-23,0.0,0.19795761571770382,0.19767547073749123,0.5000814695059865
2021-12-27,0.0,0.21334550219378862,0.2124810007831081,0.4888050903736702
2021-12-28,0.0,0.23667171257737374,0.23508317241678608,0.4853667098579886
2021-12-29,0.0,0.23755545876713202,0.23624822242819482,0.4723488679119981
2021-12-30,0.0,0.2145001095965443,0.21293399453626877,0.4667161445443662
2021-12-31,0.0,0.261429574077255,0.2595992666412907,0.46311338072828334
2022-01-03,0.0,0.2074292238123852,0.20650712396322116,0.4596613680271936
2022-01-04,0.0,0.2359017457373656,0.2356109167654413,0.4570963915452411
2022-01-05,0.0,0.5026549593011096,0.5030139864641319,0.45858425986611046
2022-01-06,0.0,0.3764577931776012,0.37694115586017496,0.45831749815647405
2022-01-07,0.0,0.38633844259608374,0.3867545910780684,0.45709622658371263
2022-01-10,0.0,0.4681260610376865,0.4682475860208758,0.4538957409820594
2022-01-11,0.0,0.32552039066962296,0.32582288011445604,0.45383601435876625
2022-01-12,0.0,0.3228298495685138,0.3231939745738798,0.45156724303634377
2022-01-13,0.0,0.4143001921855699,0.41444287751379566,0.44982764946246934
2022-01-14,0.0,0.34264619276865554,0.3425353144732935,0.4472279413816446
2022-01-18,0.0,0.5361302179331929,0.5358687981836369,0.4554463480065944
2022-01-19,0.0,0.5106693009659311,0.5101662063072119,0.4542384701538003
2022-01-20,0.0,0.5928151273458934,0.591371678935096,0.44493444175060237
2022-01-21,0.0,0.6758104409180523,0.6740690916812161,0.4489533277014425
2022-01-24,0.0,0.695585099660634,0.6935197016089087,0.44696165565330054
2022-01-25,0.0,0.6459265875666874,0.6437476042066281,0.4371191398791291
2022-01-26,0.0,0.6306680228272,0.6286374933275911,0.4369831017105259
2022-01-27,0.0,0.6722491671675798,0.6699794602220058,0.43537765610603835
2022-01-28,0.0,0.5054664175822905,0.504765646902217,0.46522629576296753
2022-01-31,0.0,0.43951073566293974,0.44023887170778936,0.48026194595164606
2022-02-01,0.0,0.43394588168803166,0.43430663994101537,0.48052801250113075
2022-02-02,1.0,0.3668821562174076,0.3680443559389701,0.48447406678255234
2022-02-03,0.0,0.4640254499115726,0.4644241145981482,0.4900245919118348
2022-02-04,0.0,0.46569909363183515,0.46591709792097585,0.4914793967821616
2022-02-07,0.0,0.35543876683933123,0.35574596906650063,0.4914441478384917
2022-02-08,0.0,0.3454484682124015,0.3459338875595388,0.4942744330537496
2022-02-09,0.0,0.29742039081528293,0.29864544305573865,0.4980754219996297
2022-02-10,0.0,0.4671263131093242,0.4679885045207359,0.5044532174717706
2022-02-11,0.0,0.5572604024865035,0.5577261900208809,0.5078440454403921
2022-02-14,0.0,0.4629584404618474,0.4633287477605739,0.5075726848503582
2022-02-15,0.0,0.4205521181521099,0.42107812884646983,0.5086371997012675
2022-02-16,1.0,0.41333086992764134,0.4137693998790541,0.506732309541262
2022-02-17,0.0,0.597612246033654,0.5977677758112431,0.5143963403251935
2022-02-18,0.0,0.6329971682465946,0.6327655835780541,0.507279247241483
2022-02-22,0.0,0.650001124910291,0.649623848347103,0.5091494590886865
2022-02-23,0.0,0.663468778413574,0.6632012938362714,0.5134556364305614
2022-02-24,0.0,0.6789149429302114,0.6780963568160006,0.5195552719154213
2022-02-25,0.0,0.5287574505282977,0.5289218831430226,0.5302375335186784
2022-02-28,0.0,0.587259167073484,0.5870087098649439,0.5168478381937077
2022-03-01,0.0,0.6418138495738585,0.641618862249433,0.5116520643875964
2022-03-02,0.0,0.605133458153214,0.6056828945915315,0.5199880461080155
2022-03-03,0.0,0.6365296400036456,0.6368555363704977,0.5171140025440891
2022-03-04,1.0,0.7425383468414716,0.7421819281381501,0.505654483448497
2022-03-07,0.0,0.7905679435098306,0.7901601439204297,0.5220111016751899
2022-03-08,0.0,0.7846361963181521,0.7841789082505143,0.5223472386682396
2022-03-09,0.0,0.7181795671962622,0.718707004250256,0.5378619583774695
2022-03-10,0.0,0.6951819128319733,0.6954487677592623,0.5311180910482015
2022-03-11,0.0,0.6970459301005828,0.6967970850835049,0.5283361553388732
2022-03-14,0.0,0.7014953218186473,0.7013337335877359,0.5229853675122939
2022-03-15,0.0,0.6595580788666462,0.6603741478994032,0.5353129400967791
2022-03-16,0.0,0.5959892387523978,0.5968650959265768,0.5410870536097057
2022-03-17,0.0,0.5586899346612354,0.5599794095801965,0.5446732606088296
2022-03-18,0.0,0.5157816163270337,0.5166838707937886,0.5377598702089955
2022-03-21,0.0,0.5578341840409954,0.5588558763665804,0.5363026928486843
2022-03-22,0.0,0.43533416362211536,0.4369447384981457,0.5350450684673795
2022-03-23,0.0,0.4565740010908133,0.4577124501903955,0.5301909688908817
2022-03-24,0.0,0.38847556419455376,0.3899557450742878,0.5298660083747504
2022-03-25,0.0,0.3952562008309528,0.39637600199838935,0.5208493705081033
2022-03-28,0.0,0.37702583317552096,0.3788023010455911,0.5209527118058821
2022-03-29,0.0,0.2850490084104159,0.28674204432864436,0.5148109374001251
2022-03-30,0.0,0.3480627578813396,0.3498006191775394,0.511099658363467
2022-03-31,0.0,0.5493918397806614,0.550528837039579,0.5174914906884082
2022-04-01,0.0,0.4319748593335522,0.4328457017960409,0.5150312485685977
2022-04-04,0.0,0.34213272475718043,0.3431613311630943,0.48722426641948724
2022-04-05,0.0,0.5601649032809517,0.5605918065045203,0.4914324837485127
2022-04-06,0.0,0.6065554051739304,0.6061266158438464,0.48197253942097523
2022-04-07,0.0,0.48259689912440507,0.48247865624428815,0.4806592794735351
2022-04-08,0.0,0.4039641968831043,0.4030709017918736,0.47391892353954035
2022-04-11,0.0,0.5684732550659299,0.5674235856177872,0.48252867860542314
2022-04-12,0.0,0.5670083083090137,0.5654514979132408,0.4724678787650503
2022-04-13,0.0,0.44915086238227914,0.4473800135560295,0.46133766852632396
2022-04-14,0.0,0.5366604264465852,0.5345099490264548,0.46190160195902297
2022-04-18,0.0,0.5465470768509672,0.5442793182579434,0.45692441842020987
2022-04-19,0.0,0.4455255230889964,0.4440042534735385,0.4659108983529195
2022-04-20,0.0,0.4386168375495794,0.4370709673193142,0.4615422022808248
2022-04-21,1.0,0.6478257238955423,0.6459124877398245,0.463665031480556
2022-04-22,0.0,0.6854191614452413,0.6834677202305298,0.47687372419937196
2022-04-25,1.0,0.7155659100735443,0.7137770517924459,0.47718258301246175
2022-04-26,0.0,0.7786314477961986,0.7771587933926939,0.4911769143160839
2022-04-27,0.0,0.71192721994855,0.7102889060536545,0.484358128625769
2022-04-28,1.0,0.668724569092992,0.6682416012312132,0.5067992000699894
2022-04-29,0.0,0.7896777167251436,0.7890339495558097,0.5283971601725647
2022-05-02,0.0,0.7306397129865041,0.7302537956950929,0.5293081405470663
2022-05-03,0.0,0.6849061237140335,0.6848370497590468,0.5277125971771125
2022-05-04,1.0,0.6135612594511081,0.6146771579767597,0.5496547439214992
2022-05-05,0.0,0.7633069534226359,0.7637466957098564,0.5692769490612444
2022-05-06,1.0,0.7934366644316333,0.7937875290381766,0.5680891226735262
2022-05-09,0.0,0.8681839877656194,0.8686974584989422,0.5811740705359918
2022-05-10,0.0,0.8798124964659089,0.880283944459693,0.5798080661375123
2022-05-11,0.0,0.8993888823496053,0.8997300466715987,0.5820407694371227
2022-05-12,0.0,0.8922254591118355,0.892438942843095,0.5774056070171948
2022-05-13,0.0,0.8203086181495767,0.8214139052597373,0.590930131264405
2022-05-16,0.0,0.8573488181799859,0.8580711554720427,0.5906565854215166
2022-05-17,1.0,0.8013560615023406,0.8025068862094541,0.5937001685255753
2022-05-18,0.0,0.8820237884917959,0.8827120825055706,0.6128884399009208
2022-05-19,0.0,0.8806297146213278,0.8814674397122856,0.6117134985523254
2022-05-20,0.0,0.836874649104677,0.8378082332078051,0.6041707277687768
2022-05-23,0.0,0.8302106153903769,0.8314838545351776,0.6105615605832121
2022-05-24,0.0,0.9022042639827401,0.9028329695254854,0.6012529282808413
2022-05-25,0.0,0.8527767833893363,0.8537475422657831,0.6031700808917737
2022-05-26,0.0,0.7462461564230579,0.747925279022047,0.5993538345601913
2022-05-27,0.0,0.7140382832839177,0.7152970640901158,0.5898582565166606
2022-05-31,0.0,0.8108319712557911,0.811619362436722,0.5900629098331754
2022-06-01,0.0,0.7416395743879204,0.7427900434179024,0.5904448759898256
2022-06-02,0.0,0.6150574642277449,0.6171248977200431,0.5806454281080009
2022-06-03,0.0,0.6483943613560716,0.649240693396895,0.5629534242165342
2022-06-06,0.0,0.6470925541195601,0.6478123747449333,0.5625585966581521
2022-06-07,0.0,0.6210129304208674,0.6213755175429474,0.5419415791277159
2022-06-08,1.0,0.6703519759464414,0.6706038280871883,0.5452792169585464
2022-06-09,1.0,0.7873210358798298,0.7873081612116801,0.551690940254146
2022-06-10,1.0,0.7685872108579407,0.768876179091423,0.5684652924728157
2022-06-13,0.0,0.8483918211419195,0.8487700701445191,0.5812058509547382
2022-06-14,0.0,0.8247936074670907,0.8250708676180788,0.5812027088630477
2022-06-15,1.0,0.860160319511311,0.8607232655898573,0.577116300154462
2022-06-16,0.0,0.861618071036576,0.8616682917265862,0.5676709545141618
2022-06-17,0.0,0.847877387035255,0.8477597610321915,0.5680283109849207
2022-06-21,0.0,0.8833858734974541,0.8839109905172503,0.5807204751934674
2022-06-22,0.0,0.8845838860057308,0.8850044207928449,0.5731618665084767
2022-06-23,0.0,0.874075463948317,0.8745139672041196,0.5749764136505636
2022-06-24,0.0,0.8853793829728571,0.8860199523408224,0.5904346846909181
2022-06-27,1.0,0.8209640250614069,0.8217386218471274,0.582927712075767
2022-06-28,0.0,0.8106438828894693,0.8112195173382409,0.5746843283576176
2022-06-29,0.0,0.8186323939334958,0.8191358964851307,0.5747659293919667
2022-06-30,0.0,0.8362727655000058,0.8368100832869686,0.5749639012841397
2022-07-01,0.0,0.7701804599401307,0.7706783091321912,0.5696724053799146
2022-07-05,0.0,0.8158785353795875,0.8163477317190541,0.5672815257577335
2022-07-06,0.0,0.8087176969191151,0.8092856406097655,0.5673894561408863
2022-07-07,0.0,0.7210847283682964,0.7218514922155459,0.5704803665976765
2022-07-08,0.0,0.6886430617386361,0.6890445278914534,0.5693723130442266
2022-07-11,0.0,0.7092083289679633,0.7093556306712857,0.562285858030583
2022-07-12,0.0,0.7014269186455748,0.7012990197932081,0.5484141911788358
2022-07-13,0.0,0.7504551686176207,0.7495078053661871,0.5158144109047189
2022-07-14,0.0,0.773979594784498,0.7731657384087056,0.5156581309377503
2022-07-15,0.0,0.7062389223153764,0.7053986049694959,0.519159777004713
2022-07-18,0.0,0.7563662065771137,0.7549913199580418,0.49206347264567846
2022-07-19,0.0,0.6886768397755819,0.6876371734101246,0.5080644984391836
2022-07-20,0.0,0.6440670756561723,0.642796765695653,0.49641743057117294
2022-07-21,0.0,0.6286995114295232,0.6274454743117405,0.4972464552371695
2022-07-22,0.0,0.6136156161773116,0.6121573444775033,0.4998346957849473
2022-07-25,0.0,0.6365490033962461,0.634236206412529,0.47607683386800964
2022-07-26,0.0,0.6165818109000192,0.6145463399435044,0.48007543983549306
2022-07-27,0.0,0.6021058901965975,0.6005152796255324,0.48416527931076353
2022-07-28,0.0,0.5941248648654209,0.5926144764152115,0.4861792153010407
2022-07-29,0.0,0.5892058744241547,0.5873377370330557,0.4846834504795038
2022-08-01,0.0,0.5481115363894767,0.5464138748778493,0.48486685398498147
2022-08-02,0.0,0.5994834563263836,0.5978506894766583,0.48772570901600487
2022-08-03,0.0,0.535386609121177,0.5343364988553845,0.49171797191689
2022-08-04,0.0,0.5270065183282732,0.5257273139539601,0.4886375953195634
2022-08-05,0.0,0.5633231764167669,0.5616464532944605,0.48883271070699025
2022-08-08,0.0,0.5291333772488939,0.5275457970315219,0.48310857564889187
2022-08-09,0.0,0.5509337477076653,0.5492203393576967,0.480035774546503
2022-08-10,0.0,0.44883094676441815,0.44760757706581383,0.4858207960657656
2022-08-11,0.0,0.49653205032780423,0.4951352348819327,0.48489128377519236
2022-08-12,0.0,0.3986622419067196,0.39738462676854,0.48348497573788096
2022-08-15,0.0,0.37471740523296754,0.37321593232130984,0.4778926170524846
2022-08-16,0.0,0.3858750626150521,0.38405857269376975,0.46237882244501305
2022-08-17,0.0,0.3769413960560793,0.37539941401944515,0.4665681838920167
2022-08-18,0.0,0.3469763873519966,0.3451028305605736,0.4654006241927099
2022-08-19,1.0,0.4070239491253299,0.40500183821283625,0.4687298543855219
2022-08-22,0.0,0.5126449091399594,0.5110447371201028,0.4861712376384972
2022-08-23,0.0,0.49208492489407085,0.49029807491034416,0.48117161784615675
2022-08-24,0.0,0.536792095135579,0.5340426760408346,0.4631829228704077
2022-08-25,1.0,0.45802119392156876,0.4553263539592563,0.4646707173120492
2022-08-26,0.0,0.571058230140614,0.5690506125115022,0.4934815821254888
2022-08-29,0.0,0.5609764345112297,0.559210069453922,0.4942828976246101
2022-08-30,0.0,0.5778674978324599,0.5761675535828366,0.4961025299558997
2022-08-31,0.0,0.6229514707570968,0.6209538957593552,0.48876098666101403
2022-09-01,0.0,0.619417098049298,0.6177323793367601,0.4894789315847392
2022-09-02,0.0,0.6294917264847464,0.6276430723856415,0.49137226309164106
2022-09-06,0.0,0.6422157883293858,0.6403882269305896,0.4913622295889138
2022-09-07,0.0,0.6301382574910355,0.628793795962443,0.5025459224496204
2022-09-08,0.0,0.6012482604145608,0.5996895459231865,0.48997731578484816
2022-09-09,0.0,0.5748640949186107,0.5733738200231329,0.49802974302585945
2022-09-12,1.0,0.5356829303580847,0.534126955191254,0.49231869727865407
2022-09-13,0.0,0.6220879600057657,0.6213795923697871,0.530620175449902
2022-09-14,0.0,0.6010198022325444,0.6004431893916753,0.5310831132544588
2022-09-15,0.0,0.6498825057011391,0.6491659322235075,0.5319762934025465
2022-09-16,0.0,0.6220262906617084,0.6213282586891529,0.5310506869952337
2022-09-19,0.0,0.5959785557472025,0.5952028090163747,0.5322651667991412
2022-09-20,0.0,0.5943497327077008,0.5934318061224468,0.5265235151543723
2022-09-21,0.0,0.6216577020340407,0.620761839755381,0.5304650804914328
2022-09-22,0.0,0.6530651176632631,0.6521192874000155,0.5296138100425177
2022-09-23,0.0,0.6498854509101972,0.648782228318772,0.5240260646714415
2022-09-26,0.0,0.7506808190928203,0.7494037363737447,0.5056409153893795
2022-09-27,0.0,0.7328248980731815,0.7315012630690128,0.5057825969431986
2022-09-28,1.0,0.6620604357650163,0.6610731079306691,0.5184897332370955
2022-09-29,0.0,0.7206967492358327,0.7197079519108825,0.525165531786889
2022-09-30,0.0,0.7289094317915609,0.728042371803247,0.5264492556926833
2022-10-03,0.0,0.7144790247304635,0.7143741139488252,0.5448339865353171
2022-10-04,0.0,0.7107001281373331,0.7110939591589936,0.5659302350737715
2022-10-05,0.0,0.6118342999265183,0.6121351164011087,0.5581505996385077
2022-10-06,1.0,0.6492555863960152,0.6494360919835153,0.5575056248899527
2022-10-07,0.0,0.6922518692353621,0.6922053946891761,0.5609488186658073
2022-10-10,0.0,0.7239753846703622,0.7239609327442855,0.5557741322072387
2022-10-11,0.0,0.7578744588158968,0.7571640387941931,0.5255178701463425
2022-10-12,0.0,0.7608936604484126,0.7601803611358494,0.5240892494619169
2022-10-13,1.0,0.757121845449045,0.7568993827860103,0.5423741774401809
2022-10-14,0.0,0.7450572086117918,0.7448522440877078,0.5505540205371126
2022-10-17,0.0,0.7260930147799275,0.7265596444279271,0.565725777083046
2022-10-18,0.0,0.684949446630912,0.6855154163019687,0.5676520287112451
2022-10-19,0.0,0.7116228098248463,0.7120344085890431,0.5635361014692565
2022-10-20,0.0,0.7111155558884055,0.7112922128164545,0.5634082364696169
2022-10-21,0.0,0.6886135590333816,0.6890111583209809,0.5684746934205885
2022-10-24,0.0,0.6773447600905137,0.6779475593445403,0.5678611283820215
2022-10-25,0.0,0.6583762837385206,0.6592036434442815,0.5709321972226808
2022-10-26,0.0,0.6582746791665903,0.6588960236497056,0.567116645309534
2022-10-27,0.0,0.6467641358496534,0.6470756430637786,0.5581933351700231
2022-10-28,0.0,0.6280200224489332,0.6284926434228695,0.5603326708330987
2022-10-31,0.0,0.6640406284058189,0.6642493541230795,0.552941130188852
2022-11-01,1.0,0.6375425662989396,0.6376929753913493,0.5365680661683864
2022-11-02,0.0,0.6827388903271596,0.6827164736342479,0.5499073500188406
2022-11-03,0.0,0.6938689597881194,0.6938170229055077,0.5500481709647829
2022-11-04,0.0,0.6962666112403928,0.696026969431336,0.5360711340829928
2022-11-07,0.0,0.6607890463169939,0.6607381312385265,0.5351394746751166
2022-11-08,1.0,0.6727299473492321,0.6727714756611677,0.5332836678836191
2022-11-09,0.0,0.6961887291888748,0.6962274855500539,0.5444304787840254
2022-11-10,0.0,0.6359099804854439,0.637505951761317,0.5858454720783338
2022-11-11,0.0,0.6304032514376454,0.6315785601037635,0.5719773370510061
2022-11-14,0.0,0.6019818761946252,0.6030164412684301,0.5666835059028514
2022-11-15,0.0,0.6151859197765506,0.6162475760719383,0.5660439782082867
2022-11-16,0.0,0.6092457711124817,0.6102697226324113,0.5666989867985247
2022-11-17,0.0,0.5903486892242571,0.5912408784204822,0.5650167856569204
2022-11-18,0.0,0.5394256990120514,0.5399789806838685,0.5571332055551823
2022-11-21,0.0,0.5399376536426614,0.5405509466208213,0.5562157248235642
2022-11-22,0.0,0.5089503369626864,0.5096285385140514,0.5548565107263891
2022-11-23,0.0,0.4976466888539495,0.4976712548624653,0.5532504163416965
2022-11-25,0.0,0.5292910850858801,0.5291462757994313,0.5518691101319652
2022-11-28,0.0,0.575628936122573,0.5756086368798438,0.5475670356415993
2022-11-29,0.0,0.5069166016294946,0.5073128098059726,0.5462208947663113
2022-11-30,0.0,0.6607210703387479,0.6613376133103736,0.5619211301673477
2022-12-01,0.0,0.5302099633687822,0.5309960564316091,0.5461452590789732
2022-12-02,0.0,0.47947830880924486,0.479741433031232,0.5421226976620468
2022-12-05,0.0,0.5717761055214207,0.5722010285497878,0.5499111304242227
2022-12-06,0.0,0.5818741140548636,0.5825104360961881,0.5545817228708707
2022-12-07,0.0,0.5697462782157433,0.5704963259860566,0.5545300081933244
2022-12-08,0.0,0.523789537097622,0.524359366721418,0.5444049853440339
2022-12-09,0.0,0.5697221039335878,0.5678411287960822,0.4735188792144741
2022-12-12,0.0,0.4945416540154363,0.49307065328447996,0.4771515906413218
2022-12-13,0.0,0.5466913156310269,0.5451267248787115,0.47591548254601584
2022-12-14,1.0,0.5900966263286191,0.5882691283524232,0.4751487820904999
2022-12-15,0.0,0.6458313725084764,0.6443114398112564,0.4908729329269202
2022-12-16,0.0,0.6813643849393703,0.6798093570381099,0.49360199742135075
2022-12-19,0.0,0.6441818272163654,0.6425308457099148,0.49408850989983216
2022-12-20,0.0,0.6437375850651021,0.6422080529253684,0.4941609851471824
2022-12-21,0.0,0.5818443715228777,0.5806962867555631,0.49525804777047777
2022-12-22,0.0,0.6354397159015855,0.6338587560045406,0.49771083308419456
2022-12-23,0.0,0.5629100972324319,0.5611226175057648,0.49938965997675305
2022-12-27,0.0,0.6206893468991979,0.6188999302963522,0.49464286592105666
2022-12-28,0.0,0.5852903902544964,0.5835034743319498,0.497381568216385
2022-12-29,0.0,0.5713287701299458,0.5690261519189864,0.47703294449654454
2022-12-30,0.0,0.6145312794466941,0.6120517203330641,0.4769139212085927
2023-01-03,0.0,0.594495099685294,0.5927185357985133,0.47684625659608426
2023-01-04,0.0,0.6084386727788242,0.6066706056289922,0.47258199411831514
2023-01-05,0.0,0.6146401471697213,0.6125466205428527,0.47064368269938456
2023-01-06,0.0,0.521486788575186,0.520337374990262,0.4875584862362946
2023-01-09,0.0,0.5244732265827892,0.523210792299925,0.48567493745373885
2023-01-10,0.0,0.4952433534815626,0.49396617754201644,0.48591514159025867
2023-01-11,0.0,0.4898096427017043,0.4886120565438004,0.4847942319111424
2023-01-12,0.0,0.4751938724961766,0.47399159429331705,0.4835363185352043
2023-01-13,0.0,0.4445595115857238,0.4433089643206142,0.48301747278379265
2023-01-17,0.0,0.4630676171734066,0.4611119901301915,0.46299609709199596
2023-01-18,0.0,0.528608634640544,0.5266582681101696,0.4671738090408043
2023-01-19,0.0,0.5296882464954266,0.5276908373660706,0.4663456337715407
2023-01-20,0.0,0.4560213442454117,0.45438371679834183,0.47576692722657477
2023-01-23,0.0,0.3737030042133192,0.37221419695940494,0.47367888680552894
2023-01-24,0.0,0.40193646332776756,0.4001817381054669,0.46518481196527006
2023-01-25,0.0,0.3963610171477766,0.39455202037821735,0.46500544615021566
2023-01-26,0.0,0.38577573613628224,0.383889564514008,0.4658526172695832
2023-01-27,0.0,0.4434954324983762,0.4409226998669164,0.45801287402257196
2023-01-30,0.0,0.4293663722717609,0.4272780617091367,0.4594798561924388
2023-01-31,0.0,0.4548450018804417,0.4529293465853328,0.4634129936315342
2023-02-01,0.0,0.45863661705538616,0.45675561757118754,0.4632335777588515
2023-02-02,0.0,0.47473331418888903,0.4734202387537087,0.4665781917567793
2023-02-03,0.0,0.5059161887197913,0.5039936019594398,0.46531084388776683
2023-02-06,0.0,0.4523048346021456,0.4501235996542341,0.45581378804036626
2023-02-07,0.0,0.42207428551322124,0.4200277753089305,0.45859511418200205
2023-02-08,0.0,0.4353413893233452,0.43330813284340286,0.4646546362948078
2023-02-09,0.0,0.4755689235583155,0.473554952396645,0.46462109050836475
2023-02-10,0.0,0.4670206180558197,0.4648869868122724,0.464510058902617
2023-02-13,0.0,0.3790700322222117,0.377260385003426,0.46747729037532454
2023-02-14,0.0,0.3963002501287471,0.39424866314931567,0.4671456265998463
2023-02-15,0.0,0.4188750706948727,0.4165278157832342,0.4565263326850585
2023-02-16,0.0,0.4725907390029369,0.4702934043000438,0.46208076259617975
2023-02-17,1.0,0.5010182638008024,0.4982566599524067,0.4528970721252672
2023-02-21,0.0,0.5455708967558985,0.5430394397671665,0.46305775111190917
2023-02-22,0.0,0.522623524990188,0.520156569508992,0.46310857693171664
2023-02-23,0.0,0.5141062854893739,0.5116081083900909,0.4640900528965164
2023-02-24,0.0,0.5882298715342098,0.5856090785928524,0.46299928611149316
2023-02-27,0.0,0.5579808992846672,0.5553854269561445,0.46314595917202234
2023-02-28,0.0,0.6352675525170752,0.6327117027185981,0.4583418353808922
2023-03-01,0.0,0.5941854859944629,0.591624905541843,0.45018263876916326
2023-03-02,0.0,0.5286320226549295,0.526064268679497,0.4479565290522852
2023-03-03,0.0,0.4640976585289687,0.46147550168624685,0.44976521629413074
2023-03-06,0.0,0.4179648348896533,0.4155829149358841,0.44690381575650523
2023-03-07,0.0,0.5426187285301706,0.5399543199093615,0.4532181130408183
2023-03-08,0.0,0.5259079571221358,0.5228676763317442,0.4457638051904158
2023-03-09,0.0,0.6257922472978613,0.622900396933079,0.4525161827107503
2023-03-10,0.0,0.7102872321922648,0.7078799128641334,0.45612051091690897
2023-03-13,0.0,0.7410147696010658,0.7387121494425386,0.4553075107359209
2023-03-14,0.0,0.6995193138220351,0.6975274857317427,0.46106038893191753
2023-03-15,0.0,0.74286879975986,0.7409268795682165,0.4614238603966797
2023-03-16,0.0,0.6394675879347194,0.6380465802323451,0.47353617822019456
2023-03-17,0.0,0.6420730443693072,0.6403707505631997,0.47178344693018553
2023-03-20,0.0,0.6242995635078061,0.6229057561995024,0.47530179711876713
2023-03-21,0.0,0.5268092798199802,0.5253789630069353,0.4695071515331561
2023-03-22,0.0,0.5871826753205736,0.5857441993987916,0.4775461179789505
2023-03-23,0.0,0.5895345781628756,0.5879088265477632,0.4768648476363874
2023-03-24,0.0,0.5366798153265002,0.5349477341635407,0.47478726897139517
2023-03-27,0.0,0.501641054588225,0.50031768211499,0.47458498675328464
2023-03-28,0.0,0.43870656338526176,0.4375404264445045,0.4743753841552614
2023-03-29,0.0,0.3963361670463465,0.395334384437052,0.47918293172930776
2023-03-30,0.0,0.3732492876140767,0.37219063823180515,0.4785531420150597
2023-03-31,0.0,0.3698770526479482,0.3690222537155896,0.47707731618170895
2023-04-03,0.0,0.4018627618750054,0.4011162732769129,0.4773078087309084
2023-04-04,0.0,0.3650799042671753,0.364080559254158,0.4704044215853575
2023-04-05,0.0,0.3403507984592375,0.3392858221593756,0.47087316602712825
2023-04-06,0.0,0.3181548122994021,0.3169171265143865,0.4574916000298556
2023-04-10,0.0,0.3151812247178223,0.31355834723015136,0.44698902537884655
2023-04-11,0.0,0.32774688627663434,0.3260711316336982,0.44655561547534195
2023-04-12,0.0,0.3310876917551295,0.3289854182324588,0.4411191545715582
2023-04-13,0.0,0.2952896237979964,0.29376827706572944,0.4418113261450416
2023-04-14,0.0,0.32312369602923036,0.3211012619518096,0.43390519191282434
2023-04-17,0.0,0.33010785736651627,0.3280695442403495,0.42598712596822813
2023-04-18,0.0,0.3003081012857271,0.29841556161747035,0.42443430335310095
2023-04-19,0.0,0.33623073829382827,0.33383044594329403,0.4193030667586733
2023-04-20,0.0,0.32599371165504537,0.32333800070146684,0.40488228861790543
2023-04-21,0.0,0.33318032285894317,0.33042779033330777,0.40497869962312727
2023-04-24,0.0,0.307617628229803,0.3051481791660629,0.4044108523693072
2023-04-25,0.0,0.48478096604669335,0.48173146144752865,0.4200156380405242
2023-04-26,0.0,0.37549372748229043,0.3728038570845816,0.4208353937294665
2023-04-27,0.0,0.30854004508805916,0.30666729806803855,0.4283784588391416
2023-04-28,0.0,0.3363343373295096,0.33451052275482224,0.42960310154234593
2023-05-01,0.0,0.3801674549407106,0.37750925746995373,0.4217646081948718
2023-05-02,0.0,0.4239758747691487,0.4218173476056684,0.4276811701206647
2023-05-03,0.0,0.38937542750295584,0.3873789966891096,0.4283462084394595
2023-05-04,0.0,0.4910114485432037,0.4886090504753243,0.4302421305412243
2023-05-05,0.0,0.33874808455428806,0.3371008154960709,0.4434524541659363
2023-05-08,0.0,0.36052129722370885,0.3591081476707723,0.44343911828002197
2023-05-09,0.0,0.37028202539142585,0.36884748839649895,0.4443334805502622
2023-05-10,0.0,0.36133616006773195,0.3601043996328265,0.4441998865429626
2023-05-11,0.0,0.3552734759106533,0.35382435268164275,0.43770728142108606
2023-05-12,0.0,0.31009471448197606,0.30840897214603896,0.43764162200558354
2023-05-15,0.0,0.34171885416607134,0.340120184857502,0.43755030304711656
2023-05-16,0.0,0.3547747500066978,0.3531730203414765,0.43895476484424895
2023-05-17,0.0,0.3307730337740931,0.32969761027798766,0.4446265580984733
2023-05-18,0.0,0.24087788357661022,0.23995264755281628,0.44610016851039963
2023-05-19,0.0,0.32731717109003333,0.32646478493429976,0.44628862992390095
2023-05-22,0.0,0.31268594269607025,0.31191554011364586,0.44630017898985286
2023-05-23,0.0,0.3704898447915678,0.3696078095347214,0.4412837395980228
2023-05-24,0.0,0.3357651299245495,0.33422780424230863,0.44301129512939613
2023-05-25,0.0,0.36777668291407994,0.36675865743408637,0.43110189980401054
2023-05-26,0.0,0.28739384047366734,0.2865969830124763,0.435223991585559
2023-05-30,0.0,0.27171985018711814,0.27173736835621115,0.43520230700252954
2023-05-31,0.0,0.5194067039798587,0.5177581097822231,0.4308736332023687
2023-06-01,0.0,0.270814208858135,0.2704703999662041,0.4312316884466978
2023-06-02,0.0,0.20187850324594073,0.2014976904054839,0.43399240685622614
2023-06-05,0.0,0.28141637210702686,0.280440979412969,0.42320799188578906
2023-06-06,0.0,0.21615298778944672,0.2156206036142332,0.4231544713769475
2023-06-07,0.0,0.22547265586176288,0.22561494845704608,0.422734136394255
2023-06-08,0.0,0.22070165903462238,0.22072507938092364,0.42328046957845533
2023-06-09,0.0,0.19119837464791906,0.19049272147246332,0.4226997558312469
2023-06-12,0.0,0.17975912795514515,0.17870981061691324,0.4242637180759337
2023-06-13,0.0,0.19100079014013333,0.19024023365539203,0.4250796462048501
2023-06-14,0.0,0.2124991558098001,0.21126747630556336,0.42130919691934304
2023-06-15,0.0,0.22089342336455142,0.2183486698309413,0.42154720971409043
2023-06-16,0.0,0.23328049200004725,0.2318263661726558,0.4214587969634337
2023-06-20,0.0,0.2613343629629973,0.25982573950672827,0.4231267668013151
2023-06-21,0.0,0.3678666229575081,0.36584779807743717,0.4254397215457571
2023-06-22,0.0,0.3212182683192108,0.3192473437316062,0.41682227884227296
2023-06-23,0.0,0.35440101245128885,0.3524898734502375,0.4171629129648869
2023-06-26,0.0,0.2584473560756543,0.25699848094174416,0.4175677289244108
2023-06-27,0.0,0.2872911750820456,0.284987841707966,0.41598530809725587
2023-06-28,0.0,0.2546118666748186,0.2523085369306818,0.41606552763968085
2023-06-29,0.0,0.2740612976588861,0.27140604057482415,0.41277781016841575
2023-06-30,0.0,0.275422470210571,0.27172037353377326,0.4148345231718588
2023-07-03,0.0,0.3208881378995568,0.3156591041425936,0.4071698465242627
2023-07-05,0.0,0.2487699995021741,0.24528289285961258,0.40715455244227233
2023-07-06,0.0,0.2166288003208801,0.21506428742751654,0.4120743337017419
2023-07-07,0.0,0.20822413531367734,0.20664326278054343,0.41160099490526625
2023-07-10,0.0,0.26804545906472727,0.26615143425951115,0.4104788958740251
2023-07-11,0.0,0.178780180501135,0.17752009737322208,0.4119046926401198
2023-07-12,0.0,0.2665183389582252,0.26420868750470716,0.41056067788778194
2023-07-13,0.0,0.3032859676006978,0.2995467319394425,0.41154020763526444
2023-07-14,0.0,0.2748511180943937,0.27173759843787554,0.41185717735142674
2023-07-17,0.0,0.2581921401034752,0.2552046087392493,0.4059101114574883
2023-07-18,0.0,0.2558595317557722,0.2530047771044787,0.40632758121296375
2023-07-19,0.0,0.24482024362152244,0.24223286738907232,0.40395166980819125
2023-07-20,0.0,0.19112452051947681,0.1891894930559285,0.4053003414451865
2023-07-21,0.0,0.35653112132302683,0.3524169461267841,0.4052317820426764
2023-07-24,0.0,0.3338700165492493,0.33035146531629384,0.4000511803791875
2023-07-25,0.0,0.327749651323509,0.3245198152592234,0.3970831649424573
2023-07-26,0.0,0.28477017621256717,0.28244406162122354,0.3922705340235454
2023-07-27,0.0,0.30498107396215296,0.302308932991667,0.3964500428339668
2023-07-28,0.0,0.27391377935515265,0.27091795378058614,0.39989016637280006
2023-07-31,0.0,0.3114856933241418,0.3077549440655717,0.39308585434677723
2023-08-01,0.0,0.3295625311315548,0.3273962151824256,0.3941807108837919
2023-08-02,0.0,0.3046605177727165,0.30380515720678153,0.40675531257872755
2023-08-03,0.0,0.3083103946837675,0.30701267192850445,0.4030746002376158
2023-08-04,0.0,0.23913362959181267,0.23828417827572457,0.4044681975897638
2023-08-07,0.0,0.32082043341265615,0.3198057080909739,0.4078480500288533
2023-08-08,0.0,0.30518842036847427,0.3042998839533966,0.4074965404489102
2023-08-09,0.0,0.3062083522912401,0.3053926009835552,0.4077210176572032
2023-08-10,0.0,0.3277328093673536,0.32647174137574264,0.4035366658224637
2023-08-11,0.0,0.3053319354832604,0.3043279383981947,0.40353977166682553
2023-08-14,0.0,0.23749109640224333,0.2369228393546465,0.4046517558976844
2023-08-15,0.0,0.2917558177709331,0.29110735857419073,0.40753030522337436
2023-08-16,0.0,0.3425283614541952,0.34157922767616533,0.40866826730712447
2023-08-17,0.0,0.3865019143426372,0.3852314451895553,0.4092211270337755
2023-08-18,0.0,0.3732377338325794,0.3713841974223508,0.4091244295715479
2023-08-21,0.0,0.2980975797779223,0.2971506429977482,0.411284465205978
2023-08-22,0.0,0.23986697177606683,0.23911531964766783,0.41019594480308935
2023-08-23,0.0,0.2362151546276287,0.23558616333582968,0.41823462267209166
2023-08-24,0.0,0.30054872485616724,0.29997789064907826,0.4237182466588315
2023-08-25,0.0,0.27495610181690344,0.2736694218892436,0.42075475622304176
2023-08-28,0.0,0.24499389753082138,0.24393784003686694,0.42327754195204975
2023-08-29,0.0,0.19712860787195532,0.19623924383068114,0.4340026955635689
2023-08-30,0.0,0.1916202035448706,0.19022545994321308,0.42705324041588855
2023-08-31,0.0,0.18137478228248521,0.1807311580220305,0.42687359540665476
2023-09-01,0.0,0.20748562582736182,0.20673311185817622,0.4255995031500875
2023-09-05,0.0,0.21322242917923426,0.2124934812738038,0.4228484145317248
2023-09-06,0.0,0.23335762299194407,0.23273566236707402,0.424182231584199
2023-09-07,0.0,0.28532776292170764,0.28445770451601204,0.42247963917607356
2023-09-08,0.0,0.25879600912287276,0.25776301817256875,0.4225845734717668
2023-09-11,0.0,0.28226080170845935,0.28136413528490617,0.4245261570882053
2023-09-12,0.0,0.2825948182896973,0.28153634781904646,0.424500386128591
2023-09-13,0.0,0.2857303911174876,0.2847372586205841,0.4183180009317557
2023-09-14,0.0,0.2570498612667814,0.2562817239618885,0.4178280692534509
2023-09-15,0.0,0.38213814829688597,0.38030830443773384,0.42243280984209797
2023-09-18,0.0,0.3449280346084406,0.34305524668755955,0.4223792167267088
2023-09-19,0.0,0.31889125488774617,0.31747742616638347,0.421026565111099
2023-09-20,0.0,0.3291298346991368,0.32787911443581597,0.4249363272060939
2023-09-21,0.0,0.43582342015615455,0.43355538874267036,0.4301992340476282
2023-09-22,0.0,0.35119317624735,0.34885172137409537,0.423314176869227
2023-09-25,0.0,0.3359116548590544,0.33357790489517386,0.42181143570498647
2023-09-26,0.0,0.40207279073174884,0.3994418335555272,0.42741013525348026
2023-09-27,0.0,0.4036416832243071,0.40093882327263275,0.4146932176697501
2023-09-28,0.0,0.33919300237897454,0.3372273568943093,0.4161886061908547
2023-09-29,0.0,0.3534027387436187,0.3506662413571852,0.4161568478960513
2023-10-02,0.0,0.3750368165849797,0.3729703410967081,0.4155713119056831
2023-10-03,0.0,0.4179250735935684,0.41570057545614686,0.42123012655776393
2023-10-04,0.0,0.3636903825281608,0.36152844454878735,0.4256710528603207
2023-10-05,0.0,0.34979094464323,0.34751365602369877,0.4256669059967512
2023-10-06,0.0,0.33586260794771555,0.33425866604763366,0.4333185184944596
2023-10-09,0.0,0.30218185440557965,0.30071521374306154,0.43303200371717204
2023-10-10,0.0,0.2626061041601012,0.2615584715334423,0.4340925593723024
2023-10-11,0.0,0.25515622070518185,0.2542315042138039,0.4350557528623431
2023-10-12,0.0,0.29281065759709857,0.2916444111876183,0.4320705891950343
2023-10-13,0.0,0.3256748301168868,0.3238394068500155,0.42775202900476955
2023-10-16,0.0,0.3155343753034918,0.31428084146526236,0.43346030348314435
2023-10-17,0.0,0.30500121823080634,0.30376483066422844,0.43340849952199145
2023-10-18,0.0,0.35011540637707794,0.3483565940379858,0.436863708391055
2023-10-19,0.0,0.3509026953200066,0.3488294598666348,0.4291485253044131
2023-10-20,0.0,0.481599105949749,0.47870938502244964,0.4348769615405257
2023-10-23,0.0,0.46680885184761917,0.4642057719430392,0.433745985941984
2023-10-24,0.0,0.383107813524795,0.3806495527320521,0.4283046384862292
2023-10-25,0.0,0.488122724315502,0.4856189580855977,0.43616407043014166
2023-10-26,0.0,0.6043028634706605,0.6013728214206584,0.43833790438569215
2023-10-27,0.0,0.5737975505835741,0.5706197440964264,0.43863988872805604
2023-10-30,0.0,0.47921015092823693,0.4768724062751568,0.4457708885163038
2023-10-31,0.0,0.45826097797187476,0.45619541826218357,0.44153772127123886
2023-11-01,0.0,0.40752695070148837,0.4058409938518438,0.4433172266387467
2023-11-02,0.0,0.379446487501622,0.379113392141776,0.45586007129174044
2023-11-03,0.0,0.3244637332410738,0.32455173388727676,0.45417982329907897
2023-11-06,0.0,0.32488409261885487,0.32491341858661016,0.4530473702337489
2023-11-07,0.0,0.29392024680758,0.29386739470142054,0.45242587670834095
2023-11-08,0.0,0.29546798411730935,0.29541991811170226,0.45184881585510145
2023-11-09,0.0,0.32856030921783985,0.3281982072398854,0.4527966822816738
2023-11-10,0.0,0.2673581909853616,0.2675476672857961,0.45961290470926447
2023-11-13,0.0,0.32054198090041375,0.32043457258639635,0.4563943619768958
2023-11-14,0.0,0.1534071400613181,0.15356483287707837,0.4672860981047756
2023-11-15,0.0,0.1507538685558049,0.15122849261831156,0.4596693344541082
2023-11-16,0.0,0.19717239584168733,0.19784906375962827,0.4556371579425941
2023-11-17,0.0,0.1930546922833513,0.19333879293833894,0.4469934881933832
2023-11-20,0.0,0.20443614751632397,0.20488159634847145,0.4464939515399114
2023-11-21,0.0,0.19955667704286503,0.19992425628642269,0.4471600318512078
2023-11-22,0.0,0.1803590994106736,0.17989586687527098,0.43428159988908704
2023-11-24,0.0,0.19776584704491912,0.19593813048379904,0.42328080914362676
2023-11-27,0.0,0.20708590077067238,0.206407196494662,0.42108676016318697
2023-11-28,0.0,0.1921750847705757,0.19260652924391738,0.4192850397064642
2023-11-29,0.0,0.2209374662449288,0.22128431850896318,0.42036369450542393
2023-11-30,0.0,0.23778927622194213,0.2372306508897407,0.4183201250334258
2023-12-01,0.0,0.14857747088164866,0.1482365991354353,0.40647359152410134
2023-12-04,0.0,0.22098028008737136,0.2212039417073426,0.407709243240352
2023-12-05,0.0,0.21956470742127251,0.21972865809760614,0.40814440782590056
2023-12-06,0.0,0.24924619714240454,0.24931679496522352,0.41003589477661356
2023-12-07,0.0,0.2315147051326021,0.23156799749399015,0.4117583115312675
2023-12-08,0.0,0.2239611022401389,0.22378533825859198,0.4058043029627989
2023-12-11,0.0,0.206258190810168,0.20584116954093812,0.39595035172438214
2023-12-12,0.0,0.16613335474947963,0.16534140000172612,0.39556485173643346
2023-12-13,0.0,0.1590321559232764,0.15692595516578048,0.3852755171564753
2023-12-14,0.0,0.21117352959162702,0.20939942621547758,0.38524228542816086
2023-12-15,0.0,0.1813917158131803,0.17918134252444992,0.3855741316021656
2023-12-18,0.0,0.1468000687487609,0.14511007256022498,0.38582490239444595
2023-12-19,0.0,0.14076689551548,0.1391477382402501,0.38487713672306495
2023-12-20,0.0,0.1693295149918973,0.16884265151409927,0.40206207980684144
2023-12-21,0.0,0.142381148701252,0.1414346126519675,0.40578357188195807
2023-12-22,0.0,0.16969768242552474,0.16818673577607493,0.40567048484925355
2023-12-26,0.0,0.16177160743356525,0.15944147856233612,0.40489136000707454
2023-12-27,0.0,0.20737151351958671,0.20455621700569945,0.40482934310888463
2023-12-28,0.0,0.1838884017588996,0.1811275870276473,0.4044206379549968
2023-12-29,0.0,0.1846736115826612,0.1828207288264801,0.4057984268355507
2024-01-02,0.0,0.16216093946134705,0.1616289228115885,0.4080479833878888
2024-01-03,0.0,0.1997974987928923,0.19998933722141282,0.41033307318147344
2024-01-04,0.0,0.24792237970363026,0.24826300714070304,0.4113470017105524
2024-01-05,0.0,0.19337650948612356,0.1929606925156852,0.4098397216901141
2024-01-08,0.0,0.2029818512840063,0.20241917913668256,0.4156483854361294
2024-01-09,0.0,0.20446547698639447,0.20382085311207657,0.41591209825568226
2024-01-10,0.0,0.18242790657791513,0.181430867087049,0.41644297675097247
2024-01-11,0.0,0.2385577928197103,0.23780791934019815,0.41625699192898985
2024-01-12,0.0,0.22174656529117848,0.21970594141606087,0.40825410623736735
2024-01-16,0.0,0.3155636545590328,0.31519550227703025,0.4090785850681003
2024-01-17,0.0,0.30599973937020797,0.30575089651651177,0.4109526874177158
2024-01-18,0.0,0.34200009270828013,0.3409411714414384,0.41372506821805666
2024-01-19,0.0,0.3111960653154105,0.3101606303813881,0.41908585216374866
2024-01-22,0.0,0.3336393063153386,0.3316549633612757,0.4062792850191551
2024-01-23,0.0,0.2793337140465421,0.27807875891398437,0.4019634661625448
2024-01-24,0.0,0.28749466899097026,0.2857038077424309,0.40196204673583397
2024-01-25,0.0,0.25881549753328476,0.25744397750182557,0.40238063262684626
2024-01-26,0.0,0.23473656485852196,0.23340668651335544,0.4025749454350264
2024-01-29,0.0,0.217858355918072,0.21623326303642157,0.40472454679279823
2024-01-30,0.0,0.3033088615752126,0.3014188993075797,0.4039039285240918
2024-01-31,0.0,0.36931559658153157,0.36881651993693404,0.41726281141471244
2024-02-01,0.0,0.30202535816067066,0.30063535138696185,0.4185095886343656
2024-02-02,0.0,0.26783843450721667,0.26628386480413624,0.42005837544036506
2024-02-05,0.0,0.2901601279587914,0.28904036855595455,0.4216454804353181
2024-02-06,0.0,0.28597071236520716,0.28438302781622876,0.41491644376009723
2024-02-07,0.0,0.3006213792748378,0.29816388036283265,0.4160252624442681
2024-02-08,0.0,0.29185472527548895,0.2903924766419497,0.41563668192266523
2024-02-09,0.0,0.2986598493476702,0.2966258797539261,0.41573660094086584
2024-02-12,0.0,0.32710383922537517,0.3247130594547582,0.416171005292526
2024-02-13,0.0,0.32276943737028774,0.3227904266068322,0.4262870267481371
2024-02-14,0.0,0.25374476325767426,0.25301546322610763,0.4258074942697322
2024-02-15,0.0,0.2733281490305905,0.27222015432518076,0.42455653683513345
2024-02-16,0.0,0.2752781047597471,0.2750436658023821,0.4220283085991477
2024-02-20,0.0,0.23551638183077073,0.23584528439580066,0.4245842832883302
2024-02-21,0.0,0.2228684953362507,0.22259984409232048,0.4244595783680724
2024-02-22,0.0,0.24348996652064792,0.24210213340047862,0.44022580298992875
2024-02-23,0.0,0.32752749409018667,0.32607826294840164,0.4399581552340078
2024-02-26,0.0,0.28000822030742706,0.2796293667606855,0.44097210068709747
2024-02-27,0.0,0.2993834615850087,0.2984410287509183,0.439619809904419
2024-02-28,0.0,0.32579485587176477,0.3249382492073892,0.43983998061512497
2024-02-29,0.0,0.42051403353308336,0.4174267494558797,0.4265787597728258
2024-03-01,0.0,0.2494127474452826,0.24791374023825816,0.4234295320033236
2024-03-04,0.0,0.31664784716806454,0.31442387529297827,0.4204436238593672
2024-03-05,0.0,0.3987702268685592,0.39729955966085956,0.42573623440149755
2024-03-06,0.0,0.38075962509287814,0.378891551970196,0.42630845564753905
2024-03-07,0.0,0.31119002752501973,0.30983500748119536,0.42770834371313465
2024-03-08,0.0,0.2675415024807632,0.2662597981632348,0.4304293077204294
2024-03-11,0.0,0.32220798562772046,0.3220000304147197,0.4297185092336642
2024-03-12,0.0,0.27871678251652116,0.2775506453683192,0.43371284468357624
2024-03-13,0.0,0.26585313290077456,0.26426815444180857,0.42389827782533396
2024-03-14,0.0,0.333333374330274,0.33205781249329885,0.4221412244115454
2024-03-15,0.0,0.3499789001685647,0.3492001497287426,0.4238622976095708
2024-03-18,0.0,0.26368222336658154,0.26236480560057407,0.4234485351127334
2024-03-19,0.0,0.19551167443206224,0.19529938481048786,0.4213931696878522
2024-03-20,0.0,0.17853078281870535,0.17793009683666083,0.4234122026457324
2024-03-21,0.0,0.20078825554833374,0.19937521679265113,0.40507454067847243
2024-03-22,0.0,0.27521327996044215,0.2733848002026512,0.40546338300127677
2024-03-25,0.0,0.22723544658151,0.225526124382434,0.40506733078238943
2024-03-26,0.0,0.18794724020560064,0.187242298350589,0.4060151254837161
2024-03-27,0.0,0.173129063224762,0.1720727806637413,0.4082429318380634
2024-03-28,0.0,0.1761115623045515,0.17491889708420813,0.40756792609918724
2024-04-01,0.0,0.16200232351386656,0.16095973536231709,0.40570331241387364
2024-04-02,0.0,0.18957492738940598,0.18944927877106918,0.4090538070684155
2024-04-03,0.0,0.1710296332698973,0.17012383414636134,0.4020800570474144
2024-04-04,0.0,0.2702569030396649,0.2701384999402603,0.41064912654441216
2024-04-05,0.0,0.16126618228064313,0.16053570983341253,0.41149564219051654
2024-04-08,0.0,0.18421246143350084,0.1831340428358168,0.4088609606730492
2024-04-09,0.0,0.19223227319942657,0.19162118641190534,0.40867361043988987
2024-04-10,0.0,0.18693821143783623,0.18669187995589268,0.4076100083982412
2024-04-11,0.0,0.15969237360966557,0.1590652285251145,0.4102527284803078
2024-04-12,0.0,0.2404167124340155,0.24028952190900849,0.42040218221791475
2024-04-15,0.0,0.36033065273599807,0.3605165942124513,0.42492213472053003
2024-04-16,0.0,0.3397389020413771,0.33986743428928684,0.4227480705961117
2024-04-17,0.0,0.27859686578785786,0.27868351199890357,0.4215285405360981
2024-04-18,0.0,0.2792090442423744,0.2790492084285578,0.41607720068193177
2024-04-19,0.0,0.3497030271090099,0.3488014147732823,0.4165475890831216
2024-04-22,0.0,0.32077581904225644,0.3208815729605022,0.4223900625132349
2024-04-23,0.0,0.24360323250514257,0.24394416709815667,0.4306841704778524
2024-04-24,0.0,0.2741095417565691,0.2743836467123458,0.43069311389087483
2024-04-25,0.0,0.3229496670062425,0.3234554325096193,0.42655100995850664
2024-04-26,0.0,0.21439209928288105,0.21462399017288072,0.4323127691368263
2024-04-29,0.0,0.21905670720823955,0.21935146273970688,0.4331433555490417
2024-04-30,0.0,0.2875992784404564,0.2884267349259845,0.44006522583766816
2024-05-01,0.0,0.3790476091131977,0.3788522785459062,0.43986419817035133
2024-05-02,0.0,0.36404511616025653,0.3643597709216457,0.43937386267293593
2024-05-03,0.0,0.15701810990937926,0.1574261518904444,0.4408132819817177
2024-05-06,0.0,0.14759044029448048,0.14808756325723843,0.4452556171126276
2024-05-07,0.0,0.13773625334972173,0.13832171968895357,0.4452435737826209
2024-05-08,0.0,0.17997866811346688,0.18084078276661975,0.4417817111815119
2024-05-09,0.0,0.12873114976918118,0.12907848981094738,0.44067718081592877
2024-05-10,0.0,0.13578607260541004,0.13623024219167518,0.43140811709600513
2024-05-13,0.0,0.21613968613152604,0.21657569975579047,0.4237437336161184
2024-05-14,0.0,0.23930136830111043,0.2394295574527271,0.42351664654399024
2024-05-15,0.0,0.1036764924074622,0.10345668857257584,0.4244783956421903
2024-05-16,0.0,0.1272074093982033,0.127435051848446,0.4244218426803151
2024-05-17,0.0,0.15867943414129687,0.1584261808240187,0.41808235974735314
2024-05-20,0.0,0.15622863585343008,0.15578788493854198,0.41678110517634837
2024-05-21,0.0,0.12454427160335947,0.12468922470876367,0.41247186013343473
2024-05-22,0.0,0.1272223827736248,0.12736645984806585,0.4135438228910437
2024-05-23,0.0,0.16858380847081908,0.16899696099520983,0.4158395762680007
2024-05-24,0.0,0.1855564453837307,0.18485991861822382,0.4137495539260294
2024-05-28,0.0,0.11856882610393074,0.11855569707252475,0.4138099906799616
2024-05-29,0.0,0.15849598776945772,0.15856375189257382,0.4015136515994015
2024-05-30,0.0,0.16340707081827063,0.16351110607849598,0.4035317938142118
2024-05-31,0.0,0.3119080348127635,0.3101946273740223,0.40271858210831873
2024-06-03,0.0,0.20083328476001586,0.20034396360046067,0.3957924739468554
2024-06-04,0.0,0.20085474898674666,0.20055298432504257,0.39045187554564337
2024-06-05,0.0,0.13222741323728837,0.1317084381379144,0.39759393894086753
2024-06-06,0.0,0.13298831615424703,0.13235938634810368,0.3976342142843796
2024-06-07,0.0,0.1541246424732432,0.1538478932324645,0.39720674948268375
2024-06-10,0.0,0.15174892412023316,0.15126135264443907,0.3973008325147279
2024-06-11,0.0,0.1254199290446057,0.12493298486964069,0.397242943649022
2024-06-12,0.0,0.10137237521442552,0.10088596027953195,0.3995197122942819
2024-06-13,0.0,0.11526524689593232,0.11477091725763686,0.39293545857445916
2024-06-14,0.0,0.17589518019685682,0.17493898580235975,0.39238805254987735
2024-06-17,0.0,0.13851465970429302,0.13730329306154312,0.3949076481182666
2024-06-18,0.0,0.1381638130192211,0.13722119258155607,0.39492551126428727
2024-06-20,0.0,0.1220312556665194,0.12130827739148929,0.39591700567429805
2024-06-21,0.0,0.29173984702073075,0.290063068307695,0.39539992602115137
2024-06-24,0.0,0.15946626641982095,0.15836892703271258,0.39157600388386493
2024-06-25,0.0,0.1565179925832483,0.15552488132493397,0.3899751342743007
2024-06-26,0.0,0.14313850647122778,0.14239163016764309,0.3898547238071035
2024-06-27,0.0,0.12532326825611387,0.12438161906098542,0.38383546331915064
2024-06-28,0.0,0.21538288149295717,0.21349355066556264,0.38176056475924236
2024-07-01,0.0,0.1890973220215702,0.18788779242536716,0.3788410117392801
2024-07-02,0.0,0.1640822434089403,0.16260962648092028,0.3802432939449776
2024-07-03,0.0,0.2213697048323414,0.21831067605062965,0.3808796143322653
2024-07-05,0.0,0.1695081269310293,0.1668966428777053,0.37371432224903145
2024-07-08,0.0,0.15564275785231332,0.1537198485655476,0.37335724087426986
2024-07-09,0.0,0.15848678125722906,0.1567815358222428,0.37257091362054395
2024-07-10,0.0,0.15245688286939477,0.15082173744757058,0.37813907681411624
2024-07-11,0.0,0.20513854683900343,0.20372769403272084,0.38742693582018745
2024-07-12,0.0,0.17689655673451973,0.17542516310072798,0.3851822750309887
2024-07-15,0.0,0.19761881961321875,0.19605625378187247,0.3852394929601437
2024-07-16,0.0,0.1937720052525188,0.19184201800951958,0.3862680079387555
2024-07-17,0.0,0.2891396667354064,0.288018757834322,0.3996566012093484
2024-07-18,0.0,0.2530865726223494,0.2524995355014039,0.40379668578564415
2024-07-19,0.0,0.29593756532538634,0.2953958624963261,0.40649829767510226
2024-07-22,0.0,0.26416661918372597,0.2636650692522788,0.41174607777503697
2024-07-23,1.0,0.24002796885175062,0.23978807538824837,0.4112357093683448
2024-07-24,0.0,0.48864057868447786,0.4883788825785757,0.4357725084584953
2024-07-25,0.0,0.6052303951976911,0.604003251812641,0.43646223630447134
2024-07-26,0.0,0.2954362993103027,0.2955280055843061,0.4416544226395131
2024-07-29,0.0,0.35533617044974447,0.3553632720888637,0.4410535887449354
2024-07-30,0.0,0.36025750696515985,0.3605484326443007,0.441657141511161
2024-07-31,0.0,0.222837153549759,0.22263222999092008,0.4496394227206648
2024-08-01,0.0,0.5047150421769803,0.5041715814423798,0.45499678347777694
2024-08-02,1.0,0.5566261504345604,0.556061316942192,0.4632400317580401
2024-08-05,0.0,0.6749818306748702,0.6743332923003972,0.4854937837942092
2024-08-06,0.0,0.5752814750091397,0.5755665781363009,0.4902661113925917
2024-08-07,0.0,0.6376196897356312,0.6378526676814464,0.48550022684608507
2024-08-08,0.0,0.438856156017814,0.44010238615094677,0.5031983968406389
2024-08-09,0.0,0.42317708831088924,0.4236328359981718,0.5028735733746268
2024-08-12,0.0,0.4228349494416548,0.4238246983306145,0.5023145189856252
2024-08-13,0.0,0.35446402563464574,0.35583213630146265,0.5096711524859225
2024-08-14,0.0,0.2986033615955325,0.30000537084352386,0.5065643832406154
2024-08-15,0.0,0.2154866372525472,0.21669868555442354,0.5121322653850214
2024-08-16,0.0,0.24538123237944198,0.24689050826159442,0.5108360748284545
2024-08-19,0.0,0.23756815509949747,0.23864401572193766,0.5103210265854521
2024-08-20,0.0,0.21590139983013906,0.21649793007114787,0.5103684473443626
2024-08-21,0.0,0.25128401595831684,0.2518181116397929,0.49539223045698616
2024-08-22,0.0,0.27757172716632733,0.278020947171159,0.4971735539430847
2024-08-23,0.0,0.246230149256502,0.24689903549095077,0.4973750161233649
2024-08-26,0.0,0.21907182539969625,0.21949818292525966,0.49795156263266005
2024-08-27,0.0,0.23962058526586205,0.23977821102539476,0.49679601150719505
2024-08-28,0.0,0.2784924740503595,0.27880964017349064,0.4924910685074826
2024-08-29,0.0,0.27088670987004626,0.2711565681662182,0.4864696702753427
2024-08-30,1.0,0.2166098899649136,0.21687148025934336,0.47605121902314834
2024-09-03,0.0,0.4418776998205383,0.4418898236727377,0.4599570187436026
2024-09-04,0.0,0.34853021247690963,0.3486797537417145,0.458805414892067
2024-09-05,0.0,0.34367404494038206,0.34387579529455375,0.45616491323289327
2024-09-06,0.0,0.4707125816146399,0.47011590269865416,0.45331955702409343
2024-09-09,0.0,0.4088912876672276,0.4087130786496867,0.4567386207938267
2024-09-10,0.0,0.3485552256382296,0.34879247543066205,0.45702146419654355
2024-09-11,0.0,0.28215372849559855,0.2825394494296723,0.4516022391896761
2024-09-12,0.0,0.2665452958481726,0.2670663075379718,0.4527650040750382
2024-09-13,0.0,0.2371509959674929,0.2373393087581222,0.44513205972728126
2024-09-16,0.0,0.26692343430623305,0.2671258903147762,0.445084480103837
2024-09-17,0.0,0.25450902913367174,0.2544025650248239,0.4418418526367718
2024-09-18,0.0,0.2922781843053557,0.2919822774778364,0.44203165993719445
2024-09-19,0.0,0.20518886239889414,0.20489740799336284,0.45157353730673205
2024-09-20,0.0,0.34919928683376006,0.3487457673253895,0.448284266586549
2024-09-23,0.0,0.2796359413424096,0.2794297252644463,0.44429688995157246
2024-09-24,0.0,0.23047175273002682,0.23050760557816824,0.4437615990871883
2024-09-25,0.0,0.2846426199461406,0.28494902269170913,0.4440535016704834
2024-09-26,0.0,0.24239782461579304,0.24221207848437476,0.4424366741807014
2024-09-27,0.0,0.2551322123939232,0.25521786269889296,0.44262421415357
2024-09-30,0.0,0.32824143980957143,0.32826437595997454,0.4398978842039341
2024-10-01,0.0,0.28768494883934576,0.2878627147044331,0.42332964157871034
2024-10-02,0.0,0.3199835075722487,0.32024892273159905,0.42294666925606544
2024-10-03,0.0,0.34534667673540187,0.3451713983705163,0.42244315098608937
2024-10-04,0.0,0.29922008427239905,0.29812064324905746,0.40502311448913336
2024-10-07,0.0,0.39221571646266135,0.3917702838334663,0.40864324886312614
2024-10-08,0.0,0.31557523761961886,0.3150443189519018,0.41134043158138206
2024-10-09,0.0,0.24825231334841769,0.2477100227203554,0.4088471189439418
2024-10-10,0.0,0.2779787122295617,0.2770862773993129,0.40799314952402216
2024-10-11,0.0,0.2466580491341349,0.2452158492567943,0.40827515591511077
2024-10-14,0.0,0.27293615845227237,0.2704326016980383,0.4100892067140142
2024-10-15,0.0,0.22667085726132047,0.22617303073965137,0.4145034594137376
2024-10-16,0.0,0.28221118563572795,0.28153458545709475,0.413819633913419
2024-10-17,0.0,0.27663009443614184,0.275855505183631,0.4010891779153462
2024-10-18,0.0,0.275870071154155,0.27458070856360006,0.40091227249484007
2024-10-21,0.0,0.3020744809077939,0.3007096021520437,0.40135128709021867
2024-10-22,0.0,0.27056958713408286,0.26947906235261915,0.40138393612663803
2024-10-23,0.0,0.3324312188648248,0.33166312746042803,0.4066657932623791
2024-10-24,0.0,0.3407297687244405,0.3400801004307407,0.406153141990071
2024-10-25,0.0,0.2714388293620496,0.2705483453899162,0.4060085936593211
2024-10-28,0.0,0.29505939986371277,0.29477863023165723,0.40550738397370756
2024-10-29,0.0,0.2697078550232715,0.2694001143380812,0.3996281304151685
2024-10-30,0.0,0.26364830326971034,0.2633295066344288,0.40068339802193614
2024-10-31,0.0,0.5637081322121549,0.5628531951608382,0.41961236833967686
2024-11-01,0.0,0.336361402458396,0.3356993968793606,0.4165204726280442
2024-11-04,0.0,0.3795097934348757,0.3792846007356274,0.4123173759041554
2024-11-05,0.0,0.31599389740165,0.31576317650109065,0.4151104526994629
2024-11-06,0.0,0.30410253806199034,0.3033495702689294,0.4397933979929699
2024-11-07,0.0,0.26835616368408,0.26769185927670425,0.4407160861148345
2024-11-08,0.0,0.1941024457706783,0.19321805490328628,0.44012598687412385
2024-11-11,0.0,0.25607978844304924,0.25575944898699865,0.4385589679441778
2024-11-12,0.0,0.25336498227533955,0.2536715274695163,0.43605572867311027
2024-11-13,0.0,0.26859997304995753,0.26894150944282014,0.4356565649129544
2024-11-14,0.0,0.24931010184939556,0.2498309632719817,0.43765637123684153
2024-11-15,0.0,0.44092169772936696,0.4411142054717377,0.4445293839850768
2024-11-18,0.0,0.2999527299637236,0.3007830289383849,0.44488318236053487
2024-11-19,0.0,0.28762263012606,0.28854716735175456,0.4453040256596333
2024-11-20,0.0,0.28149243356082654,0.2823467872659432,0.44148931048033707
2024-11-21,0.0,0.2781586732836002,0.27865084387962147,0.44213378901216327
2024-11-22,0.0,0.21504868706796426,0.21540473431407844,0.44221266619251665
2024-11-25,0.0,0.4633748772166882,0.4614760837420419,0.4422531060399439
2024-11-26,0.0,0.2247426647571446,0.22417571993931265,0.44292968984780934
2024-11-27,0.0,0.23891226593140705,0.2384134150708362,0.44312835997702665
2024-11-29,0.0,0.276437730032121,0.2740038209247978,0.42571929582058154
2024-12-02,0.0,0.19105896260812152,0.19004648018838863,0.4256467275218016
2024-12-03,0.0,0.24489728569911964,0.24531666493390086,0.42447487118895766
2024-12-04,0.0,0.1857078532895746,0.18539279858989718,0.42080805021742107
2024-12-05,0.0,0.22158938020324992,0.22017793266873203,0.3914749479458863
2024-12-06,0.0,0.2203187915355477,0.21894325327042302,0.38887046295207256
2024-12-09,0.0,0.36788268374075433,0.3662872398873668,0.391482501461323
2024-12-10,0.0,0.3236179255627096,0.32259501282291553,0.3922096630818935
2024-12-11,0.0,0.290024556179692,0.28813932840953804,0.39517880597801985
2024-12-12,0.0,0.3196670747502738,0.31854423771812407,0.3975023343162593
2024-12-13,0.0,0.3528119169513643,0.3516191262884434,0.39466993395821653
2024-12-16,0.0,0.37462761991674026,0.3728261049360697,0.38010403063382914
2024-12-17,1.0,0.3581059225626835,0.3566046813308508,0.3819564115081228
2024-12-18,0.0,0.5657264210218265,0.5641480790866974,0.4307284401203716
2024-12-19,0.0,0.5681048270051436,0.5667399997815871,0.4307322354903606
2024-12-20,0.0,0.44754765962012877,0.4463245362506916,0.4346030139559686
2024-12-23,0.0,0.3509543528388731,0.35046040803076906,0.43628842535879514
2024-12-24,0.0,0.23401958040100884,0.23243037356396054,0.440606879744606
2024-12-26,0.0,0.2414314311373642,0.2395699721638477,0.43948147556769523
2024-12-27,0.0,0.31756242904239623,0.31631357660272563,0.44365753264534524
2024-12-30,0.0,0.332832579027962,0.33293302966140936,0.4460557779994202
2024-12-31,0.0,0.32858861740072143,0.32876671769555404,0.4459247320079655
2025-01-02,0.0,0.3658822491263512,0.3661037851497813,0.4458190173096533
2025-01-03,0.0,0.27022233047130545,0.2703890997241114,0.4509393765548521
2025-01-06,0.0,0.3315861909154664,0.33129177094949414,0.4524274619972466
2025-01-07,0.0,0.44073904907914113,0.44115861562024955,0.45547766453848954
2025-01-08,0.0,0.42555964298014703,0.4259353297601605,0.45492763480369985
2025-01-10,0.0,0.5518264474825267,0.5517098541313411,0.4615602684157558
2025-01-13,0.0,0.5211294700567182,0.5210413236829116,0.4585670830272836
2025-01-14,0.0,0.4580012975226253,0.4580412229635256,0.45844684031854177
2025-01-15,0.0,0.3375730657145501,0.33796751264788355,0.4708847150130087
2025-01-16,0.0,0.3660802298024258,0.36665177001035004,0.470226050466733
2025-01-17,0.0,0.28919532344094695,0.28955616535164524,0.47349912618186646
2025-01-21,0.0,0.26927657860742427,0.2690771528373192,0.44514462607310423
2025-01-22,0.0,0.22290655216350108,0.22331459456819572,0.44563762182078515
2025-01-23,0.0,0.260888877393868,0.2615259425015641,0.4429572602187934
2025-01-24,0.0,0.18749831461162475,0.18780897419770326,0.44227721815158316
2025-01-27,0.0,0.5712420267152446,0.570912375351044,0.4465912326440332
2025-01-28,0.0,0.2647394786867028,0.2650729240413673,0.44967900670773314
2025-01-29,0.0,0.28746299320186647,0.28837822650192335,0.44575867944578135
2025-01-30,0.0,0.32332160490981904,0.3239685136142291,0.4412125963730305
2025-01-31,0.0,0.3615197923401979,0.3616320273289406,0.44157133655795083
2025-02-03,0.0,0.45300775661130366,0.4532321461538559,0.4441165140242622
2025-02-04,0.0,0.27921388891380033,0.279490462324303,0.4404088650719366
2025-02-05,0.0,0.3011955362139939,0.30145202048892605,0.4399058586061354
2025-02-06,0.0,0.3227933585148768,0.32294441095227205,0.4341380541547786
2025-02-07,0.0,0.3711126394917041,0.3713105817484191,0.4387529470385753
2025-02-10,0.0,0.32782948006450763,0.32821697931893357,0.4279988914372032
2025-02-11,0.0,0.33649608087830274,0.3370825642227005,0.4281128261949736
2025-02-12,0.0,0.4581846057813512,0.45836865369333357,0.42901245395878745
2025-02-13,0.0,0.26693003577526564,0.26670134561455144,0.41990652898928515
2025-02-14,0.0,0.21613818473709528,0.2161167154613451,0.4194157747730296
2025-02-18,0.0,0.29573913503343524,0.29557845343298295,0.4158301577562379
2025-02-19,0.0,0.29929688950515637,0.2992322290357246,0.41287604832663755
2025-02-20,0.0,0.31022917466385874,0.3101647065825818,0.41248699596239113
2025-02-21,0.0,0.48637108586868605,0.4853006105749932,0.42448890502933867
2025-02-24,0.0,0.508055667911365,0.5074964967095971,0.42506332009572056
2025-02-25,0.0,0.5646225010408806,0.563321220904206,0.41679217089460585
2025-02-26,0.0,0.566054503544779,0.5648086255842083,0.4119172019505321
2025-02-27,0.0,0.6202769811575412,0.6189481153931119,0.4218286394757601
2025-02-28,0.0,0.4564045698235772,0.4547366828317147,0.4327768853392386
2025-03-03,0.0,0.5019828609838971,0.5007451261515342,0.44289693717417944
2025-03-04,0.0,0.511665749151919,0.5102101077555404,0.4457905530798977
2025-03-05,0.0,0.5405198901560729,0.5394547363185886,0.4489657555049075
2025-03-06,0.0,0.6299453285329843,0.6287933677415416,0.45640565666731886
2025-03-07,1.0,0.596108871130033,0.59495009459525,0.4573406251688169
2025-03-10,0.0,0.7043225493840088,0.703198184398595,0.4745541582447552
2025-03-11,0.0,0.6608233567138572,0.6596050015815205,0.47155905271812215
2025-03-12,0.0,0.6196771540843041,0.6190400522639671,0.4734415714589514
2025-03-13,0.0,0.6673075861007135,0.6665281597880902,0.47621772042472416
2025-03-14,0.0,0.569786350331364,0.5699480881466595,0.4888735292144312
2025-03-17,0.0,0.5711499677500361,0.5715458007442287,0.4913877218296725
2025-03-18,0.0,0.608277533593811,0.6082464635996145,0.491481611530652
2025-03-19,0.0,0.5051531353282618,0.5061539863863039,0.49636322554423723
2025-03-20,0.0,0.5585539050878344,0.5590210455992751,0.4964284595015239
2025-03-21,0.0,0.5548854392262687,0.5546086739120605,0.49177836394150143
2025-03-24,0.0,0.47679395721177364,0.4777028336729045,0.5022109382291144
2025-03-25,0.0,0.48223526116488175,0.4833413429870839,0.5022234995392197
2025-03-26,0.0,0.5941300076310387,0.594702939408171,0.504426722459325
2025-03-27,0.0,0.5817803324484064,0.581860658069632,0.4992816619383107
2025-03-28,0.0,0.6289255810198714,0.6281889438883775,0.49868093486130605
2025-03-31,0.0,0.6457121995262479,0.6450092413480832,0.4944064545135806
2025-04-01,0.0,0.5099119515304034,0.5100391373588625,0.4921089159630855
2025-04-02,1.0,0.4700768341908054,0.47023172912677613,0.48959894671566656
2025-04-03,1.0,0.7972850696863495,0.7969235820979775,0.5357575387168536
2025-04-04,0.0,0.774231197083784,0.7747285348362563,0.5912859189796502
2025-04-07,0.0,0.8126311317448712,0.8130027732903315,0.5837400281411285
2025-04-08,0.0,0.8534312694358085,0.853921361487323,0.5855381824549851
2025-04-09,1.0,0.6603437162424538,0.6653174477723659,0.7073175448716733
2025-04-10,0.0,0.8846819411444377,0.8870448373172312,0.7162272054647222
2025-04-11,0.0,0.7305885287318524,0.7357462106646677,0.7149587422832853
2025-04-14,0.0,0.6125447843143159,0.6191327329441656,0.7152190298237208
2025-04-15,1.0,0.6179864323523657,0.6242665713463916,0.7144872968318715
2025-04-16,0.0,0.72213400641385,0.7268930295050581,0.7165916466591516
2025-04-17,1.0,0.6912418287997095,0.6966213252792257,0.7167645944325798
2025-04-21,0.0,0.7375318367795508,0.74191582677094,0.7201944409005747
2025-04-22,0.0,0.6622890111965881,0.668373885331949,0.7235884654988372
2025-04-23,0.0,0.6306182969057786,0.6373454806481954,0.7269268575930284
2025-04-24,0.0,0.5375049945264808,0.5448587333701174,0.730650550309028
2025-04-25,0.0,0.4893686309368871,0.49667575968584804,0.7312528289657303
2025-04-28,0.0,0.5105082520521343,0.5178159496617728,0.7280935526046289
2025-04-29,0.0,0.5397677877024142,0.547025699638342,0.7281193555760737
2025-04-30,0.0,0.6474677929395414,0.6538370048854163,0.7280131969769597
2025-05-01,0.0,0.5532774216647407,0.5607541849693091,0.7279640727247368
2025-05-02,0.0,0.5359315712858628,0.5424573182239728,0.7068720617966411
2025-05-05,0.0,0.5269767982829182,0.5319065631363101,0.6641453999120122
2025-05-06,0.0,0.5791802248096815,0.583919599979082,0.6654884802048702
2025-05-07,0.0,0.5641822534758902,0.5687033627799347,0.6599225558993371
2025-05-08,0.0,0.5419932379124526,0.5427197258790696,0.5253529750861917
2025-05-09,0.0,0.5484134259877304,0.5476734975644214,0.4905687642636554
2025-05-12,0.0,0.3979479752841111,0.39945094146030946,0.5068338123880013
2025-05-13,0.0,0.4010655373647494,0.4029171823117624,0.5067205950913702
2025-05-14,0.0,0.39199083105340443,0.3940866101388005,0.5060556686554253
2025-05-15,0.0,0.3863443256811903,0.38813228456792276,0.48569424918752363
2025-05-16,0.0,0.31831066752553916,0.32028679326680226,0.485111129694508
2025-05-19,0.0,0.45189412508418547,0.45297586769487364,0.45754642680589086
2025-05-20,0.0,0.40943547689620613,0.41009077273983585,0.4493069237896889
2025-05-21,0.0,0.5897004757617209,0.5892613013004308,0.46032285744485013
2025-05-22,0.0,0.5757406335983107,0.5750465001715988,0.45142106935116777
2025-05-23,0.0,0.5221267332070191,0.5213633090635656,0.45394511348209676
2025-05-27,0.0,0.4051758667638359,0.40586176547523556,0.4641168499559531
2025-05-28,0.0,0.37229530189636,0.3729657914594362,0.46640272970093627
2025-05-29,0.0,0.39115281260696894,0.3917362580270647,0.4663636557607362
2025-05-30,0.0,0.46157767090963203,0.4604410255294958,0.46627285366690435
2025-06-02,0.0,0.40156133690315027,0.4019066568194113,0.4614229777757657
2025-06-03,0.0,0.3771978317138034,0.37816115576991405,0.45913199672193766
2025-06-04,0.0,0.32312996459118004,0.32413498663625534,0.455493675681412
2025-06-05,0.0,0.5229170447686582,0.5235447709494467,0.45776871487647625
2025-06-06,0.0,0.5246858145759683,0.5253824880871717,0.45936122630370824
2025-06-09,0.0,0.3888413973500783,0.39019153865604106,0.4590430190483184
2025-06-10,0.0,0.3510823657976089,0.3515750491843881,0.42396355187777507
2025-06-11,0.0,0.4840405070417696,0.4843565497437034,0.42320225769884373
2025-06-12,0.0,0.37699006509868194,0.377409209831805,0.42350564073114416
2025-06-13,0.0,0.5821912117850723,0.5819589340035827,0.4296567746963542
2025-06-16,0.0,0.3494561127055533,0.3503509744368194,0.43120800711269364
2025-06-17,0.0,0.4944096655950206,0.49536145295843503,0.4344199468200428
2025-06-18,0.0,0.5853465732148001,0.585413708230708,0.43371790922957076
2025-06-20,0.0,0.475663491257332,0.4736145314400256,0.4216363196046591
2025-06-23,0.0,0.46411846930405026,0.4637297860153628,0.42463588029355104
2025-06-24,0.0,0.28927577966715234,0.2893861261338187,0.4249399075554025
2025-06-25,0.0,0.3417914217001493,0.3420494276179833,0.4083830309169419
2025-06-26,0.0,0.29087148955576664,0.29079048258398477,0.40757031251070663
2025-06-27,0.0,0.2675917226980345,0.26625947755217944,0.4078918300569421
2025-06-30,0.0,0.2422404008441629,0.2414134932368793,0.40802203936140224
2025-07-01,0.0,0.4008334291182429,0.3998358456668579,0.40848147517970074
2025-07-02,0.0,0.29477958852625935,0.29402909914174236,0.4081286130613467
2025-07-03,0.0,0.2655411021542699,0.2636872856320179,0.4097749721677453
2025-07-07,0.0,0.28320089157930767,0.2830068068980121,0.4122068938637574
2025-07-08,0.0,0.2728997636053053,0.27238742137368377,0.4091720475967328
2025-07-09,0.0,0.21991822877799463,0.2193441891292146,0.40998707299983944
2025-07-10,0.0,0.25053374581723137,0.24995814918905115,0.40939108843262434
2025-07-11,0.0,0.21897723599924307,0.21869543963211355,0.4096831749166472
2025-07-14,0.0,0.24428761627918572,0.24416344213401156,0.409499434727446
2025-07-15,0.0,0.29710857458521717,0.2969231750888257,0.40165522422400146
2025-07-16,0.0,0.28333584468614703,0.2830376185338338,0.3985288843373114
2025-07-17,0.0,0.22156384576435476,0.2206465277125597,0.3920465988128718
2025-07-18,0.0,0.23332525773833065,0.23227576463844057,0.3919656076085759
2025-07-21,0.0,0.22369541958493552,0.2224984145897789,0.3904881443336984
2025-07-22,0.0,0.3296799454827416,0.3287810254917794,0.38725951174849266
2025-07-23,0.0,0.22721520765508663,0.22577808700282523,0.38372885258010214
2025-07-24,0.0,0.21049294037330823,0.20932898108193992,0.3835339575268213
2025-07-25,0.0,0.23127959397903894,0.22933208863844498,0.38106692035749384
2025-07-28,0.0,0.2805218812795664,0.2786708311393031,0.3803891436100309
2025-07-29,0.0,0.3679526443635124,0.3661465432028091,0.38094897504359093
2025-07-30,0.0,0.3212704900433017,0.3202534068065799,0.38100145216016135
2025-07-31,0.0,0.39709434957010425,0.39509313105720756,0.38178505738245044
2025-08-01,0.0,0.43382017621026925,0.4326443829534244,0.39579538461499564
2025-08-04,0.0,0.2380447333196527,0.23778065416929456,0.4043574483587637
2025-08-05,0.0,0.34124665597065407,0.34135164068197094,0.40597022927551896
2025-08-06,0.0,0.311116227256559,0.31114713030142055,0.40677815741133505
2025-08-07,0.0,0.2887484921707355,0.2888020735306309,0.4066247789584794
2025-08-08,0.0,0.23790784050076547,0.2376511153220265,0.4084074035468501
2025-08-11,0.0,0.2735390315317143,0.2737067332761214,0.40903168300461834
2025-08-12,0.0,0.18662691897212927,0.18594591246370237,0.4129508486907368
2025-08-13,0.0,0.19181406283240612,0.1910691049467008,0.4129567653866529
2025-08-14,0.0,0.21380233433384296,0.2132630447095216,0.41225808184270346
2025-08-15,0.0,0.21412651051642465,0.21351391015394133,0.41305624400319163
2025-08-18,0.0,0.28608011935595207,0.2860949415925051,0.4131378237705939
2025-08-19,0.0,0.27339276552991687,0.27385616397996804,0.41547867204975225
2025-08-20,0.0,0.26742409200581835,0.2678941785607151,0.4132997734708983
2025-08-21,0.0,0.2443022256539838,0.24450638336381747,0.41417516760444434
2025-08-22,0.0,0.18197643509992353,0.18153020768972786,0.4240327565703769
2025-08-25,0.0,0.2505345268582668,0.2508693640703133,0.4250634204209361
2025-08-26,0.0,0.16327457065361808,0.16319899009885722,0.4250611446923919
2025-08-27,0.0,0.19006488544632213,0.18968972181939345,0.4249667778785904
2025-08-28,0.0,0.18391745640277515,0.18342265081338563,0.42410655131490554
2025-08-29,0.0,0.23341916616037925,0.2331243505617975,0.4123640196053668
2025-09-02,0.0,0.34330434523123793,0.343158467329234,0.40621716803728414
2025-09-03,0.0,0.1878448672471092,0.18759043283096652,0.40531739895069485
2025-09-04,0.0,0.1834434025296962,0.18300114334917758,0.4060947315668335
2025-09-05,0.0,0.19184647867760576,0.1912135263873131,0.40691522545644815
2025-09-08,0.0,0.20801436704396395,0.20733026432409665,0.40441136454325083
2025-09-09,0.0,0.17909431568969084,0.17853174829349008,0.4038988827208069
2025-09-10,0.0,0.16361839540305476,0.16275132917766064,0.3977242940989474
2025-09-11,0.0,0.15906670618251278,0.1581339468588733,0.4009073871303095
2025-09-12,0.0,0.17598409733306383,0.17484469526343735,0.4010007813793395
2025-09-15,0.0,0.17705999738043243,0.17581624595361528,0.4008328974926688
2025-09-16,0.0,0.1794902875200208,0.1782113990060139,0.40110433231847764
2025-09-17,0.0,0.2044232712687861,0.20321568014020913,0.3983276005461191
2025-09-18,0.0,0.15580226915217324,0.15444270239416127,0.39791416025006016
2025-09-19,0.0,0.19986637239381067,0.1978781725261245,0.3961423178208935
2025-09-22,0.0,0.19594525000971855,0.19389801091783068,0.3846936998017987
2025-09-23,0.0,0.21713070077497676,0.21559373534982176,0.3858987984073108
2025-09-24,0.0,0.23394020362821422,0.23255090140672685,0.38676655992555403
2025-09-25,0.0,0.3071413871858456,0.3064448184288346,0.38932879864182685
2025-09-26,0.0,0.2429817446221668,0.24205569326106488,0.3906494606411463
2025-09-29,0.0,0.20647887025570363,0.20521292260107307,0.3866001608791224
2025-09-30,0.0,0.23178528602100776,0.2303102559428009,0.3812003706529171
2025-10-01,0.0,0.22989918681028987,0.22825853191039544,0.3806021175948704
2025-10-02,0.0,0.16418521811444906,0.16298777858961686,0.37717579390887035
2025-10-03,0.0,0.18538887292678283,0.18371585409670557,0.37533522530927627
2025-10-06,0.0,0.18101394724641054,0.17922129628595687,0.37562436661375825
2025-10-07,0.0,0.20435655816796838,0.2029029261733233,0.3781636507619535
2025-10-08,0.0,0.16938829368347588,0.16812847752046772,0.3794884693259357
2025-10-09,1.0,0.20316040440486793,0.20186542637799074,0.37670168864211867
2025-10-10,0.0,0.48910902346254853,0.4885456470390479,0.4222324547877338
2025-10-13,0.0,0.2243454629948427,0.22449841779228302,0.43192448891921575
2025-10-14,0.0,0.3338045749087024,0.3346776894747586,0.43196521072683025
2025-10-15,0.0,0.27597758491127183,0.27677038188000713,0.43242239977500496
2025-10-16,0.0,0.35369205885836114,0.3542902108102011,0.4333859638404053
2025-10-17,0.0,0.1920691440001727,0.19258097805535843,0.4335480160771873
2025-10-20,0.0,0.1800050704070447,0.1802577458797177,0.43731283521822806
2025-10-21,0.0,0.1542284535198501,0.15426347455342174,0.435872285156885
2025-10-22,0.0,0.20433752449038156,0.20470214916540078,0.4368115722259216
2025-10-23,0.0,0.20248850030226734,0.20286524484238033,0.43649876590153225
2025-10-24,0.0,0.1526683245807798,0.1525399316977237,0.43743724780904764
2025-10-27,0.0,0.1719209467492767,0.17150020118755746,0.44206611785306293
2025-10-28,0.0,0.1651831265630751,0.1641678715913789,0.44184083810257996
2025-10-29,0.0,0.19688372403790738,0.19601059282798985,0.44177822671929073
2025-10-30,0.0,0.2105497088340974,0.21077682365756192,0.4463708857548216
2025-10-31,0.0,0.22030685525803587,0.22023448751623104,0.44645601300360527
2025-11-03,0.0,0.24009579004046755,0.24024336229149515,0.44620089455852835
2025-11-04,0.0,0.32153084576637303,0.3228511954454399,0.4511080944850403
2025-11-05,0.0,0.24244200956705064,0.2432722420207126,0.4504286583489144
2025-11-06,0.0,0.36613802093460157,0.36746008142254655,0.45469632161456214
2025-11-07,0.0,0.37404657813369274,0.3743567265775808,0.424283352271453
2025-11-10,0.0,0.19511435907994937,0.19515663782947942,0.4240299061923489
2025-11-11,0.0,0.21280287036533774,0.21324532691312822,0.42363924129967023
2025-11-12,0.0,0.2287503725789327,0.2292842444638994,0.42336496423196834
2025-11-13,0.0,0.3853952091315352,0.3862962458405463,0.4345011552132208
2025-11-14,0.0,0.29171906840130546,0.292430125621056,0.43369704373325674
2025-11-17,0.0,0.41151795786401296,0.41243098212158186,0.43254690192484596
2025-11-18,0.0,0.420384374640509,0.42082608670126115,0.43493202395983416
2025-11-19,0.0,0.34785841738884027,0.34850057592434175,0.43480610970323813
2025-11-20,0.0,0.4713790700655764,0.4718620040126046,0.44153562383654343
2025-11-21,0.0,0.40885616153143434,0.40913891232342314,0.4430592368471109
2025-11-24,0.0,0.30121482530630406,0.3018803348710848,0.44670164242789273
2025-11-25,0.0,0.2491537916658819,0.2501842593295929,0.4500469970206975
2025-11-26,0.0,0.20792705913251738,0.20815511663874298,0.4521144160859682
2025-11-28,0.0,0.2625732026058215,0.2613152801352759,0.44976882002314017
2025-12-01,0.0,0.2708416926709914,0.2721672178526321,0.4505708525920623
2025-12-02,0.0,0.21676155540421468,0.21821009000261277,0.4506895147255661
2025-12-03,0.0,0.2109954931895412,0.21234442524963557,0.4456775658439916
2025-12-04,0.0,0.1982942257981618,0.19941012813591882,0.44532587879550783
2025-12-05,0.0,0.14038943382145402,0.14092656472261783,0.4398393376225092
2025-12-08,0.0,0.24347477581064128,0.24484682404246327,0.44063167573793854
2025-12-09,0.0,0.21862617696029535,0.21944533625191415,0.43168655881325074
2025-12-10,0.0,0.194606702155079,0.1952537483256048,0.4333350302504726
2025-12-11,0.0,0.19339450174540765,0.1941857473782456,0.43345497462756527
2025-12-12,0.0,0.23156517216527334,0.23219404166816587,0.42629137714010584
2025-12-15,0.0,0.2538280313061975,0.2546927235951348,0.4264577518175175
2025-12-16,0.0,0.27617275722772666,0.27683186238831864,0.42242766546539356
2025-12-17,0.0,0.36490606678897775,0.365392144156546,0.4257002371177543
2025-12-18,0.0,0.2293370259120263,0.22908582802576272,0.4275249649126846
2025-12-19,0.0,0.22422276584520134,0.22370940934800815,0.41622073830247064
2025-12-22,0.0,0.21512839307544404,0.21497816353934646,0.4142112659073707
2025-12-23,0.0,0.1849259055350647,0.18372574094847652,0.40472151829923203
2025-12-24,0.0,0.21363910512962284,0.21136713070747065,0.4015426783953335
2025-12-26,0.0,0.18579365790570995,0.18336106360147422,0.39962663656323744
2025-12-29,0.0,0.1926614400968175,0.19060547169934108,0.39932635465452415
2025-12-30,0.0,0.1949352336884751,0.192956608326081,0.397468222440329
2025-12-31,0.0,0.19372897643041717,0.19139671054856458,0.40080763589586726
2026-01-02,0.0,0.18968090074895386,0.18833115307088402,0.4005094707744167
2026-01-05,0.0,0.22314709352864684,0.22264578575565885,0.4026632343405909
2026-01-06,0.0,0.16838020765734837,0.16832151949055113,0.40441421881467793
2026-01-07,0.0,0.21046349969744968,0.2107786257137351,0.40439736928631237
2026-01-08,0.0,0.23150624168215253,0.23174744413514164,0.40429217374849263
2026-01-09,0.0,0.14797051769819328,0.14774769096684914,0.4041064245332572
2026-01-12,0.0,0.2445724926728673,0.24473320549005953,0.404035668191215
2026-01-13,0.0,0.25930812454793584,0.25914335173752295,0.39672088191309346
2026-01-14,0.0,0.3251979509650883,0.32462576375645247,0.39872470039159436
2026-01-15,0.0,0.26809423556776857,0.2678805867047316,0.39821752126043314
2026-01-16,1.0,0.3045544000396327,0.304218170771189,0.38749301318493595
2026-01-20,0.0,0.5185334097819413,0.5179530101141154,0.41216444628300414
2026-01-21,0.0,0.4555175857121375,0.45497955227027503,0.41494968321333575
2026-01-22,0.0,0.3011224529344425,0.3014719145008623,0.4144130740167186
2026-01-23,0.0,0.36713513850074714,0.3670636710127868,0.4134482115618333
2026-01-26,0.0,0.34821497193088174,0.3484212736898315,0.4141687167052763
2026-01-27,0.0,0.27505473599268365,0.27525016875115277,0.4148821837391969
2026-01-28,0.0,0.32957822824708577,0.32982663065024137,0.4141166251214339
2026-01-29,0.0,0.4717295449933981,0.4701660091778214,0.4141009539709253
2026-01-30,0.0,0.3944213580913864,0.39260494314148514,0.4120980996077149
2026-02-02,0.0,0.2939519607563379,0.293497763410215,0.41311802542693765
2026-02-03,0.0,0.4787466352312488,0.4775865483574104,0.41538315040764145
2026-02-04,0.0,0.443024055759387,0.44158538784128265,0.4145896701655387
2026-02-05,0.0,0.4952131514663231,0.4937085709817203,0.4207250017440946
2026-02-06,0.0,0.3743383785755112,0.37379428182397845,0.4380931948004431
2026-02-09,0.0,0.3386394849363307,0.3390768192186091,0.4373043009748663
2026-02-10,0.0,0.2947045968922482,0.295055076926786,0.4376043078668471
2026-02-11,0.0,0.38075797200458206,0.38073443556393904,0.4374796943408766
2026-02-12,0.0,0.5574782884531049,0.5569767185244551,0.4455899544694897
2026-02-13,0.0,0.4583305966476689,0.45798363908536244,0.4452402008821423
2026-02-17,0.0,0.4725030161016066,0.4726192882788179,0.44535349104530236
2026-02-18,0.0,0.38224993744287045,0.38214382108925327,0.4295204798531239
2026-02-19,0.0,0.3971195036115203,0.396949549903586,0.42431108630558156
2026-02-20,0.0,0.31657816306296005,0.31617066363863566,0.4251292034332532
2026-02-23,0.0,0.4310923524059867,0.4308958885807438,0.4296119210952532
2026-02-24,0.0,0.38670290988924455,0.38673263193374663,0.431149487468789
2026-02-25,0.0,0.3424330776399098,0.34272935318684244,0.43333478389959024
2026-02-26,0.0,0.4542958492138194,0.45411743147154315,0.4343814830568474
2026-02-27,0.0,0.4933712320735302,0.49245530612129035,0.4349517031872096
2026-03-02,0.0,0.49666931395679265,0.4962277703077707,0.4343902930549805
2026-03-03,0.0,0.6204434119079046,0.619639840163329,0.4359373971613121
2026-03-04,0.0,0.41779295848458176,0.4172856257454496,0.4364576388064634
2026-03-05,0.0,0.5284172615144638,0.5279122783638228,0.43669140309122184
2026-03-06,0.0,0.6768156770850366,0.6760649531836779,0.437714866048705
2026-03-09,0.0,0.6026347414736675,0.6008188724777012,0.423443049674756
2026-03-10,0.0,0.4911407785260265,0.49007793938269584,0.42192771764167725
2026-03-11,0.0,0.5891657564269543,0.5879582038132725,0.4217390931982306
2026-03-12,0.0,0.6087855595161179,0.6075200539955894,0.42996071615262466
2026-03-13,0.0,0.5857838161479797,0.5840247216263389,0.4221356857101222
2026-03-16,0.0,0.4647090051964313,0.46321381842815873,0.427797265633594
2026-03-17,0.0,0.48451452670547135,0.48312070357980524,0.4281434435560882
2026-03-18,0.0,0.5385596787465815,0.536826300718748,0.4324625935699196
2026-03-19,0.0,0.5991155351273177,0.5972338226143503,0.4324569304064207
2026-03-20,0.0,0.5575060957413092,0.5548530196684613,0.4355345339020009
2026-03-23,0.0,0.5249597006588144,0.523560778428399,0.4406898357030725
2026-03-24,0.0,0.5790362345689938,0.5771174771051033,0.4369670426233796
2026-03-25,0.0,0.44479078403331423,0.4432279616014881,0.4349125761496348
2026-03-26,0.0,0.6026705142416257,0.6002762839200757,0.44303398930719673
2026-03-27,0.0,0.6578006116845426,0.6550359103504036,0.4495476709791571
2026-03-30,0.0,0.6684847344090088,0.6662078821402537,0.44886950596019826
2026-03-31,0.0,0.4327904503705701,0.4324193267795318,0.48126804798105294
2026-04-01,0.0,0.43680468227471925,0.4366528923842761,0.48093839141972305
2026-04-02,0.0,0.42432210917412644,0.4236121275012404,0.48081419628861494
2026-04-06,0.0,0.3767245490662333,0.3758960130941548,0.47757118751695005
2026-04-07,0.0,0.3154465323821972,0.3145411856718388,0.47500929209746795
2026-04-08,0.0,0.2931279251255339,0.2937051689315504,0.4938738384781602
2026-04-09,0.0,0.30768373726336473,0.3079397198597511,0.49478592765796203
2026-04-10,0.0,0.2943147444129666,0.2942992993661924,0.4878168175240895
2026-04-13,0.0,0.31024766671374143,0.3105289651314547,0.48828113137678325
2026-04-14,0.0,0.25850689689272877,0.25913864477603804,0.48910999420839246
2026-04-15,0.0,0.23403702534558118,0.23499686092369457,0.4900445912918822
2026-04-16,0.0,0.24918545506468223,0.25046045978227466,0.48247538368448023
2026-04-17,0.0,0.17164740498291217,0.17213692350565046,0.4834652699639895
2026-04-20,0.0,0.2554827552779731,0.2564673783379746,0.47362510626129084
2026-04-21,0.0,0.31404701320926026,0.315365699768133,0.4752605535622413
2026-04-22,0.0,0.28081886607140605,0.2821560852332484,0.47473637825812715
2026-04-23,0.0,0.2587607950415573,0.2601864908047327,0.4767284969716985
2026-04-24,0.0,0.18730722013725085,0.18754299796591503,0.4619694430923579
2026-04-27,0.0,0.2770698248077468,0.2774098084809125,0.44507756010395433
2026-04-28,0.0,0.3266034338803842,0.3272820267444906,0.44581999958614577
2026-04-29,0.0,0.275746704631383,0.27577052052814655,0.4236088874686295
2026-04-30,0.0,0.2242901733211268,0.22434815346020198,0.4247608835343838
2026-05-01,0.0,0.2357679258495266,0.23538457037488217,0.4243270644125086
2026-05-04,0.0,0.30099305254260067,0.3011656747495993,0.4276036312588721
2026-05-05,0.0,0.2009430976670911,0.20042762146508203,0.42757251310965727
2026-05-06,0.0,0.1959710027677311,0.19464243381847593,0.4122737788680869
2026-05-07,0.0,0.20633637817276626,0.20573636528185496,0.4150072339256332
2026-05-08,0.0,0.17932166720479703,0.17846448027186493,0.4147747207200181
2026-05-11,0.0,0.2043748008271119,0.20324224572270627,0.41301504528760397
2026-05-12,0.0,0.2267937399997944,0.22602534722307854,0.41065352557298823
2026-05-13,0.0,0.24057649659243358,0.23933652335949693,0.4097783401318761
2026-05-14,0.0,0.19957564813749268,0.19810047692061272,0.410872800580107
2026-05-15,0.0,0.2278665141050319,0.22754737927564053,0.4175818895208245
2026-05-18,0.0,0.2067300610748395,0.20632065648570833,0.4170147096797459
2026-05-19,0.0,0.22993101662438975,0.23014382610938613,0.4172893566276102
2026-05-20,0.0,0.2012108193243311,0.20061856177486004,0.4175656472387406
2026-05-21,0.0,0.22371602734962517,0.22343092704758985,0.41561736123074433
2026-05-22,0.0,0.2136664265363281,0.21253157297770675,0.4140881415475418
2026-05-26,0.0,0.275008621594225,0.27377243121216593,0.41478013863356533
2026-05-27,0.0,0.229676570789771,0.22840095841999794,0.41229180826367184
2026-05-28,0.0,0.25445198544718606,0.2533840330024865,0.41222621872285636
2026-05-29,0.0,0.29053755870267706,0.28784352911655003,0.4093066351776873
2026-06-01,0.0,0.2381914720262267,0.23649150654588397,0.40929851936369904
2026-06-02,0.0,0.22902002179119757,0.22765513018558212,0.4069764422645264
2026-06-03,0.0,0.278183378543176,0.2769101585911586,0.4103244469741216
2026-06-04,1.0,0.25179867723309474,0.25061015992753966,0.4015194189964931
2026-06-05,0.0,0.36333536091026786,0.36361316203353694,0.43623612450845783
2026-06-08,0.0,0.3174864074604736,0.3180411441552803,0.43378379515553883
2026-06-09,0.0,0.4796887939620472,0.4797249520442414,0.43390028086373245
2026-06-10,0.0,0.47265027967288514,0.47317102041586245,0.4436327413860385
2026-06-11,0.0,0.2510098336085182,0.25167415117213165,0.4541180510891842
2026-06-12,0.0,0.32225836251415724,0.3225801892145232,0.45287222528572746
2026-06-15,0.0,0.18539978022833406,0.1845017491851598,0.4564827960885225
2026-06-16,0.0,0.2712555072133731,0.27190683118488085,0.45788250166205907
2026-06-17,0.0,0.48581739772872273,0.48636871169930934,0.4615987756014333
2026-06-18,0.0,0.4430911329380653,0.4423450501786203,0.4616360608179188
2026-06-22,0.0,0.3763083346140266,0.37754154902186027,0.46212815078693614
2026-06-23,0.0,0.48019357985167005,0.48172451142639616,0.46813235168166367
2026-06-24,0.0,0.5273837672681352,0.5284392007220431,0.46658143094067783
2026-06-25,0.0,0.3796855322978689,0.38128662800881546,0.46656329805559726
2026-06-26,0.0,0.4095676483474299,0.40973733216693187,0.46501592459369795
2026-06-29,0.0,0.2978732592313019,0.2987349349183975,0.46996829223649245
2026-06-30,0.0,0.23910089633269652,0.23932381124712304,0.47196058835977184
2026-07-01,0.0,0.2826855102623633,0.28423069004310847,0.47190420159618635
2026-07-02,0.0,0.2489273410843521,0.250097085028696,0.4704799336738749
2026-07-06,0.0,0.2419583151946168,0.24223523313068943,0.47167145331005556
2026-07-07,0.0,0.29706842777813675,0.29811371616132176,0.44830442882611365
2026-07-08,0.0,0.32285764288580915,0.3238601473122597,0.4485699582654175
2026-07-09,0.0,0.25630704104056345,0.2555469199442286,0.45010054194687366
2026-07-10,0.0,0.27287978453549955,0.2716426323529385,0.43831415786624456
2026-07-13,0.0,0.31368449778171914,0.3129194312709257,0.43138023993336594
2026-07-14,0.0,0.2291033248390586,0.22816085998583946,0.4309953637668849
2026-07-15,0.0,0.23190588445428126,0.23104150196824907,0.41995003989649815
2026-07-16,0.0,0.2200915766407501,0.21980751318060526,0.41964388535126007
2026-07-17,0.0,0.2973356262269984,0.29686438557395545,0.41741400275876533
2026-07-20,0.0,0.38267835587624166,0.38219497876602343,0.4116633388718546
2026-07-21,0.0,0.2649528807454366,0.26467861957564537,0.41500362191017337
2026-07-22,0.0,0.2894926928438392,0.288504142112592,0.4033346716141674
2026-07-23,0.0,0.5405040024653016,0.5391224570593965,0.411947842414662
2026-07-24,0.0,0.33170621829681757,0.33052878697980953,0.4119370659655783
2026-07-27,0.0,0.3552233881343356,0.3544772958520334,0.4119005430642751
2026-07-28,0.0,0.36496361084390366,0.36410025081538966,0.40492881276952086
2026-07-29,0.0,0.5155342926177688,0.5141246191435277,0.41228618766636216
2026-07-30,0.0,0.33361304947122566,0.3333660900695603,0.4264968010765803
2026-07-31,0.0,0.24184494778989982,0.24159019136820695,0.42871056265281454
2026-08-03,0.0,0.20045239048820226,0.19954007926912454,0.4355430483531428
2026-08-04,0.0,0.1630704402427127,0.16213166111259908,0.44553742627876125
2026-08-05,0.0,0.1860400401435147,0.18559063368090678,0.44520739080569377
2026-08-06,0.0,0.19256930546301618,0.19232169799782517,0.44384558716846506
2026-08-07,0.0,0.1644492062616762,0.16376822646840095,0.4444489167406837
2026-08-10,0.0,0.17776986413354276,0.17700958020516358,0.4412519587445797
2026-08-11,0.0,0.2232431059849717,0.22236265186256474,0.44187336058231047
2026-08-12,0.0,0.22893752541846088,0.22791145216789452,0.44168801500950383
